sample_id,cell_line,exposure_seconds,seed,run_status,runtime_s,param__normoxic_CC_can_grow_probability,param__normoxic_CC_can_grow_diameter_rate,param__normoxic_CC_can_divide_probability,param__normoxic_CC_can_divide_diameter_cutoff,param__normoxic_CC_can_divide_O2_threshold,param__normoxic_CC_diameter_max,y_0h,time_0h,y_24h,time_24h,y_48h,time_48h,y_72h,time_72h
0,EGI1,0,0,ok,2.820673731039278,0.3450654386799476,2.692773425638056,0.05719088177326485,13.845234914011753,0.9145753107635861,25.238328401489664,1.0,1.0,1.2334525939177101,1.2334525939177101,1.9838998211091234,1.9838998211091234,3.0348837209302326,3.0348837209302326
0,EGI1,0,17,ok,2.9195402489276603,0.3450654386799476,2.692773425638056,0.05719088177326485,13.845234914011753,0.9145753107635861,25.238328401489664,1.0,1.0,1.2692307692307692,1.2692307692307692,2.0304114490161003,2.0304114490161003,3.085867620751342,3.085867620751342
0,EGI1,0,34,ok,2.8947020570049062,0.3450654386799476,2.692773425638056,0.05719088177326485,13.845234914011753,0.9145753107635861,25.238328401489664,1.0,1.0,1.2522361359570662,1.2522361359570662,2.0107334525939176,2.0107334525939176,3.0518783542039354,3.0518783542039354
1,EGI1,0,0,ok,2.0188810419058427,0.10281970327460005,0.6471759901410059,0.26119903235267034,19.83596017345462,0.9165274450845184,29.979366195842573,1.0,1.0,1.0831842576028623,1.0831842576028623,1.1028622540250448,1.1028622540250448,1.1037567084078712,1.1037567084078712
1,EGI1,0,17,ok,2.0658860970288515,0.10281970327460005,0.6471759901410059,0.26119903235267034,19.83596017345462,0.9165274450845184,29.979366195842573,1.0,1.0,1.071556350626118,1.071556350626118,1.0974955277280858,1.0974955277280858,1.0974955277280858,1.0974955277280858
1,EGI1,0,34,ok,2.013354583992623,0.10281970327460005,0.6471759901410059,0.26119903235267034,19.83596017345462,0.9165274450845184,29.979366195842573,1.0,1.0,1.07871198568873,1.07871198568873,1.1046511627906976,1.1046511627906976,1.1046511627906976,1.1046511627906976
2,EGI1,0,0,ok,3.0190238460199907,0.6363722430870995,0.11674530602690465,0.5352553420091696,14.592110537605986,0.2559690110973007,26.21506251009724,1.0,1.0,1.6225402504472273,1.6225402504472273,2.4382826475849733,2.4382826475849733,2.8676207513416814,2.8676207513416814
2,EGI1,0,17,ok,3.0780119609553367,0.6363722430870995,0.11674530602690465,0.5352553420091696,14.592110537605986,0.2559690110973007,26.21506251009724,1.0,1.0,1.6288014311270125,1.6288014311270125,2.453488372093023,2.453488372093023,2.8729874776386404,2.8729874776386404
2,EGI1,0,34,ok,3.1167128700762987,0.6363722430870995,0.11674530602690465,0.5352553420091696,14.592110537605986,0.2559690110973007,26.21506251009724,1.0,1.0,1.631484794275492,1.631484794275492,2.4499105545617175,2.4499105545617175,2.87567084078712,2.87567084078712
3,EGI1,0,0,ok,3.279767094994895,0.607950422576027,15.9311940018947,0.09581112058326856,20.966185276364833,0.3952766160509922,21.861980710539523,1.0,1.0,1.3962432915921288,1.3962432915921288,2.39087656529517,2.39087656529517,4.240608228980322,4.240608228980322
3,EGI1,0,17,ok,3.29216941294726,0.607950422576027,15.9311940018947,0.09581112058326856,20.966185276364833,0.3952766160509922,21.861980710539523,1.0,1.0,1.39087656529517,1.39087656529517,2.387298747763864,2.387298747763864,4.2397137745974955,4.2397137745974955
3,EGI1,0,34,ok,3.26912902307231,0.607950422576027,15.9311940018947,0.09581112058326856,20.966185276364833,0.3952766160509922,21.861980710539523,1.0,1.0,1.4105545617173525,1.4105545617173525,2.4221824686940967,2.4221824686940967,4.240608228980322,4.240608228980322
4,EGI1,0,0,ok,3.7631971450755373,0.9148356220045436,0.26394109940439897,0.7180321363060479,16.903877604197746,0.8506867420958615,23.048866016414124,1.0,1.0,1.6592128801431127,1.6592128801431127,2.9686940966010735,2.9686940966010735,5.517889087656529,5.517889087656529
4,EGI1,0,17,ok,3.7763066919287667,0.9148356220045436,0.26394109940439897,0.7180321363060479,16.903877604197746,0.8506867420958615,23.048866016414124,1.0,1.0,1.6565295169946332,1.6565295169946332,2.962432915921288,2.962432915921288,5.516994633273703,5.516994633273703
4,EGI1,0,34,ok,3.8227310419315472,0.9148356220045436,0.26394109940439897,0.7180321363060479,16.903877604197746,0.8506867420958615,23.048866016414124,1.0,1.0,1.6538461538461537,1.6538461538461537,2.9499105545617175,2.9499105545617175,5.470483005366726,5.470483005366726
5,EGI1,0,0,ok,4.8757318060379475,0.6642884525783803,2.482355866472215,0.9631457521812057,15.257284744903634,0.2291058945628092,28.60514624037507,1.0,1.0,2.0,2.0,4.0,4.0,8.0,8.0
5,EGI1,0,17,ok,4.875697626033798,0.6642884525783803,2.482355866472215,0.9631457521812057,15.257284744903634,0.2291058945628092,28.60514624037507,1.0,1.0,2.0,2.0,4.0,4.0,8.0,8.0
5,EGI1,0,34,ok,4.864995246054605,0.6642884525783803,2.482355866472215,0.9631457521812057,15.257284744903634,0.2291058945628092,28.60514624037507,1.0,1.0,2.0,2.0,4.0,4.0,8.0,8.0
6,EGI1,0,0,ok,4.529478045995347,0.9663217455273023,18.85128986187656,0.3891912751748544,16.469791652276623,0.2397627356451621,23.61419965853345,1.0,1.0,1.9141323792486584,1.9141323792486584,3.8658318425760285,3.8658318425760285,7.801431127012522,7.801431127012522
6,EGI1,0,17,ok,4.464563337969594,0.9663217455273023,18.85128986187656,0.3891912751748544,16.469791652276623,0.2397627356451621,23.61419965853345,1.0,1.0,1.9141323792486584,1.9141323792486584,3.8765652951699465,3.8765652951699465,7.792486583184258,7.792486583184258
6,EGI1,0,34,ok,4.5051193840336055,0.9663217455273023,18.85128986187656,0.3891912751748544,16.469791652276623,0.2397627356451621,23.61419965853345,1.0,1.0,1.9150268336314848,1.9150268336314848,3.8658318425760285,3.8658318425760285,7.834525939177102,7.834525939177102
7,EGI1,0,0,ok,2.580704914056696,0.6527080368247834,0.319434527050436,0.45206561950506224,19.287044024051813,0.6079118304956128,21.322478306355066,1.0,1.0,1.3577817531305902,1.3577817531305902,1.8506261180679786,1.8506261180679786,2.269230769230769,2.269230769230769
7,EGI1,0,17,ok,2.6507672329898924,0.6527080368247834,0.319434527050436,0.45206561950506224,19.287044024051813,0.6079118304956128,21.322478306355066,1.0,1.0,1.3389982110912344,1.3389982110912344,1.8336314847942754,1.8336314847942754,2.276386404293381,2.276386404293381
7,EGI1,0,34,ok,2.6089338490273803,0.6527080368247834,0.319434527050436,0.45206561950506224,19.287044024051813,0.6079118304956128,21.322478306355066,1.0,1.0,1.3443649373881932,1.3443649373881932,1.8738819320214668,1.8738819320214668,2.3202146690518783,2.3202146690518783
8,EGI1,0,0,ok,3.6422222449909896,0.1286831749217214,0.9421899887677153,0.36313521986863284,12.954190744272442,0.13305805565794468,20.16872506895116,1.0,1.0,1.7638640429338104,1.7638640429338104,3.1699463327370303,3.1699463327370303,5.426654740608229,5.426654740608229
8,EGI1,0,17,ok,3.5988183139124885,0.1286831749217214,0.9421899887677153,0.36313521986863284,12.954190744272442,0.13305805565794468,20.16872506895116,1.0,1.0,1.762969588550984,1.762969588550984,3.1627906976744184,3.1627906976744184,5.379248658318426,5.379248658318426
8,EGI1,0,34,ok,3.659923173021525,0.1286831749217214,0.9421899887677153,0.36313521986863284,12.954190744272442,0.13305805565794468,20.16872506895116,1.0,1.0,1.7584973166368516,1.7584973166368516,3.17262969588551,3.17262969588551,5.380143112701252,5.380143112701252
9,EGI1,0,0,ok,4.744746704003774,0.9612907498097709,0.7197746874485043,0.5762691725107086,12.61471649367019,0.1583972688593473,28.336997709923153,1.0,1.0,1.986583184257603,1.986583184257603,3.9919499105545615,3.9919499105545615,7.994633273703041,7.994633273703041
9,EGI1,0,17,ok,4.734196497010998,0.9612907498097709,0.7197746874485043,0.5762691725107086,12.61471649367019,0.1583972688593473,28.336997709923153,1.0,1.0,1.9856887298747763,1.9856887298747763,3.988372093023256,3.988372093023256,7.9919499105545615,7.9919499105545615
9,EGI1,0,34,ok,4.72523735195864,0.9612907498097709,0.7197746874485043,0.5762691725107086,12.61471649367019,0.1583972688593473,28.336997709923153,1.0,1.0,1.983005366726297,1.983005366726297,3.993738819320215,3.993738819320215,7.999105545617174,7.999105545617174
10,EGI1,0,0,ok,3.99256081902422,0.16138721936341285,3.945646490449234,0.283214264888454,13.7596316572123,0.5755518214415565,24.713029366917272,1.0,1.0,1.7638640429338104,1.7638640429338104,3.4704830053667264,3.4704830053667264,6.895348837209302,6.895348837209302
10,EGI1,0,17,ok,4.060894379974343,0.16138721936341285,3.945646490449234,0.283214264888454,13.7596316572123,0.5755518214415565,24.713029366917272,1.0,1.0,1.7611806797853309,1.7611806797853309,3.4713774597495526,3.4713774597495526,6.858676207513417,6.858676207513417
10,EGI1,0,34,ok,3.99825730395969,0.16138721936341285,3.945646490449234,0.283214264888454,13.7596316572123,0.5755518214415565,24.713029366917272,1.0,1.0,1.759391771019678,1.759391771019678,3.4776386404293382,3.4776386404293382,6.927549194991055,6.927549194991055
11,EGI1,0,0,ok,2.788305204943754,0.2141864356559763,0.6560462924521695,0.3503359759419164,16.830431274343255,0.09203426990196897,29.692625292319008,1.0,1.0,1.445438282647585,1.445438282647585,2.066189624329159,2.066189624329159,2.6699463327370303,2.6699463327370303
11,EGI1,0,17,ok,2.7800488650100306,0.2141864356559763,0.6560462924521695,0.3503359759419164,16.830431274343255,0.09203426990196897,29.692625292319008,1.0,1.0,1.445438282647585,1.445438282647585,2.1028622540250446,2.1028622540250446,2.686046511627907,2.686046511627907
11,EGI1,0,34,ok,2.767158293048851,0.2141864356559763,0.6560462924521695,0.3503359759419164,16.830431274343255,0.09203426990196897,29.692625292319008,1.0,1.0,1.4552772808586762,1.4552772808586762,2.1019677996422184,2.1019677996422184,2.7245080500894456,2.7245080500894456
12,EGI1,0,0,ok,3.7658637448912486,0.8194516190967681,12.068813749113328,0.2301605898606827,16.207363195575287,0.9507877187426257,26.505010483565435,1.0,1.0,1.7486583184257602,1.7486583184257602,3.2540250447227193,3.2540250447227193,4.810375670840787,4.810375670840787
12,EGI1,0,17,ok,3.742307619075291,0.8194516190967681,12.068813749113328,0.2301605898606827,16.207363195575287,0.9507877187426257,26.505010483565435,1.0,1.0,1.7415026833631484,1.7415026833631484,3.282647584973166,3.282647584973166,4.782647584973167,4.782647584973167
12,EGI1,0,34,ok,3.789675437961705,0.8194516190967681,12.068813749113328,0.2301605898606827,16.207363195575287,0.9507877187426257,26.505010483565435,1.0,1.0,1.7164579606440071,1.7164579606440071,3.2334525939177103,3.2334525939177103,4.7504472271914135,4.7504472271914135
13,EGI1,0,0,ok,2.5327284849481657,0.01947885963876583,5.709333320418123,0.4568577043572629,16.892217179658175,0.8051898362363065,21.923375447345677,1.0,1.0,1.3801431127012522,1.3801431127012522,1.755813953488372,1.755813953488372,2.0724508050089447,2.0724508050089447
13,EGI1,0,17,ok,2.5352017499972135,0.01947885963876583,5.709333320418123,0.4568577043572629,16.892217179658175,0.8051898362363065,21.923375447345677,1.0,1.0,1.3828264758497317,1.3828264758497317,1.7459749552772807,1.7459749552772807,2.0635062611806796,2.0635062611806796
13,EGI1,0,34,ok,2.577544947969727,0.01947885963876583,5.709333320418123,0.4568577043572629,16.892217179658175,0.8051898362363065,21.923375447345677,1.0,1.0,1.3917710196779964,1.3917710196779964,1.7522361359570662,1.7522361359570662,2.0438282647584973,2.0438282647584973
14,EGI1,0,0,ok,3.5142281689913943,0.5653838179193029,4.679555227579828,0.5434973894439216,21.349623963711874,0.2436937916617289,20.607727990441933,1.0,1.0,1.8050089445438282,1.8050089445438282,3.012522361359571,3.012522361359571,4.461538461538462,4.461538461538462
14,EGI1,0,17,ok,3.577561873011291,0.5653838179193029,4.679555227579828,0.5434973894439216,21.349623963711874,0.2436937916617289,20.607727990441933,1.0,1.0,1.802325581395349,1.802325581395349,3.0107334525939176,3.0107334525939176,4.476744186046512,4.476744186046512
14,EGI1,0,34,ok,3.553957355907187,0.5653838179193029,4.679555227579828,0.5434973894439216,21.349623963711874,0.2436937916617289,20.607727990441933,1.0,1.0,1.802325581395349,1.802325581395349,3.0026833631484795,3.0026833631484795,4.4338103756708405,4.4338103756708405
15,EGI1,0,0,ok,2.619542708969675,0.13884995842307485,1.0083701415620043,0.8311360207391987,17.697783652057073,0.47606063796105125,24.57259821229006,1.0,1.0,1.4096601073345258,1.4096601073345258,1.836314847942755,1.836314847942755,2.1744186046511627,2.1744186046511627
15,EGI1,0,17,ok,2.6047383670229465,0.13884995842307485,1.0083701415620043,0.8311360207391987,17.697783652057073,0.47606063796105125,24.57259821229006,1.0,1.0,1.4087656529516994,1.4087656529516994,1.8389982110912344,1.8389982110912344,2.1404293381037567,2.1404293381037567
15,EGI1,0,34,ok,2.638151637976989,0.13884995842307485,1.0083701415620043,0.8311360207391987,17.697783652057073,0.47606063796105125,24.57259821229006,1.0,1.0,1.4275491949910555,1.4275491949910555,1.8604651162790697,1.8604651162790697,2.1815742397137745,2.1815742397137745
16,EGI1,0,0,ok,4.764574278029613,0.9186208676718599,0.9731284434529262,0.8498804314706182,15.891153793080573,0.040649094760695836,25.984303500492132,1.0,1.0,1.9991055456171736,1.9991055456171736,3.998211091234347,3.998211091234347,7.996422182468694,7.996422182468694
16,EGI1,0,17,ok,4.780335285002366,0.9186208676718599,0.9731284434529262,0.8498804314706182,15.891153793080573,0.040649094760695836,25.984303500492132,1.0,1.0,1.9991055456171736,1.9991055456171736,3.998211091234347,3.998211091234347,7.996422182468694,7.996422182468694
16,EGI1,0,34,ok,4.7941147139063105,0.9186208676718599,0.9731284434529262,0.8498804314706182,15.891153793080573,0.040649094760695836,25.984303500492132,1.0,1.0,2.0,2.0,4.0,4.0,8.0,8.0
17,EGI1,0,0,ok,3.790733384084888,0.27142658990233237,2.272524679125053,0.44227432191568616,19.40593565624578,0.3014393265170471,22.593657172343676,1.0,1.0,1.7245080500894454,1.7245080500894454,3.2057245080500896,3.2057245080500896,6.175313059033989,6.175313059033989
17,EGI1,0,17,ok,3.822105932980776,0.27142658990233237,2.272524679125053,0.44227432191568616,19.40593565624578,0.3014393265170471,22.593657172343676,1.0,1.0,1.7352415026833632,1.7352415026833632,3.257602862254025,3.257602862254025,6.287119856887299,6.287119856887299
17,EGI1,0,34,ok,3.8353363249916583,0.27142658990233237,2.272524679125053,0.44227432191568616,19.40593565624578,0.3014393265170471,22.593657172343676,1.0,1.0,1.7379248658318425,1.7379248658318425,3.2737030411449015,3.2737030411449015,6.332737030411449,6.332737030411449
18,EGI1,0,0,ok,2.711345351068303,0.8441604192342419,0.4145920722208011,0.7257191063521472,20.134251891832488,0.9618559655820489,26.17683658469566,1.0,1.0,1.4901610017889089,1.4901610017889089,1.8443649373881932,1.8443649373881932,1.9991055456171736,1.9991055456171736
18,EGI1,0,17,ok,2.7443326669745147,0.8441604192342419,0.4145920722208011,0.7257191063521472,20.134251891832488,0.9618559655820489,26.17683658469566,1.0,1.0,1.4919499105545617,1.4919499105545617,1.8434704830053668,1.8434704830053668,1.9946332737030412,1.9946332737030412
18,EGI1,0,34,ok,2.7712800269946456,0.8441604192342419,0.4145920722208011,0.7257191063521472,20.134251891832488,0.9618559655820489,26.17683658469566,1.0,1.0,1.4955277280858676,1.4955277280858676,1.851520572450805,1.851520572450805,2.006261180679785,2.006261180679785
19,EGI1,0,0,ok,3.0138839459978044,0.007794009979575832,0.1436108593931901,0.37298918942771137,12.420417749527106,0.8232776212986042,28.479581882512193,1.0,1.0,1.6779964221824686,1.6779964221824686,2.5286225402504474,2.5286225402504474,2.728980322003578,2.728980322003578
19,EGI1,0,17,ok,3.0171112379757687,0.007794009979575832,0.1436108593931901,0.37298918942771137,12.420417749527106,0.8232776212986042,28.479581882512193,1.0,1.0,1.670840787119857,1.670840787119857,2.5178890876565294,2.5178890876565294,2.7093023255813953,2.7093023255813953
19,EGI1,0,34,ok,2.998542863992043,0.007794009979575832,0.1436108593931901,0.37298918942771137,12.420417749527106,0.8232776212986042,28.479581882512193,1.0,1.0,1.6681574239713775,1.6681574239713775,2.526833631484794,2.526833631484794,2.717352415026834,2.717352415026834
20,EGI1,0,0,ok,2.227059571072459,0.49807747388693757,8.99968659561279,0.012994733029043026,13.446703099590994,0.06286238207652267,22.105512996904615,1.0,1.0,1.0742397137745976,1.0742397137745976,1.3300536672629697,1.3300536672629697,1.6565295169946332,1.6565295169946332
20,EGI1,0,17,ok,2.2829229140188545,0.49807747388693757,8.99968659561279,0.012994733029043026,13.446703099590994,0.06286238207652267,22.105512996904615,1.0,1.0,1.0644007155635062,1.0644007155635062,1.3273703041144902,1.3273703041144902,1.6270125223613596,1.6270125223613596
20,EGI1,0,34,ok,2.2362591100391,0.49807747388693757,8.99968659561279,0.012994733029043026,13.446703099590994,0.06286238207652267,22.105512996904615,1.0,1.0,1.0617173524150267,1.0617173524150267,1.3255813953488371,1.3255813953488371,1.644901610017889,1.644901610017889
21,EGI1,0,0,ok,3.931610223953612,0.947859361942857,0.14173130513431145,0.33294144291723937,12.709339178073224,0.4736593138340237,24.78982201547833,1.0,1.0,1.8220035778175314,1.8220035778175314,3.4427549194991056,3.4427549194991056,6.320214669051879,6.320214669051879
21,EGI1,0,17,ok,3.9204980180365965,0.947859361942857,0.14173130513431145,0.33294144291723937,12.709339178073224,0.4736593138340237,24.78982201547833,1.0,1.0,1.81216457960644,1.81216457960644,3.4391771019677995,3.4391771019677995,6.319320214669052,6.319320214669052
21,EGI1,0,34,ok,3.9794347160495818,0.947859361942857,0.14173130513431145,0.33294144291723937,12.709339178073224,0.4736593138340237,24.78982201547833,1.0,1.0,1.798747763864043,1.798747763864043,3.4302325581395348,3.4302325581395348,6.331842576028622,6.331842576028622
22,EGI1,0,0,ok,4.476977216079831,0.39633943687403755,0.5410877287775363,0.7482986910358577,13.537985043332867,0.16332069708084332,21.717744260129354,1.0,1.0,1.9373881932021466,1.9373881932021466,3.7513416815742398,3.7513416815742398,7.285330948121646,7.285330948121646
22,EGI1,0,17,ok,4.388898512930609,0.39633943687403755,0.5410877287775363,0.7482986910358577,13.537985043332867,0.16332069708084332,21.717744260129354,1.0,1.0,1.9239713774597496,1.9239713774597496,3.710196779964222,3.710196779964222,7.201252236135957,7.201252236135957
22,EGI1,0,34,ok,4.407758999965154,0.39633943687403755,0.5410877287775363,0.7482986910358577,13.537985043332867,0.16332069708084332,21.717744260129354,1.0,1.0,1.9275491949910555,1.9275491949910555,3.723613595706619,3.723613595706619,7.231663685152057,7.231663685152057
23,EGI1,0,0,ok,2.3210277480538934,0.012321019576776377,0.5626917819012638,0.5869172851856668,15.84192001543712,0.0025443597819502007,20.029531055544744,1.0,1.0,1.411449016100179,1.411449016100179,1.4704830053667264,1.4704830053667264,1.4713774597495528,1.4713774597495528
23,EGI1,0,17,ok,2.3916211490286514,0.012321019576776377,0.5626917819012638,0.5869172851856668,15.84192001543712,0.0025443597819502007,20.029531055544744,1.0,1.0,1.4159212880143113,1.4159212880143113,1.4838998211091234,1.4838998211091234,1.4847942754919499,1.4847942754919499
23,EGI1,0,34,ok,2.3531437179772183,0.012321019576776377,0.5626917819012638,0.5869172851856668,15.84192001543712,0.0025443597819502007,20.029531055544744,1.0,1.0,1.428443649373882,1.428443649373882,1.4919499105545617,1.4919499105545617,1.4919499105545617,1.4919499105545617
24,EGI1,0,0,ok,2.0517321629449725,0.6315978265699951,7.0918040230361585,0.20484082959096087,17.31102827610144,0.9838779279641279,24.1928266973204,1.0,1.0,1.018783542039356,1.018783542039356,1.0232558139534884,1.0232558139534884,1.0241502683363148,1.0241502683363148
24,EGI1,0,17,ok,2.018802705104463,0.6315978265699951,7.0918040230361585,0.20484082959096087,17.31102827610144,0.9838779279641279,24.1928266973204,1.0,1.0,1.0107334525939178,1.0107334525939178,1.0161001788908766,1.0161001788908766,1.0161001788908766,1.0161001788908766
24,EGI1,0,34,ok,1.9944747829576954,0.6315978265699951,7.0918040230361585,0.20484082959096087,17.31102827610144,0.9838779279641279,24.1928266973204,1.0,1.0,1.0071556350626119,1.0071556350626119,1.0116279069767442,1.0116279069767442,1.0116279069767442,1.0116279069767442
25,EGI1,0,0,ok,4.67264852207154,0.549730048177843,1.127428233651447,0.6835476191652514,16.704358807250323,0.26291997252796073,26.840775122838423,1.0,1.0,1.9740608228980323,1.9740608228980323,3.9302325581395348,3.9302325581395348,7.839892665474061,7.839892665474061
25,EGI1,0,17,ok,4.684536664979532,0.549730048177843,1.127428233651447,0.6835476191652514,16.704358807250323,0.26291997252796073,26.840775122838423,1.0,1.0,1.9749552772808587,1.9749552772808587,3.934704830053667,3.934704830053667,7.851520572450805,7.851520572450805
25,EGI1,0,34,ok,4.742125721066259,0.549730048177843,1.127428233651447,0.6835476191652514,16.704358807250323,0.26291997252796073,26.840775122838423,1.0,1.0,1.9731663685152057,1.9731663685152057,3.9364937388193204,3.9364937388193204,7.853309481216458,7.853309481216458
26,EGI1,0,0,ok,4.876264895894565,0.9289526490760269,17.41765666286052,0.6155819865181072,10.930831121673942,0.3681523381536838,28.2635411120222,1.0,1.0,1.9928443649373881,1.9928443649373881,3.994633273703041,3.994633273703041,7.998211091234347,7.998211091234347
26,EGI1,0,17,ok,4.889785806066357,0.9289526490760269,17.41765666286052,0.6155819865181072,10.930831121673942,0.3681523381536838,28.2635411120222,1.0,1.0,1.9937388193202146,1.9937388193202146,3.994633273703041,3.994633273703041,7.998211091234347,7.998211091234347
26,EGI1,0,34,ok,4.877398274024017,0.9289526490760269,17.41765666286052,0.6155819865181072,10.930831121673942,0.3681523381536838,28.2635411120222,1.0,1.0,1.9821109123434706,1.9821109123434706,3.9955277280858676,3.9955277280858676,8.0,8.0
27,EGI1,0,0,ok,4.460168767021969,0.3404884950068903,1.948433392024747,0.6565219729223823,17.14530440621901,0.18754505826600681,24.32878635884677,1.0,1.0,1.9257602862254024,1.9257602862254024,3.783542039355993,3.783542039355993,7.493738819320215,7.493738819320215
27,EGI1,0,17,ok,4.49653374007903,0.3404884950068903,1.948433392024747,0.6565219729223823,17.14530440621901,0.18754505826600681,24.32878635884677,1.0,1.0,1.9320214669051878,1.9320214669051878,3.822898032200358,3.822898032200358,7.584078711985689,7.584078711985689
27,EGI1,0,34,ok,4.526846688007936,0.3404884950068903,1.948433392024747,0.6565219729223823,17.14530440621901,0.18754505826600681,24.32878635884677,1.0,1.0,1.943649373881932,1.943649373881932,3.84257602862254,3.84257602862254,7.6341681574239715,7.6341681574239715
28,EGI1,0,0,ok,4.203255878062919,0.2867794785471842,21.42414622503011,0.26673075838065535,18.584388938014428,0.509212354541525,23.723932281813234,1.0,1.0,1.7844364937388193,1.7844364937388193,3.512522361359571,3.512522361359571,7.023255813953488,7.023255813953488
28,EGI1,0,17,ok,4.122645890922286,0.2867794785471842,21.42414622503011,0.26673075838065535,18.584388938014428,0.509212354541525,23.723932281813234,1.0,1.0,1.778175313059034,1.778175313059034,3.4892665474060824,3.4892665474060824,6.983005366726297,6.983005366726297
28,EGI1,0,34,ok,4.141495398012921,0.2867794785471842,21.42414622503011,0.26673075838065535,18.584388938014428,0.509212354541525,23.723932281813234,1.0,1.0,1.7638640429338104,1.7638640429338104,3.520572450805009,3.520572450805009,7.025939177101968,7.025939177101968
29,EGI1,0,0,ok,4.873799716937356,0.9737406417274177,5.200963795756476,0.9103646877847552,14.78844796318845,0.3364231905532041,25.624175315449026,1.0,1.0,2.0,2.0,4.0,4.0,8.0,8.0
29,EGI1,0,17,ok,4.825368263060227,0.9737406417274177,5.200963795756476,0.9103646877847552,14.78844796318845,0.3364231905532041,25.624175315449026,1.0,1.0,2.0,2.0,4.0,4.0,8.0,8.0
29,EGI1,0,34,ok,4.812790474970825,0.9737406417274177,5.200963795756476,0.9103646877847552,14.78844796318845,0.3364231905532041,25.624175315449026,1.0,1.0,2.0,2.0,4.0,4.0,8.0,8.0
30,EGI1,0,0,ok,3.301361712976359,0.40542068614963334,0.33952144751155067,0.14780680716119451,13.108352842346704,0.9001343871352131,20.653142007668144,1.0,1.0,1.4973166368515205,1.4973166368515205,2.5491949910554563,2.5491949910554563,3.7754919499105544,3.7754919499105544
30,EGI1,0,17,ok,3.259318646043539,0.40542068614963334,0.33952144751155067,0.14780680716119451,13.108352842346704,0.9001343871352131,20.653142007668144,1.0,1.0,1.5044722719141324,1.5044722719141324,2.5429338103756707,2.5429338103756707,3.841681574239714,3.841681574239714
30,EGI1,0,34,ok,3.239917160011828,0.40542068614963334,0.33952144751155067,0.14780680716119451,13.108352842346704,0.9001343871352131,20.653142007668144,1.0,1.0,1.481216457960644,1.481216457960644,2.5384615384615383,2.5384615384615383,3.810375670840787,3.810375670840787
31,EGI1,0,0,ok,4.685189772979356,0.365531033319358,0.8979567329445305,0.6978414922176334,11.98129535849964,0.06624569797618272,24.48986048247031,1.0,1.0,1.9892665474060822,1.9892665474060822,3.9821109123434706,3.9821109123434706,7.963327370304114,7.963327370304114
31,EGI1,0,17,ok,4.651155662955716,0.365531033319358,0.8979567329445305,0.6978414922176334,11.98129535849964,0.06624569797618272,24.48986048247031,1.0,1.0,1.9910554561717353,1.9910554561717353,3.9785330948121644,3.9785330948121644,7.9499105545617175,7.9499105545617175
31,EGI1,0,34,ok,4.659340096986853,0.365531033319358,0.8979567329445305,0.6978414922176334,11.98129535849964,0.06624569797618272,24.48986048247031,1.0,1.0,1.9928443649373881,1.9928443649373881,3.9821109123434706,3.9821109123434706,7.966010733452594,7.966010733452594
32,EGI1,0,0,ok,4.849877713015303,0.6816022148534802,6.164733128638423,0.8181854459393916,13.356766521679717,0.433178674076235,27.44390124293414,1.0,1.0,2.0,2.0,4.0,4.0,8.0,8.0
32,EGI1,0,17,ok,4.824725421029143,0.6816022148534802,6.164733128638423,0.8181854459393916,13.356766521679717,0.433178674076235,27.44390124293414,1.0,1.0,2.0,2.0,4.0,4.0,8.0,8.0
32,EGI1,0,34,ok,4.817701912019402,0.6816022148534802,6.164733128638423,0.8181854459393916,13.356766521679717,0.433178674076235,27.44390124293414,1.0,1.0,2.0,2.0,4.0,4.0,8.0,8.0
33,EGI1,0,0,ok,3.3603373049991205,0.15013544441786186,0.25054331094304727,0.6283838265628173,12.545106089776642,0.42060625400382373,24.123767543851244,1.0,1.0,1.7844364937388193,1.7844364937388193,2.8649373881932023,2.8649373881932023,3.677996422182469,3.677996422182469
33,EGI1,0,17,ok,3.3559935139492154,0.15013544441786186,0.25054331094304727,0.6283838265628173,12.545106089776642,0.42060625400382373,24.123767543851244,1.0,1.0,1.7835420393559929,1.7835420393559929,2.86046511627907,2.86046511627907,3.6815742397137745,3.6815742397137745
33,EGI1,0,34,ok,3.404862824943848,0.15013544441786186,0.25054331094304727,0.6283838265628173,12.545106089776642,0.42060625400382373,24.123767543851244,1.0,1.0,1.7772808586762074,1.7772808586762074,2.8470483005366725,2.8470483005366725,3.689624329159213,3.689624329159213
34,EGI1,0,0,ok,1.9933205499546602,0.42103381070436574,0.15296390958147596,0.7794519825279382,21.234688211823347,0.7603179421802568,22.203102597279948,1.0,1.0,1.0017889087656529,1.0017889087656529,1.0017889087656529,1.0017889087656529,1.0017889087656529,1.0017889087656529
34,EGI1,0,17,ok,1.9509425329742953,0.42103381070436574,0.15296390958147596,0.7794519825279382,21.234688211823347,0.7603179421802568,22.203102597279948,1.0,1.0,1.0008944543828264,1.0008944543828264,1.0008944543828264,1.0008944543828264,1.0008944543828264,1.0008944543828264
34,EGI1,0,34,ok,1.9484441248932853,0.42103381070436574,0.15296390958147596,0.7794519825279382,21.234688211823347,0.7603179421802568,22.203102597279948,1.0,1.0,1.0026833631484795,1.0026833631484795,1.0026833631484795,1.0026833631484795,1.0026833631484795,1.0026833631484795
35,EGI1,0,0,ok,4.307972477981821,0.9849272112244647,0.446552961783275,0.887816711645722,17.84480022873874,0.7499090184926699,20.563239084640855,1.0,1.0,1.8407871198568873,1.8407871198568873,3.5223613595706618,3.5223613595706618,6.886404293381037,6.886404293381037
35,EGI1,0,17,ok,4.317417630925775,0.9849272112244647,0.446552961783275,0.887816711645722,17.84480022873874,0.7499090184926699,20.563239084640855,1.0,1.0,1.8434704830053668,1.8434704830053668,3.5304114490161003,3.5304114490161003,6.905187835420394,6.905187835420394
35,EGI1,0,34,ok,4.3221976479981095,0.9849272112244647,0.446552961783275,0.887816711645722,17.84480022873874,0.7499090184926699,20.563239084640855,1.0,1.0,1.8434704830053668,1.8434704830053668,3.5304114490161003,3.5304114490161003,6.904293381037567,6.904293381037567
36,EGI1,0,0,ok,3.214367665001191,0.2060614404043704,2.9332954951795926,0.11072524771123887,16.519147718649144,0.8361724297925245,28.55841351001126,1.0,1.0,1.404293381037567,1.404293381037567,2.3264758497316635,2.3264758497316635,4.148479427549195,4.148479427549195
36,EGI1,0,17,ok,3.2379903009859845,0.2060614404043704,2.9332954951795926,0.11072524771123887,16.519147718649144,0.8361724297925245,28.55841351001126,1.0,1.0,1.3989266547406083,1.3989266547406083,2.3524150268336315,2.3524150268336315,4.147584973166368,4.147584973166368
36,EGI1,0,34,ok,3.252399194985628,0.2060614404043704,2.9332954951795926,0.11072524771123887,16.519147718649144,0.8361724297925245,28.55841351001126,1.0,1.0,1.4177101967799641,1.4177101967799641,2.3855098389982112,2.3855098389982112,4.180679785330948,4.180679785330948
37,EGI1,0,0,ok,4.707977721001953,0.27695279163413017,1.7026633101460416,0.7918407684884098,12.930582849832923,0.17054493603808704,21.141512559321484,1.0,1.0,1.9901610017889089,1.9901610017889089,3.9704830053667264,3.9704830053667264,7.931127012522361,7.931127012522361
37,EGI1,0,17,ok,4.634199338965118,0.27695279163413017,1.7026633101460416,0.7918407684884098,12.930582849832923,0.17054493603808704,21.141512559321484,1.0,1.0,1.9883720930232558,1.9883720930232558,3.960644007155635,3.960644007155635,7.904293381037567,7.904293381037567
37,EGI1,0,34,ok,4.611834460985847,0.27695279163413017,1.7026633101460416,0.7918407684884098,12.930582849832923,0.17054493603808704,21.141512559321484,1.0,1.0,1.9856887298747763,1.9856887298747763,3.952593917710197,3.952593917710197,7.889087656529517,7.889087656529517
38,EGI1,0,0,ok,2.436896485975012,0.5799253366867881,0.1587795191025056,0.8662099131282531,17.404746084187828,0.12075253988746379,28.931802366890032,1.0,1.0,1.39087656529517,1.39087656529517,1.6064400715563507,1.6064400715563507,1.6064400715563507,1.6064400715563507
38,EGI1,0,17,ok,2.4682890539988875,0.5799253366867881,0.1587795191025056,0.8662099131282531,17.404746084187828,0.12075253988746379,28.931802366890032,1.0,1.0,1.3899821109123434,1.3899821109123434,1.6073345259391771,1.6073345259391771,1.6073345259391771,1.6073345259391771
38,EGI1,0,34,ok,2.4515970200300217,0.5799253366867881,0.1587795191025056,0.8662099131282531,17.404746084187828,0.12075253988746379,28.931802366890032,1.0,1.0,1.3881932021466905,1.3881932021466905,1.5939177101967799,1.5939177101967799,1.5939177101967799,1.5939177101967799
39,EGI1,0,0,ok,4.42480841698125,0.8673509573612966,14.40399744330664,0.3711017733096357,11.23739099450186,0.895164211059452,22.1714488748267,1.0,1.0,1.9060822898032201,1.9060822898032201,3.8595706618962433,3.8595706618962433,7.516994633273703,7.516994633273703
39,EGI1,0,17,ok,4.398305037990212,0.8673509573612966,14.40399744330664,0.3711017733096357,11.23739099450186,0.895164211059452,22.1714488748267,1.0,1.0,1.8917710196779964,1.8917710196779964,3.8443649373881934,3.8443649373881934,7.434704830053668,7.434704830053668
39,EGI1,0,34,ok,4.401556622004136,0.8673509573612966,14.40399744330664,0.3711017733096357,11.23739099450186,0.895164211059452,22.1714488748267,1.0,1.0,1.9025044722719142,1.9025044722719142,3.830948121645796,3.830948121645796,7.47227191413238,7.47227191413238
40,EGI1,0,0,ok,4.132379238959402,0.13646855797131613,6.079593347070018,0.8156843580371632,18.504581432963658,0.3217154746813444,26.257741526055078,1.0,1.0,1.7835420393559929,1.7835420393559929,3.298747763864043,3.298747763864043,6.3023255813953485,6.3023255813953485
40,EGI1,0,17,ok,4.122961743967608,0.13646855797131613,6.079593347070018,0.8156843580371632,18.504581432963658,0.3217154746813444,26.257741526055078,1.0,1.0,1.7647584973166368,1.7647584973166368,3.235241502683363,3.235241502683363,6.135062611806798,6.135062611806798
40,EGI1,0,34,ok,4.225975984008983,0.13646855797131613,6.079593347070018,0.8156843580371632,18.504581432963658,0.3217154746813444,26.257741526055078,1.0,1.0,1.798747763864043,1.798747763864043,3.3407871198568873,3.3407871198568873,6.383720930232558,6.383720930232558
41,EGI1,0,0,ok,4.829990921076387,0.2637536165630903,15.55140420473392,0.9355706064224809,20.9129770717203,0.19977860754931964,21.403188619802506,1.0,1.0,1.981216457960644,1.981216457960644,3.934704830053667,3.934704830053667,7.82737030411449,7.82737030411449
41,EGI1,0,17,ok,4.76185370690655,0.2637536165630903,15.55140420473392,0.9355706064224809,20.9129770717203,0.19977860754931964,21.403188619802506,1.0,1.0,1.9731663685152057,1.9731663685152057,3.909660107334526,3.909660107334526,7.7656529516994635,7.7656529516994635
41,EGI1,0,34,ok,4.769318217993714,0.2637536165630903,15.55140420473392,0.9355706064224809,20.9129770717203,0.19977860754931964,21.403188619802506,1.0,1.0,1.9767441860465116,1.9767441860465116,3.920393559928444,3.920393559928444,7.788908765652952,7.788908765652952
42,EGI1,0,0,ok,4.4742855039658025,0.2278082281716848,1.6079591099585717,0.6695891413894602,14.183053245964302,0.7817219561111256,25.02456291849778,1.0,1.0,1.9338103756708407,1.9338103756708407,3.7871198568872986,3.7871198568872986,7.45169946332737,7.45169946332737
42,EGI1,0,17,ok,4.492900648037903,0.2278082281716848,1.6079591099585717,0.6695891413894602,14.183053245964302,0.7817219561111256,25.02456291849778,1.0,1.0,1.941860465116279,1.941860465116279,3.810375670840787,3.810375670840787,7.519677996422183,7.519677996422183
42,EGI1,0,34,ok,4.474650720017962,0.2278082281716848,1.6079591099585717,0.6695891413894602,14.183053245964302,0.7817219561111256,25.02456291849778,1.0,1.0,1.9311270125223614,1.9311270125223614,3.776386404293381,3.776386404293381,7.442754919499105,7.442754919499105
43,EGI1,0,0,ok,4.1685368260368705,0.3546956115941203,24.58595370838643,0.27469329902072404,17.321540025401482,0.6408083274551041,20.78912552010589,1.0,1.0,1.8112701252236136,1.8112701252236136,3.5483005366726297,3.5483005366726297,7.10644007155635,7.10644007155635
43,EGI1,0,17,ok,4.157700311974622,0.3546956115941203,24.58595370838643,0.27469329902072404,17.321540025401482,0.6408083274551041,20.78912552010589,1.0,1.0,1.8130590339892665,1.8130590339892665,3.571556350626118,3.571556350626118,7.095706618962433,7.095706618962433
43,EGI1,0,34,ok,4.172165338997729,0.3546956115941203,24.58595370838643,0.27469329902072404,17.321540025401482,0.6408083274551041,20.78912552010589,1.0,1.0,1.7996422182468694,1.7996422182468694,3.552772808586762,3.552772808586762,7.126118067978533,7.126118067978533
44,EGI1,0,0,ok,2.536216167965904,0.7385109419774314,0.26194180957755087,0.04627674386947447,15.969441286198228,0.49247425393139027,29.50097997641841,1.0,1.0,1.152057245080501,1.152057245080501,1.5724508050089445,1.5724508050089445,2.2397137745974955,2.2397137745974955
44,EGI1,0,17,ok,2.4706462590256706,0.7385109419774314,0.26194180957755087,0.04627674386947447,15.969441286198228,0.49247425393139027,29.50097997641841,1.0,1.0,1.1395348837209303,1.1395348837209303,1.5769230769230769,1.5769230769230769,2.255813953488372,2.255813953488372
44,EGI1,0,34,ok,2.487706154002808,0.7385109419774314,0.26194180957755087,0.04627674386947447,15.969441286198228,0.49247425393139027,29.50097997641841,1.0,1.0,1.144901610017889,1.144901610017889,1.610912343470483,1.610912343470483,2.2996422182468694,2.2996422182468694
45,EGI1,0,0,ok,3.939256979036145,0.6576270167603908,0.27103883607748797,0.23892891535252975,11.373992092281362,0.8616001806937491,25.287281525951045,1.0,1.0,1.740608228980322,1.740608228980322,3.3971377459749554,3.3971377459749554,6.036672629695886,6.036672629695886
45,EGI1,0,17,ok,3.896211999002844,0.6576270167603908,0.27103883607748797,0.23892891535252975,11.373992092281362,0.8616001806937491,25.287281525951045,1.0,1.0,1.7450805008944543,1.7450805008944543,3.3864042933810374,3.3864042933810374,6.010733452593918,6.010733452593918
45,EGI1,0,34,ok,3.9346457310020924,0.6576270167603908,0.27103883607748797,0.23892891535252975,11.373992092281362,0.8616001806937491,25.287281525951045,1.0,1.0,1.7477638640429338,1.7477638640429338,3.42128801431127,3.42128801431127,6.090339892665474,6.090339892665474
46,EGI1,0,0,ok,2.3965559150092304,0.15396294830530005,0.35401848485036097,0.2818484536213679,16.394386168848097,0.7339048357177,23.53045172592398,1.0,1.0,1.349731663685152,1.349731663685152,1.5805008944543828,1.5805008944543828,1.6305903398926656,1.6305903398926656
46,EGI1,0,17,ok,2.447573949000798,0.15396294830530005,0.35401848485036097,0.2818484536213679,16.394386168848097,0.7339048357177,23.53045172592398,1.0,1.0,1.334525939177102,1.334525939177102,1.595706618962433,1.595706618962433,1.627906976744186,1.627906976744186
46,EGI1,0,34,ok,2.3979667290113866,0.15396294830530005,0.35401848485036097,0.2818484536213679,16.394386168848097,0.7339048357177,23.53045172592398,1.0,1.0,1.3461538461538463,1.3461538461538463,1.5966010733452594,1.5966010733452594,1.6359570661896243,1.6359570661896243
47,EGI1,0,0,ok,2.0819764530751854,0.45214704038483217,0.21516939455990217,0.2495615584114761,19.561150839465384,0.8471796350060151,28.07780181739569,1.0,1.0,1.1270125223613596,1.1270125223613596,1.1663685152057246,1.1663685152057246,1.1663685152057246,1.1663685152057246
47,EGI1,0,17,ok,2.059587616007775,0.45214704038483217,0.21516939455990217,0.2495615584114761,19.561150839465384,0.8471796350060151,28.07780181739569,1.0,1.0,1.1270125223613596,1.1270125223613596,1.1610017889087656,1.1610017889087656,1.1610017889087656,1.1610017889087656
47,EGI1,0,34,ok,2.0828649550676346,0.45214704038483217,0.21516939455990217,0.2495615584114761,19.561150839465384,0.8471796350060151,28.07780181739569,1.0,1.0,1.1243291592128801,1.1243291592128801,1.163685152057245,1.163685152057245,1.165474060822898,1.165474060822898
48,EGI1,0,0,ok,3.2706918900366873,0.5015254882444489,1.099321572828111,0.2243476664642749,20.855154419494124,0.4522642682765904,25.11241244400892,1.0,1.0,1.486583184257603,1.486583184257603,2.565295169946333,2.565295169946333,4.707513416815742,4.707513416815742
48,EGI1,0,17,ok,3.2961410380667076,0.5015254882444489,1.099321572828111,0.2243476664642749,20.855154419494124,0.4522642682765904,25.11241244400892,1.0,1.0,1.4874776386404294,1.4874776386404294,2.616279069767442,2.616279069767442,4.826475849731664,4.826475849731664
48,EGI1,0,34,ok,3.2855272740125656,0.5015254882444489,1.099321572828111,0.2243476664642749,20.855154419494124,0.4522642682765904,25.11241244400892,1.0,1.0,1.4874776386404294,1.4874776386404294,2.567978533094812,2.567978533094812,4.754025044722719,4.754025044722719
49,EGI1,0,0,ok,4.595207648933865,0.5458208147204978,13.903453381773888,0.4239408804121024,16.549596272422278,0.6630738983564706,29.49937717787239,1.0,1.0,1.9400715563506261,1.9400715563506261,3.923076923076923,3.923076923076923,7.885509838998211,7.885509838998211
49,EGI1,0,17,ok,4.637624296010472,0.5458208147204978,13.903453381773888,0.4239408804121024,16.549596272422278,0.6630738983564706,29.49937717787239,1.0,1.0,1.9427549194991056,1.9427549194991056,3.9069767441860463,3.9069767441860463,7.891771019677996,7.891771019677996
49,EGI1,0,34,ok,4.64093023899477,0.5458208147204978,13.903453381773888,0.4239408804121024,16.549596272422278,0.6630738983564706,29.49937717787239,1.0,1.0,1.9516994633273703,1.9516994633273703,3.933810375670841,3.933810375670841,7.919499105545617,7.919499105545617
50,EGI1,0,0,ok,4.880125666037202,0.661123773970799,22.45549948355762,0.5164264165135775,21.621185983011934,0.5196231646959001,29.28518012993437,1.0,1.0,1.9740608228980323,1.9740608228980323,3.9767441860465116,3.9767441860465116,7.983005366726297,7.983005366726297
50,EGI1,0,17,ok,4.864492828026414,0.661123773970799,22.45549948355762,0.5164264165135775,21.621185983011934,0.5196231646959001,29.28518012993437,1.0,1.0,1.9704830053667264,1.9704830053667264,3.974060822898032,3.974060822898032,7.978533094812165,7.978533094812165
50,EGI1,0,34,ok,4.845159866963513,0.661123773970799,22.45549948355762,0.5164264165135775,21.621185983011934,0.5196231646959001,29.28518012993437,1.0,1.0,1.9740608228980323,1.9740608228980323,3.9722719141323792,3.9722719141323792,7.983005366726297,7.983005366726297
51,EGI1,0,0,ok,2.5147376160603017,0.17590560007433095,0.10870980645347272,0.02924881102015235,10.426682767817265,0.10415987499450712,23.5816268385221,1.0,1.0,1.1261180679785332,1.1261180679785332,1.6028622540250448,1.6028622540250448,2.190518783542039,2.190518783542039
51,EGI1,0,17,ok,2.512804682017304,0.17590560007433095,0.10870980645347272,0.02924881102015235,10.426682767817265,0.10415987499450712,23.5816268385221,1.0,1.0,1.1386404293381038,1.1386404293381038,1.6019677996422181,1.6019677996422181,2.1932021466905187,2.1932021466905187
51,EGI1,0,34,ok,2.4521935250377283,0.17590560007433095,0.10870980645347272,0.02924881102015235,10.426682767817265,0.10415987499450712,23.5816268385221,1.0,1.0,1.1431127012522362,1.1431127012522362,1.6270125223613596,1.6270125223613596,2.211091234347048,2.211091234347048
52,EGI1,0,0,ok,3.0796539060538635,0.46575005402963665,0.29141882077763737,0.6070472893848776,16.14260644872994,0.16579395036899544,24.838889230270787,1.0,1.0,1.5930232558139534,1.5930232558139534,2.4445438282647585,2.4445438282647585,3.2924865831842576,3.2924865831842576
52,EGI1,0,17,ok,3.0948981669498608,0.46575005402963665,0.29141882077763737,0.6070472893848776,16.14260644872994,0.16579395036899544,24.838889230270787,1.0,1.0,1.5635062611806798,1.5635062611806798,2.387298747763864,2.387298747763864,3.221824686940966,3.221824686940966
52,EGI1,0,34,ok,3.0644496460445225,0.46575005402963665,0.29141882077763737,0.6070472893848776,16.14260644872994,0.16579395036899544,24.838889230270787,1.0,1.0,1.5652951699463327,1.5652951699463327,2.383720930232558,2.383720930232558,3.2325581395348837,3.2325581395348837
53,EGI1,0,0,ok,4.234576156013645,0.719674125804372,1.1896597578915213,0.3283711778797825,18.754277639591393,0.7890592095275385,27.030149879254445,1.0,1.0,1.855098389982111,1.855098389982111,3.7209302325581395,3.7209302325581395,7.504472271914133,7.504472271914133
53,EGI1,0,17,ok,4.247196494950913,0.719674125804372,1.1896597578915213,0.3283711778797825,18.754277639591393,0.7890592095275385,27.030149879254445,1.0,1.0,1.8506261180679786,1.8506261180679786,3.729874776386404,3.729874776386404,7.52772808586762,7.52772808586762
53,EGI1,0,34,ok,4.260989321046509,0.719674125804372,1.1896597578915213,0.3283711778797825,18.754277639591393,0.7890592095275385,27.030149879254445,1.0,1.0,1.847942754919499,1.847942754919499,3.7155635062611805,3.7155635062611805,7.5134168157423975,7.5134168157423975
54,EGI1,0,0,ok,2.9571570879779756,0.8784305842139782,0.16682235283008637,0.1042519059565491,14.503635792465136,0.580210759919071,21.99090282045143,1.0,1.0,1.3273703041144902,1.3273703041144902,2.0590339892665472,2.0590339892665472,3.317531305903399,3.317531305903399
54,EGI1,0,17,ok,2.9220165520673618,0.8784305842139782,0.16682235283008637,0.1042519059565491,14.503635792465136,0.580210759919071,21.99090282045143,1.0,1.0,1.3398926654740608,1.3398926654740608,2.079606440071556,2.079606440071556,3.3202146690518783,3.3202146690518783
54,EGI1,0,34,ok,2.887897969922051,0.8784305842139782,0.16682235283008637,0.1042519059565491,14.503635792465136,0.580210759919071,21.99090282045143,1.0,1.0,1.3246869409660107,1.3246869409660107,2.047406082289803,2.047406082289803,3.2522361359570664,3.2522361359570664
55,EGI1,0,0,ok,1.9973157570930198,0.45968580935242015,0.1184311212814339,0.6589010173901013,19.846794524184418,0.3088959805796694,22.752176106844743,1.0,1.0,1.0840787119856887,1.0840787119856887,1.0849731663685152,1.0849731663685152,1.0849731663685152,1.0849731663685152
55,EGI1,0,17,ok,2.035066945012659,0.45968580935242015,0.1184311212814339,0.6589010173901013,19.846794524184418,0.3088959805796694,22.752176106844743,1.0,1.0,1.088550983899821,1.088550983899821,1.0894454382826475,1.0894454382826475,1.0894454382826475,1.0894454382826475
55,EGI1,0,34,ok,2.009899868047796,0.45968580935242015,0.1184311212814339,0.6589010173901013,19.846794524184418,0.3088959805796694,22.752176106844743,1.0,1.0,1.088550983899821,1.088550983899821,1.088550983899821,1.088550983899821,1.088550983899821,1.088550983899821
56,EGI1,0,0,ok,2.7310349650215358,0.2909657828900186,0.18452597987819977,0.3942127101011789,15.105835151257228,0.504244358077343,29.214693146529424,1.0,1.0,1.5098389982110911,1.5098389982110911,2.0429338103756707,2.0429338103756707,2.0894454382826475,2.0894454382826475
56,EGI1,0,17,ok,2.6937282079597935,0.2909657828900186,0.18452597987819977,0.3942127101011789,15.105835151257228,0.504244358077343,29.214693146529424,1.0,1.0,1.5152057245080501,1.5152057245080501,2.054561717352415,2.054561717352415,2.1028622540250446,2.1028622540250446
56,EGI1,0,34,ok,2.6864657970145345,0.2909657828900186,0.18452597987819977,0.3942127101011789,15.105835151257228,0.504244358077343,29.214693146529424,1.0,1.0,1.518783542039356,1.518783542039356,2.054561717352415,2.054561717352415,2.1118067978533093,2.1118067978533093
57,EGI1,0,0,ok,4.030088410014287,0.9247805486501647,0.47605945168540487,0.2564571311546869,13.297501316531307,0.24854246944447886,20.078353561637662,1.0,1.0,1.7584973166368516,1.7584973166368516,3.4579606440071555,3.4579606440071555,6.877459749552773,6.877459749552773
57,EGI1,0,17,ok,4.0067756429780275,0.9247805486501647,0.47605945168540487,0.2564571311546869,13.297501316531307,0.24854246944447886,20.078353561637662,1.0,1.0,1.7719141323792487,1.7719141323792487,3.5008944543828266,3.5008944543828266,6.954382826475849,6.954382826475849
57,EGI1,0,34,ok,3.9610488699981943,0.9247805486501647,0.47605945168540487,0.2564571311546869,13.297501316531307,0.24854246944447886,20.078353561637662,1.0,1.0,1.7602862254025045,1.7602862254025045,3.4749552772808587,3.4749552772808587,6.896243291592129,6.896243291592129
58,EGI1,0,0,ok,3.8622105460381135,0.18620561979434813,0.28309964688020767,0.4824718426392396,11.128001298493562,0.14650459984961586,27.772601160146664,1.0,1.0,1.9123434704830053,1.9123434704830053,3.452593917710197,3.452593917710197,5.658318425760286,5.658318425760286
58,EGI1,0,17,ok,3.8747859429568052,0.18620561979434813,0.28309964688020767,0.4824718426392396,11.128001298493562,0.14650459984961586,27.772601160146664,1.0,1.0,1.9203935599284436,1.9203935599284436,3.48479427549195,3.48479427549195,5.65474060822898,5.65474060822898
58,EGI1,0,34,ok,3.8969073169864714,0.18620561979434813,0.28309964688020767,0.4824718426392396,11.128001298493562,0.14650459984961586,27.772601160146664,1.0,1.0,1.9293381037567083,1.9293381037567083,3.4901610017889086,3.4901610017889086,5.720035778175313,5.720035778175313
59,EGI1,0,0,ok,4.219645716948435,0.5074306000407455,2.6691928220801246,0.32199544447936645,14.442733137083344,0.07492568134769505,26.088271550609086,1.0,1.0,1.8542039355992845,1.8542039355992845,3.710196779964222,3.710196779964222,7.4865831842576025,7.4865831842576025
59,EGI1,0,17,ok,4.186279852990992,0.5074306000407455,2.6691928220801246,0.32199544447936645,14.442733137083344,0.07492568134769505,26.088271550609086,1.0,1.0,1.847942754919499,1.847942754919499,3.6940966010733454,3.6940966010733454,7.442754919499105,7.442754919499105
59,EGI1,0,34,ok,4.228816234972328,0.5074306000407455,2.6691928220801246,0.32199544447936645,14.442733137083344,0.07492568134769505,26.088271550609086,1.0,1.0,1.8506261180679786,1.8506261180679786,3.7128801431127014,3.7128801431127014,7.474060822898032,7.474060822898032
60,EGI1,0,0,ok,2.003388444893062,0.09377674824813835,0.7425121840685577,0.4728031499877626,20.556980654098126,0.142744604229455,28.769266442442966,1.0,1.0,1.0483005366726297,1.0483005366726297,1.049194991055456,1.049194991055456,1.049194991055456,1.049194991055456
60,EGI1,0,17,ok,2.013183941016905,0.09377674824813835,0.7425121840685577,0.4728031499877626,20.556980654098126,0.142744604229455,28.769266442442966,1.0,1.0,1.0608228980322003,1.0608228980322003,1.0635062611806798,1.0635062611806798,1.0635062611806798,1.0635062611806798
60,EGI1,0,34,ok,2.0351622940506786,0.09377674824813835,0.7425121840685577,0.4728031499877626,20.556980654098126,0.142744604229455,28.769266442442966,1.0,1.0,1.054561717352415,1.054561717352415,1.056350626118068,1.056350626118068,1.056350626118068,1.056350626118068
61,EGI1,0,0,ok,4.919011901016347,0.24500507828255977,16.930147454704073,0.7289235760799314,17.4873251824446,0.6344179817919803,25.83098111568168,1.0,1.0,1.9803220035778175,1.9803220035778175,3.955277280858676,3.955277280858676,7.89355992844365,7.89355992844365
61,EGI1,0,17,ok,4.908809908898547,0.24500507828255977,16.930147454704073,0.7289235760799314,17.4873251824446,0.6344179817919803,25.83098111568168,1.0,1.0,1.9856887298747763,1.9856887298747763,3.958855098389982,3.958855098389982,7.903398926654741,7.903398926654741
61,EGI1,0,34,ok,4.910188362002373,0.24500507828255977,16.930147454704073,0.7289235760799314,17.4873251824446,0.6344179817919803,25.83098111568168,1.0,1.0,1.9838998211091234,1.9838998211091234,3.953488372093023,3.953488372093023,7.89355992844365,7.89355992844365
62,EGI1,0,0,ok,1.9476021819282323,0.056792297151619445,0.15054733316744975,0.08612431743698473,21.00867898096597,0.6264537895120231,21.08693839722909,1.0,1.0,1.0,1.0,1.0,1.0,1.0,1.0
62,EGI1,0,17,ok,1.9195931100985035,0.056792297151619445,0.15054733316744975,0.08612431743698473,21.00867898096597,0.6264537895120231,21.08693839722909,1.0,1.0,1.0,1.0,1.0,1.0,1.0,1.0
62,EGI1,0,34,ok,1.8988047710154206,0.056792297151619445,0.15054733316744975,0.08612431743698473,21.00867898096597,0.6264537895120231,21.08693839722909,1.0,1.0,1.0,1.0,1.0,1.0,1.0,1.0
63,EGI1,0,0,ok,4.836073477985337,0.48300380500951734,1.047097417694574,0.9878883842005287,14.423820681941358,0.19202135203522444,24.0722913049935,1.0,1.0,1.9919499105545617,1.9919499105545617,3.9776386404293382,3.9776386404293382,7.952593917710197,7.952593917710197
63,EGI1,0,17,ok,4.798920038971119,0.48300380500951734,1.047097417694574,0.9878883842005287,14.423820681941358,0.19202135203522444,24.0722913049935,1.0,1.0,1.9910554561717353,1.9910554561717353,3.9749552772808587,3.9749552772808587,7.945438282647585,7.945438282647585
63,EGI1,0,34,ok,4.846951587009244,0.48300380500951734,1.047097417694574,0.9878883842005287,14.423820681941358,0.19202135203522444,24.0722913049935,1.0,1.0,1.9919499105545617,1.9919499105545617,3.9776386404293382,3.9776386404293382,7.950805008944544,7.950805008944544
64,EGI1,0,0,ok,4.528773551923223,0.2935514254572843,5.146590089612398,0.6099915551088156,19.223747266332104,0.382748747518863,23.873893928451174,1.0,1.0,1.9543828264758498,1.9543828264758498,3.89087656529517,3.89087656529517,7.7602862254025045,7.7602862254025045
64,EGI1,0,17,ok,4.528441068017855,0.2935514254572843,5.146590089612398,0.6099915551088156,19.223747266332104,0.382748747518863,23.873893928451174,1.0,1.0,1.9481216457960644,1.9481216457960644,3.8658318425760285,3.8658318425760285,7.684257602862254,7.684257602862254
64,EGI1,0,34,ok,4.511104937992059,0.2935514254572843,5.146590089612398,0.6099915551088156,19.223747266332104,0.382748747518863,23.873893928451174,1.0,1.0,1.9445438282647585,1.9445438282647585,3.8640429338103757,3.8640429338103757,7.686046511627907,7.686046511627907
65,EGI1,0,0,ok,3.6872606419492513,0.5191710603167843,0.6170564278588728,0.5896076242500508,17.637082624877586,0.18477456449697463,22.851071850390674,1.0,1.0,1.665474060822898,1.665474060822898,2.992844364937388,2.992844364937388,5.607334525939177,5.607334525939177
65,EGI1,0,17,ok,3.7901994480052963,0.5191710603167843,0.6170564278588728,0.5896076242500508,17.637082624877586,0.18477456449697463,22.851071850390674,1.0,1.0,1.6815742397137745,1.6815742397137745,3.026833631484794,3.026833631484794,5.694096601073345,5.694096601073345
65,EGI1,0,34,ok,3.705085405963473,0.5191710603167843,0.6170564278588728,0.5896076242500508,17.637082624877586,0.18477456449697463,22.851071850390674,1.0,1.0,1.6753130590339893,1.6753130590339893,3.0035778175313057,3.0035778175313057,5.629695885509839,5.629695885509839
66,EGI1,0,0,ok,2.9977860240032896,0.16593826925995064,0.1987916288509629,0.9519245783666453,13.673956989553368,0.7651844899124823,25.582287067718458,1.0,1.0,1.670840787119857,1.670840787119857,2.4302325581395348,2.4302325581395348,2.584973166368515,2.584973166368515
66,EGI1,0,17,ok,2.9679102930240333,0.16593826925995064,0.1987916288509629,0.9519245783666453,13.673956989553368,0.7651844899124823,25.582287067718458,1.0,1.0,1.6735241502683362,1.6735241502683362,2.4355992844364938,2.4355992844364938,2.5617173524150267,2.5617173524150267
66,EGI1,0,34,ok,2.979040013975464,0.16593826925995064,0.1987916288509629,0.9519245783666453,13.673956989553368,0.7651844899124823,25.582287067718458,1.0,1.0,1.6735241502683362,1.6735241502683362,2.423076923076923,2.423076923076923,2.573345259391771,2.573345259391771
67,EGI1,0,0,ok,2.020298966905102,0.1066764007728048,0.1342257945068056,0.8689426081257725,19.75256751004776,0.3441379314386676,22.331065474568614,1.0,1.0,1.039355992844365,1.039355992844365,1.039355992844365,1.039355992844365,1.039355992844365,1.039355992844365
67,EGI1,0,17,ok,2.025364420027472,0.1066764007728048,0.1342257945068056,0.8689426081257725,19.75256751004776,0.3441379314386676,22.331065474568614,1.0,1.0,1.039355992844365,1.039355992844365,1.039355992844365,1.039355992844365,1.039355992844365,1.039355992844365
67,EGI1,0,34,ok,1.9719606949947774,0.1066764007728048,0.1342257945068056,0.8689426081257725,19.75256751004776,0.3441379314386676,22.331065474568614,1.0,1.0,1.0366726296958855,1.0366726296958855,1.0366726296958855,1.0366726296958855,1.0366726296958855,1.0366726296958855
68,EGI1,0,0,ok,2.4075671900063753,0.030788218146115154,0.20816183338757147,0.4882858567892746,15.070708774808335,0.9695114925425571,26.473511157450133,1.0,1.0,1.477638640429338,1.477638640429338,1.5572450805008944,1.5572450805008944,1.5617173524150267,1.5617173524150267
68,EGI1,0,17,ok,2.4748829760355875,0.030788218146115154,0.20816183338757147,0.4882858567892746,15.070708774808335,0.9695114925425571,26.473511157450133,1.0,1.0,1.483005366726297,1.483005366726297,1.552772808586762,1.552772808586762,1.558139534883721,1.558139534883721
68,EGI1,0,34,ok,2.3914244109764695,0.030788218146115154,0.20816183338757147,0.4882858567892746,15.070708774808335,0.9695114925425571,26.473511157450133,1.0,1.0,1.4758497316636852,1.4758497316636852,1.552772808586762,1.552772808586762,1.5572450805008944,1.5572450805008944
69,EGI1,0,0,ok,3.454975764034316,0.17101117592857662,0.804531187492941,0.5627667195386217,14.81488409117169,0.6473256446879683,27.503631705702688,1.0,1.0,1.6949910554561718,1.6949910554561718,2.810375670840787,2.810375670840787,4.378354203935599,4.378354203935599
69,EGI1,0,17,ok,3.414395661908202,0.17101117592857662,0.804531187492941,0.5627667195386217,14.81488409117169,0.6473256446879683,27.503631705702688,1.0,1.0,1.6958855098389982,1.6958855098389982,2.821109123434705,2.821109123434705,4.387298747763864,4.387298747763864
69,EGI1,0,34,ok,3.428907649940811,0.17101117592857662,0.804531187492941,0.5627667195386217,14.81488409117169,0.6473256446879683,27.503631705702688,1.0,1.0,1.70304114490161,1.70304114490161,2.828264758497317,2.828264758497317,4.3237924865831845,4.3237924865831845
70,EGI1,0,0,ok,4.615647349040955,0.5371837955900134,7.5423778640245205,0.6032690434699459,18.65356522179247,0.8785631028143748,23.067213823674535,1.0,1.0,1.9910554561717353,1.9910554561717353,3.9964221824686943,3.9964221824686943,7.891771019677996,7.891771019677996
70,EGI1,0,17,ok,4.663063967018388,0.5371837955900134,7.5423778640245205,0.6032690434699459,18.65356522179247,0.8785631028143748,23.067213823674535,1.0,1.0,1.9919499105545617,1.9919499105545617,3.998211091234347,3.998211091234347,7.915921288014311,7.915921288014311
70,EGI1,0,34,ok,4.6018533010501415,0.5371837955900134,7.5423778640245205,0.6032690434699459,18.65356522179247,0.8785631028143748,23.067213823674535,1.0,1.0,1.9874776386404294,1.9874776386404294,3.992844364937388,3.992844364937388,7.879248658318426,7.879248658318426
71,EGI1,0,0,ok,4.776579724973999,0.7684558125159492,6.707305615678141,0.6733096442169105,18.293559070100557,0.37944489294495626,27.341022775921868,1.0,1.0,1.996422182468694,1.996422182468694,4.0,4.0,8.0,8.0
71,EGI1,0,17,ok,4.713593907072209,0.7684558125159492,6.707305615678141,0.6733096442169105,18.293559070100557,0.37944489294495626,27.341022775921868,1.0,1.0,1.9973166368515205,1.9973166368515205,3.998211091234347,3.998211091234347,7.999105545617174,7.999105545617174
71,EGI1,0,34,ok,4.780534850084223,0.7684558125159492,6.707305615678141,0.6733096442169105,18.293559070100557,0.37944489294495626,27.341022775921868,1.0,1.0,1.9973166368515205,1.9973166368515205,4.0,4.0,8.0,8.0
72,EGI1,0,0,ok,2.9246313848998398,0.8089672604908861,0.12369534667336034,0.8794277589577407,15.711089843728052,0.7173494096906694,28.68054633745632,1.0,1.0,1.5670840787119857,1.5670840787119857,2.2728085867620753,2.2728085867620753,2.5957066189624327,2.5957066189624327
72,EGI1,0,17,ok,2.9278071359731257,0.8089672604908861,0.12369534667336034,0.8794277589577407,15.711089843728052,0.7173494096906694,28.68054633745632,1.0,1.0,1.5706618962432917,1.5706618962432917,2.2737030411449015,2.2737030411449015,2.5966010733452594,2.5966010733452594
72,EGI1,0,34,ok,2.9244336360134184,0.8089672604908861,0.12369534667336034,0.8794277589577407,15.711089843728052,0.7173494096906694,28.68054633745632,1.0,1.0,1.5652951699463327,1.5652951699463327,2.278175313059034,2.278175313059034,2.5948121645796065,2.5948121645796065
73,EGI1,0,0,ok,2.863401315989904,0.8370347606443356,0.3081476518460226,0.05415403012889576,14.227222433395657,0.3311462001311349,20.82833602886646,1.0,1.0,1.2227191413237926,1.2227191413237926,1.9257602862254024,1.9257602862254024,3.0876565295169947,3.0876565295169947
73,EGI1,0,17,ok,2.802502595935948,0.8370347606443356,0.3081476518460226,0.05415403012889576,14.227222433395657,0.3311462001311349,20.82833602886646,1.0,1.0,1.2495527728085867,1.2495527728085867,1.9186046511627908,1.9186046511627908,3.0957066189624327,3.0957066189624327
73,EGI1,0,34,ok,2.877134721027687,0.8370347606443356,0.3081476518460226,0.05415403012889576,14.227222433395657,0.3311462001311349,20.82833602886646,1.0,1.0,1.2334525939177101,1.2334525939177101,1.9695885509838997,1.9695885509838997,3.1565295169946332,3.1565295169946332
74,EGI1,0,0,ok,2.3934753300854936,0.6396450738372058,2.0994606012714567,0.023269380064690866,16.729184460874748,0.34574639507391147,22.91714485967834,1.0,1.0,1.1261180679785332,1.1261180679785332,1.520572450805009,1.520572450805009,2.0688729874776386,2.0688729874776386
74,EGI1,0,17,ok,2.39135259995237,0.6396450738372058,2.0994606012714567,0.023269380064690866,16.729184460874748,0.34574639507391147,22.91714485967834,1.0,1.0,1.1198568872987478,1.1198568872987478,1.5152057245080501,1.5152057245080501,2.0483005366726297,2.0483005366726297
74,EGI1,0,34,ok,2.376850966946222,0.6396450738372058,2.0994606012714567,0.023269380064690866,16.729184460874748,0.34574639507391147,22.91714485967834,1.0,1.0,1.1064400715563507,1.1064400715563507,1.5322003577817531,1.5322003577817531,2.0483005366726297,2.0483005366726297
75,EGI1,0,0,ok,2.2990071260137483,0.5935618705897002,1.3891549436412607,0.23489920861041005,21.494971411152548,0.13558157517195787,20.70687723907551,1.0,1.0,1.2880143112701252,1.2880143112701252,1.4203935599284436,1.4203935599284436,1.4320214669051878,1.4320214669051878
75,EGI1,0,17,ok,2.283230551984161,0.5935618705897002,1.3891549436412607,0.23489920861041005,21.494971411152548,0.13558157517195787,20.70687723907551,1.0,1.0,1.2772808586762074,1.2772808586762074,1.424865831842576,1.424865831842576,1.4445438282647585,1.4445438282647585
75,EGI1,0,34,ok,2.2934697109740227,0.5935618705897002,1.3891549436412607,0.23489920861041005,21.494971411152548,0.13558157517195787,20.70687723907551,1.0,1.0,1.2906976744186047,1.2906976744186047,1.4221824686940967,1.4221824686940967,1.4400715563506261,1.4400715563506261
76,EGI1,0,0,ok,2.1360695719486102,0.31124695915821793,0.129347528692412,0.312220988650471,17.935478123651965,0.5201513349520132,25.53726608775773,1.0,1.0,1.2110912343470484,1.2110912343470484,1.2495527728085867,1.2495527728085867,1.2495527728085867,1.2495527728085867
76,EGI1,0,17,ok,2.1993912869365886,0.31124695915821793,0.129347528692412,0.312220988650471,17.935478123651965,0.5201513349520132,25.53726608775773,1.0,1.0,1.210196779964222,1.210196779964222,1.2486583184257602,1.2486583184257602,1.2486583184257602,1.2486583184257602
76,EGI1,0,34,ok,2.1904342230409384,0.31124695915821793,0.129347528692412,0.312220988650471,17.935478123651965,0.5201513349520132,25.53726608775773,1.0,1.0,1.2021466905187836,1.2021466905187836,1.2468694096601074,1.2468694096601074,1.2468694096601074,1.2468694096601074
77,EGI1,0,0,ok,3.3471609980333596,0.7317565618307522,11.448901003791654,0.10279187606374901,15.025878188515367,0.8427324696759284,26.326556889545838,1.0,1.0,1.4311270125223614,1.4311270125223614,2.467799642218247,2.467799642218247,4.3711985688729875,4.3711985688729875
77,EGI1,0,17,ok,3.3379282830283046,0.7317565618307522,11.448901003791654,0.10279187606374901,15.025878188515367,0.8427324696759284,26.326556889545838,1.0,1.0,1.404293381037567,1.404293381037567,2.445438282647585,2.445438282647585,4.416815742397138,4.416815742397138
77,EGI1,0,34,ok,3.382504962035455,0.7317565618307522,11.448901003791654,0.10279187606374901,15.025878188515367,0.8427324696759284,26.326556889545838,1.0,1.0,1.4355992844364938,1.4355992844364938,2.4838998211091234,2.4838998211091234,4.447227191413238,4.447227191413238
78,EGI1,0,0,ok,1.9616809349972755,0.04316953193095081,0.33353451009305013,0.0033097134567545974,14.974342650567703,0.011223687760009872,27.733183600593154,1.0,1.0,1.0080500894454383,1.0080500894454383,1.0509838998211092,1.0509838998211092,1.095706618962433,1.095706618962433
78,EGI1,0,17,ok,1.957715362077579,0.04316953193095081,0.33353451009305013,0.0033097134567545974,14.974342650567703,0.011223687760009872,27.733183600593154,1.0,1.0,1.0107334525939178,1.0107334525939178,1.0509838998211092,1.0509838998211092,1.075134168157424,1.075134168157424
78,EGI1,0,34,ok,1.9476587920216843,0.04316953193095081,0.33353451009305013,0.0033097134567545974,14.974342650567703,0.011223687760009872,27.733183600593154,1.0,1.0,1.0071556350626119,1.0071556350626119,1.035778175313059,1.035778175313059,1.0724508050089445,1.0724508050089445
79,EGI1,0,0,ok,4.737770282081328,0.7144027623571032,3.7768978148367567,0.8528171263929626,11.152417217284762,0.27538872895026556,21.848138591149073,1.0,1.0,1.996422182468694,1.996422182468694,3.992844364937388,3.992844364937388,7.985688729874776,7.985688729874776
79,EGI1,0,17,ok,4.664936485001817,0.7144027623571032,3.7768978148367567,0.8528171263929626,11.152417217284762,0.27538872895026556,21.848138591149073,1.0,1.0,1.9955277280858676,1.9955277280858676,3.992844364937388,3.992844364937388,7.985688729874776,7.985688729874776
79,EGI1,0,34,ok,4.759333695983514,0.7144027623571032,3.7768978148367567,0.8528171263929626,11.152417217284762,0.27538872895026556,21.848138591149073,1.0,1.0,1.9973166368515205,1.9973166368515205,3.994633273703041,3.994633273703041,7.989266547406082,7.989266547406082
80,EGI1,0,0,ok,4.057323415996507,0.0201780814548275,0.4933238368907954,0.8329914589610735,10.145616188016426,0.8182104591112769,25.688914358974404,1.0,1.0,1.9901610017889089,1.9901610017889089,3.5876565295169947,3.5876565295169947,5.666368515205725,5.666368515205725
80,EGI1,0,17,ok,4.096672261017375,0.0201780814548275,0.4933238368907954,0.8329914589610735,10.145616188016426,0.8182104591112769,25.688914358974404,1.0,1.0,1.9892665474060822,1.9892665474060822,3.5813953488372094,3.5813953488372094,5.650268336314848,5.650268336314848
80,EGI1,0,34,ok,4.048822434968315,0.0201780814548275,0.4933238368907954,0.8329914589610735,10.145616188016426,0.8182104591112769,25.688914358974404,1.0,1.0,1.9892665474060822,1.9892665474060822,3.590339892665474,3.590339892665474,5.661001788908766,5.661001788908766
81,EGI1,0,0,ok,3.985066463937983,0.2610102209346388,14.01875059439802,0.20958303200241493,10.293871269854423,0.4682239591958254,28.730861780030178,1.0,1.0,1.6905187835420394,1.6905187835420394,3.2397137745974955,3.2397137745974955,6.2656529516994635,6.2656529516994635
81,EGI1,0,17,ok,3.9275811339030042,0.2610102209346388,14.01875059439802,0.20958303200241493,10.293871269854423,0.4682239591958254,28.730861780030178,1.0,1.0,1.6833631484794276,1.6833631484794276,3.2119856887298748,3.2119856887298748,6.2450805008944545,6.2450805008944545
81,EGI1,0,34,ok,4.00378066196572,0.2610102209346388,14.01875059439802,0.20958303200241493,10.293871269854423,0.4682239591958254,28.730861780030178,1.0,1.0,1.7119856887298748,1.7119856887298748,3.2737030411449015,3.2737030411449015,6.364042933810376,6.364042933810376
82,EGI1,0,0,ok,3.377864207024686,0.19391979783041846,12.999725093121524,0.11859776732318641,19.08432292172801,0.3731518538420604,27.209859838630948,1.0,1.0,1.4347048300536673,1.4347048300536673,2.544722719141324,2.544722719141324,4.525044722719142,4.525044722719142
82,EGI1,0,17,ok,3.3850128441117704,0.19391979783041846,12.999725093121524,0.11859776732318641,19.08432292172801,0.3731518538420604,27.209859838630948,1.0,1.0,1.4516994633273703,1.4516994633273703,2.483005366726297,2.483005366726297,4.475849731663685,4.475849731663685
82,EGI1,0,34,ok,3.370859472081065,0.19391979783041846,12.999725093121524,0.11859776732318641,19.08432292172801,0.3731518538420604,27.209859838630948,1.0,1.0,1.4132379248658318,1.4132379248658318,2.462432915921288,2.462432915921288,4.448121645796064,4.448121645796064
83,EGI1,0,0,ok,1.9249668170232326,0.05294081633145852,0.792674274699113,0.3524788365123538,21.76727358637315,0.17725004994003293,24.212938775993525,1.0,1.0,1.0008944543828264,1.0008944543828264,1.0008944543828264,1.0008944543828264,1.0008944543828264,1.0008944543828264
83,EGI1,0,17,ok,1.9126378119690344,0.05294081633145852,0.792674274699113,0.3524788365123538,21.76727358637315,0.17725004994003293,24.212938775993525,1.0,1.0,1.0017889087656529,1.0017889087656529,1.0017889087656529,1.0017889087656529,1.0017889087656529,1.0017889087656529
83,EGI1,0,34,ok,1.981108017032966,0.05294081633145852,0.792674274699113,0.3524788365123538,21.76727358637315,0.17725004994003293,24.212938775993525,1.0,1.0,1.0008944543828264,1.0008944543828264,1.0017889087656529,1.0017889087656529,1.0017889087656529,1.0017889087656529
84,EGI1,0,0,ok,4.3091261649969965,0.1473805967217646,16.137950151956254,0.4332489299981541,18.824304931312764,0.5998677601691319,27.267548047405796,1.0,1.0,1.8488372093023255,1.8488372093023255,3.618067978533095,3.618067978533095,7.18783542039356,7.18783542039356
84,EGI1,0,17,ok,4.308252622024156,0.1473805967217646,16.137950151956254,0.4332489299981541,18.824304931312764,0.5998677601691319,27.267548047405796,1.0,1.0,1.8389982110912344,1.8389982110912344,3.610912343470483,3.610912343470483,7.132379248658318,7.132379248658318
84,EGI1,0,34,ok,4.318006471963599,0.1473805967217646,16.137950151956254,0.4332489299981541,18.824304931312764,0.5998677601691319,27.267548047405796,1.0,1.0,1.8488372093023255,1.8488372093023255,3.616279069767442,3.616279069767442,7.165474060822898,7.165474060822898
85,EGI1,0,0,ok,2.2102072389097884,0.22462624241456772,1.576771833156717,0.03838054590222253,21.107097972765004,0.8322822679186305,28.996178067694032,1.0,1.0,1.0670840787119857,1.0670840787119857,1.2826475849731664,1.2826475849731664,1.569767441860465,1.569767441860465
85,EGI1,0,17,ok,2.179671337013133,0.22462624241456772,1.576771833156717,0.03838054590222253,21.107097972765004,0.8322822679186305,28.996178067694032,1.0,1.0,1.0635062611806798,1.0635062611806798,1.2817531305903398,1.2817531305903398,1.5644007155635062,1.5644007155635062
85,EGI1,0,34,ok,2.2167940179351717,0.22462624241456772,1.576771833156717,0.03838054590222253,21.107097972765004,0.8322822679186305,28.996178067694032,1.0,1.0,1.0599284436493739,1.0599284436493739,1.279964221824687,1.279964221824687,1.5903398926654742,1.5903398926654742
86,EGI1,0,0,ok,2.1161336780060083,0.277462958718924,0.3162597121989729,0.934261337930219,19.355752804511873,0.7134021644114865,26.62313287920376,1.0,1.0,1.1779964221824686,1.1779964221824686,1.1833631484794276,1.1833631484794276,1.1833631484794276,1.1833631484794276
86,EGI1,0,17,ok,2.0918925559381023,0.277462958718924,0.3162597121989729,0.934261337930219,19.355752804511873,0.7134021644114865,26.62313287920376,1.0,1.0,1.1583184257602863,1.1583184257602863,1.165474060822898,1.165474060822898,1.165474060822898,1.165474060822898
86,EGI1,0,34,ok,2.0991214299574494,0.277462958718924,0.3162597121989729,0.934261337930219,19.355752804511873,0.7134021644114865,26.62313287920376,1.0,1.0,1.170840787119857,1.170840787119857,1.1753130590339893,1.1753130590339893,1.1753130590339893,1.1753130590339893
87,EGI1,0,0,ok,4.908055205014534,0.9436079466317119,0.5298521346328006,0.7596821345712043,13.83049737449461,0.20900411929219298,29.31630567537622,1.0,1.0,1.996422182468694,1.996422182468694,3.992844364937388,3.992844364937388,7.992844364937389,7.992844364937389
87,EGI1,0,17,ok,4.914528670953587,0.9436079466317119,0.5298521346328006,0.7596821345712043,13.83049737449461,0.20900411929219298,29.31630567537622,1.0,1.0,1.996422182468694,1.996422182468694,3.994633273703041,3.994633273703041,7.995527728085867,7.995527728085867
87,EGI1,0,34,ok,4.860322214895859,0.9436079466317119,0.5298521346328006,0.7596821345712043,13.83049737449461,0.20900411929219298,29.31630567537622,1.0,1.0,1.9946332737030412,1.9946332737030412,3.993738819320215,3.993738819320215,7.990161001788909,7.990161001788909
88,EGI1,0,0,ok,4.778355804970488,0.7841706340042007,2.3571217145358134,0.7737117697104406,10.67513664958038,0.6548773451141858,25.378910047351404,1.0,1.0,2.0,2.0,4.0,4.0,8.0,8.0
88,EGI1,0,17,ok,4.7369107300182804,0.7841706340042007,2.3571217145358134,0.7737117697104406,10.67513664958038,0.6548773451141858,25.378910047351404,1.0,1.0,1.9991055456171736,1.9991055456171736,4.0,4.0,8.0,8.0
88,EGI1,0,34,ok,4.721651641069911,0.7841706340042007,2.3571217145358134,0.7737117697104406,10.67513664958038,0.6548773451141858,25.378910047351404,1.0,1.0,1.9982110912343471,1.9982110912343471,3.998211091234347,3.998211091234347,7.996422182468694,7.996422182468694
89,EGI1,0,0,ok,2.669507088023238,0.07455554706365011,0.40390345919899995,0.6651101293581846,14.890382844094601,0.6983479848176143,24.256705000558245,1.0,1.0,1.5518783542039356,1.5518783542039356,1.981216457960644,1.981216457960644,1.9892665474060822,1.9892665474060822
89,EGI1,0,17,ok,2.6577250700211152,0.07455554706365011,0.40390345919899995,0.6651101293581846,14.890382844094601,0.6983479848176143,24.256705000558245,1.0,1.0,1.5474060822898033,1.5474060822898033,1.966010733452594,1.966010733452594,1.9722719141323792,1.9722719141323792
89,EGI1,0,34,ok,2.640469362027943,0.07455554706365011,0.40390345919899995,0.6651101293581846,14.890382844094601,0.6983479848176143,24.256705000558245,1.0,1.0,1.5384615384615385,1.5384615384615385,1.945438282647585,1.945438282647585,1.9499105545617172,1.9499105545617172
90,EGI1,0,0,ok,4.790988050051965,0.21977634064298357,12.47282438462607,0.7982547691959023,20.790530171965514,0.5527706999167723,29.101405658347538,1.0,1.0,1.9373881932021466,1.9373881932021466,3.813953488372093,3.813953488372093,7.564400715563506,7.564400715563506
90,EGI1,0,17,ok,4.79729572404176,0.21977634064298357,12.47282438462607,0.7982547691959023,20.790530171965514,0.5527706999167723,29.101405658347538,1.0,1.0,1.9382826475849733,1.9382826475849733,3.8166368515205726,3.8166368515205726,7.569767441860465,7.569767441860465
90,EGI1,0,34,ok,4.754317035898566,0.21977634064298357,12.47282438462607,0.7982547691959023,20.790530171965514,0.5527706999167723,29.101405658347538,1.0,1.0,1.945438282647585,1.945438282647585,3.8336314847942754,3.8336314847942754,7.610017889087657,7.610017889087657
91,EGI1,0,0,ok,4.804670081939548,0.697585567344796,1.6438242478314977,0.8749001256391641,14.286276475520083,0.2137272610558923,28.37021898525621,1.0,1.0,2.0,2.0,4.0,4.0,8.0,8.0
91,EGI1,0,17,ok,4.873194264015183,0.697585567344796,1.6438242478314977,0.8749001256391641,14.286276475520083,0.2137272610558923,28.37021898525621,1.0,1.0,2.0,2.0,4.0,4.0,8.0,8.0
91,EGI1,0,34,ok,4.852157811052166,0.697585567344796,1.6438242478314977,0.8749001256391641,14.286276475520083,0.2137272610558923,28.37021898525621,1.0,1.0,1.9991055456171736,1.9991055456171736,4.0,4.0,8.0,8.0
92,EGI1,0,0,ok,4.615546891000122,0.9761899802671347,1.2358082315059133,0.5700191473977227,10.634257205158802,0.4403254441921213,24.642849679246332,1.0,1.0,1.9883720930232558,1.9883720930232558,3.9919499105545615,3.9919499105545615,7.993738819320215,7.993738819320215
92,EGI1,0,17,ok,4.61607717606239,0.9761899802671347,1.2358082315059133,0.5700191473977227,10.634257205158802,0.4403254441921213,24.642849679246332,1.0,1.0,1.9910554561717353,1.9910554561717353,3.9955277280858676,3.9955277280858676,7.9973166368515205,7.9973166368515205
92,EGI1,0,34,ok,4.6261520410189405,0.9761899802671347,1.2358082315059133,0.5700191473977227,10.634257205158802,0.4403254441921213,24.642849679246332,1.0,1.0,1.9874776386404294,1.9874776386404294,3.9856887298747763,3.9856887298747763,7.9919499105545615,7.9919499105545615
93,EGI1,0,0,ok,1.9452494839206338,0.1230647488997836,0.1830124360975427,0.5292047939107826,20.31214079271784,0.7051263700941095,22.3763690543162,1.0,1.0,1.0098389982110911,1.0098389982110911,1.0098389982110911,1.0098389982110911,1.0098389982110911,1.0098389982110911
93,EGI1,0,17,ok,1.9339422039920464,0.1230647488997836,0.1830124360975427,0.5292047939107826,20.31214079271784,0.7051263700941095,22.3763690543162,1.0,1.0,1.013416815742397,1.013416815742397,1.013416815742397,1.013416815742397,1.013416815742397,1.013416815742397
93,EGI1,0,34,ok,1.9357161179650575,0.1230647488997836,0.1830124360975427,0.5292047939107826,20.31214079271784,0.7051263700941095,22.3763690543162,1.0,1.0,1.0116279069767442,1.0116279069767442,1.0116279069767442,1.0116279069767442,1.0116279069767442,1.0116279069767442
94,EGI1,0,0,ok,3.050442762905732,0.5864380996253894,0.16918504541287713,0.07474765570025184,10.045800570815656,0.5130260705986998,21.230787231448467,1.0,1.0,1.2906976744186047,1.2906976744186047,2.1511627906976742,2.1511627906976742,3.6681574239713775,3.6681574239713775
94,EGI1,0,17,ok,3.0679696860024706,0.5864380996253894,0.16918504541287713,0.07474765570025184,10.045800570815656,0.5130260705986998,21.230787231448467,1.0,1.0,1.3094812164579606,1.3094812164579606,2.163685152057245,2.163685152057245,3.695885509838998,3.695885509838998
94,EGI1,0,34,ok,3.024817820987664,0.5864380996253894,0.16918504541287713,0.07474765570025184,10.045800570815656,0.5130260705986998,21.230787231448467,1.0,1.0,1.3005366726296959,1.3005366726296959,2.171735241502683,2.171735241502683,3.7146690518783543,3.7146690518783543
95,EGI1,0,0,ok,2.6330612170277163,0.4881702188165998,0.7055816684216527,0.13727017730010008,20.234146840772915,0.44871179200542477,20.355468010440845,1.0,1.0,1.2459749552772807,1.2459749552772807,1.7620751341681575,1.7620751341681575,2.5930232558139537,2.5930232558139537
95,EGI1,0,17,ok,2.6533232709625736,0.4881702188165998,0.7055816684216527,0.13727017730010008,20.234146840772915,0.44871179200542477,20.355468010440845,1.0,1.0,1.2459749552772807,1.2459749552772807,1.7978533094812164,1.7978533094812164,2.6341681574239715,2.6341681574239715
95,EGI1,0,34,ok,2.636869523092173,0.4881702188165998,0.7055816684216527,0.13727017730010008,20.234146840772915,0.44871179200542477,20.355468010440845,1.0,1.0,1.2245080500894454,1.2245080500894454,1.7298747763864042,1.7298747763864042,2.5107334525939176,2.5107334525939176
96,EGI1,0,0,ok,2.0327964479802176,0.6745555199151677,0.8577857393402972,0.12952814793392206,13.046988428994343,0.9940850723582413,22.708981625443634,1.0,1.0,1.0044722719141324,1.0044722719141324,1.0071556350626119,1.0071556350626119,1.0071556350626119,1.0071556350626119
96,EGI1,0,17,ok,1.9519793409854174,0.6745555199151677,0.8577857393402972,0.12952814793392206,13.046988428994343,0.9940850723582413,22.708981625443634,1.0,1.0,1.0071556350626119,1.0071556350626119,1.0071556350626119,1.0071556350626119,1.0080500894454383,1.0080500894454383
96,EGI1,0,34,ok,2.0139399230247363,0.6745555199151677,0.8577857393402972,0.12952814793392206,13.046988428994343,0.9940850723582413,22.708981625443634,1.0,1.0,1.0026833631484795,1.0026833631484795,1.0071556350626119,1.0071556350626119,1.0080500894454383,1.0080500894454383
97,EGI1,0,0,ok,4.966663370956667,0.62542036948689,8.459893091518977,0.8583162068569795,10.378886070051587,0.08419289438821188,29.09472842875855,1.0,1.0,2.0,2.0,4.0,4.0,8.0,8.0
97,EGI1,0,17,ok,4.889673787984066,0.62542036948689,8.459893091518977,0.8583162068569795,10.378886070051587,0.08419289438821188,29.09472842875855,1.0,1.0,2.0,2.0,4.0,4.0,8.0,8.0
97,EGI1,0,34,ok,4.973917891969904,0.62542036948689,8.459893091518977,0.8583162068569795,10.378886070051587,0.08419289438821188,29.09472842875855,1.0,1.0,2.0,2.0,4.0,4.0,8.0,8.0
98,EGI1,0,0,ok,4.485245088930242,0.8022120100061835,7.27440772915462,0.4459060891232442,21.98321245741536,0.612084592885199,25.194660649808085,1.0,1.0,1.950805008944544,1.950805008944544,3.934704830053667,3.934704830053667,7.920393559928444,7.920393559928444
98,EGI1,0,17,ok,4.566010089009069,0.8022120100061835,7.27440772915462,0.4459060891232442,21.98321245741536,0.612084592885199,25.194660649808085,1.0,1.0,1.9534883720930232,1.9534883720930232,3.9427549194991056,3.9427549194991056,7.932915921288014,7.932915921288014
98,EGI1,0,34,ok,4.49984849896282,0.8022120100061835,7.27440772915462,0.4459060891232442,21.98321245741536,0.612084592885199,25.194660649808085,1.0,1.0,1.9391771019677997,1.9391771019677997,3.934704830053667,3.934704830053667,7.926654740608229,7.926654740608229
99,EGI1,0,0,ok,4.705241687013768,0.7528403005757235,1.7660631587971078,0.7936091346803521,11.837220849376168,0.051134437643787854,23.375328415199718,1.0,1.0,1.996422182468694,1.996422182468694,3.992844364937388,3.992844364937388,7.985688729874776,7.985688729874776
99,EGI1,0,17,ok,4.703046286012977,0.7528403005757235,1.7660631587971078,0.7936091346803521,11.837220849376168,0.051134437643787854,23.375328415199718,1.0,1.0,1.9955277280858676,1.9955277280858676,3.994633273703041,3.994633273703041,7.989266547406082,7.989266547406082
99,EGI1,0,34,ok,4.709037552936934,0.7528403005757235,1.7660631587971078,0.7936091346803521,11.837220849376168,0.051134437643787854,23.375328415199718,1.0,1.0,1.9982110912343471,1.9982110912343471,3.9964221824686943,3.9964221824686943,7.992844364937389,7.992844364937389
100,EGI1,0,0,ok,2.945322685991414,0.37871956662009476,0.3924838306567574,0.15286221347740325,15.21217012960911,0.884859509495474,28.049948301019384,1.0,1.0,1.3747763864042934,1.3747763864042934,2.1744186046511627,2.1744186046511627,3.1940966010733454,3.1940966010733454
100,EGI1,0,17,ok,2.9497968850191683,0.37871956662009476,0.3924838306567574,0.15286221347740325,15.21217012960911,0.884859509495474,28.049948301019384,1.0,1.0,1.3899821109123434,1.3899821109123434,2.15742397137746,2.15742397137746,3.1404293381037567,3.1404293381037567
100,EGI1,0,34,ok,2.9281723611056805,0.37871956662009476,0.3924838306567574,0.15286221347740325,15.21217012960911,0.884859509495474,28.049948301019384,1.0,1.0,1.387298747763864,1.387298747763864,2.178890876565295,2.178890876565295,3.1565295169946332,3.1565295169946332
101,EGI1,0,0,ok,2.267446451005526,0.0655967025380415,1.0280668639856112,0.941701334573505,17.8853325071901,0.9207560239838876,23.43036037106369,1.0,1.0,1.293381037567084,1.293381037567084,1.368515205724508,1.368515205724508,1.370304114490161,1.370304114490161
101,EGI1,0,17,ok,2.2762086699949577,0.0655967025380415,1.0280668639856112,0.941701334573505,17.8853325071901,0.9207560239838876,23.43036037106369,1.0,1.0,1.289803220035778,1.289803220035778,1.3711985688729875,1.3711985688729875,1.3792486583184258,1.3792486583184258
101,EGI1,0,34,ok,2.2558635829482228,0.0655967025380415,1.0280668639856112,0.941701334573505,17.8853325071901,0.9207560239838876,23.43036037106369,1.0,1.0,1.272808586762075,1.272808586762075,1.3354203935599285,1.3354203935599285,1.338103756708408,1.338103756708408
102,EGI1,0,0,ok,2.047714334912598,0.3701030890661806,0.12599940353238384,0.7639808081080164,21.732966848596096,0.6798805003748944,20.460716630387186,1.0,1.0,1.0,1.0,1.0,1.0,1.0,1.0
102,EGI1,0,17,ok,1.9929120630258694,0.3701030890661806,0.12599940353238384,0.7639808081080164,21.732966848596096,0.6798805003748944,20.460716630387186,1.0,1.0,1.0,1.0,1.0,1.0,1.0,1.0
102,EGI1,0,34,ok,1.9574800990521908,0.3701030890661806,0.12599940353238384,0.7639808081080164,21.732966848596096,0.6798805003748944,20.460716630387186,1.0,1.0,1.0,1.0,1.0,1.0,1.0,1.0
103,EGI1,0,0,ok,4.65137934894301,0.34822340928831,5.793228779199504,0.6811782207889208,20.38846471919654,0.602688806326669,25.45481956023898,1.0,1.0,1.977638640429338,1.977638640429338,3.9409660107334528,3.9409660107334528,7.8604651162790695,7.8604651162790695
103,EGI1,0,17,ok,4.712707251892425,0.34822340928831,5.793228779199504,0.6811782207889208,20.38846471919654,0.602688806326669,25.45481956023898,1.0,1.0,1.9785330948121647,1.9785330948121647,3.941860465116279,3.941860465116279,7.866726296958855,7.866726296958855
103,EGI1,0,34,ok,4.652514852001332,0.34822340928831,5.793228779199504,0.6811782207889208,20.38846471919654,0.602688806326669,25.45481956023898,1.0,1.0,1.9731663685152057,1.9731663685152057,3.9329159212880143,3.9329159212880143,7.843470483005366,7.843470483005366
104,EGI1,0,0,ok,2.504497183021158,0.11318945022706946,0.21956420108241587,0.40494762325160477,15.603690306977224,0.8714646074833832,29.193121303668644,1.0,1.0,1.4409660107334525,1.4409660107334525,1.6601073345259392,1.6601073345259392,1.6681574239713775,1.6681574239713775
104,EGI1,0,17,ok,2.4568663560785353,0.11318945022706946,0.21956420108241587,0.40494762325160477,15.603690306977224,0.8714646074833832,29.193121303668644,1.0,1.0,1.4382826475849733,1.4382826475849733,1.6601073345259392,1.6601073345259392,1.6717352415026834,1.6717352415026834
104,EGI1,0,34,ok,2.496269508032128,0.11318945022706946,0.21956420108241587,0.40494762325160477,15.603690306977224,0.8714646074833832,29.193121303668644,1.0,1.0,1.4347048300536673,1.4347048300536673,1.6538461538461537,1.6538461538461537,1.6601073345259392,1.6601073345259392
105,EGI1,0,0,ok,4.883154176990502,0.30106459097030636,15.188539684681643,0.8987186102569427,18.185253172836838,0.5291926054579155,24.907279895318464,1.0,1.0,1.9919499105545617,1.9919499105545617,3.975849731663685,3.975849731663685,7.943649373881932,7.943649373881932
105,EGI1,0,17,ok,4.881595382001251,0.30106459097030636,15.188539684681643,0.8987186102569427,18.185253172836838,0.5291926054579155,24.907279895318464,1.0,1.0,1.9955277280858676,1.9955277280858676,3.986583184257603,3.986583184257603,7.968694096601073,7.968694096601073
105,EGI1,0,34,ok,4.9345866669900715,0.30106459097030636,15.188539684681643,0.8987186102569427,18.185253172836838,0.5291926054579155,24.907279895318464,1.0,1.0,1.9982110912343471,1.9982110912343471,3.994633273703041,3.994633273703041,7.98747763864043,7.98747763864043
106,EGI1,0,0,ok,4.875661268015392,0.9366184432138475,4.345703038498135,0.967489347580198,10.784583322307233,0.29277815256998707,26.57425637605507,1.0,1.0,2.0,2.0,4.0,4.0,8.0,8.0
106,EGI1,0,17,ok,4.833680264069699,0.9366184432138475,4.345703038498135,0.967489347580198,10.784583322307233,0.29277815256998707,26.57425637605507,1.0,1.0,2.0,2.0,4.0,4.0,8.0,8.0
106,EGI1,0,34,ok,4.834565278026275,0.9366184432138475,4.345703038498135,0.967489347580198,10.784583322307233,0.29277815256998707,26.57425637605507,1.0,1.0,2.0,2.0,4.0,4.0,8.0,8.0
107,EGI1,0,0,ok,4.732066381024197,0.7975271744912503,23.92680261703266,0.5304359602207778,20.648707207908146,0.8691717634949521,23.901660038112205,1.0,1.0,1.9821109123434706,1.9821109123434706,3.988372093023256,3.988372093023256,7.982110912343471,7.982110912343471
107,EGI1,0,17,ok,4.750197970075533,0.7975271744912503,23.92680261703266,0.5304359602207778,20.648707207908146,0.8691717634949521,23.901660038112205,1.0,1.0,1.9785330948121647,1.9785330948121647,3.9901610017889086,3.9901610017889086,7.98479427549195,7.98479427549195
107,EGI1,0,34,ok,4.720462355064228,0.7975271744912503,23.92680261703266,0.5304359602207778,20.648707207908146,0.8691717634949521,23.901660038112205,1.0,1.0,1.9749552772808587,1.9749552772808587,3.981216457960644,3.981216457960644,7.971377459749553,7.971377459749553
108,EGI1,0,0,ok,2.974834408960305,0.3876969853179655,0.6211242730082805,0.6466166687954796,18.972361668646588,0.251944244967989,29.037541700041093,1.0,1.0,1.4400715563506261,1.4400715563506261,2.1592128801431127,2.1592128801431127,3.2880143112701252,3.2880143112701252
108,EGI1,0,17,ok,2.904731848044321,0.3876969853179655,0.6211242730082805,0.6466166687954796,18.972361668646588,0.251944244967989,29.037541700041093,1.0,1.0,1.4320214669051878,1.4320214669051878,2.1350626118067977,2.1350626118067977,3.2540250447227193,3.2540250447227193
108,EGI1,0,34,ok,2.9035188710549846,0.3876969853179655,0.6211242730082805,0.6466166687954796,18.972361668646588,0.251944244967989,29.037541700041093,1.0,1.0,1.426654740608229,1.426654740608229,2.1341681574239715,2.1341681574239715,3.2155635062611805,3.2155635062611805
109,EGI1,0,0,ok,2.1110320000443608,0.43341703205785576,22.196971799534314,0.006620105886361157,18.778542075685394,0.7039368857402281,20.868864355084746,1.0,1.0,1.035778175313059,1.035778175313059,1.1744186046511629,1.1744186046511629,1.3407871198568873,1.3407871198568873
109,EGI1,0,17,ok,2.128769312053919,0.43341703205785576,22.196971799534314,0.006620105886361157,18.778542075685394,0.7039368857402281,20.868864355084746,1.0,1.0,1.0330948121645795,1.0330948121645795,1.210196779964222,1.210196779964222,1.381932021466905,1.381932021466905
109,EGI1,0,34,ok,2.1743333030026406,0.43341703205785576,22.196971799534314,0.006620105886361157,18.778542075685394,0.7039368857402281,20.868864355084746,1.0,1.0,1.0259391771019677,1.0259391771019677,1.184257602862254,1.184257602862254,1.3273703041144902,1.3273703041144902
110,EGI1,0,0,ok,3.5206896549789235,0.7813531879270035,0.5038744961089932,0.1689724812893394,16.97828631259845,0.7373894419958869,29.799386941587024,1.0,1.0,1.5250447227191413,1.5250447227191413,2.723613595706619,2.723613595706619,5.101073345259392,5.101073345259392
110,EGI1,0,17,ok,3.5107730668969452,0.7813531879270035,0.5038744961089932,0.1689724812893394,16.97828631259845,0.7373894419958869,29.799386941587024,1.0,1.0,1.496422182468694,1.496422182468694,2.704830053667263,2.704830053667263,5.0813953488372094,5.0813953488372094
110,EGI1,0,34,ok,3.4881921510677785,0.7813531879270035,0.5038744961089932,0.1689724812893394,16.97828631259845,0.7373894419958869,29.799386941587024,1.0,1.0,1.513416815742397,1.513416815742397,2.6932021466905187,2.6932021466905187,4.996422182468694,4.996422182468694
111,EGI1,0,0,ok,3.016192179056816,0.06424703057660193,10.599315948598399,0.7086871958511106,21.554956711920337,0.7548728956805069,26.11611266690395,1.0,1.0,1.4445438282647585,1.4445438282647585,2.152057245080501,2.152057245080501,3.3506261180679786,3.3506261180679786
111,EGI1,0,17,ok,2.9567219100426883,0.06424703057660193,10.599315948598399,0.7086871958511106,21.554956711920337,0.7548728956805069,26.11611266690395,1.0,1.0,1.4409660107334525,1.4409660107334525,2.13953488372093,2.13953488372093,3.304114490161002,3.304114490161002
111,EGI1,0,34,ok,2.9401493140030652,0.06424703057660193,10.599315948598399,0.7086871958511106,21.554956711920337,0.7548728956805069,26.11611266690395,1.0,1.0,1.430232558139535,1.430232558139535,2.1100178890876564,2.1100178890876564,3.2540250447227193,3.2540250447227193
112,EGI1,0,0,ok,2.8559926319867373,0.038538457542266626,0.2962264786835621,0.911931896478108,13.55501654504782,0.9280578605546016,28.16468076708572,1.0,1.0,1.6457960644007155,1.6457960644007155,2.283542039355993,2.283542039355993,2.2871198568872986,2.2871198568872986
112,EGI1,0,17,ok,2.8595930769806728,0.038538457542266626,0.2962264786835621,0.911931896478108,13.55501654504782,0.9280578605546016,28.16468076708572,1.0,1.0,1.6431127012522362,1.6431127012522362,2.2737030411449015,2.2737030411449015,2.278175313059034,2.278175313059034
112,EGI1,0,34,ok,2.8528648409992456,0.038538457542266626,0.2962264786835621,0.911931896478108,13.55501654504782,0.9280578605546016,28.16468076708572,1.0,1.0,1.6457960644007155,1.6457960644007155,2.283542039355993,2.283542039355993,2.283542039355993,2.283542039355993
113,EGI1,0,0,ok,3.90716302592773,0.6995744509770963,4.824968491502948,0.20291091370020878,18.572709799286528,0.8035840626563919,26.01324660288643,1.0,1.0,1.6726296958855098,1.6726296958855098,3.1681574239713775,3.1681574239713775,6.210196779964222,6.210196779964222
113,EGI1,0,17,ok,3.849985620006919,0.6995744509770963,4.824968491502948,0.20291091370020878,18.572709799286528,0.8035840626563919,26.01324660288643,1.0,1.0,1.68783542039356,1.68783542039356,3.2343470483005365,3.2343470483005365,6.305903398926655,6.305903398926655
113,EGI1,0,34,ok,3.853095888043754,0.6995744509770963,4.824968491502948,0.20291091370020878,18.572709799286528,0.8035840626563919,26.01324660288643,1.0,1.0,1.6914132379248659,1.6914132379248659,3.2119856887298748,3.2119856887298748,6.282647584973167,6.282647584973167
114,EGI1,0,0,ok,2.023169594933279,0.7621898059500385,5.503025845590026,0.5123260210077434,19.915295462945792,0.9994220447558924,23.250613308580558,1.0,1.0,1.0026833631484795,1.0026833631484795,1.0026833631484795,1.0026833631484795,1.0026833631484795,1.0026833631484795
114,EGI1,0,17,ok,2.0292828020174056,0.7621898059500385,5.503025845590026,0.5123260210077434,19.915295462945792,0.9994220447558924,23.250613308580558,1.0,1.0,1.0017889087656529,1.0017889087656529,1.0017889087656529,1.0017889087656529,1.0017889087656529,1.0017889087656529
114,EGI1,0,34,ok,2.01872645993717,0.7621898059500385,5.503025845590026,0.5123260210077434,19.915295462945792,0.9994220447558924,23.250613308580558,1.0,1.0,1.0017889087656529,1.0017889087656529,1.0017889087656529,1.0017889087656529,1.0017889087656529,1.0017889087656529
115,EGI1,0,0,ok,4.688514171983115,0.8558554147423552,2.567785978133742,0.9230028573075392,11.420413876617122,0.2816561060378834,22.0650732367281,1.0,1.0,1.996422182468694,1.996422182468694,3.992844364937388,3.992844364937388,7.985688729874776,7.985688729874776
115,EGI1,0,17,ok,4.766699441941455,0.8558554147423552,2.567785978133742,0.9230028573075392,11.420413876617122,0.2816561060378834,22.0650732367281,1.0,1.0,1.996422182468694,1.996422182468694,3.992844364937388,3.992844364937388,7.985688729874776,7.985688729874776
115,EGI1,0,34,ok,4.725427394034341,0.8558554147423552,2.567785978133742,0.9230028573075392,11.420413876617122,0.2816561060378834,22.0650732367281,1.0,1.0,1.996422182468694,1.996422182468694,3.9919499105545615,3.9919499105545615,7.983899821109123,7.983899821109123
116,EGI1,0,0,ok,2.624957768013701,0.08670803769886229,0.1785512907456835,0.7686407137207129,14.657080042405887,0.6931911593932996,20.549407092722074,1.0,1.0,1.5465116279069768,1.5465116279069768,1.904293381037567,1.904293381037567,1.904293381037567,1.904293381037567
116,EGI1,0,17,ok,2.6353604369796813,0.08670803769886229,0.1785512907456835,0.7686407137207129,14.657080042405887,0.6931911593932996,20.549407092722074,1.0,1.0,1.5474060822898033,1.5474060822898033,1.8998211091234347,1.8998211091234347,1.8998211091234347,1.8998211091234347
116,EGI1,0,34,ok,2.609333717962727,0.08670803769886229,0.1785512907456835,0.7686407137207129,14.657080042405887,0.6931911593932996,20.549407092722074,1.0,1.0,1.5456171735241502,1.5456171735241502,1.9007155635062611,1.9007155635062611,1.9007155635062611,1.9007155635062611
117,EGI1,0,0,ok,4.748007660033181,0.13063584176685145,20.721515439864948,0.883294882703898,14.378364091736952,0.3905717516874582,22.833364601792603,1.0,1.0,1.9382826475849733,1.9382826475849733,3.8050089445438284,3.8050089445438284,7.533094812164579,7.533094812164579
117,EGI1,0,17,ok,4.838248559040949,0.13063584176685145,20.721515439864948,0.883294882703898,14.378364091736952,0.3905717516874582,22.833364601792603,1.0,1.0,1.9543828264758498,1.9543828264758498,3.8524150268336315,3.8524150268336315,7.644007155635062,7.644007155635062
117,EGI1,0,34,ok,4.778982198913582,0.13063584176685145,20.721515439864948,0.883294882703898,14.378364091736952,0.3905717516874582,22.833364601792603,1.0,1.0,1.9445438282647585,1.9445438282647585,3.823792486583184,3.823792486583184,7.575134168157424,7.575134168157424
118,EGI1,0,0,ok,4.580095359007828,0.6701055358741311,0.22351448254266193,0.6389855046912059,12.080169353429683,0.15303559733895072,28.877444259237528,1.0,1.0,1.9874776386404294,1.9874776386404294,3.9311270125223614,3.9311270125223614,7.683363148479428,7.683363148479428
118,EGI1,0,17,ok,4.534606068045832,0.6701055358741311,0.22351448254266193,0.6389855046912059,12.080169353429683,0.15303559733895072,28.877444259237528,1.0,1.0,1.9821109123434706,1.9821109123434706,3.9123434704830053,3.9123434704830053,7.640429338103757,7.640429338103757
118,EGI1,0,34,ok,4.561588010983542,0.6701055358741311,0.22351448254266193,0.6389855046912059,12.080169353429683,0.15303559733895072,28.877444259237528,1.0,1.0,1.986583184257603,1.986583184257603,3.9445438282647585,3.9445438282647585,7.703935599284437,7.703935599284437
119,EGI1,0,0,ok,3.8117998379748315,0.7919228245831615,7.871493555647231,0.1844437407143858,16.607958418981333,0.6824892260082186,29.420483448594425,1.0,1.0,1.635062611806798,1.635062611806798,3.0572450805008944,3.0572450805008944,5.952593917710197,5.952593917710197
119,EGI1,0,17,ok,3.8310607459861785,0.7919228245831615,7.871493555647231,0.1844437407143858,16.607958418981333,0.6824892260082186,29.420483448594425,1.0,1.0,1.6216457960644006,1.6216457960644006,3.098389982110912,3.098389982110912,5.974060822898032,5.974060822898032
119,EGI1,0,34,ok,3.851367228082381,0.7919228245831615,7.871493555647231,0.1844437407143858,16.607958418981333,0.6824892260082186,29.420483448594425,1.0,1.0,1.6440071556350626,1.6440071556350626,3.116279069767442,3.116279069767442,6.009838998211091,6.009838998211091
120,EGI1,0,0,ok,3.5723847380140796,0.4177389829957768,2.2220327607689354,0.15910110837481736,15.327697877418194,0.9082716639407391,25.721240202098905,1.0,1.0,1.5241502683363148,1.5241502683363148,2.800536672629696,2.800536672629696,4.937388193202147,4.937388193202147
120,EGI1,0,17,ok,3.5739509450504556,0.4177389829957768,2.2220327607689354,0.15910110837481736,15.327697877418194,0.9082716639407391,25.721240202098905,1.0,1.0,1.5661896243291593,1.5661896243291593,2.8577817531305905,2.8577817531305905,4.990161001788909,4.990161001788909
120,EGI1,0,34,ok,3.6235585139365867,0.4177389829957768,2.2220327607689354,0.15910110837481736,15.327697877418194,0.9082716639407391,25.721240202098905,1.0,1.0,1.5822898032200359,1.5822898032200359,2.9293381037567086,2.9293381037567086,5.058139534883721,5.058139534883721
121,EGI1,0,0,ok,4.933215093915351,0.8595371053322736,12.85489321355134,0.9268245262926177,17.25428530958472,0.893664783094129,26.365597185556457,1.0,1.0,2.0,2.0,4.0,4.0,7.976744186046512,7.976744186046512
121,EGI1,0,17,ok,4.976258832029998,0.8595371053322736,12.85489321355134,0.9268245262926177,17.25428530958472,0.893664783094129,26.365597185556457,1.0,1.0,2.0,2.0,4.0,4.0,7.988372093023256,7.988372093023256
121,EGI1,0,34,ok,4.932983346981928,0.8595371053322736,12.85489321355134,0.9268245262926177,17.25428530958472,0.893664783094129,26.365597185556457,1.0,1.0,2.0,2.0,4.0,4.0,7.978533094812165,7.978533094812165
122,EGI1,0,0,ok,4.595846223994158,0.17879674912956592,1.7334356693743325,0.7138809246041969,10.198542986113301,0.20474648763464257,21.021292948182555,1.0,1.0,1.9928443649373881,1.9928443649373881,3.9785330948121644,3.9785330948121644,7.941860465116279,7.941860465116279
122,EGI1,0,17,ok,4.6026055220281705,0.17879674912956592,1.7334356693743325,0.7138809246041969,10.198542986113301,0.20474648763464257,21.021292948182555,1.0,1.0,1.9946332737030412,1.9946332737030412,3.987477638640429,3.987477638640429,7.966010733452594,7.966010733452594
122,EGI1,0,34,ok,4.617294611991383,0.17879674912956592,1.7334356693743325,0.7138809246041969,10.198542986113301,0.20474648763464257,21.021292948182555,1.0,1.0,1.9955277280858676,1.9955277280858676,3.9838998211091234,3.9838998211091234,7.953488372093023,7.953488372093023
123,EGI1,0,0,ok,4.003753985045478,0.8222598198607224,1.2150210759688682,0.7847093777851989,13.196463998942278,0.9579342249497835,27.575160890951658,1.0,1.0,1.9991055456171736,1.9991055456171736,3.5008944543828266,3.5008944543828266,4.7236135957066185,4.7236135957066185
123,EGI1,0,17,ok,4.056056522997096,0.8222598198607224,1.2150210759688682,0.7847093777851989,13.196463998942278,0.9579342249497835,27.575160890951658,1.0,1.0,2.0,2.0,3.5214669051878356,3.5214669051878356,4.7656529516994635,4.7656529516994635
123,EGI1,0,34,ok,4.031262436998077,0.8222598198607224,1.2150210759688682,0.7847093777851989,13.196463998942278,0.9579342249497835,27.575160890951658,1.0,1.0,1.9991055456171736,1.9991055456171736,3.5044722719141324,3.5044722719141324,4.741502683363149,4.741502683363149
124,EGI1,0,0,ok,3.6778198149986565,0.23624917734016165,3.236212638181747,0.4768362424096598,21.646514266268362,0.5335679951546684,26.767408872050723,1.0,1.0,1.6645796064400715,1.6645796064400715,3.0161001788908766,3.0161001788908766,5.701252236135957,5.701252236135957
124,EGI1,0,17,ok,3.6831010880414397,0.23624917734016165,3.236212638181747,0.4768362424096598,21.646514266268362,0.5335679951546684,26.767408872050723,1.0,1.0,1.663685152057245,1.663685152057245,3.020572450805009,3.020572450805009,5.731663685152057,5.731663685152057
124,EGI1,0,34,ok,3.729576079058461,0.23624917734016165,3.236212638181747,0.4768362424096598,21.646514266268362,0.5335679951546684,26.767408872050723,1.0,1.0,1.6949910554561718,1.6949910554561718,3.090339892665474,3.090339892665474,5.875670840787119,5.875670840787119
125,EGI1,0,0,ok,3.518080072943121,0.37556579124613093,3.558340583643374,0.12336989360274538,17.077642780867272,0.5703389041776341,26.90273193338348,1.0,1.0,1.5089445438282647,1.5089445438282647,2.6538461538461537,2.6538461538461537,4.881037567084078,4.881037567084078
125,EGI1,0,17,ok,3.5010582651011646,0.37556579124613093,3.558340583643374,0.12336989360274538,17.077642780867272,0.5703389041776341,26.90273193338348,1.0,1.0,1.464221824686941,1.464221824686941,2.62432915921288,2.62432915921288,4.804114490161002,4.804114490161002
125,EGI1,0,34,ok,3.4620522749610245,0.37556579124613093,3.558340583643374,0.12336989360274538,17.077642780867272,0.5703389041776341,26.90273193338348,1.0,1.0,1.4946332737030412,1.4946332737030412,2.646690518783542,2.646690518783542,4.81216457960644,4.81216457960644
126,EGI1,0,0,ok,4.321768908994272,0.3294762845248311,9.361833335090779,0.33835489132191987,18.251869682166845,0.35751591690984724,26.67748238932187,1.0,1.0,1.872093023255814,1.872093023255814,3.7754919499105544,3.7754919499105544,7.605545617173524,7.605545617173524
126,EGI1,0,17,ok,4.328861374990083,0.3294762845248311,9.361833335090779,0.33835489132191987,18.251869682166845,0.35751591690984724,26.67748238932187,1.0,1.0,1.8577817531305902,1.8577817531305902,3.7531305903398926,3.7531305903398926,7.561717352415027,7.561717352415027
126,EGI1,0,34,ok,4.280878106947057,0.3294762845248311,9.361833335090779,0.33835489132191987,18.251869682166845,0.35751591690984724,26.67748238932187,1.0,1.0,1.8568872987477638,1.8568872987477638,3.735241502683363,3.735241502683363,7.51252236135957,7.51252236135957
127,EGI1,0,0,ok,3.6585120350355282,0.5982077089525403,3.3268472720316633,0.7042050934247266,11.71395009320612,0.9721338362065396,26.731603777956966,1.0,1.0,1.996422182468694,1.996422182468694,3.0223613595706618,3.0223613595706618,3.524150268336315,3.524150268336315
127,EGI1,0,17,ok,3.64976429392118,0.5982077089525403,3.3268472720316633,0.7042050934247266,11.71395009320612,0.9721338362065396,26.731603777956966,1.0,1.0,1.9982110912343471,1.9982110912343471,3.016994633273703,3.016994633273703,3.5402504472271916,3.5402504472271916
127,EGI1,0,34,ok,3.5898127109976485,0.5982077089525403,3.3268472720316633,0.7042050934247266,11.71395009320612,0.9721338362065396,26.731603777956966,1.0,1.0,1.9973166368515205,1.9973166368515205,3.0107334525939176,3.0107334525939176,3.498211091234347,3.498211091234347
128,EGI1,0,0,ok,4.894505147007294,0.8712226421904518,6.882964144217501,0.8097607312281193,20.35654230430753,0.4879491970730438,29.849349904420837,1.0,1.0,2.0,2.0,4.0,4.0,8.0,8.0
128,EGI1,0,17,ok,4.88878327596467,0.8712226421904518,6.882964144217501,0.8097607312281193,20.35654230430753,0.4879491970730438,29.849349904420837,1.0,1.0,2.0,2.0,4.0,4.0,8.0,8.0
128,EGI1,0,34,ok,4.880641791969538,0.8712226421904518,6.882964144217501,0.8097607312281193,20.35654230430753,0.4879491970730438,29.849349904420837,1.0,1.0,2.0,2.0,4.0,4.0,8.0,8.0
129,EGI1,0,0,ok,4.782277820981108,0.863165020138263,1.8246255769567603,0.9049535407129526,15.474734319964746,0.12710436902099392,25.312590794435216,1.0,1.0,2.0,2.0,4.0,4.0,8.0,8.0
129,EGI1,0,17,ok,4.764730431023054,0.863165020138263,1.8246255769567603,0.9049535407129526,15.474734319964746,0.12710436902099392,25.312590794435216,1.0,1.0,2.0,2.0,4.0,4.0,8.0,8.0
129,EGI1,0,34,ok,4.766385906958021,0.863165020138263,1.8246255769567603,0.9049535407129526,15.474734319964746,0.12710436902099392,25.312590794435216,1.0,1.0,2.0,2.0,4.0,4.0,8.0,8.0
130,EGI1,0,0,ok,2.9891052059829235,0.6832392662309601,0.5201517649082102,0.09390565522659317,13.972955724442894,0.9421012680491414,29.616133279482135,1.0,1.0,1.3711985688729875,1.3711985688729875,2.189624329159213,2.189624329159213,2.8729874776386404,2.8729874776386404
130,EGI1,0,17,ok,2.9775085810106248,0.6832392662309601,0.5201517649082102,0.09390565522659317,13.972955724442894,0.9421012680491414,29.616133279482135,1.0,1.0,1.3989266547406083,1.3989266547406083,2.196779964221825,2.196779964221825,2.828264758497317,2.828264758497317
130,EGI1,0,34,ok,2.982574393041432,0.6832392662309601,0.5201517649082102,0.09390565522659317,13.972955724442894,0.9421012680491414,29.616133279482135,1.0,1.0,1.3846153846153846,1.3846153846153846,2.1797853309481217,2.1797853309481217,2.8729874776386404,2.8729874776386404
131,EGI1,0,0,ok,4.0265953979687765,0.8929295690032811,3.8689429229385066,0.24668775178891245,13.9200566939064,0.5416048368401989,27.900610296544006,1.0,1.0,1.759391771019678,1.759391771019678,3.4186046511627906,3.4186046511627906,6.806797853309481,6.806797853309481
131,EGI1,0,17,ok,4.053990960936062,0.8929295690032811,3.8689429229385066,0.24668775178891245,13.9200566939064,0.5416048368401989,27.900610296544006,1.0,1.0,1.7656529516994632,1.7656529516994632,3.4516994633273703,3.4516994633273703,6.872987477638641,6.872987477638641
131,EGI1,0,34,ok,4.074532616999932,0.8929295690032811,3.8689429229385066,0.24668775178891245,13.9200566939064,0.5416048368401989,27.900610296544006,1.0,1.0,1.762969588550984,1.762969588550984,3.453488372093023,3.453488372093023,6.862254025044723,6.862254025044723
132,EGI1,0,0,ok,4.211392169003375,0.3331922141344022,2.4307974673407946,0.3446530173178784,14.034385679770171,0.75533445817084,24.432604776600236,1.0,1.0,1.8568872987477638,1.8568872987477638,3.7486583184257602,3.7486583184257602,7.582289803220036,7.582289803220036
132,EGI1,0,17,ok,4.245814198045991,0.3331922141344022,2.4307974673407946,0.3446530173178784,14.034385679770171,0.75533445817084,24.432604776600236,1.0,1.0,1.8747763864042934,1.8747763864042934,3.7853309481216457,3.7853309481216457,7.608228980322004,7.608228980322004
132,EGI1,0,34,ok,4.235269577940926,0.3331922141344022,2.4307974673407946,0.3446530173178784,14.034385679770171,0.75533445817084,24.432604776600236,1.0,1.0,1.89087656529517,1.89087656529517,3.803220035778175,3.803220035778175,7.65742397137746,7.65742397137746
133,EGI1,0,0,ok,4.680416519986466,0.31858718567150207,1.1656843238909664,0.6203058021390188,11.587971387342597,0.6661068913677103,26.895694568498705,1.0,1.0,1.983005366726297,1.983005366726297,3.987477638640429,3.987477638640429,7.978533094812165,7.978533094812165
133,EGI1,0,17,ok,4.69047368504107,0.31858718567150207,1.1656843238909664,0.6203058021390188,11.587971387342597,0.6661068913677103,26.895694568498705,1.0,1.0,1.9901610017889089,1.9901610017889089,3.983005366726297,3.983005366726297,7.966010733452594,7.966010733452594
133,EGI1,0,34,ok,4.6616144850850105,0.31858718567150207,1.1656843238909664,0.6203058021390188,11.587971387342597,0.6661068913677103,26.895694568498705,1.0,1.0,1.986583184257603,1.986583184257603,3.986583184257603,3.986583184257603,7.974955277280858,7.974955277280858
134,EGI1,0,0,ok,3.8285562199307606,0.5551575847871301,11.785570486794313,0.18122468571369918,11.751867026100722,0.01914360541713752,21.791957420656523,1.0,1.0,1.6171735241502683,1.6171735241502683,3.0688729874776386,3.0688729874776386,5.899821109123435,5.899821109123435
134,EGI1,0,17,ok,3.774111617007293,0.5551575847871301,11.785570486794313,0.18122468571369918,11.751867026100722,0.01914360541713752,21.791957420656523,1.0,1.0,1.6243291592128801,1.6243291592128801,3.067978533094812,3.067978533094812,5.881037567084078,5.881037567084078
134,EGI1,0,34,ok,3.768031002022326,0.5551575847871301,11.785570486794313,0.18122468571369918,11.751867026100722,0.01914360541713752,21.791957420656523,1.0,1.0,1.631484794275492,1.631484794275492,3.0554561717352415,3.0554561717352415,5.89087656529517,5.89087656529517
135,EGI1,0,0,ok,4.874437032034621,0.39474897306219603,10.1795633483713,0.9842945594848276,10.497695672018294,0.7437981013794739,23.757954652429827,1.0,1.0,2.0,2.0,4.0,4.0,8.0,8.0
135,EGI1,0,17,ok,4.8530290350317955,0.39474897306219603,10.1795633483713,0.9842945594848276,10.497695672018294,0.7437981013794739,23.757954652429827,1.0,1.0,2.0,2.0,4.0,4.0,8.0,8.0
135,EGI1,0,34,ok,4.869819493032992,0.39474897306219603,10.1795633483713,0.9842945594848276,10.497695672018294,0.7437981013794739,23.757954652429827,1.0,1.0,1.9991055456171736,1.9991055456171736,3.998211091234347,3.998211091234347,7.996422182468694,7.996422182468694
136,EGI1,0,0,ok,4.907565850997344,0.44052725694395223,6.488606303135572,0.9563997809975298,13.65280039761317,0.568940416835242,25.436053772034178,1.0,1.0,2.0,2.0,4.0,4.0,8.0,8.0
136,EGI1,0,17,ok,4.884161266032606,0.44052725694395223,6.488606303135572,0.9563997809975298,13.65280039761317,0.568940416835242,25.436053772034178,1.0,1.0,2.0,2.0,4.0,4.0,8.0,8.0
136,EGI1,0,34,ok,4.8851675250334665,0.44052725694395223,6.488606303135572,0.9563997809975298,13.65280039761317,0.568940416835242,25.436053772034178,1.0,1.0,2.0,2.0,4.0,4.0,8.0,8.0
137,EGI1,0,0,ok,4.73979018907994,0.8118221633001871,6.435474454078057,0.9497324294548345,14.688078074528992,0.7938012468855016,20.287263924325437,1.0,1.0,1.9973166368515205,1.9973166368515205,3.994633273703041,3.994633273703041,7.989266547406082,7.989266547406082
137,EGI1,0,17,ok,4.743789837928489,0.8118221633001871,6.435474454078057,0.9497324294548345,14.688078074528992,0.7938012468855016,20.287263924325437,1.0,1.0,1.9973166368515205,1.9973166368515205,3.994633273703041,3.994633273703041,7.989266547406082,7.989266547406082
137,EGI1,0,34,ok,4.735872062970884,0.8118221633001871,6.435474454078057,0.9497324294548345,14.688078074528992,0.7938012468855016,20.287263924325437,1.0,1.0,1.9973166368515205,1.9973166368515205,3.994633273703041,3.994633273703041,7.989266547406082,7.989266547406082
138,EGI1,0,0,ok,3.974768736981787,0.09723685548713315,4.98488897175432,0.5081186444051596,15.66509776963656,0.7974037791954214,29.71546904689731,1.0,1.0,1.778175313059034,1.778175313059034,3.2754919499105544,3.2754919499105544,6.1395348837209305,6.1395348837209305
138,EGI1,0,17,ok,3.9739471550565213,0.09723685548713315,4.98488897175432,0.5081186444051596,15.66509776963656,0.7974037791954214,29.71546904689731,1.0,1.0,1.7737030411449015,1.7737030411449015,3.259391771019678,3.259391771019678,6.097495527728086,6.097495527728086
138,EGI1,0,34,ok,3.9756468039704487,0.09723685548713315,4.98488897175432,0.5081186444051596,15.66509776963656,0.7974037791954214,29.71546904689731,1.0,1.0,1.7853309481216457,1.7853309481216457,3.276386404293381,3.276386404293381,6.141323792486583,6.141323792486583
139,EGI1,0,0,ok,4.427682852954604,0.7094843830340011,4.525004968113009,0.5548748862934637,13.417840881158556,0.9368383546799106,28.83356467067377,1.0,1.0,1.981216457960644,1.981216457960644,3.966010733452594,3.966010733452594,6.598389982110913,6.598389982110913
139,EGI1,0,17,ok,4.4357727320166305,0.7094843830340011,4.525004968113009,0.5548748862934637,13.417840881158556,0.9368383546799106,28.83356467067377,1.0,1.0,1.9821109123434706,1.9821109123434706,3.9695885509838997,3.9695885509838997,6.617173524150268,6.617173524150268
139,EGI1,0,34,ok,4.4621499789645895,0.7094843830340011,4.525004968113009,0.5548748862934637,13.417840881158556,0.9368383546799106,28.83356467067377,1.0,1.0,1.9838998211091234,1.9838998211091234,3.974060822898032,3.974060822898032,6.632379248658318,6.632379248658318
140,EGI1,0,0,ok,4.32078237994574,0.40858586369709626,3.1502615097818256,0.38003820855281784,17.556154542683778,0.4839367788225608,22.989712320082397,1.0,1.0,1.9033989266547406,1.9033989266547406,3.8443649373881934,3.8443649373881934,7.730769230769231,7.730769230769231
140,EGI1,0,17,ok,4.274370222003199,0.40858586369709626,3.1502615097818256,0.38003820855281784,17.556154542683778,0.4839367788225608,22.989712320082397,1.0,1.0,1.8935599284436493,1.8935599284436493,3.8246869409660107,3.8246869409660107,7.713774597495528,7.713774597495528
140,EGI1,0,34,ok,4.3349648650037125,0.40858586369709626,3.1502615097818256,0.38003820855281784,17.556154542683778,0.4839367788225608,22.989712320082397,1.0,1.0,1.9033989266547406,1.9033989266547406,3.8407871198568873,3.8407871198568873,7.7236135957066185,7.7236135957066185
141,EGI1,0,0,ok,3.6835913389222696,0.25454632853800346,7.709485775146647,0.4171477605756624,21.40192818691,0.2737454987431232,20.226452542231563,1.0,1.0,1.7182468694096602,1.7182468694096602,3.0831842576028623,3.0831842576028623,5.389087656529517,5.389087656529517
141,EGI1,0,17,ok,3.634805263020098,0.25454632853800346,7.709485775146647,0.4171477605756624,21.40192818691,0.2737454987431232,20.226452542231563,1.0,1.0,1.7280858676207513,1.7280858676207513,3.1082289803220036,3.1082289803220036,5.411449016100179,5.411449016100179
141,EGI1,0,34,ok,3.6748971609631553,0.25454632853800346,7.709485775146647,0.4171477605756624,21.40192818691,0.2737454987431232,20.226452542231563,1.0,1.0,1.7280858676207513,1.7280858676207513,3.127906976744186,3.127906976744186,5.480322003577817,5.480322003577817
142,EGI1,0,0,ok,2.238354052999057,0.4156486916848645,0.10290071341265192,0.019616251779480683,12.835770618702062,0.6859737608101218,22.428873073993522,1.0,1.0,1.0867620751341682,1.0867620751341682,1.3640429338103757,1.3640429338103757,1.6762075134168157,1.6762075134168157
142,EGI1,0,17,ok,2.216357854893431,0.4156486916848645,0.10290071341265192,0.019616251779480683,12.835770618702062,0.6859737608101218,22.428873073993522,1.0,1.0,1.056350626118068,1.056350626118068,1.3255813953488371,1.3255813953488371,1.6189624329159213,1.6189624329159213
142,EGI1,0,34,ok,2.2710567109752446,0.4156486916848645,0.10290071341265192,0.019616251779480683,12.835770618702062,0.6859737608101218,22.428873073993522,1.0,1.0,1.0706618962432917,1.0706618962432917,1.3434704830053668,1.3434704830053668,1.6529516994633273,1.6529516994633273
143,EGI1,0,0,ok,2.990624998928979,0.6444829563727212,1.301301216335943,0.06747267352403578,11.48217248754839,0.3855961161401932,25.091144191620337,1.0,1.0,1.289803220035778,1.289803220035778,2.1305903398926653,2.1305903398926653,3.5885509838998213,3.5885509838998213
143,EGI1,0,17,ok,3.0148593889316544,0.6444829563727212,1.301301216335943,0.06747267352403578,11.48217248754839,0.3855961161401932,25.091144191620337,1.0,1.0,1.2960644007155635,1.2960644007155635,2.148479427549195,2.148479427549195,3.6001788908765655,3.6001788908765655
143,EGI1,0,34,ok,3.0104218379128724,0.6444829563727212,1.301301216335943,0.06747267352403578,11.48217248754839,0.3855961161401932,25.091144191620337,1.0,1.0,1.295169946332737,1.295169946332737,2.144901610017889,2.144901610017889,3.5617173524150267,3.5617173524150267
144,EGI1,0,0,ok,4.462116185110062,0.5276895828939717,3.034532652544506,0.461456622437783,10.88993286981297,0.04985139031364147,21.15056708514889,1.0,1.0,1.9561717352415027,1.9561717352415027,3.945438282647585,3.945438282647585,7.914132379248659,7.914132379248659
144,EGI1,0,17,ok,4.38894719502423,0.5276895828939717,3.034532652544506,0.461456622437783,10.88993286981297,0.04985139031364147,21.15056708514889,1.0,1.0,1.950805008944544,1.950805008944544,3.947227191413238,3.947227191413238,7.940966010733453,7.940966010733453
144,EGI1,0,34,ok,4.394677988952026,0.5276895828939717,3.034532652544506,0.461456622437783,10.88993286981297,0.04985139031364147,21.15056708514889,1.0,1.0,1.941860465116279,1.941860465116279,3.9257602862254024,3.9257602862254024,7.9132379248658316,7.9132379248658316
145,EGI1,0,0,ok,4.691688482067548,0.9886397458478051,3.373942707759799,0.633249290572928,17.59873199157029,0.2328002686430665,27.868436278742884,1.0,1.0,1.9883720930232558,1.9883720930232558,3.993738819320215,3.993738819320215,7.999105545617174,7.999105545617174
145,EGI1,0,17,ok,4.7708837310783565,0.9886397458478051,3.373942707759799,0.633249290572928,17.59873199157029,0.2328002686430665,27.868436278742884,1.0,1.0,1.9928443649373881,1.9928443649373881,3.998211091234347,3.998211091234347,7.998211091234347,7.998211091234347
145,EGI1,0,34,ok,4.689445673953742,0.9886397458478051,3.373942707759799,0.633249290572928,17.59873199157029,0.2328002686430665,27.868436278742884,1.0,1.0,1.996422182468694,1.996422182468694,3.998211091234347,3.998211091234347,8.0,8.0
146,EGI1,0,0,ok,4.643968618009239,0.5599967230993852,3.6656692162901114,0.6901075279152628,20.581887520716826,0.057619080156918405,22.034981353191753,1.0,1.0,1.9937388193202146,1.9937388193202146,3.9919499105545615,3.9919499105545615,7.983005366726297,7.983005366726297
146,EGI1,0,17,ok,4.6291893610032275,0.5599967230993852,3.6656692162901114,0.6901075279152628,20.581887520716826,0.057619080156918405,22.034981353191753,1.0,1.0,1.9919499105545617,1.9919499105545617,3.9892665474060824,3.9892665474060824,7.975849731663685,7.975849731663685
146,EGI1,0,34,ok,4.626953523023985,0.5599967230993852,3.6656692162901114,0.6901075279152628,20.581887520716826,0.057619080156918405,22.034981353191753,1.0,1.0,1.9928443649373881,1.9928443649373881,3.988372093023256,3.988372093023256,7.976744186046512,7.976744186046512
147,EGI1,0,0,ok,3.6799456200096756,0.5775700218392038,0.584508271598923,0.49007706068457346,18.00434324830642,0.22233077288540315,22.643467543167098,1.0,1.0,1.6547406082289804,1.6547406082289804,2.9838998211091234,2.9838998211091234,5.644007155635062,5.644007155635062
147,EGI1,0,17,ok,3.6583952700020745,0.5775700218392038,0.584508271598923,0.49007706068457346,18.00434324830642,0.22233077288540315,22.643467543167098,1.0,1.0,1.6583184257602863,1.6583184257602863,3.0008944543828266,3.0008944543828266,5.662790697674419,5.662790697674419
147,EGI1,0,34,ok,3.675084162969142,0.5775700218392038,0.584508271598923,0.49007706068457346,18.00434324830642,0.22233077288540315,22.643467543167098,1.0,1.0,1.6493738819320214,1.6493738819320214,2.9651162790697674,2.9651162790697674,5.598389982110913,5.598389982110913
148,EGI1,0,0,ok,4.547570862923749,0.21199231681671843,11.0115179070024,0.737407706017565,19.150131560942874,0.5863106080364936,20.938125383288227,1.0,1.0,1.9427549194991056,1.9427549194991056,3.808586762075134,3.808586762075134,7.518783542039356,7.518783542039356
148,EGI1,0,17,ok,4.610504233976826,0.21199231681671843,11.0115179070024,0.737407706017565,19.150131560942874,0.5863106080364936,20.938125383288227,1.0,1.0,1.9364937388193202,1.9364937388193202,3.803220035778175,3.803220035778175,7.501788908765653,7.501788908765653
148,EGI1,0,34,ok,4.541595718008466,0.21199231681671843,11.0115179070024,0.737407706017565,19.150131560942874,0.5863106080364936,20.938125383288227,1.0,1.0,1.9391771019677997,1.9391771019677997,3.8059033989266546,3.8059033989266546,7.5026833631484795,7.5026833631484795
149,EGI1,0,0,ok,2.35374802199658,0.19028940848076145,0.3595784792199267,0.3097260941132578,17.102274552394547,0.5479307915003908,23.31128111621249,1.0,1.0,1.3318425760286225,1.3318425760286225,1.5125223613595706,1.5125223613595706,1.5295169946332736,1.5295169946332736
149,EGI1,0,17,ok,2.3313678330741823,0.19028940848076145,0.3595784792199267,0.3097260941132578,17.102274552394547,0.5479307915003908,23.31128111621249,1.0,1.0,1.3130590339892665,1.3130590339892665,1.5017889087656529,1.5017889087656529,1.5277280858676208,1.5277280858676208
149,EGI1,0,34,ok,2.365526452078484,0.19028940848076145,0.3595784792199267,0.3097260941132578,17.102274552394547,0.5479307915003908,23.31128111621249,1.0,1.0,1.3220035778175314,1.3220035778175314,1.5152057245080501,1.5152057245080501,1.5304114490161003,1.5304114490161003
150,EGI1,0,0,ok,4.645579362055287,0.7231693184333112,3.4394656350867474,0.565748773873302,19.67513555293795,0.4049846650157041,27.12151878781158,1.0,1.0,1.983005366726297,1.983005366726297,3.9901610017889086,3.9901610017889086,7.9919499105545615,7.9919499105545615
150,EGI1,0,17,ok,4.675839416915551,0.7231693184333112,3.4394656350867474,0.565748773873302,19.67513555293795,0.4049846650157041,27.12151878781158,1.0,1.0,1.9847942754919499,1.9847942754919499,3.988372093023256,3.988372093023256,8.0,8.0
150,EGI1,0,34,ok,4.711757685057819,0.7231693184333112,3.4394656350867474,0.565748773873302,19.67513555293795,0.4049846650157041,27.12151878781158,1.0,1.0,1.9758497316636852,1.9758497316636852,3.9803220035778177,3.9803220035778177,7.9919499105545615,7.9919499105545615
151,EGI1,0,0,ok,4.466086265980266,0.5401781138554604,4.182256153870492,0.43801465655008104,16.25814434462682,0.008743287127373885,23.47756759678249,1.0,1.0,1.9400715563506261,1.9400715563506261,3.932021466905188,3.932021466905188,7.912343470483005,7.912343470483005
151,EGI1,0,17,ok,4.430890252930112,0.5401781138554604,4.182256153870492,0.43801465655008104,16.25814434462682,0.008743287127373885,23.47756759678249,1.0,1.0,1.9347048300536673,1.9347048300536673,3.92128801431127,3.92128801431127,7.916815742397138,7.916815742397138
151,EGI1,0,34,ok,4.4728062748909,0.5401781138554604,4.182256153870492,0.43801465655008104,16.25814434462682,0.008743287127373885,23.47756759678249,1.0,1.0,1.9347048300536673,1.9347048300536673,3.915026833631485,3.915026833631485,7.909660107334526,7.909660107334526
152,EGI1,0,0,ok,4.576635526958853,0.7943513236993145,17.48364154693734,0.46869135207563495,19.52288748384709,0.31258060630380824,22.690928385424495,1.0,1.0,1.9499105545617172,1.9499105545617172,3.945438282647585,3.945438282647585,7.947227191413238,7.947227191413238
152,EGI1,0,17,ok,4.628500203951262,0.7943513236993145,17.48364154693734,0.46869135207563495,19.52288748384709,0.31258060630380824,22.690928385424495,1.0,1.0,1.960644007155635,1.960644007155635,3.9561717352415027,3.9561717352415027,7.957066189624329,7.957066189624329
152,EGI1,0,34,ok,4.6325545409927145,0.7943513236993145,17.48364154693734,0.46869135207563495,19.52288748384709,0.31258060630380824,22.690928385424495,1.0,1.0,1.9588550983899822,1.9588550983899822,3.947227191413238,3.947227191413238,7.947227191413238,7.947227191413238
153,EGI1,0,0,ok,2.281664035981521,0.6223637076657852,0.23760712227546418,0.06220081447607347,18.355110407417058,0.3518804657589413,23.189973678482318,1.0,1.0,1.092128801431127,1.092128801431127,1.3300536672629697,1.3300536672629697,1.5572450805008944,1.5572450805008944
153,EGI1,0,17,ok,2.2618699949234724,0.6223637076657852,0.23760712227546418,0.06220081447607347,18.355110407417058,0.3518804657589413,23.189973678482318,1.0,1.0,1.110912343470483,1.110912343470483,1.3711985688729875,1.3711985688729875,1.5769230769230769,1.5769230769230769
153,EGI1,0,34,ok,2.2744654250564054,0.6223637076657852,0.23760712227546418,0.06220081447607347,18.355110407417058,0.3518804657589413,23.189973678482318,1.0,1.0,1.1028622540250448,1.1028622540250448,1.3613595706618962,1.3613595706618962,1.5849731663685152,1.5849731663685152
154,EGI1,0,0,ok,3.3409974250243977,0.0030900424736885557,23.517491043182652,0.836555591100541,12.282365322069362,0.3616775088394554,28.534583675739974,1.0,1.0,1.7620751341681575,1.7620751341681575,2.701252236135957,2.701252236135957,3.182468694096601,3.182468694096601
154,EGI1,0,17,ok,3.3698605080135167,0.0030900424736885557,23.517491043182652,0.836555591100541,12.282365322069362,0.3616775088394554,28.534583675739974,1.0,1.0,1.7674418604651163,1.7674418604651163,2.7415026833631484,2.7415026833631484,3.2772808586762077,3.2772808586762077
154,EGI1,0,34,ok,3.3528599720448256,0.0030900424736885557,23.517491043182652,0.836555591100541,12.282365322069362,0.3616775088394554,28.534583675739974,1.0,1.0,1.762969588550984,1.762969588550984,2.71824686940966,2.71824686940966,3.21824686940966,3.21824686940966
155,EGI1,0,0,ok,3.0888151118997484,0.4905665663049084,0.8724598316430726,0.29018871490425574,20.72523312328967,0.5923079089509086,23.684045192883303,1.0,1.0,1.4427549194991056,1.4427549194991056,2.3855098389982112,2.3855098389982112,4.268336314847943,4.268336314847943
155,EGI1,0,17,ok,3.0514843210112303,0.4905665663049084,0.8724598316430726,0.29018871490425574,20.72523312328967,0.5923079089509086,23.684045192883303,1.0,1.0,1.4177101967799641,1.4177101967799641,2.3452593917710196,2.3452593917710196,4.145796064400716,4.145796064400716
155,EGI1,0,34,ok,3.1091476200381294,0.4905665663049084,0.8724598316430726,0.29018871490425574,20.72523312328967,0.5923079089509086,23.684045192883303,1.0,1.0,1.443649373881932,1.443649373881932,2.37567084078712,2.37567084078712,4.279964221824687,4.279964221824687
156,EGI1,0,0,ok,1.9631057990482077,0.026400391134539652,1.3586579907551157,0.07386775762710387,20.00254498305302,0.1139005703624634,28.43158437992455,1.0,1.0,1.0152057245080501,1.0152057245080501,1.0330948121645795,1.0330948121645795,1.0384615384615385,1.0384615384615385
156,EGI1,0,17,ok,2.023102156003006,0.026400391134539652,1.3586579907551157,0.07386775762710387,20.00254498305302,0.1139005703624634,28.43158437992455,1.0,1.0,1.0125223613595706,1.0125223613595706,1.037567084078712,1.037567084078712,1.0411449016100178,1.0411449016100178
156,EGI1,0,34,ok,1.948092806036584,0.026400391134539652,1.3586579907551157,0.07386775762710387,20.00254498305302,0.1139005703624634,28.43158437992455,1.0,1.0,1.0098389982110911,1.0098389982110911,1.0322003577817531,1.0322003577817531,1.033989266547406,1.033989266547406
157,EGI1,0,0,ok,4.046674335957505,0.8478644537522977,1.4826713131380356,0.38530338453209484,12.258383348816823,0.9486730165817308,27.360661842012906,1.0,1.0,1.9150268336314848,1.9150268336314848,3.704830053667263,3.704830053667263,5.533094812164579,5.533094812164579
157,EGI1,0,17,ok,4.0742557029007,0.8478644537522977,1.4826713131380356,0.38530338453209484,12.258383348816823,0.9486730165817308,27.360661842012906,1.0,1.0,1.9203935599284436,1.9203935599284436,3.6592128801431127,3.6592128801431127,5.406976744186046,5.406976744186046
157,EGI1,0,34,ok,3.99324073898606,0.8478644537522977,1.4826713131380356,0.38530338453209484,12.258383348816823,0.9486730165817308,27.360661842012906,1.0,1.0,1.9025044722719142,1.9025044722719142,3.6493738819320214,3.6493738819320214,5.375670840787119,5.375670840787119
158,EGI1,0,0,ok,4.3724084119312465,0.7491641983127634,0.4621133676903168,0.35648798675472043,12.517061374177924,0.8270420501197645,27.050880666931153,1.0,1.0,1.8774597495527727,1.8774597495527727,3.795169946332737,3.795169946332737,7.661001788908766,7.661001788908766
158,EGI1,0,17,ok,4.358346133958548,0.7491641983127634,0.4621133676903168,0.35648798675472043,12.517061374177924,0.8270420501197645,27.050880666931153,1.0,1.0,1.9025044722719142,1.9025044722719142,3.815742397137746,3.815742397137746,7.652951699463327,7.652951699463327
158,EGI1,0,34,ok,4.383867157972418,0.7491641983127634,0.4621133676903168,0.35648798675472043,12.517061374177924,0.8270420501197645,27.050880666931153,1.0,1.0,1.9033989266547406,1.9033989266547406,3.8076923076923075,3.8076923076923075,7.652951699463327,7.652951699463327
159,EGI1,0,0,ok,4.242264311993495,0.7727751271204916,18.050984375713213,0.29658646716593623,19.020526559365795,0.11571978688473875,22.4557818456964,1.0,1.0,1.8461538461538463,1.8461538461538463,3.6592128801431127,3.6592128801431127,7.321109123434705,7.321109123434705
159,EGI1,0,17,ok,4.2563624230679125,0.7727751271204916,18.050984375713213,0.29658646716593623,19.020526559365795,0.11571978688473875,22.4557818456964,1.0,1.0,1.8202146690518783,1.8202146690518783,3.612701252236136,3.612701252236136,7.28175313059034,7.28175313059034
159,EGI1,0,34,ok,4.313039339031093,0.7727751271204916,18.050984375713213,0.29658646716593623,19.020526559365795,0.11571978688473875,22.4557818456964,1.0,1.0,1.8407871198568873,1.8407871198568873,3.6663685152057246,3.6663685152057246,7.373881932021467,7.373881932021467
160,EGI1,0,0,ok,4.750634143012576,0.7350764269809836,8.26121167002569,0.7394486904261286,11.63918048292601,0.029022826077086707,23.11387862022205,1.0,1.0,1.9991055456171736,1.9991055456171736,3.9991055456171734,3.9991055456171734,8.0,8.0
160,EGI1,0,17,ok,4.752937251934782,0.7350764269809836,8.26121167002569,0.7394486904261286,11.63918048292601,0.029022826077086707,23.11387862022205,1.0,1.0,1.996422182468694,1.996422182468694,4.0,4.0,8.0,8.0
160,EGI1,0,34,ok,4.815558520029299,0.7350764269809836,8.26121167002569,0.7394486904261286,11.63918048292601,0.029022826077086707,23.11387862022205,1.0,1.0,1.9982110912343471,1.9982110912343471,4.0,4.0,8.0,8.0
161,EGI1,0,0,ok,2.5685447700088844,0.2393187203497949,0.19203775571096066,0.39672581633541926,15.521492176639898,0.29551458623695376,23.216283684056453,1.0,1.0,1.4686940966010733,1.4686940966010733,1.851520572450805,1.851520572450805,1.8774597495527727,1.8774597495527727
161,EGI1,0,17,ok,2.5745030130492523,0.2393187203497949,0.19203775571096066,0.39672581633541926,15.521492176639898,0.29551458623695376,23.216283684056453,1.0,1.0,1.4695885509838997,1.4695885509838997,1.8443649373881932,1.8443649373881932,1.8694096601073344,1.8694096601073344
161,EGI1,0,34,ok,2.5611698190914467,0.2393187203497949,0.19203775571096066,0.39672581633541926,15.521492176639898,0.29551458623695376,23.216283684056453,1.0,1.0,1.4615384615384615,1.4615384615384615,1.8336314847942754,1.8336314847942754,1.8559928443649374,1.8559928443649374
162,EGI1,0,0,ok,1.9494277630001307,0.11743327140559533,0.442314037968224,0.7564237032444161,21.094004471944736,0.8114340263608776,29.868681722088496,1.0,1.0,1.0107334525939178,1.0107334525939178,1.0107334525939178,1.0107334525939178,1.0107334525939178,1.0107334525939178
162,EGI1,0,17,ok,1.9647729269927368,0.11743327140559533,0.442314037968224,0.7564237032444161,21.094004471944736,0.8114340263608776,29.868681722088496,1.0,1.0,1.0107334525939178,1.0107334525939178,1.0107334525939178,1.0107334525939178,1.0107334525939178,1.0107334525939178
162,EGI1,0,34,ok,1.9704578600358218,0.11743327140559533,0.442314037968224,0.7564237032444161,21.094004471944736,0.8114340263608776,29.868681722088496,1.0,1.0,1.0143112701252237,1.0143112701252237,1.0143112701252237,1.0143112701252237,1.0143112701252237,1.0143112701252237
163,EGI1,0,0,ok,2.043974010972306,0.5993740249674713,0.13773061908202222,0.8442093853700513,12.170995765698176,0.9895181485051586,27.678676956266933,1.0,1.0,1.0071556350626119,1.0071556350626119,1.0071556350626119,1.0071556350626119,1.0080500894454383,1.0080500894454383
163,EGI1,0,17,ok,2.053889352013357,0.5993740249674713,0.13773061908202222,0.8442093853700513,12.170995765698176,0.9895181485051586,27.678676956266933,1.0,1.0,1.0071556350626119,1.0071556350626119,1.0071556350626119,1.0071556350626119,1.0080500894454383,1.0080500894454383
163,EGI1,0,34,ok,2.099942400935106,0.5993740249674713,0.13773061908202222,0.8442093853700513,12.170995765698176,0.9895181485051586,27.678676956266933,1.0,1.0,1.0071556350626119,1.0071556350626119,1.0089445438282647,1.0089445438282647,1.0089445438282647,1.0089445438282647
164,EGI1,0,0,ok,4.924221404013224,0.7434824818173876,20.314369857376285,0.9205246341267059,21.19069849191707,0.4299944736819848,21.547717273095817,1.0,1.0,2.0,2.0,4.0,4.0,8.0,8.0
164,EGI1,0,17,ok,4.9420070660999045,0.7434824818173876,20.314369857376285,0.9205246341267059,21.19069849191707,0.4299944736819848,21.547717273095817,1.0,1.0,2.0,2.0,4.0,4.0,8.0,8.0
164,EGI1,0,34,ok,4.951128532062285,0.7434824818173876,20.314369857376285,0.9205246341267059,21.19069849191707,0.4299944736819848,21.547717273095817,1.0,1.0,2.0,2.0,4.0,4.0,8.0,8.0
165,EGI1,0,0,ok,2.059857381042093,0.9060783352265853,0.23457441909876883,0.13963600784896255,13.136574999357777,0.97982767000965,22.276017699528367,1.0,1.0,1.020572450805009,1.020572450805009,1.0250447227191413,1.0250447227191413,1.0268336314847943,1.0268336314847943
165,EGI1,0,17,ok,2.0460090660490096,0.9060783352265853,0.23457441909876883,0.13963600784896255,13.136574999357777,0.97982767000965,22.276017699528367,1.0,1.0,1.0295169946332736,1.0295169946332736,1.0348837209302326,1.0348837209302326,1.0366726296958855,1.0366726296958855
165,EGI1,0,34,ok,1.991791088017635,0.9060783352265853,0.23457441909876883,0.13963600784896255,13.136574999357777,0.97982767000965,22.276017699528367,1.0,1.0,1.0241502683363148,1.0241502683363148,1.0286225402504472,1.0286225402504472,1.0295169946332736,1.0295169946332736
166,EGI1,0,0,ok,4.348123464966193,0.44730341376694677,0.8154871691831699,0.7453712939801967,16.093170807702812,0.624366890426088,21.39126357831914,1.0,1.0,1.8676207513416816,1.8676207513416816,3.5912343470483004,3.5912343470483004,7.033094812164579,7.033094812164579
166,EGI1,0,17,ok,4.316782323992811,0.44730341376694677,0.8154871691831699,0.7453712939801967,16.093170807702812,0.624366890426088,21.39126357831914,1.0,1.0,1.8747763864042934,1.8747763864042934,3.618962432915921,3.618962432915921,7.094812164579606,7.094812164579606
166,EGI1,0,34,ok,4.347743907012045,0.44730341376694677,0.8154871691831699,0.7453712939801967,16.093170807702812,0.624366890426088,21.39126357831914,1.0,1.0,1.8729874776386404,1.8729874776386404,3.604651162790698,3.604651162790698,7.062611806797853,7.062611806797853
167,EGI1,0,0,ok,2.187201378052123,0.04846111156200405,0.43125004825691526,0.7002276401825444,17.77155176482339,0.217910461820264,21.46546646693746,1.0,1.0,1.2262969588550985,1.2262969588550985,1.2280858676207513,1.2280858676207513,1.2280858676207513,1.2280858676207513
167,EGI1,0,17,ok,2.152336025959812,0.04846111156200405,0.43125004825691526,0.7002276401825444,17.77155176482339,0.217910461820264,21.46546646693746,1.0,1.0,1.2379248658318425,1.2379248658318425,1.2388193202146691,1.2388193202146691,1.2388193202146691,1.2388193202146691
167,EGI1,0,34,ok,2.145371668972075,0.04846111156200405,0.43125004825691526,0.7002276401825444,17.77155176482339,0.217910461820264,21.46546646693746,1.0,1.0,1.2289803220035778,1.2289803220035778,1.2316636851520573,1.2316636851520573,1.2316636851520573,1.2316636851520573
168,EGI1,0,0,ok,1.9801471339305863,0.19862026961122123,0.3780948730587292,0.5942240689440391,20.49257644947424,0.09819307404822743,25.888821347339395,1.0,1.0,1.0500894454382828,1.0500894454382828,1.0509838998211092,1.0509838998211092,1.0509838998211092,1.0509838998211092
168,EGI1,0,17,ok,1.9939507660456002,0.19862026961122123,0.3780948730587292,0.5942240689440391,20.49257644947424,0.09819307404822743,25.888821347339395,1.0,1.0,1.0599284436493739,1.0599284436493739,1.0599284436493739,1.0599284436493739,1.0599284436493739,1.0599284436493739
168,EGI1,0,34,ok,1.9966864800080657,0.19862026961122123,0.3780948730587292,0.5942240689440391,20.49257644947424,0.09819307404822743,25.888821347339395,1.0,1.0,1.0554561717352415,1.0554561717352415,1.0554561717352415,1.0554561717352415,1.0554561717352415,1.0554561717352415
169,EGI1,0,0,ok,4.574206560966559,0.8831833123672965,1.499564109367358,0.5209957077405926,10.57208670545182,0.8588986111922532,24.500497499658962,1.0,1.0,1.9722719141323792,1.9722719141323792,3.9749552772808587,3.9749552772808587,7.959749552772808,7.959749552772808
169,EGI1,0,17,ok,4.5283778719604015,0.8831833123672965,1.499564109367358,0.5209957077405926,10.57208670545182,0.8588986111922532,24.500497499658962,1.0,1.0,1.9731663685152057,1.9731663685152057,3.9669051878354202,3.9669051878354202,7.964221824686941,7.964221824686941
169,EGI1,0,34,ok,4.53273579000961,0.8831833123672965,1.499564109367358,0.5209957077405926,10.57208670545182,0.8588986111922532,24.500497499658962,1.0,1.0,1.9722719141323792,1.9722719141323792,3.9838998211091234,3.9838998211091234,7.974060822898032,7.974060822898032
170,EGI1,0,0,ok,3.9781160480342805,0.25087082794259674,2.844133460867311,0.21527894858667454,12.682975255044974,0.776518626031961,27.462747419699575,1.0,1.0,1.710196779964222,1.710196779964222,3.302325581395349,3.302325581395349,6.4338103756708405,6.4338103756708405
170,EGI1,0,17,ok,3.9150793500011787,0.25087082794259674,2.844133460867311,0.21527894858667454,12.682975255044974,0.776518626031961,27.462747419699575,1.0,1.0,1.704830053667263,1.704830053667263,3.2754919499105544,3.2754919499105544,6.396243291592129,6.396243291592129
170,EGI1,0,34,ok,3.921674157027155,0.25087082794259674,2.844133460867311,0.21527894858667454,12.682975255044974,0.776518626031961,27.462747419699575,1.0,1.0,1.697674418604651,1.697674418604651,3.2737030411449015,3.2737030411449015,6.457066189624329,6.457066189624329
171,EGI1,0,0,ok,2.616686215973459,0.8273627881679456,0.5964540244802313,0.032692071700352564,12.135818999336454,0.08972869886006618,24.995897212379557,1.0,1.0,1.150268336314848,1.150268336314848,1.6797853309481217,1.6797853309481217,2.4329159212880143,2.4329159212880143
171,EGI1,0,17,ok,2.595853392034769,0.8273627881679456,0.5964540244802313,0.032692071700352564,12.135818999336454,0.08972869886006618,24.995897212379557,1.0,1.0,1.150268336314848,1.150268336314848,1.6762075134168157,1.6762075134168157,2.4364937388193204,2.4364937388193204
171,EGI1,0,34,ok,2.5772454099496827,0.8273627881679456,0.5964540244802313,0.032692071700352564,12.135818999336454,0.08972869886006618,24.995897212379557,1.0,1.0,1.163685152057245,1.163685152057245,1.6923076923076923,1.6923076923076923,2.483005366726297,2.483005366726297
172,EGI1,0,0,ok,4.852061560959555,0.7623881404641326,4.11423188513533,0.9776940738270556,11.018018860582641,0.4390732135611468,26.42060485352363,1.0,1.0,2.0,2.0,4.0,4.0,8.0,8.0
172,EGI1,0,17,ok,4.84737175796181,0.7623881404641326,4.11423188513533,0.9776940738270556,11.018018860582641,0.4390732135611468,26.42060485352363,1.0,1.0,2.0,2.0,4.0,4.0,8.0,8.0
172,EGI1,0,34,ok,4.905777081963606,0.7623881404641326,4.11423188513533,0.9776940738270556,11.018018860582641,0.4390732135611468,26.42060485352363,1.0,1.0,2.0,2.0,4.0,4.0,8.0,8.0
173,EGI1,0,0,ok,4.548921450972557,0.32184277572342557,2.194911556569995,0.5484428844602184,11.884572041129314,0.8877942567221702,25.945696548588355,1.0,1.0,1.979427549194991,1.979427549194991,3.9821109123434706,3.9821109123434706,7.627906976744186,7.627906976744186
173,EGI1,0,17,ok,4.604019848047756,0.32184277572342557,2.194911556569995,0.5484428844602184,11.884572041129314,0.8877942567221702,25.945696548588355,1.0,1.0,1.979427549194991,1.979427549194991,3.981216457960644,3.981216457960644,7.565295169946332,7.565295169946332
173,EGI1,0,34,ok,4.539974250015803,0.32184277572342557,2.194911556569995,0.5484428844602184,11.884572041129314,0.8877942567221702,25.945696548588355,1.0,1.0,1.977638640429338,1.977638640429338,3.987477638640429,3.987477638640429,7.619856887298748,7.619856887298748
174,EGI1,0,0,ok,3.1659750849939883,0.4631887578675422,0.1059862409837116,0.18825545477655134,12.354941674537386,0.4967897475143069,23.970047288768136,1.0,1.0,1.535778175313059,1.535778175313059,2.486583184257603,2.486583184257603,3.5966010733452594,3.5966010733452594
174,EGI1,0,17,ok,3.22911999898497,0.4631887578675422,0.1059862409837116,0.18825545477655134,12.354941674537386,0.4967897475143069,23.970047288768136,1.0,1.0,1.5500894454382828,1.5500894454382828,2.5304114490161003,2.5304114490161003,3.6592128801431127,3.6592128801431127
174,EGI1,0,34,ok,3.1862167110666633,0.4631887578675422,0.1059862409837116,0.18825545477655134,12.354941674537386,0.4967897475143069,23.970047288768136,1.0,1.0,1.5509838998211092,1.5509838998211092,2.501788908765653,2.501788908765653,3.669051878354204,3.669051878354204
175,EGI1,0,0,ok,4.64502318110317,0.9320296625953481,9.55609319010897,0.4963916748913934,18.934198059518817,0.02212994726396733,28.23107306090685,1.0,1.0,1.9731663685152057,1.9731663685152057,3.9633273703041145,3.9633273703041145,7.978533094812165,7.978533094812165
175,EGI1,0,17,ok,4.668025581981055,0.9320296625953481,9.55609319010897,0.4963916748913934,18.934198059518817,0.02212994726396733,28.23107306090685,1.0,1.0,1.9722719141323792,1.9722719141323792,3.9686940966010735,3.9686940966010735,7.968694096601073,7.968694096601073
175,EGI1,0,34,ok,4.663588098948821,0.9320296625953481,9.55609319010897,0.4963916748913934,18.934198059518817,0.02212994726396733,28.23107306090685,1.0,1.0,1.977638640429338,1.977638640429338,3.9669051878354202,3.9669051878354202,7.975849731663685,7.975849731663685
176,EGI1,0,0,ok,4.558240351965651,0.4438785658074829,1.305175957170584,0.8227408037550588,10.09758401494505,0.9332818376085592,29.55225275709114,1.0,1.0,1.9982110912343471,1.9982110912343471,3.9910554561717353,3.9910554561717353,6.31216457960644,6.31216457960644
176,EGI1,0,17,ok,4.544222555938177,0.4438785658074829,1.305175957170584,0.8227408037550588,10.09758401494505,0.9332818376085592,29.55225275709114,1.0,1.0,2.0,2.0,3.992844364937388,3.992844364937388,6.298747763864043,6.298747763864043
176,EGI1,0,34,ok,4.543887367006391,0.4438785658074829,1.305175957170584,0.8227408037550588,10.09758401494505,0.9332818376085592,29.55225275709114,1.0,1.0,1.9973166368515205,1.9973166368515205,3.9919499105545615,3.9919499105545615,6.305903398926655,6.305903398926655
177,EGI1,0,0,ok,3.204771104035899,0.6148322541615109,9.230421441612494,0.08404919325954714,11.053098500586225,0.03065829980294218,25.784937610510298,1.0,1.0,1.3202146690518783,1.3202146690518783,2.2871198568872986,2.2871198568872986,3.9919499105545615,3.9919499105545615
177,EGI1,0,17,ok,3.1075054440880194,0.6148322541615109,9.230421441612494,0.08404919325954714,11.053098500586225,0.03065829980294218,25.784937610510298,1.0,1.0,1.3246869409660107,1.3246869409660107,2.257602862254025,2.257602862254025,3.873881932021467,3.873881932021467
177,EGI1,0,34,ok,3.198010514024645,0.6148322541615109,9.230421441612494,0.08404919325954714,11.053098500586225,0.03065829980294218,25.784937610510298,1.0,1.0,1.358676207513417,1.358676207513417,2.3264758497316635,2.3264758497316635,4.01520572450805,4.01520572450805
178,EGI1,0,0,ok,4.720485472003929,0.6113761231372795,0.245260105261856,0.8950446697465835,11.534259499526357,0.2690366142887379,20.959236568699573,1.0,1.0,1.9955277280858676,1.9955277280858676,3.9803220035778177,3.9803220035778177,7.9186046511627906,7.9186046511627906
178,EGI1,0,17,ok,4.756183319026604,0.6113761231372795,0.245260105261856,0.8950446697465835,11.534259499526357,0.2690366142887379,20.959236568699573,1.0,1.0,1.9955277280858676,1.9955277280858676,3.983005366726297,3.983005366726297,7.926654740608229,7.926654740608229
178,EGI1,0,34,ok,4.79656231298577,0.6113761231372795,0.245260105261856,0.8950446697465835,11.534259499526357,0.2690366142887379,20.959236568699573,1.0,1.0,1.9937388193202146,1.9937388193202146,3.973166368515206,3.973166368515206,7.901610017889087,7.901610017889087
179,EGI1,0,0,ok,4.055195456952788,0.4301201088949803,8.59140442374145,0.22028578359561005,12.766905824968688,0.4064820870262803,27.972557026202068,1.0,1.0,1.7227191413237926,1.7227191413237926,3.3202146690518783,3.3202146690518783,6.52772808586762,6.52772808586762
179,EGI1,0,17,ok,3.981102645979263,0.4301201088949803,8.59140442374145,0.22028578359561005,12.766905824968688,0.4064820870262803,27.972557026202068,1.0,1.0,1.6994633273703041,1.6994633273703041,3.278175313059034,3.278175313059034,6.4499105545617175,6.4499105545617175
179,EGI1,0,34,ok,3.9764709749724716,0.4301201088949803,8.59140442374145,0.22028578359561005,12.766905824968688,0.4064820870262803,27.972557026202068,1.0,1.0,1.7057245080500893,1.7057245080500893,3.29695885509839,3.29695885509839,6.43649373881932,6.43649373881932
180,EGI1,0,0,ok,4.613874075002968,0.8889898099834352,0.10046142246652738,0.9703768259667764,11.301243194597507,0.6361520792407228,21.56370081298382,1.0,1.0,1.9910554561717353,1.9910554561717353,3.8649373881932023,3.8649373881932023,7.229874776386405,7.229874776386405
180,EGI1,0,17,ok,4.622864866978489,0.8889898099834352,0.10046142246652738,0.9703768259667764,11.301243194597507,0.6361520792407228,21.56370081298382,1.0,1.0,1.9937388193202146,1.9937388193202146,3.873881932021467,3.873881932021467,7.258497316636851,7.258497316636851
180,EGI1,0,34,ok,4.626162693020888,0.8889898099834352,0.10046142246652738,0.9703768259667764,11.301243194597507,0.6361520792407228,21.56370081298382,1.0,1.0,1.9937388193202146,1.9937388193202146,3.870304114490161,3.870304114490161,7.278175313059034,7.278175313059034
181,EGI1,0,0,ok,4.71888633898925,0.5129845273198329,20.03053693530276,0.5513214050930154,15.439660213331202,0.32882527106259685,21.629557964333024,1.0,1.0,1.9803220035778175,1.9803220035778175,3.9821109123434706,3.9821109123434706,7.989266547406082,7.989266547406082
181,EGI1,0,17,ok,4.71920803503599,0.5129845273198329,20.03053693530276,0.5513214050930154,15.439660213331202,0.32882527106259685,21.629557964333024,1.0,1.0,1.983005366726297,1.983005366726297,3.988372093023256,3.988372093023256,7.994633273703041,7.994633273703041
181,EGI1,0,34,ok,4.727045770967379,0.5129845273198329,20.03053693530276,0.5513214050930154,15.439660213331202,0.32882527106259685,21.629557964333024,1.0,1.0,1.9874776386404294,1.9874776386404294,3.987477638640429,3.987477638640429,7.988372093023256,7.988372093023256
182,EGI1,0,0,ok,4.497852546046488,0.3611286382744021,10.799414793985408,0.4147249070840418,21.31733662838343,0.7720476736188441,24.85295806012218,1.0,1.0,1.9239713774597496,1.9239713774597496,3.887298747763864,3.887298747763864,7.837209302325581,7.837209302325581
182,EGI1,0,17,ok,4.46377620100975,0.3611286382744021,10.799414793985408,0.4147249070840418,21.31733662838343,0.7720476736188441,24.85295806012218,1.0,1.0,1.9239713774597496,1.9239713774597496,3.887298747763864,3.887298747763864,7.844364937388193,7.844364937388193
182,EGI1,0,34,ok,4.482573044020683,0.3611286382744021,10.799414793985408,0.4147249070840418,21.31733662838343,0.7720476736188441,24.85295806012218,1.0,1.0,1.9364937388193202,1.9364937388193202,3.8801431127012522,3.8801431127012522,7.832737030411449,7.832737030411449
183,EGI1,0,0,ok,3.2656442020088434,0.4719534730406409,0.3722679297047231,0.3184785056541475,15.790128211250284,0.6717763476305812,21.28955542669441,1.0,1.0,1.5536672629695885,1.5536672629695885,2.638640429338104,2.638640429338104,4.450805008944544,4.450805008944544
183,EGI1,0,17,ok,3.3075877339579165,0.4719534730406409,0.3722679297047231,0.3184785056541475,15.790128211250284,0.6717763476305812,21.28955542669441,1.0,1.0,1.588550983899821,1.588550983899821,2.7021466905187834,2.7021466905187834,4.57871198568873,4.57871198568873
183,EGI1,0,34,ok,3.284348390996456,0.4719534730406409,0.3722679297047231,0.3184785056541475,15.790128211250284,0.6717763476305812,21.28955542669441,1.0,1.0,1.573345259391771,1.573345259391771,2.6529516994633275,2.6529516994633275,4.505366726296959,4.505366726296959
184,EGI1,0,0,ok,2.2070744179654866,0.7051218670266453,0.203208796693711,0.2706912868177281,19.42089514868203,0.7202898033714547,27.193478255708303,1.0,1.0,1.1905187835420394,1.1905187835420394,1.3246869409660107,1.3246869409660107,1.3434704830053668,1.3434704830053668
184,EGI1,0,17,ok,2.2207735220436007,0.7051218670266453,0.203208796693711,0.2706912868177281,19.42089514868203,0.7202898033714547,27.193478255708303,1.0,1.0,1.1932021466905187,1.1932021466905187,1.3220035778175314,1.3220035778175314,1.3434704830053668,1.3434704830053668
184,EGI1,0,34,ok,2.2051345409126952,0.7051218670266453,0.203208796693711,0.2706912868177281,19.42089514868203,0.7202898033714547,27.193478255708303,1.0,1.0,1.1914132379248659,1.1914132379248659,1.3130590339892665,1.3130590339892665,1.336314847942755,1.336314847942755
185,EGI1,0,0,ok,3.4885289289522916,0.6912404433960613,19.00601036341916,0.12463477797020693,18.114835127013137,0.41272967595157395,20.422453627009833,1.0,1.0,1.4856887298747763,1.4856887298747763,2.6118067978533093,2.6118067978533093,4.8237924865831845,4.8237924865831845
185,EGI1,0,17,ok,3.491902202949859,0.6912404433960613,19.00601036341916,0.12463477797020693,18.114835127013137,0.41272967595157395,20.422453627009833,1.0,1.0,1.466010733452594,1.466010733452594,2.6225402504472273,2.6225402504472273,4.828264758497316,4.828264758497316
185,EGI1,0,34,ok,3.5133229789789766,0.6912404433960613,19.00601036341916,0.12463477797020693,18.114835127013137,0.41272967595157395,20.422453627009833,1.0,1.0,1.4803220035778175,1.4803220035778175,2.652057245080501,2.652057245080501,4.869409660107334,4.869409660107334
186,EGI1,0,0,ok,1.9927215580828488,0.5715382379355324,0.16327054047333994,0.6503865399555905,21.869289712661313,0.07578110076486996,20.13605097567127,1.0,1.0,1.0,1.0,1.0,1.0,1.0,1.0
186,EGI1,0,17,ok,1.960804415983148,0.5715382379355324,0.16327054047333994,0.6503865399555905,21.869289712661313,0.07578110076486996,20.13605097567127,1.0,1.0,1.0,1.0,1.0,1.0,1.0,1.0
186,EGI1,0,34,ok,1.9650644939392805,0.5715382379355324,0.16327054047333994,0.6503865399555905,21.869289712661313,0.07578110076486996,20.13605097567127,1.0,1.0,1.0,1.0,1.0,1.0,1.0,1.0
187,EGI1,0,0,ok,4.6746142050251365,0.8988707540997453,5.373638987343715,0.5828818773357834,16.037196423438196,0.6178341031111831,24.045415878664848,1.0,1.0,1.9856887298747763,1.9856887298747763,3.9955277280858676,3.9955277280858676,7.9973166368515205,7.9973166368515205
187,EGI1,0,17,ok,4.6164453469682485,0.8988707540997453,5.373638987343715,0.5828818773357834,16.037196423438196,0.6178341031111831,24.045415878664848,1.0,1.0,1.9892665474060822,1.9892665474060822,3.9919499105545615,3.9919499105545615,7.998211091234347,7.998211091234347
187,EGI1,0,34,ok,4.625407356070355,0.8988707540997453,5.373638987343715,0.5828818773357834,16.037196423438196,0.6178341031111831,24.045415878664848,1.0,1.0,1.9901610017889089,1.9901610017889089,3.993738819320215,3.993738819320215,7.998211091234347,7.998211091234347
188,EGI1,0,0,ok,3.7287705979542807,0.3118738069789985,1.4407105049669466,0.40747620364323106,18.077166831871544,0.41949428613957246,20.31023966255259,1.0,1.0,1.7003577817531306,1.7003577817531306,3.150268336314848,3.150268336314848,5.9865831842576025,5.9865831842576025
188,EGI1,0,17,ok,3.724285961012356,0.3118738069789985,1.4407105049669466,0.40747620364323106,18.077166831871544,0.41949428613957246,20.31023966255259,1.0,1.0,1.7039355992844365,1.7039355992844365,3.196779964221825,3.196779964221825,6.087656529516995,6.087656529516995
188,EGI1,0,34,ok,3.7344645620323718,0.3118738069789985,1.4407105049669466,0.40747620364323106,18.077166831871544,0.41949428613957246,20.31023966255259,1.0,1.0,1.7227191413237926,1.7227191413237926,3.2209302325581395,3.2209302325581395,6.144007155635062,6.144007155635062
189,EGI1,0,0,ok,4.233858712948859,0.4778862752243247,4.405542627704591,0.30610755012944263,10.734117095486809,0.7274532811028169,28.123799670057323,1.0,1.0,1.8461538461538463,1.8461538461538463,3.65742397137746,3.65742397137746,7.389087656529517,7.389087656529517
189,EGI1,0,17,ok,4.230801688972861,0.4778862752243247,4.405542627704591,0.30610755012944263,10.734117095486809,0.7274532811028169,28.123799670057323,1.0,1.0,1.855098389982111,1.855098389982111,3.677101967799642,3.677101967799642,7.395348837209302,7.395348837209302
189,EGI1,0,34,ok,4.201366622000933,0.4778862752243247,4.405542627704591,0.30610755012944263,10.734117095486809,0.7274532811028169,28.123799670057323,1.0,1.0,1.8434704830053668,1.8434704830053668,3.684257602862254,3.684257602862254,7.394454382826476,7.394454382826476
190,EGI1,0,0,ok,3.729728896985762,0.30321940401854164,1.9060066544915901,0.501879985102865,20.067873963557105,0.2862552957479225,24.390344504052738,1.0,1.0,1.6815742397137745,1.6815742397137745,3.0617173524150267,3.0617173524150267,5.808586762075135,5.808586762075135
190,EGI1,0,17,ok,3.7705310879973695,0.30321940401854164,1.9060066544915901,0.501879985102865,20.067873963557105,0.2862552957479225,24.390344504052738,1.0,1.0,1.6932021466905187,1.6932021466905187,3.098389982110912,3.098389982110912,5.882826475849732,5.882826475849732
190,EGI1,0,34,ok,3.7634993179235607,0.30321940401854164,1.9060066544915901,0.501879985102865,20.067873963557105,0.2862552957479225,24.390344504052738,1.0,1.0,1.6985688729874777,1.6985688729874777,3.1270125223613596,3.1270125223613596,5.970483005366726,5.970483005366726
191,EGI1,0,0,ok,4.939284369000234,0.9571831171481395,13.606301832641456,0.6338775882925788,11.93078455147248,0.315377505468131,29.921715147785136,1.0,1.0,1.9946332737030412,1.9946332737030412,3.993738819320215,3.993738819320215,7.998211091234347,7.998211091234347
191,EGI1,0,17,ok,4.894873066921718,0.9571831171481395,13.606301832641456,0.6338775882925788,11.93078455147248,0.315377505468131,29.921715147785136,1.0,1.0,1.9955277280858676,1.9955277280858676,3.994633273703041,3.994633273703041,7.999105545617174,7.999105545617174
191,EGI1,0,34,ok,4.886773444944993,0.9571831171481395,13.606301832641456,0.6338775882925788,11.93078455147248,0.315377505468131,29.921715147785136,1.0,1.0,1.9919499105545617,1.9919499105545617,3.998211091234347,3.998211091234347,7.999105545617174,7.999105545617174
192,EGI1,0,0,ok,3.529749702080153,0.07320261230891827,0.6802604948841638,0.1644427341558633,10.306428073594443,0.10760190174043634,26.99151489162459,1.0,1.0,1.57871198568873,1.57871198568873,2.868515205724508,2.868515205724508,5.0706618962432914,5.0706618962432914
192,EGI1,0,17,ok,3.5275968920905143,0.07320261230891827,0.6802604948841638,0.1644427341558633,10.306428073594443,0.10760190174043634,26.99151489162459,1.0,1.0,1.5635062611806798,1.5635062611806798,2.8765652951699465,2.8765652951699465,5.1234347048300535,5.1234347048300535
192,EGI1,0,34,ok,3.521024829009548,0.07320261230891827,0.6802604948841638,0.1644427341558633,10.306428073594443,0.10760190174043634,26.99151489162459,1.0,1.0,1.6019677996422181,1.6019677996422181,2.863148479427549,2.863148479427549,5.10644007155635,5.10644007155635
193,EGI1,0,0,ok,2.471103206044063,0.5213741322182339,0.11363324442561702,0.3009859859843886,16.33834342957025,0.5624902085529554,21.659949803322704,1.0,1.0,1.3613595706618962,1.3613595706618962,1.6511627906976745,1.6511627906976745,1.7039355992844365,1.7039355992844365
193,EGI1,0,17,ok,2.4467106870142743,0.5213741322182339,0.11363324442561702,0.3009859859843886,16.33834342957025,0.5624902085529554,21.659949803322704,1.0,1.0,1.3658318425760285,1.3658318425760285,1.6538461538461537,1.6538461538461537,1.6923076923076923,1.6923076923076923
193,EGI1,0,34,ok,2.4474793520057574,0.5213741322182339,0.11363324442561702,0.3009859859843886,16.33834342957025,0.5624902085529554,21.659949803322704,1.0,1.0,1.355098389982111,1.355098389982111,1.6386404293381038,1.6386404293381038,1.6762075134168157,1.6762075134168157
194,EGI1,0,0,ok,3.6232281279517338,0.8358933974701674,0.7535994835748332,0.15660006183250028,18.40006414151722,0.45656686886866665,27.615973805408757,1.0,1.0,1.5635062611806798,1.5635062611806798,2.8524150268336315,2.8524150268336315,5.347942754919499,5.347942754919499
194,EGI1,0,17,ok,3.6479548879433423,0.8358933974701674,0.7535994835748332,0.15660006183250028,18.40006414151722,0.45656686886866665,27.615973805408757,1.0,1.0,1.5840787119856887,1.5840787119856887,2.851520572450805,2.851520572450805,5.3765652951699465,5.3765652951699465
194,EGI1,0,34,ok,3.6600365339545533,0.8358933974701674,0.7535994835748332,0.15660006183250028,18.40006414151722,0.45656686886866665,27.615973805408757,1.0,1.0,1.5277280858676208,1.5277280858676208,2.800536672629696,2.800536672629696,5.279964221824687,5.279964221824687
195,EGI1,0,0,ok,4.441114591085352,0.5330177764695099,2.074197906009138,0.4268880870421796,19.60005412924462,0.5369284271065274,27.833856548493554,1.0,1.0,1.9329159212880143,1.9329159212880143,3.8774597495527727,3.8774597495527727,7.808586762075135,7.808586762075135
195,EGI1,0,17,ok,4.430423688027076,0.5330177764695099,2.074197906009138,0.4268880870421796,19.60005412924462,0.5369284271065274,27.833856548493554,1.0,1.0,1.9373881932021466,1.9373881932021466,3.895348837209302,3.895348837209302,7.835420393559929,7.835420393559929
195,EGI1,0,34,ok,4.424442108022049,0.5330177764695099,2.074197906009138,0.4268880870421796,19.60005412924462,0.5369284271065274,27.833856548493554,1.0,1.0,1.92128801431127,1.92128801431127,3.855098389982111,3.855098389982111,7.761180679785331,7.761180679785331
196,EGI1,0,0,ok,3.6991301409434527,0.9541238322450569,2.000146975242482,0.1753485378223477,14.109002327290597,0.5566254888864742,23.831814230212572,1.0,1.0,1.618067978533095,1.618067978533095,3.044722719141324,3.044722719141324,5.839892665474061,5.839892665474061
196,EGI1,0,17,ok,3.6676393679808825,0.9541238322450569,2.000146975242482,0.1753485378223477,14.109002327290597,0.5566254888864742,23.831814230212572,1.0,1.0,1.6064400715563507,1.6064400715563507,3.024150268336315,3.024150268336315,5.786225402504472,5.786225402504472
196,EGI1,0,34,ok,3.648008582997136,0.9541238322450569,2.000146975242482,0.1753485378223477,14.109002327290597,0.5566254888864742,23.831814230212572,1.0,1.0,1.5948121645796065,1.5948121645796065,3.011627906976744,3.011627906976744,5.801431127012522,5.801431127012522
197,EGI1,0,0,ok,2.6790935680037364,0.9039543177971179,2.790063898614167,0.041162146664034525,21.92125724574352,0.46075006602326174,24.669571033523987,1.0,1.0,1.1762075134168157,1.1762075134168157,1.8076923076923077,1.8076923076923077,2.7584973166368516,2.7584973166368516
197,EGI1,0,17,ok,2.7182770300423726,0.9039543177971179,2.790063898614167,0.041162146664034525,21.92125724574352,0.46075006602326174,24.669571033523987,1.0,1.0,1.1833631484794276,1.1833631484794276,1.7862254025044724,1.7862254025044724,2.721824686940966,2.721824686940966
197,EGI1,0,34,ok,2.6759594570612535,0.9039543177971179,2.790063898614167,0.041162146664034525,21.92125724574352,0.46075006602326174,24.669571033523987,1.0,1.0,1.1824686940966012,1.1824686940966012,1.7862254025044724,1.7862254025044724,2.7584973166368516,2.7584973166368516
198,EGI1,0,0,ok,4.228021514019929,0.0840277388024399,9.840663784911015,0.8041825982407671,15.385168051664868,0.6558393759705513,22.50988076654489,1.0,1.0,1.8488372093023255,1.8488372093023255,3.440071556350626,3.440071556350626,6.523255813953488,6.523255813953488
198,EGI1,0,17,ok,4.218257860979065,0.0840277388024399,9.840663784911015,0.8041825982407671,15.385168051664868,0.6558393759705513,22.50988076654489,1.0,1.0,1.8389982110912344,1.8389982110912344,3.401610017889088,3.401610017889088,6.4391771019677995,6.4391771019677995
198,EGI1,0,34,ok,4.220340707921423,0.0840277388024399,9.840663784911015,0.8041825982407671,15.385168051664868,0.6558393759705513,22.50988076654489,1.0,1.0,1.8506261180679786,1.8506261180679786,3.4177101967799643,3.4177101967799643,6.442754919499105,6.442754919499105
199,EGI1,0,0,ok,2.7781406689900905,0.3856544258783582,0.9166049005961886,0.1950210518846808,20.198036061126068,0.037337394319681166,29.393497119317487,1.0,1.0,1.3076923076923077,1.3076923076923077,1.9758497316636852,1.9758497316636852,3.2459749552772807,3.2459749552772807
199,EGI1,0,17,ok,2.8079105319920927,0.3856544258783582,0.9166049005961886,0.1950210518846808,20.198036061126068,0.037337394319681166,29.393497119317487,1.0,1.0,1.3175313059033988,1.3175313059033988,2.0008944543828266,2.0008944543828266,3.278175313059034,3.278175313059034
199,EGI1,0,34,ok,2.7714101700112224,0.3856544258783582,0.9166049005961886,0.1950210518846808,20.198036061126068,0.037337394319681166,29.393497119317487,1.0,1.0,1.3085867620751341,1.3085867620751341,1.964221824686941,1.964221824686941,3.177101967799642,3.177101967799642
