<?xml version="1.0"?>
<VTKFile type="UnstructuredGrid" version="0.1" byte_order="LittleEndian">
  <UnstructuredGrid>
    <Piece NumberOfPoints="2269" NumberOfCells="1">
      <Points>
        <DataArray type="Float64" NumberOfComponents="3" format="ascii">
 -229.643 -431.271 0 -198.959 -451.896 -2.89351e-16 -277.631 -401.127 -3.17517e-16 -324.475 -362.524 -2.23045e-16 -301.445 -383.731 -1.91644e-16 -287.683 -359.919 -2.58474e-16 -255.489 -417.41 -2.5322e-16 -232.872 -395.411 -2.45948e-16 -201.435 -417.004 -3.39661e-20 -255.867 -365.072 -2.99353e-16 -235.659 -368.221 -2.34559e-16 -221.552 -371.088 -2.08206e-16 -192.016 -380.236 -1.89008e-20 -366.329 -323.752 -2.74317e-16 -403.792 -277.588 -3.10749e-16 -379.094 -305.97 -1.56632e-16 -357.495 -301.074 -1.05091e-21 -375.207 -276.945 -2.43059e-16 -355.62 -266.459 -1.93265e-16 -421.075 -225.635 -2.89071e-16 -445.491 -200.581 -3.71134e-16 -413.533 -251.721 -5.43617e-19 -386.829 -260.063 -2.50918e-16 -406.432 -233.602 -5.28067e-16 -351.157 -247.26 -3.90426e-16 -389.965 -234.685 -4.91563e-16 17.9412 -436.131 2.5694e-16 -419.317 -198.87 -2.68056e-16 -350.112 -225.658 -2.70767e-16 -373.524 -204.344 -2.04701e-16 -350.65 -338.121 -2.61446e-16 -334.879 -312.769 -5.94251e-16 -303.136 -338.754 -2.6718e-16 -264.051 -332.579 -5.29918e-16 -332.134 -288.391 -2.06122e-16 -308.33 -285.806 -2.68317e-16 -284.448 -310.167 -2.38441e-16 -280.046 -263.242 -2.32985e-16 -248.839 -347.799 -3.75965e-19 -247.398 -324.729 2.69234e-19 -222.607 -344.773 9.22051e-25 -197.134 -338.022 1.04928e-23 -209.068 -332.927 2.07647e-24 -192.428 -323.459 -1.08989e-19 -264.367 -308.887 -2.45373e-19 -262.249 -269.142 -2.12649e-16 -232.586 -294.826 -2.8269e-16 -211.947 -303.129 -3.17625e-16 -209.564 -270.459 -2.44586e-16 -327.667 -259.628 -2.80364e-16 -306.493 -267.015 -6.06003e-20 -294.913 -247.545 -2.34212e-16 -315.22 -233.308 -3.16781e-20 -348.302 -205.359 -2.59781e-16 -286.251 -213.623 -4.9621e-19 -311.071 -202.382 -2.9398e-16 -259.013 -243.674 -3.38528e-16 -238.938 -271.567 -1.7107e-18 -230.255 -231.746 -2.59622e-16 -224.114 -248.631 -2.7673e-16 -255.517 -218.552 -2.84825e-16 -233.288 -214.18 -2.5327e-16 -254.337 -213.318 -4.99543e-16 -203.423 -227.883 -3.16208e-16 -105.947 -472.899 -2.54145e-16 -166.569 -459.294 7.56327e-20 -149.558 -455.087 1.21441e-19 -149.653 -465.223 -1.59568e-16 -127.579 -449.322 -5.38096e-16 -132.113 -440.707 -3.21696e-16 -84.1402 -476.39 8.30962e-19 -60.5704 -483.185 -1.97891e-16 -96.2507 -467.574 -3.8956e-16 -67.2449 -452.307 -2.12806e-20 -108.788 -434.409 -2.96426e-16 -75.5879 -436.222 -7.43078e-20 -47.8769 -457.649 -2.07702e-16 -176.306 -413.562 -3.35511e-16 -183.391 -401.307 -4.00006e-16 -155.58 -399.701 -1.97894e-16 -148.391 -423.289 -2.02142e-16 -127.47 -413.503 -3.42449e-19 -160.779 -373.118 -1.92186e-16 -141.069 -365.465 3.59902e-20 -118.586 -379.453 -6.18874e-16 -132.172 -363.617 -6.07366e-16 -103.592 -405.588 -3.2573e-16 -86.5287 -410.903 -2.75943e-16 -52.695 -429.32 0 -53.6421 -384.866 -4.97752e-16 -97.6405 -375.53 -4.78398e-16 -379.269 -268.025 2.39619e-16 -43.3702 -374.975 -2.01561e-16 -27.7797 -478.377 -4.85143e-16 -0.443742 -489.625 0 33.355 -487.811 2.24403e-21 -22.5548 -456.045 -2.47773e-16 -9.52991 -417.78 -2.56778e-16 -4.57181 -441.276 -3.0561e-16 21.894 -468.318 -6.25223e-16 44.6361 -464.5 1.1799e-19 42.5873 -439.611 4.86836e-20 57.2573 -484.672 0 93.0033 -476.819 -2.49071e-16 116.921 -469.586 1.37288e-19 69.7175 -449.562 -2.08633e-16 108.329 -454.193 -7.42987e-20 84.5628 -419.916 -3.00364e-16 128.248 -449.6 -2.46497e-16 3.56531 -423.645 -2.28729e-16 -33.889 -392.62 -1.51781e-19 23.8924 -425.953 -2.45773e-16 19.0142 -396.257 -6.85027e-20 44.2661 -416.177 -2.24888e-16 -5.25736 -390.053 3.37695e-21 -22.0643 -364.497 -2.0601e-16 39.3734 -370.889 -2.43308e-16 22.9252 -362.858 -3.47422e-16 29.7882 -356.166 -2.01833e-16 56.4767 -429.774 -2.26548e-16 48.8447 -393.291 -3.31181e-16 85.7212 -398.127 -2.48862e-16 102.631 -406.298 -2.4245e-16 59.8581 -369.824 -3.02719e-16 87.5909 -358.229 -2.07485e-16 84.5628 -379.462 -3.37899e-16 130.658 -373.619 -3.80871e-16 113.459 -351.576 -2.95694e-16 -154.902 -333.362 -3.02227e-16 -135.674 -337.169 -1.86474e-16 -127.259 -307.091 1.06204e-18 -116.909 -320.096 -3.25072e-16 -185.962 -293.998 -2.62636e-16 -151.388 -301.664 -2.60173e-16 -155.418 -289.893 -1.99836e-16 -117.047 -280.735 -5.20305e-16 -101.301 -350.414 -2.78607e-16 -73.3182 -332.876 9.31348e-22 -95.0147 -329.25 -2.98797e-19 -79.4317 -311.233 -3.38763e-20 -48.2104 -356.171 -2.4274e-16 -46.7854 -317.125 -1.94329e-16 -101.892 -303.531 -1.67057e-16 -89.8141 -284.336 -5.081e-21 -59.8437 -296.938 -2.45104e-16 -34.6079 -301.882 -2.96126e-16 -28.1075 -284.838 -5.26826e-16 -179.983 -262.293 -1.9267e-16 -193.897 -253.142 -2.35301e-16 -151.507 -243.013 -2.73731e-16 -138.31 -257.728 -1.858e-16 -126.258 -229.134 0 -172.844 -220.905 -3.25138e-16 -155.254 -210.166 5.40085e-20 -188.787 -187.417 -2.04572e-16 -136.896 -198.6 -5.12362e-24 174.367 456.932 3.17243e-29 -92.939 -227.124 -2.428e-16 -79.4116 -242.898 -2.19306e-16 -69.0606 -262.619 3.57954e-20 -57.6421 -249.023 -5.97671e-16 -78.7144 -229.454 3.16862e-19 -103.402 -197.792 -3.782e-19 -80.1638 -193.135 1.15457e-21 -55.1456 -201.884 -1.29416e-21 2.53797 -331.38 -2.84317e-19 -25.149 -320.297 -2.95418e-16 2.32223 -320.275 -3.20393e-18 23.7185 -338.865 -2.73832e-16 50.585 -327.794 -2.31474e-16 -7.32927 -302.718 -2.46896e-16 30.865 -301.465 1.71679e-21 50.2957 -344.367 -6.09842e-16 79.9408 -326.581 -2.36827e-16 127.248 -317.863 7.73392e-20 53.4942 -288.781 9.30738e-20 94.1332 -288.095 -3.77095e-22 129.845 -280.062 -4.46746e-16 -19.6675 -256.319 -5.29109e-19 5.74737 -267.911 -5.71203e-16 -10.9519 -238.176 -2.83983e-16 47.5868 -273.451 -2.44562e-16 30.1942 -231.835 -2.44094e-20 -29.1959 -227.638 -9.78431e-19 -11.9124 -210.181 -2.75515e-16 11.3883 -218.385 -2.13654e-16 43.7333 -206.465 -1.78431e-16 85.0765 -260.026 -2.60514e-16 63.1865 -238.17 8.63106e-20 76.8225 -239.617 -2.63015e-16 120.514 -262.691 -1.64353e-16 104.651 -242.078 -3.43021e-16 60.3271 -223.962 6.60019e-19 69.6037 -224.337 -6.05686e-16 97.5535 -217.065 -3.87083e-16 118.814 -228.07 4.30074e-20 110.606 -200.587 -2.30189e-16 -452.766 -174.105 -1.88874e-16 -431.419 -178.941 -2.17765e-16 -471.357 -118.592 -2.85632e-16 -468.208 -144.528 -5.26336e-16 -430.913 -148.908 -2.61139e-16 -442.141 -120.452 -2.22862e-16 -387.839 -186.596 -1.3093e-20 -420.026 -166.036 -2.51534e-16 -359.361 -173.999 8.27169e-21 -387.91 -159.943 7.05325e-21 -398.386 -133.5 -3.3849e-16 -358.714 -142.596 -2.38605e-16 -388.271 -126.313 -4.84586e-16 -360.755 -120.395 -2.36662e-16 -480.419 -96.4382 -2.86614e-16 -462.456 -98.9596 -2.75433e-16 -426.616 -84.6419 -5.58987e-20 -484.216 -61.8929 -5.24281e-21 -461.87 -72.028 -2.24594e-16 -463.484 -44.9219 -3.83582e-16 -439.729 -37.1474 -2.95719e-16 -407.191 -109.693 0 -395.652 -72.91 -2.33263e-16 -377.517 -91.6868 -2.8974e-16 -353.751 -79.4205 -4.15155e-16 -423.67 -62.9365 -1.05237e-19 -392.747 -47.4241 0 -370.384 -61.4403 -2.19053e-16 -369.945 -30.5039 -2.77761e-16 -334.577 -170.02 -2.99863e-24 -317.26 -182.698 8.49385e-20 -332.119 -145.631 1.1944e-20 -278.854 -178.798 0 -283.488 -152.842 -1.99037e-16 -315.19 -118.949 -1.37557e-27 -333.366 -125.219 1.66735e-24 -306.399 -103.054 -6.35743e-25 -282.987 -115.919 2.87507e-21 -247.828 -172.608 -2.26215e-16 -261.192 -155.932 -3.26647e-16 -212.555 -188.276 -2.22971e-16 -197.388 -178.658 6.34249e-19 -226.027 -148.992 1.83203e-19 -194.056 -152.554 -3.21548e-16 -238.019 -123.791 -4.97288e-16 -208.604 -137.234 -5.01159e-16 -196.724 -134.105 -1.95103e-16 -332.587 -91.4943 -2.9429e-19 -321.771 -69.0626 -2.34676e-16 -302.055 -83.3255 9.91472e-21 -312.112 -50.5431 -1.90303e-16 -344.651 -50.3958 -8.43022e-20 -278.961 -54.9672 -2.9711e-19 -291.827 -32.4398 -4.88453e-16 -266.913 -107.57 -1.63604e-16 -245.435 -97.4831 -2.94792e-16 -270.219 -79.5425 -4.46972e-16 -245.178 -65.9049 -5.30161e-20 -216.573 -109.466 -5.23509e-16 -190.882 -103.027 -2.40386e-16 -218.203 -69.2344 -3.45116e-16 -235.339 -53.5195 -2.18965e-16 -254.018 -38.4089 -2.74026e-16 -205.635 -72.1306 -3.25878e-16 -209.975 -48.0023 -3.30091e-16 -484.538 -30.1293 -5.0734e-16 -483.553 -5.10165 -2.53415e-16 -470.882 -22.6762 1.68334e-19 -443.992 -18.5237 2.0567e-19 -442.494 2.1626 -1.90258e-16 -489.445 23.5754 -4.29187e-16 -462.508 11.8816 1.10633e-20 -445.538 27.3407 -2.73804e-16 -460.953 43.546 -6.53444e-16 -442.201 48.6047 7.49191e-20 -423.257 -26.8705 5.56021e-20 -401.47 7.6967 -4.26576e-16 -372.766 -19.9823 8.12852e-19 -384.428 -1.36954 -5.85442e-16 -355.689 11.3248 -1.91905e-16 -415.915 24.3711 2.27131e-20 -398.551 31.3521 1.20094e-19 -371.392 42.4989 -5.69118e-16 -486.187 61.074 -3.82643e-16 -482.086 87.7464 -2.29999e-16 -460.504 71.4242 6.61314e-20 -471.98 116.998 -2.23788e-16 -435.12 98.5602 -2.21774e-16 -396.369 48.814 -2.82033e-16 -420.635 74.3561 -9.62397e-20 -374.505 62.2622 -2.96615e-16 -383.05 78.0438 -1.61442e-16 -371.913 71.8265 -2.34512e-16 -414.306 95.2979 4.27568e-20 -428.038 132.166 -3.01237e-16 -365.548 96.1997 -2.66998e-16 -385.228 119.122 -1.10791e-19 -366.899 123.288 -1.83238e-16 -335.729 -24.9981 -2.59348e-16 -320.446 -27.1467 -2.83302e-16 -329.274 -11.2633 -5.29815e-16 -288.666 -25.1928 -3.16514e-16 -281.685 -15.1578 -2.37531e-19 -305.043 5.86459 -2.25954e-16 -284.15 11.1013 -2.45293e-16 -312.158 39.1911 -3.32945e-16 -330.566 29.9044 -3.25963e-18 -287.648 24.2876 -4.38616e-20 -248.229 -19.8477 -3.78043e-16 -227.276 -16.8854 -1.96252e-16 -265.185 -5.16837 -1.10031e-18 -242.983 -6.57859 -1.71561e-16 -205.279 1.9635 -2.44309e-16 -267.199 13.0192 -4.18805e-16 -247.158 16.2317 -9.54015e-19 -261.495 47.1261 -3.99919e-21 -221.526 15.8026 -1.46784e-19 -192.727 36.0821 -2.67732e-16 -231.221 47.7127 -1.76862e-16 -351.859 52.2968 -3.77116e-19 -313.839 60.3968 7.79118e-19 -340.406 79.1724 -3.19333e-16 -288.956 50.8558 2.27419e-19 -306.152 64.4226 -5.24771e-16 -277.059 73.9129 -1.62156e-16 -332.402 107.963 -2.73747e-16 -302.446 90.7821 -2.9936e-16 -300.544 124.488 -2.20534e-21 -251.179 66.2486 -2.39012e-16 -202.611 61.5437 -3.44511e-20 -216.759 84.1578 -2.64149e-16 -259.373 104.679 -1.73557e-16 -236.209 96.0954 -2.90786e-16 -250.111 120.049 -1.01532e-19 -197.899 98.7614 -2.29487e-18 -208.504 123.916 -2.50657e-16 -196.707 134.637 9.1809e-20 -161.996 -184.779 -2.93715e-16 -178.343 -171.457 -3.21784e-16 -156.538 -170.707 -3.50799e-18 -121.506 -166.623 0 -164.61 -142.694 -2.46604e-16 -169.187 -104.43 2.13776e-19 -152.217 -145.995 -2.57359e-16 -139.528 -123.6 -2.74325e-16 -104.13 -182.417 -1.86151e-16 -92.2733 -165.91 -2.09595e-16 -55.3631 -167.198 -2.18349e-16 -104.15 -133.541 -4.37513e-16 -96.9903 -122.642 -3.0489e-16 -81.1439 -119.71 5.32535e-19 -68.5167 -144.897 -2.22814e-16 -34.6017 -145.019 -3.27361e-16 -44.7979 -118.467 -2.42254e-16 -164.541 -97.1387 -1.83106e-16 -174.94 -90.6657 -6.46533e-19 -152.908 -109.778 -2.44212e-16 -123.609 -103.812 -2.99916e-16 -137.034 -87.7115 -2.25579e-16 -177.071 -55.0886 -6.01883e-16 -162.204 -68.6548 -1.9512e-16 -152.119 -33.0978 -2.44628e-16 -126.292 -54.4724 -3.04937e-16 -123.175 -35.3146 1.72282e-20 -86.6438 -102.532 -2.62309e-16 -99.8036 -71.5731 4.92436e-20 -59.9003 -94.9094 -2.62766e-16 -21.6374 -94.7943 1.07769e-19 -38.4636 -74.6735 -2.2716e-16 -110.401 -40.1193 1.77514e-20 -92.414 -50.0512 -8.53313e-21 -68.4854 -67.2681 0 -59.5146 -48.034 -2.30522e-16 -42.4167 -52.639 -3.70554e-19 -29.2523 -167.566 -1.30829e-19 -3.88516 -191.962 -2.40986e-16 0.251671 -149.616 -3.02413e-16 11.4244 -182.73 -4.39734e-16 23.7562 -190.557 3.05877e-19 40.6112 -171.715 -2.43225e-16 -26.3488 -116.213 -2.09371e-16 -1.55627 -132.546 -2.65923e-16 22.135 -137.131 6.23391e-24 8.28827 -125.116 3.33212e-19 54.9922 -187.893 -1.95169e-16 86.269 -183.885 -8.01514e-21 67.7422 -156.112 -7.5293e-19 95.6229 -168.842 -2.54235e-16 59.8446 -128.883 -3.03041e-16 89.2525 -141.587 -6.16602e-16 117.05 -153.88 -3.42928e-20 110.158 -124.011 -2.49322e-16 -8.16645 -110.596 -2.69291e-16 -6.53249 -90.1187 -2.24931e-16 43.8617 -107.513 -2.9399e-16 15.3858 -79.3592 -4.38657e-16 -25.0543 -36.9712 -2.90598e-16 9.41059 -62.5862 1.00216e-19 -8.56203 -25.7865 -3.24923e-16 35.9364 -56.5778 -4.2347e-16 19.6551 -30.9457 -1.66652e-20 37.7946 -36.9567 8.53057e-21 84.132 -98.55 -1.95507e-16 57.2697 -77.175 2.15265e-21 82.4803 -77.6087 -2.31724e-16 112.892 -79.5389 -5.9351e-16 53.319 -53.1445 -2.78727e-16 117.444 -63.7215 3.90138e-19 106.684 -55.3383 -3.36145e-16 -179.608 -25.5665 -2.66594e-16 -169.839 -17.9279 -3.37535e-16 -176.143 -3.15118 -1.67615e-16 -155.507 4.67691 -1.72649e-16 -137.698 -17.9215 -1.05204e-20 -113.646 -16.8313 -1.59659e-19 -112.426 3.49477 2.39076e-19 -163.984 29.1405 -6.52025e-20 -144.16 42.6208 -2.71683e-16 -151.631 16.3073 4.77835e-21 -120.126 30.7858 1.04758e-20 -127.154 48.6971 4.85525e-20 -82.8602 -27.4725 -2.06331e-16 -95.2738 2.6788 -5.26956e-16 -73.4923 -13.5166 2.43862e-20 -33.5049 -17.6508 -2.49933e-16 -44.1148 0.753404 -1.80752e-16 -102.562 14.0243 3.5825e-18 -96.0833 47.0749 -2.87628e-16 -75.6227 31.805 1.7616e-20 -69.4022 10.1422 -1.72919e-16 -54.6504 35.4282 7.04528e-19 -57.03 43.0927 -2.88737e-16 -22.9903 38.7867 -2.74939e-16 -173.209 42.8621 -2.09866e-16 -179.972 81.7593 -5.10471e-16 -162.133 81.4963 -3.11711e-16 -135.477 71.7514 -3.35132e-16 -117.812 81.1387 -6.44167e-21 -183.413 114.483 -3.2673e-16 -174.211 98.9523 -3.29408e-16 -159.193 120.949 -2.96336e-16 -381.221 -298.209 -2.79206e-17 -117.268 106.695 -2.24212e-16 -82.4296 61.2224 -2.18802e-16 -91.8839 70.1567 -2.44122e-16 -40.6456 74.6799 -4.64524e-16 -64.3217 78.1026 -2.26971e-20 -92.9352 95.577 -2.43975e-16 -89.3872 78.762 -2.40722e-16 -100.866 114.987 -1.30352e-18 -75.6789 115.21 -3.83298e-16 -62.027 101.583 1.3517e-19 -41.7167 83.2153 -2.43606e-16 -45.6772 128.799 3.65171e-19 -19.8049 -0.861076 -3.17612e-16 -3.56417 -3.0715 -1.39501e-17 -0.0351348 -2.70084 -1.64922e-16 23.8431 -10.9286 4.82092e-23 36.1025 5.73966 -9.58202e-20 -22.5781 11.6945 2.45182e-19 -4.15425 24.3322 3.20555e-21 20.9223 20.3417 4.77056e-20 40.4498 22.9778 -2.60302e-16 45.6449 43.8837 -3.10202e-16 51.4128 -3.39567 -2.54719e-16 68.8678 -25.0764 6.2076e-20 80.3085 -0.689414 -3.74542e-21 94.1732 -28.4631 -5.12114e-16 107.294 -37.4892 -9.68282e-20 117.164 -6.73395 -4.9074e-16 68.9195 31.6801 3.31898e-19 100.301 31.1389 5.84885e-22 103.196 44.4779 -1.65558e-19 119.201 33.5126 2.27661e-19 -24.9173 63.7856 -2.35708e-16 14.7395 44.5521 -1.84245e-16 -17.9589 85.5612 -1.84367e-16 -6.97787 86.4754 -2.76153e-16 28.1781 54.6227 -2.37341e-16 28.6139 72.6614 -2.1012e-16 48.7788 75.0713 -3.30229e-16 -12.3231 104.949 5.35546e-20 -0.262399 133.021 -2.92499e-16 27.3662 103.571 -1.80885e-16 39.5809 96.9203 -3.66879e-16 32.6438 127.349 -1.97473e-16 47.1162 60.244 -4.40055e-16 77.5422 44.9751 -6.38997e-16 60.1414 73.4279 -2.44535e-19 98.564 65.591 -2.21341e-16 128.441 54.5599 1.32792e-18 89.539 85.699 -3.8183e-16 122.528 87.0387 -8.00252e-20 81.2841 85.5455 -3.13103e-16 67.9009 109.543 -2.80016e-16 104.256 112.056 -3.74088e-16 117.001 104.089 8.24978e-19 142.166 -463.04 1.37569e-19 151.346 -425.208 8.40784e-24 162.036 -455.267 -2.86892e-16 173.685 -433.61 -2.03614e-16 199.77 -442.492 -2.60664e-16 232.673 -429.505 -4.88144e-21 161.03 -412.725 -2.23478e-20 132.982 -401.46 0 198.433 -424.394 2.85864e-20 183.165 -405.406 -4.30185e-25 157.7 -384.607 -3.0046e-16 150.719 -364.991 -3.08116e-16 207.741 -372.812 4.06643e-21 164.846 -365.532 1.06505e-19 233.018 -406.469 -1.19084e-19 216.994 -410.468 -2.60079e-16 251.786 -418.784 -2.12124e-16 264.39 -393.512 -2.09439e-16 276.741 -402.724 -2.11197e-16 237.507 -383.065 -1.84183e-16 223.385 -345.495 -2.79731e-27 264.703 -380.392 -1.34422e-20 251.778 -357.936 -4.13753e-16 278.696 -352.432 -1.96656e-16 297.631 -389.25 -2.65989e-16 300.26 -358.133 2.65459e-21 323.478 -365.021 -3.07548e-20 143.754 -354.989 -2.32919e-16 157.446 -317.26 -6.81711e-22 198.533 -350.957 -3.12762e-16 188.177 -328.684 -1.02818e-18 194.345 -303.782 -5.14755e-16 144.339 -310.136 -3.28174e-16 153.082 -272.78 -1.25919e-21 179.715 -293.551 -4.6024e-16 207.062 -278.21 -2.36426e-16 178.912 -280.862 -1.78637e-16 230.045 -324.654 -2.09266e-16 252.799 -336.802 -1.93127e-16 297.174 -324.601 -5.43954e-16 267.184 -315.503 -2.09559e-16 247.077 -292.713 -3.04704e-16 284.364 -274.821 -2.56131e-16 142.878 -233.346 -2.24186e-16 164.256 -254.155 -2.05021e-20 195.89 -269.737 2.19942e-19 195.683 -247.916 -3.0743e-16 138.15 -212.057 -1.87414e-16 143.588 -211.136 -2.8181e-16 148.51 -201.133 -2.77056e-16 165.988 -235.409 -1.89004e-16 211.696 -227.437 -2.35432e-16 190.641 -199.365 -2.33171e-16 231.975 -258.968 -1.51962e-16 212.406 -239.148 -1.89731e-16 240.492 -240.498 -2.62479e-16 258.634 -251.871 -5.66794e-19 272.15 -255.083 -1.98072e-16 271.521 -233.567 -2.18393e-16 285.643 -238.354 -2.8869e-16 222.311 -212.731 -2.23093e-19 251.775 -225.808 -2.6705e-16 220.972 -195.3 -2.74235e-16 239.573 -197.325 3.69114e-20 276.297 -214.247 5.49977e-20 315.113 -342.313 -1.85493e-16 342.416 -348.302 2.00821e-21 368.555 -312.067 -4.24666e-16 297.899 -315.928 -2.75031e-16 313.517 -292.617 -2.60247e-16 334.433 -312.806 -2.62496e-16 351.884 -286.24 -4.02606e-16 333.526 -274.921 -1.22108e-19 389.134 -294.77 -2.13877e-16 397.457 -272.808 -2.44254e-16 304.551 -260.717 -1.83893e-16 317.206 -242.179 -2.85393e-16 376.96 -272.962 -1.95968e-16 346.683 -245.476 1.45855e-19 368.006 -246.252 -2.75112e-16 299.258 -209.263 -2.91007e-16 317.974 -210.209 -1.60767e-16 297.261 -195.641 -2.62381e-16 348.318 -230.242 -3.78885e-16 353.74 -199.405 -4.96733e-16 393.736 -239.659 -1.89805e-20 423.223 -246.956 -4.23649e-16 377.839 -212.389 -2.97737e-16 -206.364 -307.827 3.02225e-16 401.41 -208.276 -3.24291e-16 432.89 -229.504 -3.39536e-16 442.282 -202.015 -2.52573e-16 138.876 -181.082 -2.72527e-16 153.167 -183.345 6.36243e-19 134.377 -161.505 -9.69915e-19 153.437 -163.53 -5.43899e-16 175.881 -172.428 -2.65334e-16 185.318 -156.005 -2.81384e-16 205.283 -162.416 -9.14005e-20 164.856 -138.391 -2.75352e-16 145.349 -125.696 1.7337e-21 163.926 -115.093 2.67512e-20 180.947 -133.186 -1.90358e-16 205.345 -131.822 -1.15853e-18 201.638 -124.445 -2.19867e-16 228.333 -171.721 3.87031e-21 247.472 -159.093 1.4467e-22 270.154 -182.922 1.41055e-21 280.226 -151.042 -6.05125e-16 229.306 -148.804 -1.46008e-25 235.747 -111.579 1.61091e-21 257.786 -124.897 -1.76125e-16 141.871 -91.428 1.45987e-20 161.717 -80.5759 -2.86614e-16 200.386 -102.223 -2.11744e-16 133.572 -64.7605 -2.33252e-16 162.446 -44.8025 -1.94774e-16 144.87 -35.4126 -2.18894e-16 196.58 -68.5286 -2.30877e-19 189.952 -38.177 -4.33817e-16 228.023 -87.765 1.0051e-26 244.185 -107.588 -2.16637e-21 288.302 -104.044 -2.91814e-16 259.585 -73.5491 1.03653e-19 288.414 -86.902 -1.92069e-16 218.178 -55.4804 -9.7271e-19 242.386 -63.8053 -5.90321e-16 224.932 -31.8313 -2.92453e-16 255.473 -32.6033 1.00182e-22 294.649 -40.5872 -2.68442e-16 316.787 -195.9 -3.09268e-19 301.149 -169.925 -1.92379e-16 318.537 -170.16 -5.71025e-16 361.818 -166.667 -2.56582e-16 281.158 -129.379 -4.3197e-16 312.468 -115.536 -2.38512e-16 356.599 -133.716 -1.82069e-16 363.021 -144.282 -2.51777e-16 396.503 -173.446 -1.64024e-16 388.629 -154.667 -2.26774e-16 428.463 -175.055 9.04903e-22 434.654 -149.761 -3.06833e-16 377.467 -125.893 -1.98662e-16 402.966 -120.24 -1.19599e-18 409.496 -147.113 -1.80683e-16 441.118 -133.777 -1.76459e-18 314.301 -99.8869 4.63667e-19 327.394 -115.698 -1.94773e-16 306.645 -87.8195 -1.93575e-16 329.384 -82.7127 -8.92948e-21 362.544 -101.746 -1.97419e-16 292.97 -60.0725 -2.53914e-16 322.414 -59.5628 -3.44764e-16 309.494 -32.639 -3.17817e-16 356.96 -58.1288 -2.66432e-16 391.359 -92.9708 -3.5276e-16 416.017 -111.525 -2.61065e-16 414.324 -74.3124 -5.11487e-16 449.238 -68.5968 -4.16324e-16 382.373 -58.8372 -6.58053e-21 375.02 -38.7842 -2.53579e-16 413.171 -24.824 -3.30352e-16 421.649 -35.2403 -4.4594e-16 133.577 -8.54059 6.40382e-20 159.509 -8.78969 -2.48054e-16 175.805 -18.3102 3.34436e-19 185.775 -13.427 -2.65986e-16 173.573 5.23572 -2.48046e-16 205.402 7.75594 8.24731e-19 142.741 14.8395 1.56651e-21 162.975 27.2592 -2.6923e-20 127.771 46.7542 -4.0754e-16 187.138 24.4874 -3.2374e-16 242.955 -15.2828 -1.49612e-20 222.754 2.8103 -1.611e-16 267.107 5.91267 -6.67912e-20 207.67 13.1405 -2.51117e-16 248.626 3.27658 -2.27688e-16 237.569 36.2811 0 266.477 33.8918 -2.73131e-16 161.508 74.599 -5.21856e-16 166.986 49.8406 1.52998e-20 201.309 56.7167 -2.37323e-16 195.214 82.0648 -3.27717e-16 141.381 98.5926 -2.29254e-16 167.967 99.7502 1.00615e-21 152.634 122.676 -6.79388e-16 192.017 106.377 4.48036e-20 177.196 129.651 0 237.144 52.3775 2.9087e-20 212.003 87.5775 -2.29982e-16 254.215 57.4333 -3.36647e-16 273.472 44.9881 -3.02999e-16 264.786 78.0865 -4.57008e-19 245.88 97.4735 -6.67832e-27 215.439 129.37 -9.66278e-21 265.092 93.0755 1.52462e-21 263.764 119.743 -2.74939e-16 293.967 -12.5842 0 328.089 -8.29854 -9.01255e-20 346.467 -22.6727 -5.26461e-19 346.988 -4.06318 -1.83171e-16 298.955 22.9208 -2.72776e-16 318.088 19.5927 -3.02839e-16 317.854 54.1135 -3.33347e-16 343.619 16.8764 -2.08332e-16 369.896 8.3135 8.02348e-20 334.087 48.1922 -4.73092e-19 351.371 30.5943 -2.57083e-16 369.345 -14.4741 -2.32429e-16 390.789 -16.0849 -2.36272e-19 428.894 -26.4773 4.83901e-19 420.344 -9.67536 -4.65062e-16 451.927 -4.322 -2.19642e-16 401.649 11.5485 -2.48301e-16 374.447 41.5527 2.96703e-19 396.767 54.3275 -2.28156e-16 420.441 27.7296 -2.80026e-16 425.836 43.9813 8.36139e-19 449.075 50.4582 -3.77418e-16 291.745 78.2974 -2.39138e-16 329.434 73.8805 -2.06208e-19 364.751 54.0715 -2.03993e-16 351.131 76.3552 -4.28093e-16 304.471 108.929 -1.87342e-16 290.662 108.217 1.86701e-19 342.62 100.563 -5.91501e-16 363.437 101.775 3.48506e-19 344.299 126.677 -2.27258e-16 381.803 60.3835 -1.64524e-16 380.78 85.3522 -2.43168e-16 409.157 76.694 -4.39303e-16 425.544 55.4229 -2.95544e-16 438.346 81.8967 -2.44218e-16 384.275 124.713 0 396.813 100.539 -2.82424e-16 436.93 115.886 -2.46247e-16 449.607 -176.065 -2.82005e-16 460.841 -146.081 -1.18266e-19 462.442 -113.435 -2.74849e-16 473.912 -124.569 -2.41127e-16 458.46 -92.6229 1.05464e-19 482.34 -86.3146 -3.02185e-16 459.537 -61.8933 -2.51223e-16 485.3 -57.8575 -2.41144e-16 451.292 -52.1401 -2.65607e-16 459.104 -8.95187 -1.69498e-16 487.832 -34.9599 -2.79869e-16 481.692 -0.753842 -2.66867e-16 458.867 26.0728 -1.98977e-16 477.422 30.1613 2.3211e-19 478.293 44.0963 -4.81636e-16 453.818 73.5012 -4.24478e-16 479.578 62.4471 -5.51509e-16 475.507 86.7976 -2.14283e-16 449.869 100.652 -7.60212e-20 471.544 123.347 -2.85897e-16 -467.416 145.214 -2.21555e-16 -450.725 121.357 -3.30452e-16 -439.379 155.439 -4.768e-16 -452.258 159.644 -1.83839e-16 -445.224 204.65 -6.12122e-16 -419.726 146.166 -2.76371e-16 -392.818 151 -4.69116e-16 -378.262 146.871 -2.35435e-18 -350.629 146.903 -2.3867e-16 -385.719 167.751 -2.97842e-16 -419.342 166.256 -4.51702e-16 -399.382 188.905 -2.63798e-16 -414.891 204.073 -2.45472e-20 -350.839 173.028 -1.87753e-26 -369.327 189.39 -2.28534e-16 -429.693 227.017 -5.92827e-16 -389.348 243.931 4.74988e-20 -392.254 215.592 -5.5949e-16 -375.106 232.579 -2.36562e-16 -361.082 243.725 -2.27873e-16 -419.194 253.603 -3.32781e-16 -397.847 278.945 -2.42412e-16 -371.629 277.179 -6.31578e-21 -334.722 139.668 3.80011e-20 -299.031 149.953 -4.33691e-21 -275.481 152.783 -2.64179e-16 -324.801 175.379 -3.01368e-16 -335.816 207.414 -1.9919e-16 -321.616 209.178 1.79735e-19 -289.993 189.841 -9.02308e-22 -261.482 142.217 -4.04333e-16 -222.567 144.439 -2.46867e-16 -185.858 168.956 -7.1359e-21 -253.033 170.205 -1.41432e-20 -255.567 198.068 -2.26254e-16 -228.056 192.487 -5.37131e-16 -223.744 173.166 -1.7656e-16 -209.868 204.432 -3.08578e-16 -335.929 231.843 2.10757e-19 -326.32 225.961 -5.02352e-16 -288.638 218.097 -2.8571e-16 -279.493 234.416 -1.0179e-19 -326.887 256.208 -1.0692e-20 -347.128 279.041 -3.31516e-16 -314.58 286.337 -1.5444e-19 -304.566 258.959 -2.59692e-16 -284.054 286.234 -2.79966e-16 -234.618 229.802 -1.75751e-21 -256.444 230.149 -2.26607e-16 -233.769 251.319 7.23726e-21 -202.367 230.672 -2.02667e-19 -219.635 237.273 -1.96696e-16 -195.047 247.527 -2.54249e-16 -262.555 253.45 -2.1959e-16 -232.518 276.009 -2.92888e-26 -218.203 269.213 -1.51984e-26 -217.284 287.9 1.32183e-29 -384.537 298.377 2.00343e-21 -362.943 299.432 4.91632e-20 -360.952 321.548 -9.36251e-21 -342.292 322.068 -2.08873e-16 -303.931 300.099 -2.63166e-16 -274.626 320.971 -2.5101e-16 -342.494 350.435 -4.88839e-16 -315.64 340.705 1.02498e-21 -321.719 369.271 -1.59085e-21 -289.565 340.047 -1.92992e-16 -272.126 349.809 5.52888e-20 -305.811 362.361 1.86804e-20 -259.417 299.23 -4.08515e-19 -246.105 315.179 -6.51793e-20 -209.43 317.828 -1.3792e-21 -256.271 346.67 -2.49952e-16 -226.9 348.931 -4.7347e-20 -255.079 365.357 -3.08986e-16 -225.5 340.136 -2.17983e-16 -218.895 359.239 8.39724e-20 -299.576 381.946 -1.86521e-16 -274.919 375.745 -3.23612e-16 -280.055 398.037 -1.96495e-19 -229.793 369.274 -3.07053e-16 -241.272 402.737 -2.29769e-16 -235.899 407.456 -2.12801e-16 -215.681 381.368 -2.37294e-16 -257.333 415.812 -6.6294e-19 -206.595 411.427 -1.96766e-16 -229.537 432.626 -2.74475e-20 -195.899 447.817 -2.39999e-16 -165.747 159.972 -3.09798e-16 -145.617 133.114 1.56394e-19 -338.451 -322.15 3.82602e-17 -152.054 160.127 -2.12953e-16 -155.006 189.132 -2.38232e-16 -185.24 197.339 -2.51758e-16 -128.97 197.112 9.5615e-20 -86.607 144.937 1.3529e-20 -54.0432 136.721 -5.36532e-16 -61.5896 159.828 1.20615e-20 -44.9577 160.914 -1.97928e-16 -100.088 166.001 -2.55432e-16 -91.7126 174.286 4.0871e-19 -108.607 198.203 -5.05211e-16 -67.5764 188.3 -6.12187e-16 -43.991 189.618 -1.69621e-16 -158.42 212.562 2.50375e-21 -173.042 227.008 -2.08391e-16 -124.446 221.91 -8.8892e-21 -143.7 238.713 -2.44891e-16 -116.047 248.001 -6.12383e-16 -161.186 262.325 -4.10265e-16 -190.516 273.819 -4.57288e-16 -154.89 278.311 2.16153e-19 -135.164 267.482 -2.6408e-16 -92.0281 212.899 -6.07078e-19 -80.4253 220.354 -7.07143e-20 -69.6706 237.313 -5.40738e-16 -48.5361 210.599 -2.51717e-16 -31.7675 238.74 -2.27903e-16 -80.4325 258.66 -2.05679e-16 -111.197 270.21 -2.07359e-16 -144.064 -347.35 1.70226e-16 -58.4571 276.756 -5.95854e-20 -33.0629 137.035 -1.75948e-16 -11.7216 154.259 -2.29955e-16 19.0344 150.126 -2.28717e-21 47.4022 150.613 1.36509e-18 -20.9888 181.471 -2.34807e-16 2.79551 172.208 -3.00652e-16 -32.2472 202.456 -2.50676e-16 -10.9426 196.093 -3.0887e-19 31.7264 167.958 4.6356e-20 19.9188 186.506 -2.88176e-16 59.8531 154.036 -5.61675e-16 85.6892 136.377 -1.7743e-19 69.594 165.45 6.55077e-19 120.298 137.857 -6.39658e-16 99.0713 171.031 -1.84253e-16 91.439 183.948 -4.65974e-16 61.3017 194.028 -2.71221e-16 113.111 199.012 -1.26739e-21 -8.2517 224.493 -1.72732e-16 -28.0673 257.064 1.27868e-19 19.8726 215.594 -1.36772e-19 46.0461 214.637 -6.18235e-20 32.8202 241.689 -2.40649e-16 3.615 255.531 -2.49601e-16 -31.7386 275.222 -2.58579e-16 20.6677 272.415 -2.49956e-16 79.754 221.521 -2.37209e-16 75.6973 250.359 8.93021e-22 106.76 244.175 -3.13398e-16 53.9542 266.435 -2.15734e-16 68.7235 287.708 -4.19359e-16 103.061 266.52 -1.78256e-16 110.642 279.205 -2.79308e-16 -179.428 308.995 -2.98527e-16 -167.186 295.4 -5.09774e-16 -186.899 323.004 4.19259e-20 -130.977 292.13 3.60888e-21 -131.361 309.399 2.64328e-19 -157.452 340.651 -5.3209e-16 -181.178 363.301 -2.66487e-16 -165.174 366.9 1.17377e-19 -129.406 354.189 -2.22201e-16 -115.195 336.428 1.18814e-20 -116.217 311.902 -3.75155e-16 -75.7212 307.747 -2.93177e-16 -87.6232 322.859 -5.82624e-16 -36.742 300.852 -7.86506e-25 -65.2714 316.141 2.63301e-19 -43.0381 319.037 3.9372e-21 -98.9468 356.31 -1.78725e-16 -37.7166 339.821 -4.11407e-16 -70.7063 357.336 -4.77521e-16 -177.488 395.218 1.88293e-20 -127.516 377.411 -2.98063e-16 -154.385 396.095 -2.51562e-16 -122.374 400.555 -2.43376e-19 -165.096 414.84 -2.63432e-16 -174.913 432.314 -3.94302e-20 -158.508 445.131 -2.14764e-16 -142.608 424.073 -2.5184e-16 -116.532 433.152 -3.03336e-16 -107.696 377.026 3.5716e-19 -75.297 375.254 -3.59857e-19 -50.9606 382.025 -1.93584e-16 -36.2406 376.884 -2.22801e-16 -59.1478 405.241 -3.22923e-16 -35.3887 398.107 -1.83049e-16 -99.237 404.927 -1.81825e-16 -67.0051 429.559 -2.77407e-16 -94.6033 430.673 -3.2984e-16 -56.1844 431.566 -2.7218e-21 -4.43056 293.308 2.05823e-21 -16.071 313.568 -3.06728e-16 42.4444 298.794 5.26616e-21 26.2039 323.263 -8.85071e-20 15.6713 310.92 -2.40071e-16 -5.28581 341.513 -2.97468e-16 -5.94767 361.284 -2.01974e-16 45.2073 338.356 -2.66122e-16 18.5236 362.774 -3.15456e-16 65.1589 292.688 5.97196e-19 51.9757 319.954 -5.45431e-16 71.9546 311.919 -4.43765e-19 103.076 313.067 -2.40087e-16 132.334 292.78 -2.4501e-16 99.2558 338.047 5.5407e-20 119.994 306.934 -1.8655e-16 74.4332 344.761 -5.49176e-16 58.4069 363.141 -2.25018e-16 69.4147 363.266 -2.64412e-16 128.042 346.915 -1.97501e-16 91.0284 359.008 -3.39205e-16 -9.38821 385.56 2.81659e-21 8.50061 398.879 2.72536e-20 42.7525 391.755 -9.2636e-19 -22.4713 417.994 -3.16031e-16 24.4007 407.36 -1.72134e-16 6.29247 429.472 -1.5761e-21 36.0664 440.234 -2.87379e-16 60.1099 383.145 -2.35767e-16 76.6353 382.733 -4.07311e-20 80.6279 406.789 -2.4641e-16 114.732 390.894 -1.96057e-16 90.9037 397.446 -1.96976e-16 57.9068 425.942 -5.80062e-16 91.8994 421.851 3.565e-20 72.7734 448.496 -2.85385e-16 113.425 430.917 1.67471e-21 99.4749 444.35 -6.75556e-24 140.887 440.284 1.7188e-18 -181.815 452.743 7.30154e-20 -139.682 458.498 -2.58659e-16 -129.045 450.666 6.99506e-20 -114.833 471.594 -1.90457e-25 -95.7276 450.366 -2.77383e-16 -70.584 457.853 -4.643e-21 -88.167 482.003 0 -47.3983 460.694 -2.62271e-16 -67.9378 485.267 -2.2954e-16 -10.4436 456.32 -2.4011e-16 -27.2609 489.241 -1.78258e-21 9.75342 457.218 -4.70831e-16 39.0773 466.863 -5.05474e-20 20.2123 489.587 -2.64562e-16 8.87193 488.739 -1.6955e-16 60.8822 483.276 0 93.9453 479.639 -2.35678e-16 119.53 469.508 -3.36312e-16 149.683 157.56 -3.55218e-16 198.718 145.564 -4.20687e-16 182.411 155.28 3.20127e-19 209.185 162.183 -2.81559e-16 133.231 187.732 9.52651e-27 155.26 201.754 -8.21944e-20 174.839 173.96 2.14213e-21 204.271 194.483 -2.28319e-16 214.243 207.218 -2.55305e-16 240.014 130.542 -2.28719e-16 222.225 150.811 -1.44336e-20 249.259 162.664 -8.61739e-19 286.085 161.318 -2.70649e-16 212.86 183.739 -3.31429e-16 245.179 182.978 -2.06502e-16 231.481 210.612 -2.80315e-16 259.262 179.852 1.46849e-19 273.454 203.018 -1.66841e-16 280.703 203.216 -2.86288e-16 129.376 214.413 3.59642e-25 162.61 228.13 -2.69463e-16 147.836 245.561 -2.38887e-16 191.685 205.934 -2.70095e-16 206.199 218.259 -2.48987e-16 185.675 233.754 -5.08503e-16 132.269 278.711 -2.45368e-16 172.153 253.844 -2.06392e-16 188.971 254.687 -4.68823e-19 177.568 273.827 -2.83429e-16 210.943 289.37 -2.88359e-16 242.335 240.654 -1.01911e-18 260.279 237.122 -1.63766e-16 274.036 219.544 -4.45128e-16 230.098 271.336 2.25881e-22 261.671 257.54 -1.64183e-19 292.959 264.061 -3.36094e-16 256.048 270.456 -3.78306e-16 280.274 266.7 -2.50585e-16 314.935 129.271 -2.76233e-16 330.037 150.261 -3.10673e-19 363.877 150.697 -2.67674e-16 303.48 188.179 -2.49394e-16 319.376 194.46 -3.18053e-16 308.699 210.278 -2.81731e-16 364.902 176.998 -5.26848e-21 351.471 205.708 -2.43502e-16 384.541 151.344 9.65761e-20 416.076 132.126 -3.49386e-20 433.509 154.184 -1.08801e-19 415.486 166.096 -2.61729e-16 397.321 179.098 1.14706e-20 377.537 196.167 9.4158e-28 432.345 168.103 -2.48763e-16 419.428 200.735 -2.66012e-16 442.683 203.524 -1.9442e-16 326.686 223.834 -2.16489e-16 314.024 239.628 -2.97669e-16 353.045 234.609 -3.81842e-16 306.536 258.587 5.37291e-19 301.056 283.03 -2.72826e-16 333.571 256.671 -2.94265e-16 347.497 260.109 -4.95661e-16 361.977 243.835 -2.90712e-16 340.091 285.862 -2.79987e-19 372.593 226.048 -2.136e-16 401.315 222.422 0 429.045 226.127 -3.958e-16 381.757 254.407 -3.02438e-16 371.442 267.559 -1.03031e-18 399.92 279.696 -1.39886e-20 418.574 254.747 2.33754e-21 154.783 293.223 -2.47173e-16 139.605 331.262 -3.05306e-16 163.052 339.014 -4.31675e-16 184.661 307.244 9.83585e-22 152.862 345.722 -2.60989e-16 184.206 346.197 -4.68067e-16 208.704 337.277 -3.1289e-19 205.271 366.423 2.54597e-21 229.899 303.123 -2.62194e-16 248.254 290.152 -2.89325e-16 274.448 299.386 -2.48096e-16 252.209 315.006 -1.14024e-19 291.538 310.923 -4.67981e-16 223.601 333.005 9.07943e-23 240.587 342.356 -1.041e-26 234.523 355.925 4.14569e-28 270.789 341.282 -2.64063e-16 151.602 370.228 -2.53595e-16 164.127 395.969 -1.57909e-16 171.332 368.591 -3.11791e-16 183.555 388.949 -2.01978e-16 141.163 413.725 -1.66862e-16 143.818 442.578 -4.12401e-16 173.308 424.066 5.36632e-21 212.122 411.111 -1.04846e-21 192.969 445.708 -1.17278e-25 219.802 380.321 -1.82281e-16 237.621 396.468 -3.01018e-16 264.039 371.117 -2.45828e-16 271.359 405.549 -1.56475e-19 223.278 431.626 -4.30162e-16 248.614 419.916 -4.70964e-16 317.434 293.313 -2.77575e-16 367.141 287.458 -3.24925e-16 334.181 320.495 -2.53394e-16 366.015 325.616 -1.9197e-19 304.015 338.816 -2.51013e-16 301.803 356.764 -4.75871e-16 320.631 368.63 -2.06243e-16 348.102 343.125 1.26476e-21 382.704 302.106 -3.40322e-16 308.583 372.156 -2.81271e-16 460.902 151.611 -4.70452e-16 457.805 174.693 -1.18579e-18 150.519 462.008 -3.29651e-16 -299.831 -365.297 -6.00812e-17 -404.22 -253.383 2.53375e-16 124.355 -373.284 -2.34385e-17 -110.667 -327.239 3.19239e-16 -347.32 -79.6692 2.05416e-16 -268.357 -73.9631 -4.72362e-17 87.8466 -133.452 -2.0879e-17 3.86287 -1.45079 2.20538e-16 93.3554 82.225 1.87244e-16 99.6876 101.622 -3.90404e-17 363.497 -295.022 -4.468e-17 407.891 -74.5681 1.444e-16 405.963 82.5036 -1.11651e-17 -69.2181 194.733 1.29545e-16 62.9816 128.862 2.75723e-16 114.352 133.451 1.10663e-16 63.056 340.75 9.17802e-17 63.2456 391.525 -1.90469e-17 10.8126 459.447 -1.78071e-17 223.606 433.499 -2.72849e-17 239.336 -379.997 1.69014e-16 138.992 39.6894 -5.03458e-17 -113.117 -98.809 3.02208e-16 -319.609 13.8461 3.12742e-16 -294.304 78.6973 -2.925e-16 486.676 55.1435 7.91931e-17 -467.449 140.474 1.97128e-16 116.103 -196.825 2.20125e-16 61.5636 -344.173 2.73161e-16 -48.7875 -225.31 -6.831e-17 -63.7986 -395.183 3.11967e-16 -56.3057 -486.756 1.90596e-16 -336.219 -244.488 2.8759e-16 -116.438 -475.188 2.35461e-16 -115.022 -391.712 -2.11452e-16 -382.227 -136.777 -4.92908e-17 -238.834 -119.417 -2.23803e-17 -482.886 -32.359 2.61505e-16 -486.155 30.8561 -2.28636e-17 -482.076 58.3667 1.77743e-16 -249.463 -10.9364 -4.56896e-17 -100.422 50.9202 3.20697e-16 12.0189 99.286 -6.40679e-17 44.9161 96.8766 1.84078e-16 28.3441 128.113 1.94316e-16 442.251 2.51427 2.03134e-16 -424.953 227.191 -1.22367e-17 -389.404 221.001 1.27154e-16 -268.91 138.461 -2.70243e-17 -18.5726 414.371 -7.01375e-17 179.673 242.49 2.36512e-16 431.446 230.634 1.67769e-16 300.538 367.265 -3.42951e-17 149.363 430.902 -4.76232e-17 310.94 133.919 -1.30424e-16 430.946 -51.7467 -7.54593e-17 197.823 -38.6245 -5.4769e-17 -442.641 207.031 2.81526e-16 12.6654 -96.2679 -4.98038e-17 120.228 287.38 2.41576e-16 -410.435 -9.41069 1.88021e-16 313.61 -247.146 -3.32385e-17 -455.877 -36.3476 -2.65896e-17 -249.468 -199.52 -3.37479e-17 460.471 144.508 -3.95943e-17 292.093 -55.2321 2.81117e-16 295.254 -131.956 1.88434e-16 292.727 61.9992 3.19962e-16 350.678 35.3605 -5.06832e-17 407.573 -18.7654 8.67986e-17 -232.994 183.639 1.60723e-16 -157.266 183.482 2.53064e-16 75.4677 188.133 9.61025e-17 168.846 328.741 -5.59053e-17 204.18 156.017 -5.27145e-17 139.509 88.8592 2.32724e-16 166.277 -50.6282 1.78345e-16 -96.621 -7.57317 1.20891e-16 -99.7152 201.23 3.29781e-16 -49.8905 176.148 1.6687e-16 -298.233 285.193 2.62741e-16 264.529 -319.959 -3.41079e-16 253.743 226.099 -3.33773e-17 257.963 272.577 1.63511e-16 -429.274 158.544 1.27517e-16 -406.48 134.599 -4.00423e-17 -343.423 203.227 -3.32821e-17 70.3219 449.909 1.00331e-16 -261.71 397.89 2.16133e-16 69.0839 -211.542 1.08814e-16 100.243 -216.098 1.86444e-16 123.275 316.389 -1.55638e-17 -108.665 -353.065 -4.36386e-17 -285.757 -43.5763 2.34812e-16 -99.3986 -382.69 2.1053e-16 -370.375 -245.344 -3.54058e-17 -95.8331 -307.312 1.8437e-16 -28.035 -269.871 1.1317e-16 -69.403 -141.331 2.09522e-16 -71.8731 66.2716 2.28259e-16 136.204 -177.045 2.49439e-16 151.095 -157.196 1.31507e-16 231.816 -46.3194 -4.10592e-17 438.403 169.625 -2.13333e-16 455.958 -8.86561 -3.54502e-17 486.908 -29.351 2.67603e-16 -110.897 131.069 3.00529e-16 106.417 285.937 -3.84426e-16 194.276 193.439 2.28721e-16 303.835 214.595 -4.64742e-17 352.524 278.6 -4.25212e-17 -196.527 415.367 2.02577e-16 255.631 135.733 1.14438e-16 348.859 -8.59532 -2.11419e-17 388.675 37.5584 -3.63533e-17 64.5689 328.599 -3.12453e-17 -103.758 311.253 -2.73562e-17 -118.939 276.829 -5.1864e-17 -51.5934 245.499 9.56977e-17 -216.079 -252.409 2.67211e-16 -265.688 314.302 2.41053e-16 249.11 -330.515 -3.2331e-17 289.34 -324.905 -2.17691e-17 444.306 -71.9864 1.86372e-16 116.746 -265.954 1.71257e-16 -458.156 -171.543 2.08928e-16 -329.857 -278.311 -4.57663e-17 -415.731 -231.662 -1.11118e-16 -322.621 -320.322 -3.29509e-17 -250.221 -260.325 -3.93636e-17 -100.02 -435.911 2.91064e-16 -128.828 -276.777 2.48701e-16 129.397 -289.025 2.00408e-16 -262.084 -108.468 1.63853e-16 -383.769 92.5372 1.5752e-16 -207.71 20.1939 1.20075e-16 -232.067 43.4962 -3.51721e-17 -171.769 -171.308 -8.67212e-17 16.9476 -165.042 2.11626e-16 87.1221 -79.9692 2.48635e-16 326.31 -213.956 -5.27705e-17 350.208 -194.857 -3.79849e-17 417.332 -251.216 1.87642e-16 366.96 -90.9545 2.04091e-16 456.634 52.8125 1.74254e-16 416.27 107.474 -3.01324e-17 -347.245 337.773 2.15795e-16 -157.572 312.018 -5.32176e-17 -165.103 436.034 -4.48976e-17 90.8218 109.448 1.34661e-16 355.955 -293.146 4.01758e-16 58.4361 373.366 -2.54416e-17 173.96 -456.392 2.71143e-16 173.997 -439.126 -5.78127e-17 305.149 383.39 -5.61292e-17 198.507 -97.5124 -5.20659e-17 139.486 121.06 1.11992e-16 -185.689 105.148 3.11608e-16 386.61 -289.334 2.08482e-16 289.259 -253.22 1.89952e-16 209.476 193.748 -5.51486e-17 -197.793 374.425 -3.61953e-17 296.422 33.6211 -9.9252e-17 353.028 73.5163 1.76343e-16 317.487 90.5801 -6.03047e-17 455.526 68.5834 1.91815e-16 -358.865 37.659 2.69644e-16 -24.4818 -299.869 7.85068e-17 -185.301 -401.609 -4.01988e-17 -278.239 -327.852 1.16521e-16 -31.382 -487.007 2.40068e-16 -20.7421 -361.135 2.12327e-16 -12.2027 -216.3 1.2808e-16 -421.817 -137.52 3.13678e-16 -361.174 -39.0791 -3.55577e-17 -211.36 -127.756 1.56593e-16 -95.7845 -85.0627 -5.51983e-17 -71.5804 118.302 1.79763e-16 95.532 -29.9344 2.47368e-16 1.11497 50.4706 1.96722e-16 80.0354 63.4068 1.1033e-16 251.165 -359.684 -2.66307e-17 184.329 -302.874 2.10208e-16 325.942 -163.576 2.5527e-16 424.67 -144.029 -4.98731e-17 215.3 81.6547 -2.04144e-17 -289.653 327.554 2.09117e-16 -172.431 258.209 -3.84166e-17 -77.2645 240.052 1.40969e-16 -145.859 408.267 -4.02506e-17 -13.421 460.51 -5.37079e-17 -0.0403431 489.001 -3.48646e-17 145.019 246.902 1.95339e-16 324.969 254.559 -2.00898e-17 255.98 411.6 2.22809e-16 320.275 300.809 -2.34135e-17 431.848 -55.3795 3.05894e-16 -23.4346 401.748 1.80167e-16 -277.973 81.9478 3.59606e-16 148.508 -56.6941 2.49795e-16 -416.421 164.914 1.11866e-16 345.839 9.30573 2.10232e-16 282.504 220.996 1.0937e-16 143.814 69.1789 3.11154e-16 26.8794 246.354 2.42985e-16 -60.4443 129.384 2.38728e-16 -28.3358 341.482 -1.53038e-17 198.295 -319.029 1.54921e-16 -4.97446 -157.299 7.64886e-17 -105.101 -190.521 1.90749e-16 3.80725 -100.143 2.87281e-16 458.753 35.6827 2.26007e-16 -344.869 -230.598 2.9925e-16 -386.361 -243.198 4.47994e-17 -176.761 -275.247 1.77853e-16 -302.705 11.6886 2.36596e-16 -287.461 -267.604 2.55327e-16 -446.232 -195.188 1.85311e-16 -361.521 -259.176 -3.05284e-17 -341.217 -200.673 6.99717e-17 -126.045 -451.969 1.011e-16 -92.8461 -457.652 -4.73607e-17 -18.5315 -432.161 9.44024e-17 6.44216 -361.059 3.22601e-16 -185.025 -192.486 2.26099e-16 15.8464 -260.727 1.14711e-16 -256.313 25.3056 1.8333e-16 109.608 -73.7467 9.5129e-17 -46.4217 -5.0754 -2.78888e-17 243.448 -290.35 3.18237e-16 306.114 -66.2651 -5.30979e-17 456.78 -116.55 -5.52934e-17 -333.412 276.115 1.52862e-16 -136.687 169.346 -4.15936e-17 -62.8171 345.832 2.2166e-16 32.7907 424.401 -4.8962e-17 120.678 474.912 3.41412e-16 222.477 203.268 8.86169e-17 310.863 240.313 -4.84451e-17 351.248 234.921 -4.65119e-17 320.449 370.698 2.0775e-16 83.2138 -207.294 4.59677e-16 147.393 426.868 4.19549e-16 323.064 138.556 4.2696e-16 187.438 335.256 -2.4244e-17 414.756 171.023 9.7145e-17 429.346 200.661 -5.27351e-17 440.587 207.607 -3.14271e-17 389.338 70.58 1.82672e-16 -91.71 364.051 -4.10632e-17 170.758 -70.5389 2.83528e-16 405.143 -154.845 2.28362e-16 -79.6604 261.806 -3.09138e-17 -25.3513 187.269 2.18352e-16 -146.145 76.447 -1.04255e-16 -295.806 83.164 3.10905e-16 -108.868 -136.158 2.07265e-16 -173.37 -12.7961 1.88365e-16 -156.235 2.6767 1.8246e-16 -448.803 -68.1637 -5.0881e-17 11.2748 -453.143 2.79039e-16 99.7654 -404.246 2.78174e-16 61.3465 -379.081 1.0864e-16 -296.363 -390.136 -4.00909e-17 -368.294 -211.864 2.08081e-16 -215.535 -273.369 2.32211e-16 -262.539 -254.472 1.32492e-16 -1.36584 -307.108 -5.09151e-18 -461.809 39.713 3.047e-16 -151.359 -139.185 1.31224e-16 -101.636 -112.915 3.00192e-16 54.2112 -144.542 1.15245e-16 -151.571 35.407 -4.28928e-17 -115.144 114.794 -4.49078e-17 -41.3476 65.6449 2.02462e-16 105.447 0.501754 2.12329e-16 259.927 -415.378 2.02083e-16 283.011 -287.831 -3.16761e-17 363.277 -165.182 -5.60404e-18 387.261 -180.242 1.67539e-16 399.716 -111.938 3.24401e-16 183.201 79.6507 3.35937e-16 345.245 81.4658 2.67519e-16 -443.435 154.843 2.05435e-16 -88.7718 414.322 -5.68751e-17 -69.2678 431.817 2.41483e-16 82.7659 359.872 3.39054e-16 -77.0163 194.461 2.7876e-16 -259.736 -16.4347 3.7429e-16 -430.895 159.415 2.8561e-16 -399.681 133.236 1.566e-16 66.2406 455.089 4.59824e-16 58.6013 312.248 2.42436e-16 -32.2946 -263.513 5.04895e-16 450.916 161.555 5.21241e-16 -385.895 222.164 2.84731e-16 252.405 387.185 -4.97423e-17 258.884 382.616 -3.48777e-17 248.701 234.351 3.82465e-16 -160.305 334.89 1.33832e-16 -297.952 388.903 1.94258e-16 57.2677 415.577 2.77916e-16 -129.69 370.572 -2.70534e-17 41.3094 68.8453 1.15537e-16 186.384 -19.4516 2.692e-16 368.983 63.3997 1.97778e-16 -179.882 261.651 -3.3059e-17 -354.285 14.507 1.89323e-16 -404.379 61.7981 2.64815e-16 34.6613 -70.195 -1.6215e-17 -195.524 -15.2644 2.4008e-16 -162.866 -168.726 -1.38127e-17 -68.7096 -248.825 -3.57633e-17 -362.15 -129.631 2.27741e-16 -200.815 -161.642 3.14383e-16 -282.076 -321.386 5.14442e-16 60.1131 64.0724 2.66151e-16 212.179 -393.894 -3.62288e-17 365.316 -323.956 1.93237e-16 274.411 -156.431 1.40477e-16 436.259 91.0345 2.6492e-16 474.857 86.163 2.07165e-16 -461.653 162.952 1.6638e-16 -422.905 245.786 3.57445e-16 -312.349 176.265 2.83567e-16 -96.2474 322.79 -4.86522e-17 -153.502 436.357 1.72294e-16 266.885 204.613 1.71741e-16 351.217 145.056 1.09479e-16 370.976 230.99 2.16612e-16 273.424 332.29 -1.5549e-17 157.85 398.286 1.69924e-16 410.709 -17.6911 4.58139e-16 264.664 130.912 4.71003e-16 -167.836 -161.391 5.47292e-16 259.81 -336.057 4.1469e-16 -420.637 -235.259 2.95429e-16 -106.311 239.912 2.95918e-16 -47.9796 -233.404 4.03417e-16 -125.268 -377.865 4.24485e-16 171.682 226.582 -4.63116e-17 27.9865 201.375 -5.43332e-17 161.358 -142.337 1.12826e-16 -376.455 -225.106 3.11284e-16 -265.705 252.246 2.1234e-16 336.353 -113.547 1.90416e-16 -186.715 -63.8933 -6.37998e-17 -140.056 -60.2197 -4.53205e-17 -367.54 -153.556 -3.34151e-17 -446.984 -94.1859 2.82448e-16 -98.3923 -233.258 -4.5549e-18 50.4248 -260.778 2.24472e-16 47.1003 -206.003 1.82112e-16 94.695 -253.875 8.47145e-17 123.198 -444.538 2.649e-16 -113.37 -363.32 8.96299e-17 -234.26 -204.74 -3.87255e-17 -210.612 -221.45 1.21668e-16 -295.232 -304.524 -2.95509e-17 -396.86 -277.522 2.9411e-16 -399.419 -207.809 2.34572e-16 -52.9192 -236.75 -2.5825e-18 30.3771 -345.25 2.81933e-16 -259.813 -159.345 3.56132e-16 -365.614 100.312 2.68809e-16 -86.9375 -163.153 2.07777e-16 -3.03785 -186.198 2.36345e-16 -2.51484 -19.815 3.44386e-16 -19.9792 80.6761 1.8812e-16 25.7507 81.5351 2.08584e-16 182.301 -280.551 2.06767e-16 244.641 -249.938 2.61752e-16 344.971 -222.569 1.64948e-16 429.676 -227.281 1.22416e-16 459.831 -40.4626 -5.55359e-17 -367.914 189.327 -2.80312e-17 -294.746 310.627 2.48e-16 -7.55788 222.549 1.83179e-16 -70.3087 405.779 1.54865e-16 347.481 204.572 2.43032e-16 193.673 395.344 -4.17389e-17 133.459 420.818 1.74155e-16 -388.84 -130.596 4.80066e-16 260.419 -322.629 4.30892e-16 101.126 290.056 5.92088e-16 305.467 46.9659 5.30748e-16 -80.897 251.719 5.29961e-16 -274.515 -40.934 2.27815e-16 150.236 155.72 3.37813e-16 82.6316 193.61 4.67177e-16 173.293 336.497 4.28564e-16 -91.7898 -2.83316 5.26142e-16 289.581 -99.8869 2.05909e-16 12.3606 101.26 3.84729e-16 -171.463 416.143 8.686e-17 270.988 285.024 -3.80186e-17 53.5737 392.839 5.29985e-16 351.475 315.927 2.37422e-16 -301.873 -362.661 5.13525e-16 450.507 30.785 -2.12595e-17 -24.9631 275.878 2.67024e-16 81.7863 284.965 2.58435e-16 -166.032 -13.0296 3.17308e-16 184.617 32.3729 3.19412e-16 221.715 2.47011 -1.67865e-17 316.504 -293.762 1.09629e-16 373.535 -270.493 -2.25628e-17 -135.862 -264.265 -3.71719e-17 -322.103 31.1103 1.56569e-16 -160.597 -98.0546 2.14446e-16 -66.1702 -89.9528 2.53807e-16 -243.305 -90.2882 -3.59515e-17 -238.904 -49.0115 1.99366e-16 -475.907 87.0841 2.53657e-16 -219.049 79.6264 1.14318e-16 -112.935 -406.306 3.37784e-16 -3.94539 -413.133 2.54516e-16 -467.697 -50.7001 4.25236e-17 -404.142 -72.2255 2.47155e-16 -240.377 -172.245 2.30167e-16 -325.868 73.4742 2.98056e-16 -1.07386 -81.7276 2.14407e-16 -34.6995 98.876 2.54762e-16 213.299 -242.283 -3.06519e-17 298.574 -174.741 -2.19682e-17 428.325 -41.6808 4.27072e-17 178.679 12.0919 2.56152e-16 -395.219 152.513 2.92292e-16 -422.605 233.406 -1.43594e-16 -231.319 191.765 2.51033e-16 -29.9288 364.175 2.22545e-16 239.403 177.169 -3.95781e-17 429.663 232.887 -2.31112e-16 137.561 325.857 2.79336e-16 -477.527 31.6955 1.55924e-16 356.911 274.933 5.12043e-16 324.252 -211.57 1.34393e-16 -341.289 -200.068 4.22196e-16 237.907 200.052 4.3659e-16 -103.987 174.198 1.00117e-16 -250.567 373.432 -8.21838e-18 146.972 117.656 5.06858e-16 -54.3915 257.336 4.7363e-16 -20.1274 -430.746 4.2832e-16 -22.5456 -215.645 4.73218e-16 246.353 301.082 2.77683e-16 284.363 319.662 2.13508e-16 137.78 370.428 2.68423e-16 339.947 125.869 2.15451e-16 390.424 80.081 2.71602e-16 369.174 251.362 1.0133e-16 280.946 256.847 3.13313e-16 -135.446 -432.963 3.39283e-16 136.912 52.4826 4.19183e-17 113.687 -114.306 2.62468e-16 -115.689 417.375 2.985e-16 58.0023 144.945 -2.81474e-16 -27.4105 417.397 6.18795e-16 484.39 55.407 1.92551e-16 177.22 -133.409 -3.51971e-17 -470.074 -135.549 1.2516e-16 83.768 -330.324 2.43418e-16 42.1199 35.0131 3.21744e-16 -189.225 94.0276 1.17968e-16 -374.908 9.42873 2.71478e-16 -36.0863 -377.8 1.92394e-16 -247.601 -365.3 2.41787e-16 -142.676 -467.822 1.60104e-16 -88.7978 -403.217 2.86392e-16 34.9869 -409.726 -1.90399e-17 -157.907 -246.917 1.24352e-16 -437.397 -177.686 2.25638e-16 -223.27 -44.1471 1.67076e-16 -423.189 124.126 2.92129e-16 -33.9107 -151.975 3.02199e-16 19.6771 -86.7377 -1.1555e-16 -37.8283 -17.8655 2.54666e-16 -54.4617 61.4608 2.86198e-16 -185.744 85.547 2.31089e-16 47.8133 13.8594 -2.20496e-17 292.721 -310.615 2.74307e-16 185.578 -182.204 -4.85094e-17 321.349 -120.984 2.55022e-16 306.13 -58.9587 3.20322e-16 416.849 -9.79764 -1.00278e-16 443.548 120.911 2.55496e-16 -383.074 219.698 -1.735e-16 -307.502 233.919 1.25335e-16 -261.733 334.614 2.54564e-16 -79.1365 191.238 -1.45289e-16 -3.96442 157.179 2.16625e-16 -140.998 429.304 -2.73685e-17 280.121 273.244 2.58321e-16 355.37 283.706 1.33004e-16 58.916 347.277 4.18732e-16 183.947 -97.8784 1.44007e-16 -82.9643 -100.787 1.79802e-16 86.6491 63.443 2.73307e-16 -148.79 166.84 1.80719e-16 300.476 230.633 6.11427e-16 86.8346 402.735 2.72304e-16 116.717 384.769 2.14284e-16 93.7402 405.979 2.00376e-16 -148.096 398.564 5.44844e-16 418.778 -58.5233 6.06893e-16 100.017 168.641 1.85715e-16 89.2186 193.521 -1.04935e-16 151.534 464.506 3.56253e-16 312.124 209.341 5.71451e-16 -22.5085 57.9653 2.47841e-16 135.634 -32.5934 2.43076e-16 297.05 -225.37 2.65469e-16 -154.497 69.8251 5.10681e-16 215.914 -202.016 2.6395e-16 82.6434 -135.391 5.53353e-17 -142.748 240.745 -3.8478e-17 205.576 21.4559 2.30056e-16 -163.052 122.43 2.8606e-16 174.453 274.65 -4.93289e-17 51.4003 345.97 2.46929e-16 -262.354 102.337 1.65004e-16 -436.436 3.77418 2.02113e-16 -439.119 23.2972 7.81676e-17 -325.753 -79.5342 2.34484e-16 102.812 -338.25 -4.01273e-17 -192.552 -301.129 2.85989e-16 -153.258 -390.275 2.03222e-16 -447.494 -47.2387 -4.28719e-17 -378.269 -79.4289 2.96785e-16 -296.649 -212.184 2.92674e-16 -274.044 -402.707 1.26952e-16 -262.861 -354.123 9.88141e-17 -109.924 -387.467 3.89439e-17 88.9492 -367.536 1.23019e-16 -44.8252 -328.255 -4.48061e-17 -180.372 -223.186 3.48606e-16 56.1315 -330.386 2.43365e-16 341.218 -314.767 2.4935e-16 368.946 -241.046 2.80738e-16 214.355 -28.7189 1.09373e-16 408.694 -33.3492 1.05414e-16 430.111 27.0008 3.0872e-16 466.682 -127.38 2.3814e-16 -371.954 215.575 -2.08356e-17 -118.826 130.448 -1.53355e-16 -96.9599 198.559 -1.18098e-16 211.174 180.769 1.56907e-16 298.225 187.793 1.15813e-16 -267.005 -85.2946 4.29207e-16 109.018 142.637 4.83742e-16 -105.039 306.928 3.88644e-16 295.313 371.438 5.64452e-16 206.126 -314.914 5.50925e-16 -2.83256 -155.647 4.59527e-16 -336.813 287.401 5.42044e-16 53.8729 -371.168 2.48746e-16 -264.268 -259.924 5.30433e-16 7.7517 -318.443 5.59191e-16 156.454 -143.342 4.60662e-16 18.7928 -257.186 4.55924e-16 -208.361 378.217 3.40794e-16 -17.9144 -301.37 4.54673e-16 -113.213 306.477 3.89996e-17 222.976 305.246 2.67145e-16 488.669 0.54916 2.55837e-16 464.615 116.353 2.62442e-16 32.1135 444.721 3.15907e-16 32.7041 482.73 7.94946e-17 -172.205 230.455 1.94395e-16 139.199 47.4619 4.03042e-16 299.205 362.745 3.2984e-17 182.469 -205.142 2.52786e-16 320.398 -339.453 2.00953e-16 438.26 202.896 4.40413e-16 -87.7836 368.187 4.04904e-16 155.004 -11.8314 2.69698e-16 63.5479 97.1843 1.28456e-16 101.79 106.767 6.73659e-17 -187.592 270.487 4.6267e-16 205.149 152.443 4.20365e-16 -236.162 42.263 1.42149e-16 209.269 281.911 2.62776e-16 -394.433 -0.80621 -2.21812e-16 82.7285 -229.225 -3.27977e-17 -364.75 129.994 1.73275e-16 -151.702 -307.207 2.71954e-16 -311.561 -330.279 1.02965e-16 -264.919 -224.424 2.92924e-16 -484.898 58.9221 6.13999e-17 -231.829 -3.01211 1.56569e-16 34.9686 -104.693 3.0266e-16 108.839 60.5546 2.09514e-16 311.77 -374.753 -8.1371e-18 281.838 -252.692 1.99686e-16 295.684 -233.981 3.14866e-16 304.126 -194.625 2.48813e-16 191.432 -34.7923 1.79006e-17 366.367 -145.758 2.68971e-16 31.5198 -464.496 9.07679e-18 424.022 65.19 2.84819e-16 -275.146 218.883 2.95029e-16 -223.45 -102.936 5.24039e-16 284.294 -268.834 3.68197e-16 46.8596 64.0667 5.15899e-16 -125.129 -363.278 2.22664e-16 -283.792 -306.338 5.21434e-16 -221.238 75.68 4.44979e-16 211.425 384.734 1.71255e-16 323.97 -286.679 4.28403e-16 334.28 242.501 4.47011e-16 279.042 223.579 4.95469e-16 99.513 -80.682 4.4376e-16 229.228 -60.5188 5.98229e-16 344.827 37.7898 5.11238e-16 223.663 435.994 4.29789e-16 283.25 201.93 2.66121e-16 -84.082 301.406 -5.08999e-17 164.147 328.371 3.56031e-17 -362.806 -146.876 5.29043e-16 157.141 118.802 8.6564e-18 351.524 78.0785 7.79336e-17 153.505 -159.925 -1.50703e-16 200.278 -133.475 2.32842e-16 207.96 -283.21 2.34473e-16 149.033 -242.926 2.22766e-16 -189.361 -31.1653 2.50199e-16 -389.567 -291.341 3.75386e-16 -372.717 55.8273 3.05795e-16 -183.124 -93.591 2.61131e-16 -208.494 -58.8495 3.47479e-16 121.432 -290.621 3.56214e-17 -363.008 -323.911 2.68637e-16 -341.185 -347.894 2.65875e-16 -255.397 -330.165 -1.381e-16 -304.93 -292.325 2.59811e-16 -3.05017 -438.331 2.99532e-16 17.62 -218.027 2.26462e-16 89.6249 -237.641 1.50304e-16 -475.472 -86.6982 3.07495e-16 -357.902 -71.6093 4.24627e-17 -301.505 -54.2415 2.08307e-16 -300.896 -42.6258 5.27258e-17 -29.6122 -46.1975 3.17022e-16 75.7965 59.9675 2.70791e-17 268.707 -353.74 2.16483e-16 187.457 -257.371 9.1035e-17 155.887 -215.838 2.82159e-16 172.479 -228.965 1.97412e-16 259.718 -237.78 2.34182e-16 416.999 -242.171 3.02968e-17 -443.938 127.799 3.14191e-16 -259.688 133.667 3.81162e-17 3.66845 180.339 3.05812e-16 118.351 250.165 2.89793e-16 93.471 470.714 2.19472e-16 466.746 155.74 -3.16421e-16 -243.669 -113.934 5.04401e-16 -243.283 -199.43 1.82129e-16 116.418 313.508 4.20338e-16 -101.576 -347.258 3.83416e-16 88.8206 106.489 6.54055e-16 424.54 172.288 4.24835e-16 266.989 376.292 5.3934e-16 -174.895 413.513 4.08257e-16 63.8047 139.364 3.94083e-16 -280.761 379.236 3.13292e-16 -223.787 411.839 1.98941e-16 -198.227 442.473 2.27154e-16 484.799 48.7718 6.21698e-16 156.998 297.811 -5.017e-17 253.315 414.129 4.25739e-17 400.066 2.42654 2.72623e-16 261.202 68.8157 3.13468e-16 274.551 -102.525 3.14457e-16 378.306 -260.344 4.4913e-16 -54.1354 -227.712 7.84718e-16 24.8238 195.239 5.94361e-16 -174.763 -56.9337 3.70991e-16 -93.4367 -238.85 5.63122e-16 479.914 -80.6348 3.06886e-16 292.422 -71.5557 5.14992e-16 451.217 -131.218 5.52302e-16 -425.272 232.969 2.66766e-16 -74.6305 193.309 7.39462e-16 -84.1127 263.052 4.32317e-16 349.615 -200.973 6.37394e-16 460.961 -17.8027 1.24381e-16 -426.473 238.412 6.09117e-16 320.384 100.125 3.91617e-16 104.732 -169.171 8.4422e-17 -138.975 -80.4931 2.15097e-16 -149.829 -67.8264 1.85074e-16 -228.454 -70.9742 3.29741e-16 -489.008 -31.3927 4.23605e-17 -480.223 22.5653 4.56756e-17 -290.321 -9.98378 2.91973e-16 -184.373 -246.321 2.53384e-16 -96.6757 98.3327 2.49022e-16 -73.3017 115.776 6.13705e-17 -159.303 -361.831 1.96055e-16 -410.739 -238.314 -1.41905e-16 -115.234 -446.284 3.11959e-17 -49.2752 -453.682 1.97327e-16 60.6798 -452.888 2.25252e-16 90.2661 -436.578 2.80782e-16 102.149 -214.454 3.89995e-17 -42.1708 -67.6049 2.22707e-16 -95.5316 4.11561 -1.19424e-16 -180.229 49.3719 1.95384e-16 150.156 -345.398 2.35462e-16 201.879 -304.488 -3.5159e-16 385.312 -225.374 1.0232e-16 425.993 -110.218 2.49929e-16 -58.6689 216.277 2.55066e-16 -28.5125 133.542 1.65794e-16 -50.7741 385.948 2.12905e-16 201.609 146.46 3.31713e-17 130.516 271.424 2.35371e-16 276.946 221.617 -1.20915e-16 289.014 277.471 -6.79356e-17 351.616 262.606 3.27907e-17 176.779 376.636 1.24184e-16 18.1319 461.754 4.67399e-16 346.831 -9.82071 4.21173e-16 395.31 32.6193 4.99722e-16 -458.025 -66.6911 4.72145e-16 -389.187 223.962 7.76933e-16 -150.615 439.384 4.27248e-16 348.328 146.771 4.57862e-16 -479.028 37.4483 3.83052e-16 194.289 -84.6578 7.36834e-16 -444.847 26.8526 4.25378e-16 -72.9105 407.29 5.45272e-16 -127.623 -63.1041 6.23048e-16 -47.2813 465.507 2.4126e-16 -166.181 311.829 4.8983e-16 209.534 88.8945 4.86625e-16 -10.2837 456.869 3.00784e-16 -109.208 169.478 4.25595e-16 -256.385 362.989 6.78412e-16 369.37 256.163 4.70203e-16 -330.058 23.6505 5.47587e-16 -254.585 -91.7374 6.21748e-16 -192.009 368.763 1.27533e-16 -35.3477 348.113 5.75092e-17 -68.7273 346.618 3.80651e-17 186.249 -173.074 3.60577e-16 -443.458 195.792 2.11094e-17 153.903 -199.775 2.53419e-16 -258.094 207.151 2.21487e-16 -202.921 212.018 2.82214e-16 223.035 -400.036 5.6024e-16 274.066 -162.78 2.77211e-16 -266.476 16.9845 3.74699e-17 -128.442 -127.238 2.8183e-16 -98.1715 -141.586 4.27555e-17 -80.3979 83.3095 2.20479e-16 154.998 -378.418 1.42336e-16 -213.084 -137.139 -1.12647e-16 -381.127 -118.442 2.05716e-17 11.6129 -172.418 4.9038e-17 36.1353 -167.796 2.32145e-16 -445.607 105.57 2.24888e-16 60.803 -426.19 2.10131e-16 -56.7468 -390.46 -1.11432e-16 -96.38 -370.962 2.74896e-17 -224.585 -236.12 2.40283e-16 -243.181 -290.548 2.78172e-16 93.9199 -472.586 2.54523e-16 -474.377 -112.392 9.11715e-17 -213.679 -191.412 2.35019e-16 -321.556 -19.7284 1.1704e-16 -307.779 99.0183 3.25533e-16 -242.499 77.2053 2.44005e-16 -236.891 111.428 3.23019e-16 -215.242 119.813 2.57033e-16 157.874 -302.334 3.49708e-16 369.867 -30.9716 2.37218e-16 260.633 28.5352 2.52438e-16 471.491 -59.055 2.60906e-16 468.316 46.7209 5.01413e-17 475.077 56.9525 2.05631e-17 -276.371 160.436 2.47184e-16 -165.539 146.702 2.95594e-16 -65.0187 140.841 1.64808e-17 -150.547 339.509 -1.12406e-16 75.8528 333.778 -1.56413e-16 405.013 -73.9834 5.43559e-16 -194.463 -400.239 3.83484e-16 354.605 240.409 3.67038e-16 55.2495 320.789 8.67679e-16 -130.687 363.872 6.36138e-16 -418.218 -232.465 7.74459e-16 261.443 292.045 5.27556e-16 453.682 22.8269 4.47466e-16 173.955 -138.436 4.24128e-16 -467.332 -137.127 5.14464e-16 -191.504 97.0128 5.09812e-16 -313.777 231.679 5.13076e-16 -137.401 417.991 5.44268e-16 -85.749 -91.6103 7.96816e-16 -200.843 379.457 6.96442e-16 73.944 -229.725 5.75614e-16 -375.432 -223.413 6.59398e-16 -166.342 258.441 4.10155e-16 7.60852 479.934 3.90389e-16 -149.622 -255.49 4.74288e-16 -211.672 -41.0401 5.53001e-16 -142.824 -259.827 4.0858e-16 156.916 337.827 2.4451e-16 37.9974 -63.8138 4.36325e-16 -153.513 -178.426 6.49322e-16 -237.984 361.551 3.05116e-16 -11.3289 322.956 3.34394e-16 4.44834 335.599 2.85569e-16 114.776 135.914 8.08616e-18 61.8417 203.462 2.81653e-16 -166.078 258.559 1.21599e-17 -127.681 268.961 2.60945e-16 -287.061 80.0331 1.89705e-16 288.432 151.263 2.63798e-16 350.233 -127.57 1.77682e-16 248.174 2.62163 2.21963e-16 343.871 89.3255 1.05686e-17 -352.172 203.307 4.44152e-16 348.368 -290.279 3.66592e-17 117.908 4.70273 2.0998e-17 -476.762 112.296 2.29595e-16 108.428 -88.0981 1.77826e-17 -174.11 -147.955 2.54582e-16 -358.952 148.528 2.47763e-16 -57.3386 -292.445 2.64205e-16 -356.575 -268.656 1.8485e-16 -430.98 -227.887 1.17817e-16 -319.705 -371.314 2.28728e-16 -44.9451 -350.768 2.43049e-16 -30.5979 -277.093 -1.42057e-16 -269.224 -83.9335 2.16103e-17 -299.961 62.5074 -1.38333e-16 -145.058 -104.593 2.51669e-16 -32.357 -118.22 2.04784e-16 -17.8224 -10.9069 3.30495e-16 258.43 -390.968 2.30114e-16 266.231 -405.588 2.13715e-16 238.478 -55.9358 1.82793e-17 346.524 -56.4436 2.67195e-16 454.3 -74.9461 4.07405e-17 290.682 16.2766 2.7731e-16 408.471 81.5075 4.28539e-17 -427.623 153.691 2.21277e-17 -395.93 177.961 2.68221e-16 26.1008 374.275 3.42233e-16 -103.993 445.648 2.5873e-16 -61.4748 486.128 2.14661e-16 333.026 224.876 2.28415e-16 -265.981 145.346 3.99451e-16 281.498 -336.371 5.66218e-16 65.3242 369.667 5.08177e-16 246.749 -358.578 4.0062e-16 195.394 343.118 4.79226e-16 421.35 198.344 5.44587e-16 -387.571 138.989 7.35981e-16 -95.3882 330.105 5.70246e-16 -205.471 -215.48 5.06767e-16 185.117 399 4.43144e-16 209.549 -232.089 4.03422e-16 -73.2307 196.167 2.47426e-16 359.244 291.55 5.22998e-16 -313.854 -333.336 4.43416e-16 441.899 -151.794 4.66579e-16 63.728 -145.728 4.96026e-16 250.531 397.541 6.16984e-16 -160.122 339.932 5.48889e-16 -331.392 -316.228 6.16098e-16 -242.148 -266.121 4.67969e-16 460.702 -48.432 5.45986e-16 -139.912 159.838 7.65567e-16 206.808 -43.4979 4.05022e-16 324.744 -244.612 5.58644e-16 444.8 175.275 1.405e-16 246.889 169.378 4.60132e-16 382.152 290.743 3.15767e-16 221.949 -29.4972 5.04613e-16 -372.175 222.743 5.34105e-16 -210.542 240.843 1.9968e-16 -193.634 237.325 2.40653e-16 -338.831 318.644 2.04847e-16 176.001 350.249 5.1029e-17 374.82 -124.55 2.07991e-16 269.736 -152.095 4.63725e-17 253.02 -128.763 1.81806e-16 61.5354 270.681 2.23975e-16 -94.9476 441.439 3.12991e-16 -34.5214 241.83 2.21421e-16 -395.565 280.536 2.21825e-16 314.262 21.7617 3.25636e-16 450.7 -171.804 3.04435e-16 480.143 -52.3391 2.27242e-16 193.276 -447.645 2.67352e-16 158.495 -392.525 3.09955e-16 227.926 -316.134 2.16671e-16 136.799 -216.231 1.74927e-16 -67.9636 14.376 1.865e-16 -32.2335 38.8849 2.65121e-16 198.657 161.697 2.95161e-16 236.426 127.473 2.37351e-16 372.675 -318.146 3.70119e-17 -336.828 -6.31517 -1.43369e-16 -431.962 -141.957 2.72853e-16 86.5237 -104.881 1.78601e-16 65.5413 -50.784 2.66488e-16 91.7044 -58.292 3.35208e-16 -157.933 -38.8706 2.28916e-16 -289.504 -151.37 2.08396e-16 -10.6488 -462.579 2.69327e-16 63.5845 -399.187 3.10495e-16 79.1276 -405.291 2.34426e-16 -123.444 -277.879 4.31218e-17 -349.335 -249.529 -6.86912e-17 -249.61 -414.56 2.69592e-16 -237.783 -387.824 2.52027e-16 -226.37 -372.996 1.9568e-16 -301.681 -249.802 2.30203e-16 36.7501 -359.75 2.01188e-16 75.1701 -216.02 3.64236e-17 -361.409 68.9569 2.41584e-16 -286.977 2.57617 2.35791e-16 -145.957 66.6704 3.40227e-16 -48.2821 71.0572 2.60577e-17 6.51752 83.0655 2.59678e-16 38.2755 54.1899 2.59265e-16 45.1997 93.782 5.22285e-17 352.497 -224.887 2.04092e-17 194.636 -160.77 2.89001e-16 419.052 -79.856 -1.23582e-16 -188.364 306.476 2.73508e-16 -167.133 306.63 1.42505e-17 -137.251 352.971 2.12747e-16 -11.6031 358.807 1.94073e-16 212.789 223.142 2.55119e-16 126.408 -370.732 3.90325e-16 97.0225 -140.51 6.21972e-16 -110.595 280.089 4.34961e-16 -124.426 -458.115 4.04239e-16 -88.6039 -448.025 3.86498e-16 -290.017 -389.146 4.17452e-16 -131.075 -383.761 8.0524e-16 435.322 -224.947 5.05543e-16 216.488 -1.4122 3.81155e-16 327.345 -220.162 6.20409e-16 -151.842 247.178 5.25663e-16 409.383 -28.0862 4.95123e-16 52.2525 -376.322 7.12097e-16 68.8823 102.415 5.14345e-16 458.707 -13.2052 6.19661e-16 101.798 -166.152 4.04501e-16 280.501 -274.778 7.51457e-16 -118.76 -369.175 6.75667e-16 328.927 243.5 8.32822e-16 -276.354 -394.381 5.10175e-16 -257.442 -350.446 4.70372e-16 96.2671 -369.101 5.06642e-16 467.729 146.07 5.86575e-16 85.5917 56.2253 7.30267e-16 -179.202 -59.5533 7.54294e-16 -141.434 31.8169 5.68761e-16 355 -164.294 5.74344e-16 179.124 249.531 2.12841e-16 258.35 277.659 2.83934e-17 326.325 187.152 3.02536e-16 86.3225 -255.418 4.09983e-16 78.696 366.245 2.47424e-16 121.442 344.199 2.02015e-16 -342.164 342.12 2.53272e-17 -48.3392 158.97 2.07137e-16 -110.396 255.408 4.59373e-17 10.2351 259.169 2.53388e-16 88.2192 217.825 2.60117e-16 309.748 -42.4314 3.29654e-16 154.316 71.6072 -1.38007e-16 -205.545 25.9134 4.60501e-16 402.994 -278.75 2.24406e-16 314.727 339.964 2.52745e-16 37.7786 418.29 3.73161e-16 64.0792 114.96 2.73161e-16 -362.185 40.9244 3.22024e-17 -193.728 -127.335 2.15343e-16 61.2557 -182.363 2.02629e-16 -49.5671 -160.673 2.1005e-16 -147.686 -286.202 1.90113e-16 -29.2912 -486.178 2.52663e-17 -253.076 -204.787 6.16864e-17 -89.5091 -462.821 2.5888e-17 -167.609 -420.655 3.23274e-16 -179.301 -394.97 2.28154e-17 90.6331 -352.465 2.22093e-16 -368.288 -54.3149 2.04529e-16 -221.677 -116.951 4.0045e-17 -489.764 -2.60944 2.36063e-16 -344.107 -19.7079 2.82338e-16 -242.227 -17.4584 2.75438e-17 39.4894 -63.293 3.98855e-17 -6.15381 136.185 2.72963e-16 49.4065 56.1481 -9.2669e-17 205.074 -224.102 2.20682e-16 253.686 -215.794 2.58404e-16 411.612 -202.26 3.46031e-16 443.24 -194.9 2.67003e-16 309.809 -167.819 1.79618e-17 -400.305 146.727 4.22207e-17 -367.859 247.246 2.39812e-16 -295.988 261.472 2.52272e-16 -193.478 199.61 2.56119e-16 -29.572 211.595 2.70347e-16 104.861 259.721 1.83839e-16 20.0418 317.112 2.24399e-16 63.6257 419.181 3.69826e-17 181.996 210.021 2.98984e-16 294.504 360.975 4.6211e-16 117.313 287.64 2.93959e-16 408.895 114.516 6.04274e-16 180.767 -440.924 4.15813e-16 211.882 202.539 5.15643e-16 279.207 326.505 5.95215e-16 161.886 219.446 5.52015e-16 429.629 228.505 2.73992e-16 45.4352 23.3899 5.68148e-16 184.415 279.584 5.72534e-16 -116.551 135.404 2.3173e-16 210.064 172.505 5.38273e-16 296.079 185.439 4.30941e-16 -226.918 42.0975 6.58278e-16 -392.798 8.8373 3.11556e-16 306.5 -382.308 6.05495e-16 -82.1826 290.876 5.95924e-16 -251.902 -201.387 8.06558e-16 296.863 284.672 5.42534e-16 180.509 372.212 5.07635e-16 -155.052 448.136 1.04161e-15 149.119 -372.039 5.25763e-16 -416.477 -222.327 3.652e-16 -267.575 -36.8038 6.67479e-16 112.18 -345.482 6.2031e-16 -47.7022 -325.387 4.20554e-16 -151.594 -135.16 4.56803e-16 47.5756 323.602 2.11675e-17 101.175 305.077 2.63344e-16 313.907 137.696 2.86826e-16 -454.607 -42.5707 3.79255e-16 155.805 -157.492 5.16532e-16 209.985 51.058 2.36239e-16 373.25 -21.3551 2.52191e-16 453.134 42.7839 3.4985e-17 -31.0501 337.738 4.21993e-16 -213.484 -135.14 5.46907e-16 15.0224 277.456 2.38407e-16 -85.6971 330.791 1.31218e-17 -230.544 200.561 3.59698e-17 462.608 73.428 3.21669e-17 392.094 253.921 2.76267e-16 203.193 -313.17 1.18723e-16 379.879 -221.325 4.76584e-16 185.586 -251.366 4.73472e-16 31.5672 484.987 4.07131e-16 -5.26478 459.956 5.91746e-16 -189.491 365.322 4.68999e-16 181.602 -177.405 7.45098e-16 -8.05161 -131.775 2.85987e-16 -175.187 -46.1397 1.31082e-17 -84.2155 -32.0664 2.06948e-16 -376.376 -4.00927 3.09375e-17 -463.856 -149.558 -1.38702e-16 -443.644 -125.624 2.1625e-16 -425.26 -160.7 2.6332e-16 -33.973 -317.548 2.71048e-16 55.2819 -352.66 1.24523e-17 85.4235 79.6367 4.00773e-17 86.0135 -24.3892 2.95283e-17 -163.579 -340.15 3.16287e-16 -441.177 -204.642 4.65595e-17 -414.204 -191.854 2.75721e-16 -196.782 -442.484 3.02155e-16 -145.202 -417.383 2.08922e-16 -122.898 -368.012 2.19169e-17 37.37 -378.959 2.66469e-16 137.448 -374.304 3.96749e-17 -244.725 -129.347 3.74468e-17 -466.42 52.9992 1.79392e-17 -232.341 -21.0845 2.06657e-16 -325.88 101.82 2.7481e-16 -52.722 -116.101 2.64393e-16 -180.184 90.4642 2.30971e-17 44.1414 -7.31353 2.51024e-16 293.443 -333.354 3.96973e-17 226.923 -260.145 1.66088e-16 351.039 -193.759 -1.11335e-16 -419.121 171.416 -1.2449e-16 16.8871 461.287 3.35799e-17 227.871 437.595 3.35937e-17 -114.697 -385.462 1.71804e-16 -165.012 -167.84 3.77874e-16 417.704 -145.713 3.88833e-16 -359.09 -250.549 5.18602e-16 -49.9081 0.935995 3.97455e-16 -153.696 76.1782 3.58765e-16 -434.952 164.947 7.05166e-16 -374.832 194.317 4.92676e-16 -439.464 -40.3094 6.06536e-16 94.4963 -241.543 5.32676e-16 149.569 292.47 5.09605e-16 278.317 -157.347 6.98193e-16 70.3432 335.948 2.05231e-16 -433.862 -232.928 4.73878e-16 460.988 151.601 1.17499e-16 -107.669 -348.484 7.60166e-16 -77.02 -248.237 4.74105e-16 -120.083 121.863 4.83133e-16 -93.3088 408.774 3.81833e-16 -230.562 -212.655 4.96427e-16 273.52 -320.809 2.13806e-16 19.2922 -88.941 5.55242e-16 327.251 308.399 6.07969e-16 -420.266 168.652 4.37372e-16 -469.273 -109.609 4.46065e-16 -315.949 -18.0738 4.74547e-16 -488.818 37.3037 9.82104e-16 295.089 -168.865 3.95749e-16 -337.331 -278.71 4.124e-16 294.326 40.861 3.62656e-16 -366.592 -47.6112 5.83266e-16 -228.939 149.161 2.38796e-16 -320.288 227.589 -1.19125e-16 -227.284 332.963 2.35076e-16 71.128 283.077 -9.78631e-17 -184.962 268.499 1.50131e-17 -64.4861 233.841 -1.57166e-16 194.401 235.471 3.67955e-17 356.75 229.005 3.39537e-17 295.865 71.6782 2.38225e-16 -144.811 465.629 2.79566e-16 283.879 313.965 3.66451e-17 150.286 439.247 3.49471e-17 408.669 89.3667 4.41192e-16 245.522 -361.625 3.23605e-17 199.989 -340.909 3.08913e-16 175.546 -300.381 3.04507e-17 36.5638 -401.171 5.1371e-16 283.134 -136.498 2.04976e-17 -85.5844 74.6971 2.31e-16 -65.8009 -44.196 2.20631e-16 1.56754 -258.508 5.91588e-17 -3.70594 -232.523 2.78818e-16
        </DataArray>
      </Points>
      <PointData>
        <DataArray type="Int32" Name="phenotype" NumberOfComponents="1" format="ascii">
 2 2 2 2 2 2 2 2 2 2 2 2 2 2 2 2 2 2 2 2 2 2 2 2 2 2 2 2 2 2 2 2 2 2 2 2 2 2 2 2 2 2 2 2 2 2 2 2 2 2 2 2 2 2 2 2 2 2 2 2 2 2 2 2 2 2 2 2 2 2 2 2 2 2 2 2 2 2 2 2 2 2 2 2 2 2 2 2 2 2 2 2 2 2 2 2 2 2 2 2 2 2 2 2 2 2 2 2 2 2 2 2 2 2 2 2 2 2 2 2 2 2 2 2 2 2 2 2 2 2 2 2 2 2 2 2 2 2 2 2 2 2 2 2 2 2 2 2 2 2 2 2 2 2 2 2 2 2 2 2 2 2 2 2 2 2 2 2 2 2 2 2 2 2 2 2 2 2 2 2 2 2 2 2 2 2 2 2 2 2 2 2 2 2 2 2 2 2 2 2 2 2 2 2 2 2 2 2 2 2 2 2 2 2 2 2 2 2 2 2 2 2 2 2 2 2 2 2 2 2 2 2 2 2 2 2 2 2 2 2 2 2 2 2 2 2 2 2 2 2 2 2 2 2 2 2 2 2 2 2 2 2 2 2 2 2 2 2 2 2 2 2 2 2 2 2 2 2 2 2 2 2 2 2 2 2 2 2 2 2 2 2 2 2 2 2 2 2 2 2 2 2 2 2 2 2 2 2 2 2 2 2 2 2 2 2 2 2 2 2 2 2 2 2 2 2 2 2 2 2 2 2 2 2 2 2 2 2 2 2 2 2 2 2 2 2 2 2 2 2 2 2 2 2 2 2 2 2 2 2 2 2 2 2 2 2 2 2 2 2 2 2 2 2 2 2 2 2 2 2 2 2 2 2 2 2 2 2 2 2 2 2 2 2 2 2 2 2 2 2 2 2 2 2 2 2 2 2 2 2 2 2 2 2 2 2 2 2 2 2 2 2 2 2 2 2 2 2 2 2 2 2 2 2 2 2 2 2 2 2 2 2 2 2 2 2 2 2 2 2 2 2 2 2 2 2 2 2 2 2 2 2 2 2 2 2 2 2 2 2 2 2 2 2 2 2 2 2 2 2 2 2 2 2 2 2 2 2 2 2 2 2 2 2 2 2 2 2 2 2 2 2 2 2 2 2 2 2 2 2 2 2 2 2 2 2 2 2 2 2 2 2 2 2 2 2 2 2 2 2 2 2 2 2 2 2 2 2 2 2 2 2 2 2 2 2 2 2 2 2 2 2 2 2 2 2 2 2 2 2 2 2 2 2 2 2 2 2 2 2 2 2 2 2 2 2 2 2 2 2 2 2 2 2 2 2 2 2 2 2 2 2 2 2 2 2 2 2 2 2 2 2 2 2 2 2 2 2 2 2 2 2 2 2 2 2 2 2 2 2 2 2 2 2 2 2 2 2 2 2 2 2 2 2 2 2 2 2 2 2 2 2 2 2 2 2 2 2 2 2 2 2 2 2 2 2 2 2 2 2 2 2 2 2 2 2 2 2 2 2 2 2 2 2 2 2 2 2 2 2 2 2 2 2 2 2 2 2 2 2 2 2 2 2 2 2 2 2 2 2 2 2 2 2 2 2 2 2 2 2 2 2 2 2 2 2 2 2 2 2 2 2 2 2 2 2 2 2 2 2 2 2 2 2 2 2 2 2 2 2 2 2 2 2 2 2 2 2 2 2 2 2 2 2 2 2 2 2 2 2 2 2 2 2 2 2 2 2 2 2 2 2 2 2 2 2 2 2 2 2 2 2 2 2 2 2 2 2 2 2 2 2 2 2 2 2 2 2 2 2 2 2 2 2 2 2 2 2 2 2 2 2 2 2 2 2 2 2 2 2 2 2 2 2 2 2 2 2 2 2 2 2 2 2 2 2 2 2 2 2 2 2 2 2 2 2 2 2 2 2 2 2 2 2 2 2 2 2 2 2 2 2 2 2 2 2 2 2 2 2 2 2 2 2 2 2 2 2 2 2 2 2 2 2 2 2 2 2 2 2 2 2 2 2 2 2 2 2 2 2 2 2 2 2 2 2 2 2 2 2 2 2 2 2 2 2 2 2 2 2 2 2 2 2 2 2 2 2 2 2 2 2 2 2 2 2 2 2 2 2 2 2 2 2 2 2 2 2 2 2 2 2 2 2 2 2 2 2 2 2 2 2 2 2 2 2 2 2 2 2 2 2 2 2 2 2 2 2 2 2 2 2 2 2 2 2 2 2 2 2 2 2 2 2 2 2 2 2 2 2 2 2 2 2 2 2 2 2 2 2 2 2 2 2 2 2 2 2 2 2 2 2 2 2 2 2 2 2 2 2 2 2 2 2 2 2 2 2 2 2 2 2 2 2 2 2 2 2 2 2 2 2 2 2 2 2 2 2 2 2 2 2 2 2 2 2 2 2 2 2 2 2 2 2 2 2 2 2 2 2 2 2 2 2 2 2 2 2 2 2 2 2 2 2 2 2 2 2 2 2 2 2 2 2 2 2 2 2 2 2 2 2 2 2 2 2 2 2 2 2 2 2 2 2 2 2 2 2 2 2 2 2 2 2 2 2 2 2 2 2 2 2 2 2 2 2 2 2 2 2 2 2 2 2 2 2 2 2 2 2 2 2 2 2 2 2 2 2 2 2 2 2 2 2 2 2 2 2 2 2 2 2 2 2 2 2 2 2 2 2 2 2 2 2 2 2 2 2 2 2 2 2 2 2 2 2 2 2 2 2 2 2 2 2 2 2 2 2 2 2 2 2 2 2 2 2 2 2 2 2 2 2 2 2 2 2 2 2 2 2 2 2 2 2 2 2 2 2 2 2 2 2 2 2 2 2 2 2 2 2 2 2 2 2 2 2 2 2 2 2 2 2 2 2 2 2 2 2 2 2 2 2 2 2 2 2 2 2 2 2 2 2 2 2 2 2 2 2 2 2 2 2 2 2 2 2 2 2 2 2 2 2 2 2 2 2 2 2 2 2 2 2 2 2 2 2 2 2 2 2 2 2 2 2 2 2 2 2 2 2 2 2 2 2 2 2 2 2 2 2 2 2 2 2 2 2 2 2 2 2 2 2 2 2 2 2 2 2 2 2 2 2 2 2 2 2 2 2 2 2 2 2 2 2 2 2 2 2 2 2 2 2 2 2 2 2 2 2 2 2 2 2 2 2 2 2 2 2 2 2 2 2 2 2 2 2 2 2 2 2 2 2 2 2 2 2 2 2 2 2 2 2 2 2 2 2 2 2 2 2 2 2 2 2 2 2 2 2 2 2 2 2 2 2 2 2 2 2 2 2 2 2 2 2 2 2 2 2 2 2 2 2 2 2 2 2 2 2 2 2 2 2 2 2 2 2 2 2 2 2 2 2 2 2 2 2 2 2 2 2 2 2 2 2 2 2 2 2 2 2 2 2 2 2 2 2 2 2 2 2 2 2 2 2 2 2 2 2 2 2 2 2 2 2 2 2 2 2 2 2 2 2 2 2 2 2 2 2 2 2 2 2 2 2 2 2 2 2 2 2 2 2 2 2 2 2 2 2 2 2 2 2 2 2 2 2 2 2 2 2 2 2 2 2 2 2 2 2 2 2 2 2 2 2 2 2 2 2 2 2 2 2 2 2 2 2 2 2 2 2 2 2 2 2 2 2 2 2 2 2 2 2 2 2 2 2 2 2 2 2 2 2 2 2 2 2 2 2 2 2 2 2 2 2 2 2 2 2 2 2 2 2 2 2 2 2 2 2 2 2 2 2 2 2 2 2 2 2 2 2 2 2 2 2 2 2 2 2 2 2 2 2 2 2 2 2 2 2 2 2 2 2 2 2 2 2 2 2 2 2 2 2 2 2 2 2 2 2 2 2 2 2 2 2 2 2 2 2 2 2 2 2 2 2 2 2 2 2 2 2 2 2 2 2 2 2 2 2 2 2 2 2 2 2 2 2 2 2 2 2 2 2 2 2 2 2 2 2 2 2 2 2 2 2 2 2 2 2 2 2 2 2 2 2 2 2 2 2 2 2 2 2 2 2 2 2 2 2 2 2 2 2 2 2 2 2 2 2 2 2 2 2 2 2 2 2 2 2 2 2 2 2 2 2 2 2 2 2 2 2 2 2 2 2 2 2 2 2 2 2 2 2 2 2 2 2 2 2 2 2 2 2 2 2 2 2 2 2 2 2 2 2 2 2 2 2 2 2 2 2 2 2 2 2 2 2 2 2 2 2 2 2 2 2 2 2 2 2 2 2 2 2 2 2 2 2 2 2 2 2 2 2 2 2 2 2 2 2 2 2 2 2 2 2 2 2 2 2 2 2 2 2 2 2 2 2 2 2 2 2 2 2 2 2 2 2 2 2 2 2 2 2 2 2 2 2 2 2 2 2 2 2 2 2 2 2 2 2 2 2 2 2 2 2 2 2 2 2 2 2 2 2 2 2 2 2 2 2 2 2 2 2 2 2 2 2 2 2 2 2 2 2 2 2 2 2 2 2 2 2 2 2 2 2 2 2 2 2 2 2 2 2 2 2 2 2 2 2 2 2 2 2 2 2 2 2 2 2 2 2 2 2 2 2 2 2 2 2 2 2 2 2 2 2 2 2 2 2 2 2 2 2 2 2 2 2 2 2 2 2 2 2 2 2 2 2 2 2 2 2 2 2 2 2 2 2 2 2 2 2 2 2 2 2 2 2 2 2 2 2 2 2 2 2 2 2 2 2 2 2 2 2 2 2 2 2 2 2 2 2 2 2 2 2 2 2 2 2 2 2 2 2 2 2 2 2 2 2 2 2 2 2 2 2 2 2 2 2 2 2 2 2 2 2 2 2 2 2 2 2 2 2 2 2 2 2 2 2 2 2 2 2 2 2 2 2 2 2 2 2 2 2 2 2 2 2 2 2 2 2 2 2 2 2 2 2 2 2 2 2 2 2 2 2 2 2 2 2 2 2 2 2 2 2 2 2 2 2 2 2 2 2 2 2 2 2 2 2 2 2 2 2 2 2 2 2 2 2 2 2 2 2 2 2 2 2 2 2 2 2 2 2 2 2 2 2 2 2 2 2 2 2 2 2 2 2 2 2 2 2 2 2 2 2 2 2 2 2 2 2 2 2 2 2 2 2 2 2 2
        </DataArray>
        <DataArray type="Int32" Name="phase" NumberOfComponents="1" format="ascii">
 2 4 2 2 2 2 2 2 2 2 2 2 2 2 2 2 1 2 2 2 2 2 2 2 2 2 2 2 1 2 2 2 2 2 1 2 2 2 2 1 2 2 2 2 2 2 2 2 2 2 2 2 2 2 2 2 2 1 2 4 2 2 2 2 2 2 2 2 2 2 2 2 2 2 2 2 2 2 2 2 4 2 2 2 2 4 2 2 2 2 1 2 2 2 2 2 1 2 2 4 2 2 2 2 2 2 2 2 2 2 2 2 2 2 2 2 4 2 2 2 2 2 2 2 2 2 4 2 2 2 2 2 2 2 2 1 2 2 2 2 1 2 2 2 2 1 2 2 2 2 2 2 2 2 2 2 2 2 2 2 2 2 2 2 2 2 2 2 2 2 2 2 2 2 2 2 2 2 2 4 4 2 2 2 2 2 1 2 2 2 2 2 2 2 2 2 2 2 2 2 2 2 2 2 2 2 2 2 2 2 2 2 2 2 2 2 2 2 2 2 2 2 2 2 2 2 2 2 2 2 2 2 2 2 2 2 2 1 2 2 2 4 2 2 2 2 2 2 2 2 1 2 2 2 2 2 2 2 2 2 2 2 2 2 2 2 2 2 2 2 4 2 1 2 2 2 2 2 2 2 2 2 2 2 2 2 2 2 2 2 2 2 2 2 2 2 2 2 2 2 2 2 2 2 2 2 4 2 2 1 2 2 2 2 2 2 2 2 2 2 2 2 4 2 2 2 2 2 2 2 2 2 2 2 2 2 2 2 1 2 2 1 2 2 2 2 2 2 2 2 4 2 2 2 2 2 2 2 2 2 2 1 2 2 2 2 2 2 2 4 2 2 2 2 2 2 1 2 2 2 2 1 2 2 2 1 2 2 2 2 2 2 2 2 2 2 2 2 2 2 2 2 1 2 2 2 2 2 2 2 2 2 2 2 2 2 2 2 2 2 2 2 2 2 2 2 2 2 2 2 2 4 2 2 2 2 2 2 2 2 2 4 2 2 2 2 2 2 2 2 1 2 2 2 2 2 2 2 2 2 2 4 2 2 2 2 2 2 2 2 2 2 2 2 2 1 2 2 2 2 2 2 2 2 2 2 2 2 2 2 2 2 1 2 2 2 2 2 2 1 2 2 2 2 2 2 2 2 2 2 2 1 2 2 2 2 4 2 2 2 2 2 2 4 2 2 2 2 4 2 2 2 2 4 2 2 2 2 2 2 2 2 2 2 2 2 2 4 2 2 2 2 1 2 2 2 2 2 2 1 2 2 2 2 2 2 2 1 1 2 2 2 2 2 2 2 2 2 4 2 2 2 2 2 2 2 2 2 2 2 2 2 2 2 2 2 2 2 2 2 2 2 2 2 2 2 2 2 2 2 2 2 2 2 2 2 2 2 2 2 2 2 2 2 2 2 2 2 4 2 2 2 2 2 2 2 2 1 2 2 2 2 2 2 2 2 2 2 2 2 2 2 2 2 1 2 2 2 2 2 2 2 2 2 2 2 2 2 2 2 2 2 2 1 2 2 2 2 2 2 2 2 1 2 2 2 2 2 2 2 2 2 1 2 2 2 2 2 2 2 2 2 1 2 2 2 2 2 2 2 2 2 2 2 4 2 2 2 2 2 2 2 2 2 2 2 2 2 2 2 2 2 2 2 2 2 2 2 2 2 2 2 2 2 2 2 2 2 2 2 2 2 2 2 2 2 2 2 2 2 2 4 2 2 2 2 2 2 2 2 2 2 2 2 2 2 2 2 2 2 2 2 4 2 2 2 2 1 2 2 4 2 2 2 2 2 2 2 2 2 2 2 2 1 1 2 2 2 2 2 2 2 2 2 2 2 2 2 2 2 2 2 2 2 2 2 4 2 2 2 2 2 2 2 2 2 2 2 2 2 2 2 2 2 2 2 2 2 2 2 2 2 2 2 2 2 2 1 2 2 1 4 2 2 2 2 4 2 2 2 2 2 2 2 2 2 2 2 2 2 2 2 2 2 2 2 2 2 2 2 2 2 2 2 2 2 2 2 2 2 2 2 2 4 2 2 2 2 2 2 2 2 1 2 2 2 2 2 2 2 2 2 2 2 2 2 2 2 2 2 2 2 2 2 2 2 2 2 2 2 2 2 2 2 2 2 2 2 2 2 2 2 2 2 2 2 2 2 2 2 2 2 2 2 2 2 2 2 2 2 2 2 2 2 2 2 2 2 2 2 2 2 2 2 4 2 1 2 2 2 2 2 2 2 4 2 2 2 2 2 2 2 2 2 2 2 2 1 2 2 2 2 2 2 2 2 2 2 2 2 2 2 2 2 2 4 2 2 2 2 2 2 2 2 2 2 2 2 2 2 2 2 2 2 2 2 2 2 2 2 2 2 2 2 2 2 2 2 4 2 2 2 2 2 2 2 2 2 2 2 2 2 2 2 2 2 2 1 2 2 2 2 2 2 4 2 2 2 2 2 2 2 2 2 4 2 2 2 2 2 2 2 4 2 2 2 2 2 1 2 2 2 2 2 2 2 2 2 2 2 2 2 2 2 2 2 2 2 2 4 2 2 2 2 2 2 2 2 2 2 2 2 2 2 2 2 2 2 2 2 2 4 2 2 2 1 2 2 2 2 1 2 2 2 2 2 2 2 2 2 2 2 2 2 2 4 2 2 2 2 2 2 1 2 2 2 2 2 2 2 2 2 2 2 2 2 1 2 4 2 2 2 2 2 2 2 2 2 2 2 2 2 2 2 2 2 2 2 2 2 2 2 2 2 2 2 2 2 2 2 2 2 2 2 2 2 0 2 2 2 2 2 2 4 2 2 1 2 2 2 2 2 2 2 4 2 2 2 2 2 2 2 2 2 2 2 2 2 2 2 2 2 2 2 2 2 2 2 2 4 2 2 2 2 2 2 2 2 2 2 2 4 2 2 2 2 2 2 2 2 2 4 1 2 2 2 2 2 2 2 2 2 4 2 2 2 2 4 2 2 2 2 2 2 2 2 2 2 2 2 2 2 2 2 2 4 2 2 2 2 2 2 2 2 2 4 2 2 2 2 2 2 1 2 2 2 1 2 2 2 2 2 2 2 2 2 2 2 2 2 2 4 2 2 2 2 1 2 2 2 2 2 2 2 2 2 2 2 2 2 4 2 2 2 2 2 2 2 2 2 2 4 2 2 2 2 4 2 2 2 2 2 1 2 2 2 2 1 2 2 2 2 2 2 2 2 2 1 2 4 2 2 2 2 1 2 2 2 1 2 2 2 2 2 2 2 2 2 2 2 2 2 2 2 2 1 1 2 2 2 2 2 2 2 2 2 2 2 2 2 2 2 2 4 2 2 2 2 2 2 2 2 2 2 2 2 2 2 2 2 2 1 4 2 2 2 2 2 2 2 2 2 2 2 2 2 2 1 2 2 2 2 2 2 2 2 2 2 2 2 2 2 2 2 1 1 2 2 2 2 2 2 2 2 2 2 2 2 2 2 2 4 2 2 2 2 1 2 1 2 2 2 2 2 2 2 2 2 2 2 2 2 2 2 2 2 2 2 2 2 2 2 2 2 2 1 2 1 2 2 2 2 2 2 2 2 4 2 2 2 2 2 2 2 2 2 2 2 1 2 2 2 2 2 2 2 2 2 2 2 2 2 2 2 2 2 2 1 2 1 2 2 2 2 2 2 2 2 1 2 2 2 2 2 2 2 2 2 1 2 2 2 2 2 4 2 2 2 2 2 2 2 2 2 2 2 2 2 2 2 2 2 2 2 2 2 2 2 2 2 2 2 2 2 1 2 2 2 2 2 2 2 2 2 2 2 2 2 2 2 2 2 2 2 2 1 2 2 2 2 2 2 2 2 2 2 2 2 2 2 2 2 2 2 2 0 2 2 2 2 2 2 2 2 2 2 2 2 2 2 2 2 2 2 2 2 2 2 2 2 2 2 2 2 2 1 2 2 2 2 2 2 2 2 4 2 2 2 2 2 2 2 2 2 2 2 2 2 2 1 2 2 4 2 2 2 4 2 2 2 2 2 2 2 2 2 4 2 2 2 2 2 2 2 2 2 2 2 2 2 1 2 2 2 2 2 2 2 2 2 2 1 2 2 2 1 2 2 2 2 2 2 2 2 2 2 2 2 2 2 2 2 2 2 2 2 2 2 2 2 2 2 2 2 2 2 4 1 1 1 2 2 2 2 2 2 2 2 2 2 2 2 1 2 2 2 2 2 2 4 2 2 2 2 2 1 2 2 2 2 2 2 2 2 2 1 4 2 4 2 2 2 2 2 2 2 2 2 2 2 2 2 2 4 2 2 2 2 2 1 1 1 2 2 2 2 2 2 2 2 2 2 2 2 2 2 2 2 2 2 2 2 2 2 2 2 2 2 2 2 2 2 2 2 2 2 2 2 2 2 4 2 2 2 2 2 2 2 2 2 2 2 2 2 2 2 2 2 2 2 2 2 2 2 2 2 2 2 2 2 2 2 1 2 2 2 2 2 2 2 2 2 2 2 2 2 2 2 2 2 2 2 2 2 2 2 2 2 2 2 2 1 2 2 2 2 2 2 2 2 2 2 2 2 2 1 2 2 2 1 2 2 2 2 1 2 2 2 2 2 2 2 2 2 2 2 2 2 1 2 2 2 2 1 2 2 2 2 2 2 2 2 2 1 2 2 2 2 2 2 2 2 2 2 2 2 2 2 2 2 2 2 2 2 1 1 2 2 2 2 1 2 2 2 2 2 2 2 2 2 2 1 2 2 2 2 2 2 2 2 2 2 2 2 2 2 2 2 2 2 2 2 2 2 2 2 2 2 2 2 2 2 2 2 2 2 2 2 2 2 2 2 2 2 2 2 2 2 2 2 2 2 2 2 2 2 2 2 2 2 2 2 2 2 2 2 2 2 2 2 2 2 2 2 2 2 2 2 2 2 2 2 2 2 2 2 2 2 2 2 2 2 2 2 2 2 2 2 0 0 0 0 0 0 0 0 0 0 0 0 0 0 0 0 0 0 0 0 0 0 0 0 0 0 0 0 0 0 0 0 0 0 0 0 0 0 0 0 0 0 0 0 0 0 0 0 0 0 0 0 0 0 0 0 0 0 0 0 0 0 0 0 0 0 0 0 0 0 0
        </DataArray>
        <DataArray type="Int32" Name="age" NumberOfComponents="1" format="ascii">
 25 1 9 4 14 21 3 3 25 9 10 3 25 7 13 12 25 11 5 5 2 25 21 7 4 5 8 2 3 14 7 4 8 7 18 7 13 16 25 25 25 25 25 25 25 17 5 9 14 20 25 3 25 15 25 10 14 25 6 1 8 13 3 13 20 25 25 10 6 3 25 21 2 25 17 25 6 2 2 10 1 25 7 25 9 1 11 10 25 6 6 11 11 3 25 25 4 15 7 1 25 25 25 5 25 6 25 6 13 11 25 8 25 10 25 16 1 15 3 6 4 4 15 15 2 9 1 10 2 12 25 21 10 9 3 4 19 25 25 25 4 9 18 25 5 17 4 16 7 10 12 25 9 25 15 25 25 13 14 25 12 25 25 25 25 25 2 25 12 9 14 25 2 11 25 25 25 8 25 1 1 13 25 25 16 7 13 13 25 9 18 7 25 3 6 25 21 18 10 5 2 4 2 25 2 25 25 16 13 6 14 7 13 25 25 15 11 10 25 11 10 7 25 25 2 16 25 25 25 25 4 25 25 25 25 11 12 5 25 25 13 1 6 3 25 10 25 7 25 25 7 17 12 4 25 2 8 7 12 16 8 10 7 2 25 25 10 7 25 10 1 25 25 9 25 2 14 25 25 3 8 12 25 5 6 14 25 8 17 3 25 10 12 25 9 2 5 4 7 25 16 3 12 25 25 2 1 25 8 14 6 25 25 25 17 17 25 25 11 25 4 21 1 5 25 5 25 12 10 5 25 25 5 25 14 17 25 25 5 25 14 6 16 12 3 6 14 25 18 10 1 12 25 4 21 7 2 7 4 13 25 16 25 12 25 6 25 25 25 1 25 25 12 16 6 25 6 4 2 25 25 3 25 25 7 14 10 25 11 16 11 8 10 7 25 12 2 25 25 4 25 17 5 4 25 4 8 12 15 15 25 25 25 25 14 25 25 25 2 6 25 10 15 25 20 25 4 25 10 4 6 1 15 3 25 17 11 10 8 14 18 1 3 25 7 6 25 7 25 11 25 4 25 21 25 25 25 25 25 10 11 1 25 25 2 25 5 25 25 25 25 10 16 12 3 3 12 14 25 2 20 3 20 2 7 25 8 25 2 25 9 3 9 25 25 25 17 17 4 25 25 25 25 25 4 6 25 25 25 13 14 4 4 21 25 25 1 7 8 25 25 6 25 1 25 6 5 25 1 8 12 4 18 1 19 15 14 8 25 25 7 4 7 6 7 2 9 1 11 12 25 8 7 8 25 2 10 25 25 9 25 4 10 12 9 5 25 17 3 17 20 12 25 9 10 17 8 3 1 25 7 6 9 2 12 2 18 25 25 8 10 3 25 13 25 25 11 25 8 25 25 25 4 25 25 4 25 15 17 16 19 10 25 8 25 25 7 25 12 25 4 9 25 19 25 11 2 14 1 10 5 8 14 15 25 8 4 25 16 25 25 13 11 25 17 15 10 3 4 14 6 3 4 25 5 9 11 25 9 25 14 11 25 25 25 11 12 25 12 25 10 5 25 5 3 25 2 14 19 25 8 25 25 25 16 7 19 25 25 25 25 18 25 25 25 18 4 4 17 16 25 25 19 2 25 25 10 20 7 25 18 9 25 2 1 25 14 8 17 25 5 25 11 15 11 4 8 13 25 17 10 4 25 15 9 25 7 5 4 12 18 18 9 12 25 5 2 5 13 25 9 21 7 4 13 6 19 2 25 5 11 1 4 25 25 12 11 25 10 9 2 13 4 25 25 25 5 13 19 25 25 7 1 25 25 6 2 19 6 25 1 8 25 25 15 25 2 19 25 18 25 25 4 4 13 25 25 25 25 25 25 4 12 18 3 25 25 16 25 25 25 25 25 10 25 11 1 25 14 7 25 5 19 7 17 25 18 25 7 5 25 4 15 19 2 25 25 5 25 3 11 25 9 10 19 25 9 25 10 3 5 1 25 5 25 25 1 6 4 15 18 12 25 6 10 25 25 15 7 2 25 25 13 11 25 25 5 10 10 5 25 12 25 25 25 16 3 12 2 3 25 7 4 1 2 18 3 3 25 25 25 5 6 25 3 25 9 8 2 25 25 25 15 6 6 25 14 16 25 12 25 17 10 11 25 25 6 11 12 16 14 14 4 25 25 5 25 25 2 5 3 10 4 25 2 25 2 20 25 19 5 17 3 3 14 25 25 25 20 15 25 9 21 25 10 10 10 2 25 19 25 25 25 25 1 25 25 4 25 25 6 4 16 25 1 25 9 16 25 7 15 12 6 25 4 25 25 25 18 17 4 25 25 5 9 11 15 25 13 8 25 13 16 2 3 1 6 3 25 10 9 25 19 6 25 25 11 3 10 20 25 13 9 3 18 25 12 25 25 25 15 25 25 18 15 15 4 15 1 25 6 16 6 11 25 13 25 11 2 25 25 25 7 11 8 25 5 4 25 25 9 11 12 25 1 25 25 25 13 11 13 6 12 12 1 25 25 25 8 14 14 25 1 7 16 10 12 25 3 9 15 25 4 17 7 25 10 12 21 3 21 21 9 3 21 21 17 17 5 1 14 21 9 10 12 6 8 21 9 21 21 5 11 21 21 21 13 21 21 20 20 1 12 7 20 11 20 14 20 12 20 20 20 7 14 4 11 20 20 2 15 2 16 4 20 1 20 20 4 2 7 3 19 19 19 8 13 19 19 12 12 9 19 19 12 19 19 19 1 14 19 14 14 5 14 19 15 19 7 7 19 19 13 18 14 18 18 18 2 8 4 7 18 18 2 18 10 11 18 13 6 6 14 9 3 11 1 18 13 4 18 18 18 1 2 4 4 17 17 17 17 17 3 9 1 17 17 11 7 17 17 17 2 17 6 13 7 17 4 17 2 9 10 11 17 17 17 2 9 1 17 7 17 17 9 5 13 16 16 11 16 1 2 10 16 16 16 10 4 16 16 1 6 16 5 12 10 6 5 16 8 16 1 10 16 16 16 1 16 8 16 16 16 2 9 9 16 16 16 3 5 16 16 16 16 1 11 3 3 11 15 15 9 15 8 1 15 7 7 9 10 15 3 15 11 10 5 15 15 15 15 4 7 4 9 15 9 15 15 7 15 1 15 15 15 15 6 15 15 9 3 14 14 9 9 14 2 14 4 3 1 14 14 14 8 3 14 14 14 14 14 1 14 14 7 14 1 4 14 5 14 14 6 4 7 14 4 14 14 5 8 14 14 9 14 14 5 14 5 1 14 13 13 13 6 13 6 13 13 13 13 13 4 6 13 6 13 2 13 13 13 13 13 5 13 7 3 2 7 9 5 13 13 7 6 8 13 7 13 13 3 13 8 1 4 8 13 12 12 12 12 12 12 12 12 12 12 12 12 12 3 4 1 12 12 6 12 4 12 12 12 12 12 12 2 12 12 12 12 12 12 7 5 12 12 12 5 12 12 12 12 3 8 7 5 6 12 12 6 12 12 8 11 11 11 11 11 11 11 11 4 1 11 11 11 7 11 11 4 2 11 6 11 3 11 11 6 6 11 11 11 11 11 11 11 11 11 6 11 3 11 11 11 7 11 7 5 5 11 11 5 11 11 10 10 10 1 5 10 5 10 10 10 10 10 10 2 10 6 10 10 10 10 10 5 10 4 10 5 10 4 10 6 5 3 4 10 10 10 10 10 10 10 10 10 10 10 10 10 10 10 10 3 10 10 2 10 10 10 6 10 2 10 10 1 10 10 3 3 9 3 2 9 9 9 9 4 3 9 9 4 2 9 2 2 9 9 9 9 9 9 9 3 9 9 9 9 5 9 9 9 9 9 9 2 9 9 9 9 9 9 9 9 3 9 9 9 2 9 2 5 9 9 4 8 8 8 8 8 2 8 8 8 8 8 1 8 8 8 3 8 3 8 8 8 8 3 8 8 8 8 8 8 2 8 8 8 8 8 8 8 8 8 8 8 8 8 8 7 7 7 7 7 7 1 7 7 7 7 7 7 7 2 7 7 7 7 7 7 7 7 7 1 7 2 7 1 7 7 7 7 7 7 7 7 7 1 7 7 7 7 7 7 7 3 7 7 7 7 7 7 7 7 3 7 7 3 7 7 7 7 7 7 7 7 7 7 7 6 6 6 6 6 6 6 6 6 2 2 6 6 6 6 6 6 6 2 6 2 6 6 6 6 6 2 6 1 6 6 6 6 6 6 6 2 6 6 6 6 6 2 6 6 2 6 6 6 6 6 1 6 6 6 6 2 6 6 6 6 6 6 6 6 6 5 5 1 5 1 5 5 5 5 5 5 5 5 5 5 5 5 5 5 1 5 5 5 5 5 5 5 5 5 5 5 5 5 5 5 5 5 5 5 5 5 5 5 5 5 5 5 5 5 5 5 5 5 5 5 5 5 5 5 5 5 5 5 5 5 5 1 4 4 4 4 4 4 4 4 4 4 4 4 4 4 4 4 4 4 4 4 4 4 4 4 4 4 4 4 4 4 4 4 4 4 4 4 4 4 4 4 4 4 4 4 4 4 4 4 4 4 4 4 4 4 4 4 4 4 4 4 4 4 4 4 4 4 4 4 4 4 4 4 4 4 4 4 4 4 4 4 4 4 4 4 4 3 3 3 3 3 3 3 3 3 3 3 3 3 3 3 3 3 3 3 3 3 3 3 3 3 3 3 3 3 3 3 3 3 3 3 3 3 3 3 3 3 3 3 3 3 3 3 3 3 3 3 3 3 3 3 3 3 3 3 3 3 3 3 3 3 3 3 3 3 3 3 3 3 2 2 2 2 2 2 2 2 2 2 2 2 2 2 2 2 2 2 2 2 2 2 2 2 2 2 2 2 2 2 2 2 2 2 2 2 2 2 2 2 2 2 2 2 2 2 2 2 2 2 2 2 2 2 2 2 2 2 2 2 2 2 2 2 2 2 2 2 2 2 2 2 2 2 2 2 2 2 2 2 2 2 2 2 2 2 2 2 2 1 1 1 1 1 1 1 1 1 1 1 1 1 1 1 1 1 1 1 1 1 1 1 1 1 1 1 1 1 1 1 1 1 1 1 1 1 1 1 1 1 1 1 1 1 1 1 1 1 1 1 1 1 1 1 1 1 1 1 1 1 1 1 1 1 1 1 1 1 1 1
        </DataArray>
        <DataArray type="Float64" Name="diameter" NumberOfComponents="1" format="ascii">
 21.2079 19.8763 20 17.2689 21.6859 23.881 18.709 18.1548 26.5684 25.6934 23.9409 16.0558 22.7379 25.095 26.0426 20.9987 24.1055 24.1027 15.5114 19.7308 16.5439 24.8545 24.4013 22.3536 14.5431 18.5933 17.985 19.0002 26.2219 16.3916 25.1179 20 25.3462 22.1571 21.347 18.4723 18 24.3526 17.2035 18.9074 24.9509 12.5987 20.9699 18.1999 26.0695 23.0613 19.1255 26.5199 23.6524 19.3128 15.2005 17.4018 23.9734 24.2839 16.3509 26.1227 20 25.893 24.2434 18.8153 19.5254 16.759 19.3549 20 17.3044 23.8999 25.5132 20.3787 19.2299 20 19.3625 21.6595 16.4493 23.0327 26.0128 17.076 16.015 20 16.3705 16.1866 16.5421 21.7178 22.1859 17.2247 20 20 20 19.2844 16.5573 22.2234 24.5905 24.1961 15.8099 18.2599 25.657 16.8475 25.172 18.1575 19.7488 20 22.4335 21.9834 11.6261 24.6376 23.119 23.4087 24.3256 19.3159 24.9593 24.3522 20.9741 24.6918 16.7329 23.874 14.2956 22.6898 18.5965 20 16.2176 16.6559 20 17.621 24.0968 19.8235 16.991 20 16.5494 19.8571 20 21.0008 15.7198 20 25.6941 25.1556 15.8434 25.7069 24.8891 23.7868 23.9744 26.4055 24.2505 15.4334 21.1951 20.1593 18.4656 25.4919 15.6243 21.4502 18.1063 19.7173 15.5443 22.4259 20 23.818 16.9231 22.6926 11.5761 24.9507 23.4612 23.9139 26.3861 24.5277 23.9637 17.9776 13.9859 23.7653 19.0127 22.5877 19.029 24.0231 18.2784 24.9197 20 17.6299 16.2248 25.0741 24.2811 24.0365 23.5195 20 19.191 23.5348 23.9073 17.6504 26.0863 17.0682 21.0726 18.1764 22.5159 25.2319 20.8189 20 16.712 20 16.273 21.5363 22.7817 21.7352 17.0015 19.0412 16.0215 18.8593 16.8925 25.3686 18.5323 17.3921 22.7452 20 24.7465 17.8394 16.946 26.5027 25.7384 25.542 22.4215 22.7225 16.2943 25.4373 14.1727 17.8794 19.68 17.1518 22.5266 16.8521 16.4982 18.697 22.855 23.9857 25.0831 16.8972 16.4222 22.6055 10.3723 20.6053 26.5846 23.5715 20 23.7184 19.7861 26.4655 20 18.5594 22.3489 16.6722 19.0594 23.8615 26.4733 22.6205 23.6718 26.1361 25.5929 20.473 19.9347 17.3982 23.9013 19.1958 18.3479 20 16.1442 25.3732 20 20 18.0981 17.7214 26.5134 22.4732 22.3341 17.3387 23.3396 24.5603 20 24.5271 22.6959 23.8806 23.0503 20 21.3813 15.5454 26.0294 19.5766 22.8299 17.8266 25.5485 17.2893 23.5105 25.1883 20.428 26.4679 20.246 17.7552 23.5928 26.0604 18.5641 25.6566 15.0503 19.1306 26.1627 15.9762 26.2481 23.3001 23.7627 17.6548 20 23.0267 22.7056 16.3317 16.4234 22.3931 14.3305 24.1577 17.138 17.4126 21.3841 24.4046 25.664 21.7834 23.4633 25.1016 26.4535 24.6849 22.1286 20.4584 19.0182 20 22.5301 17.8711 20.6544 25.2506 20.7007 20 24.7618 22.917 18.311 17.1123 26.4956 20 24.1825 16.5119 24.681 26.3044 19.0708 25.7176 15.4689 16.352 16.6566 24.2716 26.3669 19.4466 15.0571 19.979 18.5266 21.9554 22.0439 18.1157 26.3386 23.0502 19.7327 15.6122 17.4213 19.3355 24.038 23.462 16.9241 24.7071 24.3358 17.0762 20.192 25.2652 10.3656 17.1082 21.7844 24.5293 23.6618 25.5243 24.3274 23.2481 23.8575 16.3957 19.2667 10.2251 20.4762 22.5278 12.0567 24.1248 17.9948 26.2694 20 22.6856 18.4381 25.7822 16.7147 19.8689 20.4604 20 22.2533 20 17.6729 23.7222 21.7913 21.5997 23.8858 17.8045 26.4339 18.785 25.5219 20 18.192 20 21.312 21.3192 22.0554 23.273 23.9137 22.9376 18.9196 24.6273 17.4973 20.7923 16.4749 16.0469 16.1896 24.4552 15.0151 12.0895 26.226 22.7897 15.4856 25.392 25.8979 25.1949 16.0652 18.5846 20 20 15.8403 20 20 25.836 22.5078 17.3369 23.4845 17.5051 17.8633 15.7615 17.9734 17.088 15.7371 16.9377 23.9892 24.6561 23.0069 20 25.3586 20.6914 22.7607 26.2809 23.1629 25.7636 22.8357 18.4245 20 18.2035 22.2801 23.7775 18.6321 21.2043 18.2332 25.788 23.8711 23.2363 16.8612 24.2664 22.1124 21.422 18.5743 24.7509 22.6953 20 23.3642 19.053 20.9201 16.7816 21.7048 14.5219 20 21.5154 16.5952 25.0044 16.6076 21.9263 20 18.984 23.5685 16.6918 25.1208 12.1868 18.8486 15.5984 18.6834 22.7535 22.0499 21.5924 26.2432 23.9807 20 20 24.0483 25.8182 25.9833 24.8889 22.4283 23.5568 16.7209 20.3012 20.5513 20.9194 17.0197 16.5835 25.8553 19.1612 24.3776 17.5198 25.2668 20 24.2593 15.8164 20 21.1321 17.7055 17.4852 21.8015 16.7842 21.7559 19.8404 15.6844 20 25.2137 23.4297 24.4791 24.4025 25.9778 15.1214 25.7588 18.2757 15.9878 17.1188 24.477 14.6814 21.8012 24.8906 23.9743 22.375 23.7761 20 24.2275 18.4877 18.5934 23.665 21.9102 22.2688 24.055 23.7238 25.3481 24.8116 24.5614 16.6417 25.5807 22.4343 23.6542 21.7368 24.7356 16.4617 22.2291 25.5638 25.2686 20.5523 18.0186 16.0918 15.9891 20.6293 23.3871 26.1777 20 20 20 18.65 24.5155 23.0824 21.3251 15.9119 18.4341 19.4408 24.3412 25.6449 21.5186 23.872 21.9768 16.0934 23.5748 22.5732 24.5721 20.2103 20 25.458 23.3045 15.3636 22.8077 25.7614 22.8351 24.3855 15.1579 23.9945 23.5971 16.9403 23.5783 20.3011 20 18.8654 22.4019 26.5578 20 26.0455 23.4112 18.7319 16.6356 14.4515 19.5649 25.3396 17.0976 24.4099 15.2484 18.5572 20.842 23.5367 22.1432 19.3144 16.3897 22.6585 21.3254 20.0736 23.6177 21.9041 21.6097 16.8503 22.5747 23.8689 20 20 18.7327 20 24.5621 15.7454 17.4238 17.7571 24.1331 26.4183 18.0583 22.6367 25.0662 24.2531 18.4438 24.6722 25.8423 22.0645 21.9225 17.202 20 22.0641 20.8983 23.6079 23.7696 23.341 11.4219 24.7492 15.8643 17.3583 17.6352 20 23.7334 22.0774 20 24.0667 16.2145 11.7711 23.2172 20 20 22.354 18.7671 21.4743 24.0447 25.8146 24.1388 23.7065 23.2686 21.9293 19.0464 20 20 21.9219 21.2886 25.6418 23.9091 18.0887 23.0461 22.7301 21.0903 22.3387 18.7474 20.1273 23.504 26.5119 23.76 16.5785 17.7238 23.1544 22.2691 16.9569 21.1531 23.4422 26.3058 25.3411 22.6891 21.3507 25.1118 17.6634 25.9054 24.8615 21.6271 25.7612 24.615 19.8352 16.5955 24.7092 17.6289 24.6877 26.5728 18.4353 23.7082 24.7448 20.6521 24.9323 24.7934 22.3044 23.8274 18.7698 17.4067 19.3582 15.7421 26.5837 25.0911 15.0805 20 18.1524 14.7217 19.9802 26.0693 18.3193 10.594 17.9634 26.0721 14.4839 18.7256 22.5095 23.5614 17.0968 20 17.0105 22.2117 18.1724 17.6803 20 17.1136 23.8548 18.1815 23.5858 18.1044 19.3447 22.6344 12.2592 24.1204 16.5924 17.7827 19.6095 25.1922 23.3997 19.3344 20.6392 19.382 23.7537 15.836 19.5985 20.8195 22.5516 20 23.3947 18.2611 24.961 20.0175 23.8388 20.1984 21.8597 16.1255 24.2546 22.8554 23.1439 21.9816 24.0298 16.3496 23.2966 16.0957 16.367 24.5355 23.9146 18.3887 22.8188 24.2034 16.3292 20.2853 24.1995 16.1615 22.6682 25.0003 18.2025 15.8599 20 17.4854 20.5886 21.6401 20 23.3113 20 23.1922 16.223 17.9364 21.9021 21.7286 20.8025 23.4918 19.7724 23.1977 19.9018 23.0332 24.3575 18.3242 23.7325 22.4708 18.9281 24.9898 16.3993 24.688 26.1315 22.0484 20 20.7168 18.4041 22.0218 23.9463 24.5063 20 23.1295 17.3256 22.9728 18.4974 25.6254 14.1905 15.7541 18.2842 17.0365 15.9317 22.0931 21.5177 18.9245 14.5692 23.1235 22.7079 23.0856 23.1776 19.9713 18.7376 20.1076 23.2256 25.7514 20 24.5969 22.5864 20 15.0703 15.5766 19.1672 22.9102 14.6321 22.5057 15.8803 23.6225 24.0588 18.2159 25.0499 17.7748 18.3467 24.1836 26.1907 17.078 14.3151 15.4932 25.7928 19.0899 18.3171 24.6154 15.2114 24.955 16.0433 25.9672 23.1115 16.8085 16.4614 22.3568 18.9667 19.6213 18.4775 24.3883 22.9185 21.4499 17.4013 24.5203 22.733 25.9846 24.5295 23.288 17.7293 22.7258 15.8653 24.7966 19.8055 20.3668 17.6018 16.4399 23.3987 20 21.2231 21.1317 23.873 20 26.337 26.5802 20 17.4454 20.6854 17.2683 19.4284 15.9918 24.4584 20 23.875 18.9987 24.6856 18.4755 23.8771 21.8576 21.6811 19.3426 23.7638 18.1961 16.2397 20 22.2108 26.0582 21.693 25.7913 14.5687 21.8565 20 23.9399 24.2606 18.5234 16.5198 22.2107 19.8242 24.0865 17.7772 23.3373 25.9663 21.0407 25.8642 19.0656 24.6466 24.3677 18.5298 17.6715 19.0345 24.3159 16.8359 15.8819 23.7584 17.9037 22.058 17.9401 21.5401 12.785 23.3207 20 20 23.4104 23.9073 19.565 22.851 23.6629 24.1439 17.1176 23.9545 17.549 16.0444 16.748 18.6442 20 23.2024 25.1036 23.3386 20.8031 18.6253 26.4223 18.566 15.1769 19.6684 18.2491 18.9249 17.6105 16.6956 22.0602 18.7756 25.1314 24.0932 20.6818 21.4229 20.3636 22.3265 20 16.0539 24.6674 24.5601 24.0924 25.8388 18.6294 20 24.7866 24.0924 23.9686 23.0571 21.6363 25.9127 24.8119 23.687 17.421 17.689 24.1946 21.681 17.2033 26.1194 16.2577 26.0288 18.2697 20 25.1253 19.4616 25.9334 23.0374 22.7842 22.3316 19.2169 24.083 22.8568 22.1172 17.3407 19.1711 23.7414 22.9955 17.8707 24.9639 22.8273 17.8996 25.1342 19.0386 17.4167 17.1762 18.2894 23.4164 22.0559 24.1253 25.9668 25.1504 20.4905 20 22.4304 21.0683 17.2005 23.96 25.6561 26.2737 15.0085 25.9953 24.6089 24.4328 17.2861 24.7121 26.3221 20 24.1357 24.3451 24.6612 17.9423 16.2187 25.6825 20 18.4302 15.062 23.1085 20 18.7907 17.9954 16.5716 20 15.35 17.4133 20 14.2079 14.6503 22.5122 22.7846 16.0321 17.3476 15.1411 25.0831 15.8055 20.664 19.2008 24.3424 16.8531 20.7041 17.0405 26.3107 20 17.6769 20.4812 21.5297 16.9798 25.9238 20 26.4426 21.8488 25.6532 24.1526 16.0338 24.7663 18.7747 22.5535 23.2889 20.5503 16.6086 19.0811 23.0281 20.307 15.7582 22.8996 20 21.9707 16.7582 20 23.8192 21.0083 17.9656 17.3395 16.6397 17.9424 17.169 25.5701 19.9913 17.7564 16.0547 19.5699 16.4827 18.42 20 25.211 22.1909 26.5569 18.9363 15.3928 21.1573 24.0305 15.195 23.8456 23.5365 23.6398 21.661 22.1574 20 20.9038 25.4307 18.8348 22.7626 20.6332 15.2883 24.2554 23.8831 14.1841 23.5271 21.0355 14.4015 23.0623 20 17.2598 23.383 18.2901 20.7523 22.093 21.0792 23.216 25.0745 15.6985 20 15.4218 15.8056 25.179 26.4108 20 23.2624 20 25.6464 21.5616 21.1765 23.3846 18.8642 26.0043 22.2359 17.7894 15.7025 19.0285 17.7586 16.882 19.9707 21.9944 20.6632 15.0815 17.3836 17.6713 20 24.5848 26.1745 23.9267 22.4043 20.3159 14.4136 15.1182 16.7917 17.2314 22.2132 23.6662 22.2495 20 21.8203 22.3872 20.9663 20 23.639 25.1974 17.8504 18.5856 22.9715 18.7384 25.6712 17.4643 26.5304 24.3051 22.2292 20 16.3085 21.4725 19.1717 25.2377 17.2256 21.1455 23.4181 22.0565 24.6867 15.3717 22.6828 22.1464 23.0963 22.5805 14.9918 20 20 15.9653 18.904 20.6933 17.2726 21.7765 16.1368 16.422 16.2541 25.1924 16.8194 24.3046 22.108 16.9014 21.9853 25.9308 24.0581 22.7271 21.7232 20 22.818 20 20.3522 15.2902 22.6344 23.9246 14.8606 16.1161 14.6625 20 23.9804 18.0909 16.9862 22.2855 21.497 21.3902 25.3619 23.3121 19.0225 18.8796 21.9174 23.4278 23.8185 20.3396 18.7777 20.6161 14.3736 17.0052 20.6045 20 16.3685 20.7982 21.868 15.1264 16.9493 26.5518 19.1771 19.8494 15.9057 24.4882 22.8056 22.9444 20 21.0269 20 22.3887 22.2014 15.2181 23.3942 21.005 18.3177 14.5005 19.7857 17.0322 20.7716 23.4044 19.3366 23.5852 17.3297 23.6011 17.6372 20 16.2142 14.7764 21.0037 24.9791 26.1782 17.1778 15.5117 17.3934 16.3044 17.5911 16.023 25.9846 20 14.8517 19.918 16.0463 19.7582 18.3518 22.9828 23.6042 22.7207 25.857 19.6719 14.6362 20 20 25.6617 23.2779 16.7646 24.2756 20 16.9647 22.8588 16.4577 19.1967 14.4202 20 22.1202 25.7449 23.8737 20 19.2217 22.3889 15.8644 21.4169 18.4286 20 15.9115 24.7843 22.4657 24.1932 21.4636 25.6312 16.958 24.2688 20 18.073 17.1613 20 22.0667 17.9825 26.3409 15.7719 15.3177 17.9315 22.1514 21.182 20 26.3035 20 19.2113 20.6289 14.8076 22.9503 19.9315 20.2072 21.2629 21.1111 22.1741 17.116 17.8044 25.9462 21.859 22.2429 19.5404 20 21.2354 20.8156 22.7891 15.7743 19.9421 20 18.8295 25.5478 26.0774 17.6844 14.9016 14.3227 24.461 21.324 19.0115 16.0005 18.7967 19.9834 23.3172 20 25.279 20 18.5279 22.6555 23.8391 20 15.3497 16.4591 15.1836 24.9684 20.8084 15.744 26.1807 18.6653 24.9086 14.5178 15.7717 17.6872 24.2095 14.7397 18.3185 24.0485 20 15.994 22.2262 17.2428 20 21.8438 24.0916 15.8276 22.1229 23.3699 14.5552 26.1124 25.0206 24.5684 25.7161 17.5059 18.3938 18.1051 20 20 16.3539 20.695 17.5949 23.2197 22.274 15.2435 24.9103 20 22.9165 17.2176 20.7517 20 23.7885 22.8723 23.8955 17.1792 20 16.9399 17.9412 16.6097 16.8328 17.4583 24.4546 26.2722 22.2385 24.381 23.395 24.222 18.0642 26.2958 25.0134 25.0447 17.9664 20.4625 15.1702 20.7296 20 21.9822 21.8301 14.2074 21.3127 19.2935 16.8188 18.3213 16.7915 17.9907 15.1903 20 20 16.8466 24.5273 26.467 20 20 22.7226 17.2985 22.1964 17.455 20 16.0576 25.4145 22.2704 17.5189 20.4017 25.5377 19.0113 15.029 16.8115 16.1205 26.2841 20 20.5452 17.9982 19.4048 17.4138 19.9444 25.4238 26.2694 17.6282 20 20.7699 24.3912 15.7773 16.0161 18.0881 16.0345 17.201 19.1937 24.4659 15.7602 14.4355 19.487 26.5102 17.2802 19.7772 20 24.3994 22.2188 22.1584 19.4777 20.5192 15.0762 21.3614 20 26.5421 23.9669 23.3554 25.9155 22.2228 25.292 20 19.077 24.2872 26.1114 20 24.9582 20.9081 22.0177 14.5108 23.8855 20 25.1148 16.0395 20 26.0452 19.6082 16.0433 15.7531 20 15.7461 17.6416 20 23.7511 24.905 18.9545 15.2911 15.8597 19.2936 24.0954 19.0158 16.0743 22.1644 15.8503 14.441 24.1345 21.8153 15.9437 20 15.7079 22.0223 15.8422 17.1787 15.7221 25.4261 21.0147 20.9122 15.0982 21.8217 22.8801 24.9906 18.609 19.1794 26.0462 14.5998 16.2926 23.5784 18.4524 17.5841 15.6124 16.8968 16.947 18.1142 15.7807 16.6236 23.741 17.4848 18.1304 19.2451 18.9414 19.8561 21.414 18.4556 14.9157 25.8884 16.3133 14.7589 26.2122 23.1165 20 16.0817 26.1241 18.3699 23.5177 18.1701 20 26.1745 19.39 19.042 15.7422 15.8363 17.0568 25.5958 14.6967 15.334 14.4525 15.7365 14.916 21.2801 20 25.8619 17.3131 25.5286 20 17.2648 25.9614 20 16.5135 22.0648 16.9435 23.865 23.4586 25.0453 16.2177 19.7213 24.2903 20 24.2754 25.2701 18.5429 15.8279 25.1325 19.874 23.0391 16.0693 19.4678 16.8781 15.878 25.0041 26.232 20 16.0593 15.7704 25.7392 15.7442 23.3376 17.1175 20 17.1204 26.4397 20 17.3968 17.0758 18.2859 19.9693 16.7584 15.5891 24.3776 20.8341 19.3985 14.3343 20 20 22.8859 23.8663 16.7072 19.2527 24.8722 24.5994 20 19.596 17.5379 16.0927 20 15.6391 25.5194 19.9102 25.7708 20 15.7522 22.9372 23.5396 20 18.0066 19.9798 23.6756 14.2982 17.0317 22.1187 20 18.6023 23.8153 20 17.6774 17.8592 22.7937 15.8454 15.6428 25.5752 16.2786 22.9504 19.7527 22.9007 17.2016 15.6973 16.4637 17.4682 17.8754 15.5686 18.4157 24.6316 14.9093 15.9253 17.0852 24.253 14.7573 19.7033 18.5195 15.7589 17.8542 23.2056 25.0596 18.3486 17.8128 20 15.0999 19.8857 26.5441 20.9766 22.2177 20 24.8638 18.9289 24.4675 14.1505 14.295 20 15.6026 15.7188 20 15.1136 16.8197 25.1473 15.8124 20 18.8471 17.1838 26.5401 19.6975 16.4421 17.1592 19.0169 17.4186 17.5514 16.1191 21.857 18.2348 24.2944 24.1449 23.4262 17.0885 15.7664 18.0738 18.3207 19.2289 24.5165 15.0874 17.0818 15.3629 26.5221 24.1457 26.2903 18.1568 20 18.1341 18.7969 18.2002 18.3792 19.239 24.9451 20 19.1247 15.701 15.3776 15.7127 16.9109 16.6315 26.5019 20 23.5668 25.4232 23.6957 23.7563 22.0159 15.6861 15.7294 19.442 20 15.3188 19.9112 14.7659 23.239 23.2456 21.3933 21.8264 17.0969 18.3708 17.0911 20 20 20 19.6922 20 25.4144 17.1691 18.5728 17.6887 18.8002 15.3761 23.448 20 17.8335 17.0296 18.3875 17.1432 20 24.4454 17.7396 18.016 15.6765 15.2428 17.1196 17.8376 16.1161 17.3134 15.854 17.9406 16.5178 20 16.6718 16.6597 19.9681 18.7158 23.4321 18.9266 17.7481 17.8917 18.6437 20 18.9422 17.2215 16.8966 16.5098 19.3547 18.5733 16.9037 24.4459 19.5984 19.8018 20 21.9651 17.8339 23.4348 21.9263 15.9862 20.936 22.1362 15.4966 20 15.8836 20 18.2739 20 19.4154 17.5856 19.7981 14.948 18.3654 20 15.4585 19.0697 16.0437 18.1727 16.4666 18.3298 16.1593 20 15.2017 16.8616 20 17.2101 24.0261 20 19.3424 17.6898 18.5296 19.8744 16.5978 15.5431 15.0976 18.9386 19.2353 17.3337 23.8103 15.7705 25.0305 22.1185 19.066 20 24.2206 16.1708 18.1722 20 17.9724 25.822 14.0983 18.3223 18.0102 16.4196 17.5034 16.2657 20 17.6058 17.8785 20 17.979 18.953 17.7889 22.5646 16.2041 19.2647 16.0006 19.6446 25.2943 16.8901 16.2115 18.1238 16.2458 20 17.9466 14.2699 16.7632 17.235 21.9681 16.0019 15.9677 17.8074 19.4915 15.8883 17.7132 15.9663 17.8164 14.5015 15.7679 17.4989 16.0091 15.7011 15.376 15.9999 20 17.3365 16.1021 20 19.5879 22.7583 22.6872 20 14.7461 18.4048 16.1156 24.814 16.1445 20 18.125 17.792 20 15.8837 14.7071 17.7888 18.1774 16.6485 25.6144 20 16.1382 16.0567 16.8692 16.1377 18.3671 19.0082 16.5718 20 16.8351 16.5646 16.8582 19.2736 18.1496 18.608 16.2657 17.2584 19.4998 14.7136 17.4331 18.6882 20 18.3084 19.7682 18.1656 17.3833 18.4377 18.2213 18.2751 15.3502 17.6642 20 19.0081 18.0812 20 20 17.8166 19.5423 20 20 18.1849 19.4231 20 15.6685 15.8977 14.3227 18.7115 18.5037 19.8555 20 20 20 15.9875 19.9535 15.6211 17.4898 16.7456 20 17.2898 14.3831 19.3222 17.8921 16.4344 16.1298 16.0457 17.6634 17.6013 16.2953 16.8684 15.7816 18.0555 19.9091 19.3944 17.1798 19.786 17.3073 15.7649 15.9022 14.6261 14.4406 14.7846 15.916 18.8131 20 16.4669 20 15.7237 17.0624 18.2568 19.5755 20 16.6172 18.9392 20 16.5188 18.824 19.5915 16.3564 20 18.0239 16.6625 18.9243 20 16.1476 18.9917 17.9908 18.8752 18.2908 19.3341 14.2488 15.7573 14.3744 18.4523 17.527 15.7109 17.745 17.1738 19.248 16.5216 17.2639 16.8449 18.4083 20 15.6738 19.152 16.877 15.4886 15.3777 16.7043 16.0472 18.5788 18.9331 17.2205 18.523 19.3333 19.9234 20 14.5126 15.515 15.3527 19.8555 16.3396 17.358 17.6486 20 17.9808 15.9119 17.0475 14.7165 17.8536 15.9922 18.955 16.6861 17.7294 18.5735 18.1596 17.0588 17.1741 17.1677 20 18.2187 18.4412 17.4137 17.8638 17.3593 20 19.3084
        </DataArray>
        <DataArray type="Float64" Name="volume" NumberOfComponents="1" format="ascii">
 4994.46 4111.55 4188.79 2696.47 5339.88 7131.11 3428.84 3133.09 9819.64 8881 7184.86 2167.17 6155.31 8274.87 9248.06 4848.14 7334.1 7331.52 1954.11 4021.93 2370.9 8039.2 7607.47 5848.49 1610.53 3365.62 3046.01 3591.49 9440.41 2306.03 8297.48 4188.79 8525.86 5695.57 5093.42 3300.34 3053.62 7561.97 2665.95 3539.13 8133.13 1047.07 4828.24 3156.5 9276.82 6421.73 3663.03 9765.99 6928.28 3771.68 1838.97 2759.16 7214.2 7498.13 2288.89 9333.68 4188.79 9089.57 7460.68 3487.65 3897.63 2464.59 3796.41 4188.79 2713.12 7148.04 8695.48 4431.27 3723.34 4188.79 3800.85 5320.39 2330.47 6397.83 9216.34 2607.08 2150.71 4188.79 2297.11 2220.56 2370.12 5363.44 5717.78 2675.81 4188.79 4188.79 4188.79 3755.03 2376.66 5746.89 7785.79 7417.13 2069.13 3187.8 8843.38 2503.84 8351.29 3134.47 4032.92 4188.79 5911.36 5562.7 822.816 7830.55 6470.06 6716.27 7536.82 3773.51 8141.33 7561.63 4831.1 7882.42 2453.1 7124.79 1529.71 6116.35 3367.4 4188.79 2233.37 2419.37 4188.79 2864.79 7326.16 4078.86 2568.36 4188.79 2373.26 4099.67 4188.79 4849.61 2033.94 4188.79 8881.8 8334.9 2082.32 8895.01 8072.87 7047.06 7215.11 9640.08 7467.21 1924.78 4985.43 4289.71 3296.76 8673.71 1997.11 5167.67 3108.03 4013.68 1966.6 5905.35 4188.79 7074.83 2537.71 6118.6 812.249 8132.9 6761.6 7160.58 9618.93 7726.27 7205.44 3042.24 1432.42 7027.99 3598.59 6034.12 3607.83 7259.18 3197.52 8102.63 4188.79 2869.13 2236.31 8254.21 7495.57 7271.29 6812.1 4188.79 3700.76 6825.41 7154.66 2879.13 9294.67 2603.54 4899.5 3144.3 5976.75 8411.02 4724.71 4188.79 2443.91 4188.79 2256.33 5230.13 6190.95 5376.39 2573.13 3614.76 2153.31 3512.17 2523.96 8548.42 3332.64 2754.56 6161.22 4188.79 7934.86 2972.62 2548.02 9746.95 8927.79 8724.91 5901.89 6142.82 2265.2 8618.14 1490.57 2992.67 3990.93 2641.96 5985.28 2505.88 2351.32 3422.29 6250.87 7225.26 8263.05 2526.07 2318.96 6048.37 584.292 4580.74 9837.59 6857.37 4188.79 6986.46 4055.85 9706 4188.79 3347.27 5844.77 2426.49 3625.16 7113.62 9714.6 6060.49 6945.33 9348.04 8777.23 4493.1 4147.9 2757.47 7149.31 3703.55 3234.11 4188.79 2203.17 8553.11 4188.79 4188.79 3103.83 2914.01 9758.8 5942.83 5833.19 2729.29 6657.03 7757.13 4188.79 7725.71 6121.3 7130.71 6412.51 4188.79 5118.02 1966.99 9234.07 3928.37 6230.34 2966.22 8731.62 2706.02 6804.3 8367.51 4463.49 9708.62 4345.24 2930.73 6876.01 9267.03 3349.81 8842.95 1784.99 3665.95 9376.65 2135.11 9468.74 6623.24 7025.64 2881.31 4188.79 6392.87 6129.11 2280.83 2319.48 5879.51 1540.93 7381.88 2635.61 2764.3 5119.99 7610.49 8850.55 5412.25 6763.42 8281.37 9692.78 7875.77 5673.64 4483.44 3601.71 4188.79 5988.07 2988.48 4613.57 8429.77 4644.67 4188.79 7949.61 6301.93 3214.67 2623.76 9739.12 4188.79 7404.6 2357.18 7872.03 9529.79 3631.66 8906.18 1938.09 2289.34 2419.69 7486.8 9597.93 3850.6 1787.4 4175.58 3329.57 5541.45 5608.74 3112.87 9566.99 6412.39 4023.1 1992.47 2768.49 3785.01 7272.68 6762.26 2538.13 7897.04 7546.31 2607.19 4310.6 8444.41 583.157 2621.87 5412.96 7727.79 6936.51 8706.86 7538.55 6579.03 7110.06 2307.73 3744.74 559.764 4495.2 5986.26 917.675 7351.72 3051 9491.86 4188.79 6112.93 3282.06 8973.42 2445.07 4106.98 4484.77 4188.79 5770.11 4188.79 2890.17 6989.82 5418.09 5276.47 7135.37 2955.22 9671.23 3470.85 8704.37 4188.79 3152.39 4188.79 5068.43 5073.57 5617.53 6600.18 7160.4 6318.9 3545.96 7820.77 2804.89 4706.57 2341.34 2163.56 2221.82 7657.94 1772.5 925.167 9444.86 6197.49 1944.4 8572.14 9094.8 8374.05 2171 3360.92 4188.79 4188.79 2081.09 4188.79 4188.79 9029.77 5970.28 2728.45 6781.76 2808.62 2984.56 2050.18 3040.13 2612.58 2040.67 2544.27 7228.47 7848.2 6376.32 4188.79 8538.4 4638.41 6173.83 9504.29 6506.96 8953.98 6235.06 3274.83 4188.79 3158.39 5790.96 7038.81 3386.78 4991.96 3173.87 8979.48 7122.2 6569 2509.95 7481.91 5661.17 5147.31 3355.31 7939.09 6120.79 4188.79 6678.11 3621.51 4793.9 2474.55 5353.88 1603.49 4188.79 5214.92 2393.02 8185.52 2398.4 5519.47 4188.79 3582.32 6854.78 2435.03 8300.41 947.685 3506.17 1987.17 3414.79 6168 5613.33 5271.07 9463.42 7220.81 4188.79 4188.79 7282.04 9011.07 9185.01 8072.66 5907.32 6844.62 2447.8 4380.93 4544.83 4793.41 2581.41 2387.98 9049.95 3683.53 7585.31 2815.69 8445.97 4188.79 7475.35 2071.68 4188.79 4941.14 2906.17 2799.03 5425.69 2475.72 5391.78 4089.28 2020.23 4188.79 8392.86 6734.36 7680.42 7608.54 9179.17 1810.41 8949.03 3196.09 2139.77 2626.73 7678.45 1656.91 5425.49 8074.27 7214.98 5865.29 7037.51 4188.79 7445.98 3308.64 3365.72 6939.37 5507.29 5782.17 7288.1 6991.18 8527.8 7997.63 7758.19 2413.2 8764.72 5911.99 6929.88 5377.59 7924.36 2335.73 5751.27 8747.3 8447.75 4545.5 3063.1 2181.8 2140.27 4596.76 6697.76 9392.75 4188.79 4188.79 4188.79 3396.54 7714.71 6439.38 5077.79 2109.41 3279.92 3847.18 7551.35 8830.82 5217.27 7123.05 5557.64 2182.44 6860.3 6022.49 7768.27 4322.3 4188.79 8639.14 6626.98 1898.79 6212.2 8951.69 6234.54 7592.69 1823.54 7233.27 6879.76 2545.44 6863.38 4380.85 4188.79 3515.6 5886.47 9807.92 4188.79 9251.18 6718.46 3441.46 2410.55 1580.3 3921.3 8519.16 2617.01 7615.45 1856.41 3346.1 4740.4 6827.13 5684.85 3772.61 2305.22 6091.07 5077.98 4235.23 6897.79 5502.72 5283.81 2505.07 6023.73 7120.28 4188.79 4188.79 3441.89 4188.79 7758.8 2043.89 2769.68 2931.68 7359.37 9654.11 3083.39 6073.52 8246.44 7469.65 3285.12 7863.61 9036.34 5624.44 5516.58 2665.23 4188.79 5624.13 4778.94 6889.26 7031.78 6658.16 780.208 7937.49 2090.56 2738.56 2871.7 4188.79 6999.69 5634.31 4188.79 7298.72 2232.06 853.979 6552.83 4188.79 4188.79 5848.8 3460.93 5185.09 7278.74 9007.32 7364.54 6975.91 6596.4 5521.73 3617.75 4188.79 4188.79 5516.15 5051.69 8827.6 7156.32 3098.99 6408.97 6148.99 4911.88 5836.73 3450.05 4269.28 6798.69 9757.14 7023.29 2385.82 2915.19 6499.76 5782.36 2552.91 4955.86 6745.18 9531.32 8520.67 6115.8 5096.05 8291.44 2885.51 9102.73 8046.03 5296.55 8951.48 7809.04 4086.11 2393.16 7899 2868.64 7878.46 9824.47 3280.58 6977.4 7933.21 4612.04 8114.9 7980.08 5809.88 7083.21 3462.38 2761.51 3798.33 2042.61 9836.64 8271.01 1795.74 4188.79 3131.82 1670.59 4176.33 9276.55 3219.02 622.562 3035.02 9279.54 1590.96 3437.97 5971.65 6848.58 2616.61 4188.79 2577.2 5737.78 3142.21 2893.77 4188.79 2624.38 7107.69 3146.93 6869.87 3107.06 3790.38 6071.6 964.688 7347.71 2391.83 2944.37 3948.2 8371.38 6708.57 3784.34 4603.38 3812.39 7017.64 2079.38 3941.58 4725.1 6005.22 4188.79 6704.27 3188.43 8142.96 4199.77 7093.32 4314.68 5469.32 2195.54 7471.05 6251.23 6490.91 5561.31 7265.21 2288.34 6620.29 2183.37 2295.65 7733.58 7161.25 3255.74 6221.23 7423.85 2279.78 4370.59 7420.2 2210.25 6098.89 8181.55 3157.86 2088.8 4188.79 2799.12 4569.62 5306.1 4188.79 6632.84 4188.79 6531.68 2235.6 3021.38 5501.17 5371.49 4713.52 6788.08 4047.39 6536.29 4127.36 6398.29 7566.52 3221.6 6998.89 5940.94 3550.76 8171.25 2309.28 7878.78 9343.14 5612.19 4188.79 4655.5 3263.94 5591.88 7189.72 7706.02 4188.79 6478.85 2723.12 6348.08 3313.82 8810.67 1496.2 2047.27 3200.55 2589.04 2117.31 5646.37 5216.58 3548.75 1619.23 6473.8 6131 6442.02 6519.37 4170.8 3444.61 4256.76 6559.96 8941.3 4188.79 7791.8 6033.08 4188.79 1792.12 1978.87 3686.98 6296.3 1640.28 5968.65 2096.87 6901.98 7291.58 3164.84 8230.36 2940.44 3233.51 7405.6 9406.8 2608 1535.97 1947.24 8984.52 3642.59 3217.86 7809.39 1842.9 8137.17 2162.12 9168.03 6463.76 2486.48 2335.59 5850.97 3572.5 3955.33 3303.16 7595.29 6303.16 5167.43 2758.96 7719.27 6151.35 9186.41 7727.99 6612.97 2917.92 6145.51 2090.96 7983.18 4067.76 4423.53 2855.43 2326.46 6707.71 4188.79 5005.26 4940.86 7123.95 4188.79 9565.29 9832.68 4188.79 2779.96 4634.39 2696.17 3839.82 2141.38 7660.93 4188.79 7125.74 3590.6 7876.39 3302.1 7127.59 5467.71 5336.34 3789.14 7026.62 3154.51 2242.52 4188.79 5737.09 9264.74 5345.13 8982.97 1619.04 5466.9 4188.79 7183.98 7476.59 3327.84 2360.53 5737 4079.33 7316.74 2941.64 6655.01 9167.05 4877.29 9059.37 3628.69 7839.15 7576.03 3331.28 2889.48 3610.96 7527.82 2498.65 2097.51 7021.85 3004.87 5619.53 3023.26 5232.87 1094.21 6640.82 4188.79 4188.79 6717.78 7154.68 3921.36 6247.62 6937.49 7369.19 2626.18 7197.17 2829.82 2162.56 2459.72 3393.34 4188.79 6540.3 8283.36 6656.19 4713.96 3383.03 9658.51 3350.82 1830.39 3983.86 3182.17 3548.92 2859.66 2436.71 5621.2 3465.62 8310.9 7322.88 4631.97 5147.91 4421.45 5827.18 4188.79 2166.39 7859.03 7756.93 7322.18 9032.7 3385.29 4188.79 7973.55 7322.19 7209.86 6418.22 5303.28 9110.38 7997.99 6958.69 2768.33 2898.08 7415.71 5336.28 2665.86 9330.15 2249.98 9233.43 3192.94 4188.79 8304.9 3859.51 9132.29 6401.79 6193.01 5831.19 3715.79 7313.54 6252.38 5664.89 2730.24 3689.26 7006.77 6366.92 2988.29 8145.89 6228.22 3002.83 8313.68 3613.3 2766.28 2653.24 3203.29 6722.93 5617.88 7352.18 9167.52 8329.79 4504.6 4188.79 5908.97 4896.54 2664.55 7202.14 8842.38 9496.52 1770.15 9197.74 7803.25 7636.93 2704.53 7901.79 9549.05 4188.79 7361.74 7555.01 7853.1 3024.36 2233.8 8869.73 4188.79 3277.83 1789.15 6461.18 4188.79 3473.99 3051.29 2382.84 4188.79 1893.74 2764.67 4188.79 1501.72 1646.4 5973.84 6193.31 2157.59 2733.47 1817.48 8263.08 2067.38 4620.02 3706.45 7552.43 2506.31 4646.95 2590.89 9536.63 4188.79 2892.1 4498.5 5225.34 2563.29 9122.1 4188.79 9680.85 5461.08 8839.41 7377.14 2158.28 7953.94 3465.12 6006.76 6613.71 4544.18 2398.83 3637.56 6393.98 4384.63 2048.9 6287.54 4188.79 5553.02 2464.22 4188.79 7075.88 4854.8 3036.14 2729.64 2412.31 3024.42 2649.92 8753.79 4183.32 2931.3 2166.74 3924.32 2344.68 3272.39 4188.79 8390.09 5721.71 9806.9 3555.38 1909.63 4958.82 7265.88 1836.97 7099.4 6826.89 6917.24 5321.47 5695.82 4188.79 4782.7 8611.38 3498.52 6175.38 4599.36 1871 7471.78 7133.01 1494.2 6818.73 4873.68 1563.95 6422.52 4188.79 2692.17 6694.22 3203.68 4679.45 5646.29 4904.14 6551.81 8254.55 2025.68 4188.79 1920.44 2067.41 8358.19 9645.9 4188.79 6591.13 4188.79 8832.34 5248.59 4972.35 6695.56 3514.92 9207.35 5756.57 2947.7 2027.23 3607.56 2932.39 2519.26 4170.41 5571 4619.49 1796.11 2750.54 2889.4 4188.79 7780.38 9389.29 7172.16 5888.36 4390.41 1567.88 1809.24 2479.03 2678.94 5738.98 6940.36 5767.13 4188.79 5439.81 5874.87 4825.72 4188.79 6916.52 8376.52 2978.13 3361.48 6346.99 3445.05 8858.07 2789.01 9777.5 7517.8 5751.33 4188.79 2271.14 5183.75 3689.62 8416.84 2676.2 4950.54 6724.41 5618.35 7877.47 1901.79 6110.69 5687.32 6451.01 6028.35 1764.26 4188.79 4188.79 2130.76 3537.2 4639.68 2698.19 5407.11 2200.16 2318.88 2248.47 8371.58 2491.34 7517.34 5657.81 2527.94 5564.08 9129.46 7290.91 6146.53 5367.46 4188.79 6220.57 4188.79 4413.98 1871.73 6071.66 7170.23 1718.35 2191.68 1650.53 4188.79 7220.48 3100.13 2566.16 5795.18 5201.53 5124.39 8541.73 6633.53 3604.16 3523.52 5512.68 6732.8 7075.25 4405.81 3466.77 4587.97 1554.87 2574.81 4580.19 4188.79 2296.28 4710.57 5475.49 1812.21 2549.49 9801.18 3692.7 4094.87 2106.95 7689 6210.44 6324.55 4188.79 4867.74 4188.79 5876.02 5729.82 1845.37 6703.81 4852.54 3218.19 1596.43 4055.56 2587.07 4692.57 6712.59 3785.61 6869.4 2725.01 6883.28 2872.67 4188.79 2231.94 1689.29 4851.58 8160.77 9393.3 2654.01 1954.24 2755.2 2269.4 2850.23 2153.94 9186.42 4188.79 1715.24 4137.46 2163.33 4038.71 3236.21 6356.37 6885.99 6141.32 9051.76 3986 1641.65 4188.79 4188.79 8848.21 6604.37 2467.07 7490.45 4188.79 2556.46 6254.01 2334.03 3704.04 1570.06 4188.79 5667.18 8934.55 7124.59 4188.79 3718.53 5876.21 2090.6 5143.6 3277 4188.79 2109.27 7971.25 5936.92 7414.46 5177.34 8816.67 2553.44 7484.18 4188.79 3090.94 2646.35 4188.79 5626.12 3044.75 9569.54 2054.24 1881.84 3018.91 5691.18 4976.24 4188.79 9528.82 4188.79 3712.55 4596.5 1700.03 6329.42 4145.93 4320.36 5033.42 4926.41 5708.73 2625.48 2955.18 9145.8 5468.77 5761.97 3906.62 4188.79 5013.96 4722.46 6196.99 2055.17 4152.53 4188.79 3495.54 8730.88 9285.2 2895.83 1732.61 1538.41 7663.36 5076.94 3597.87 2144.88 3477.32 4178.38 6637.9 4188.79 8458.19 4188.79 3330.24 6088.62 7093.63 4188.79 1893.64 2334.61 1832.82 8150.23 4717.51 2043.37 9395.95 3404.9 8091.84 1602.13 2054.16 2897.2 7429.48 1676.75 3218.63 7282.16 4188.79 2142.24 5749.06 2684.22 4188.79 5457.37 7321.42 2076.07 5669.22 6682.99 1614.56 9322.65 8201.44 7764.77 8904.61 2808.99 3258.45 3107.43 4188.79 4188.79 2290.14 4640.85 2852.05 6554.91 5786.23 1854.62 8093.52 4188.79 6301.49 2672.48 4679.05 4188.79 7048.57 6265.11 7144.11 2654.66 4188.79 2545.25 3023.82 2399.31 2497.29 2786.17 7657.41 9494.84 5758.6 7588.44 6704.56 7440.98 3086.42 9520.5 8194.39 8225.2 3036.58 4486.14 1827.98 4664.14 4188.79 5561.79 5447.09 1501.56 5068.9 3760.38 2491.06 3220.11 2478.94 3048.9 1835.25 4188.79 4188.79 2503.42 7725.85 9707.66 4188.79 4188.79 6142.86 2710.35 5725.95 2784.59 4188.79 2167.89 8594.98 5783.38 2815.26 4446.27 8720.51 3597.8 1777.41 2487.82 2193.49 9507.8 4188.79 4540.79 3052.69 3825.83 2764.88 4153.93 8604.39 9491.79 2868.28 4188.79 4691.42 7597.96 2056.36 2151.13 3098.67 2158.55 2664.78 3702.32 7668.02 2049.67 1575.04 3874.64 9755.25 2701.77 4050.33 4188.79 7605.67 5743.31 5696.58 3869.12 4523.53 1794.23 5103.76 4188.79 9790.46 7208.34 6670.52 9113.33 5746.4 8471.28 4188.79 3635.18 7501.22 9321.56 4188.79 8140.23 4785.64 5588.75 1599.81 7135.13 4188.79 8294.41 2160.57 4188.79 9250.81 3947.39 2162.1 2046.9 4188.79 2044.15 2874.82 4188.79 7015.36 8088.35 3565.61 1872.05 2088.74 3760.42 7324.87 3600.33 2174.68 5701.2 2085.02 1576.87 7360.6 5436.03 2122.12 4188.79 2029.34 5592.26 2081.84 2654.42 2034.85 8606.7 4859.23 4788.45 1802.08 5440.85 6271.49 8172.04 3374.16 3694.06 9251.93 1629.43 2264.49 6863.46 3289.69 2846.81 1992.55 2525.87 2548.46 3112.12 2057.66 2405.32 7006.41 2798.84 3120.47 3732.12 3558.26 4099.05 5141.51 3291.43 1737.52 9084.73 2273.15 1683.3 9429.92 6467.91 4188.79 2177.7 9335.14 3245.78 6810.58 3141.02 4188.79 9389.28 3817.06 3615.21 2042.66 2079.52 2598.31 8780.24 1662.09 1887.84 1580.63 2040.45 1737.63 5045.69 4188.79 9056.87 2717.23 8711.25 4188.79 2694.55 9161.8 4188.79 2357.84 5624.67 2546.88 7116.73 6759.33 8225.78 2233.41 4016.11 7504.07 4188.79 7490.23 8449.27 3338.37 2076.18 8312 4110.11 6403.19 2172.65 3863.23 2517.52 2095.96 8185.28 9451.31 4188.79 2168.58 2053.65 8928.57 2043.43 6655.27 2626.13 4188.79 2627.5 9677.66 4188.79 2756.81 2607 3201.44 4169.56 2464.3 1983.63 7585.28 4735 3822.08 1542.15 4188.79 4188.79 6276.27 7117.96 2441.8 3736.55 8056.4 7794.23 4188.79 3940.03 2824.45 2182.15 4188.79 2002.8 8701.86 4132.6 8961.58 4188.79 2046.57 6318.59 6829.63 4188.79 3057 4176.14 6948.69 1530.54 2586.85 5666.03 4188.79 3370.51 7072.43 4188.79 2892.37 2982.52 6200.72 2083.07 2004.2 8759.08 2258.65 6329.51 4035.33 6288.49 2665.05 2025.23 2336.57 2790.89 2990.67 1975.81 3270.12 7824.83 1735.28 2114.76 2611.3 7469.59 1682.74 4005.09 3325.75 2049.14 2980.01 6542.99 8239.92 3234.5 2959.33 4188.79 1802.68 4117.38 9792.72 4832.83 5742.45 4188.79 8048.24 3551.19 7669.47 1483.59 1529.52 4188.79 1988.79 2033.56 4188.79 1807.61 2491.46 8326.74 2070.12 4188.79 3505.37 2656.78 9788.27 4001.59 2327.38 2645.41 3600.97 2767.18 2830.98 2192.92 5467.29 3174.68 7507.92 7370.12 6731.38 2612.83 2052.07 3091.33 3219.75 3722.74 7715.67 1798.23 2609.75 1898.53 9768.35 7370.83 9514.44 3134.12 4188.79 3122.4 3477.41 3156.65 3250.73 3728.62 8127.42 4188.79 3662.54 2026.67 1904 2031.2 2532.21 2408.75 9746.02 4188.79 6853.35 8603.8 6966.35 7019.95 5587.34 2020.9 2037.66 3847.88 4188.79 1882.22 4133.26 1685.7 6571.3 6576.86 5126.61 5444.37 2616.69 3246.27 2614.01 4188.79 4188.79 4188.79 3998.38 4188.79 8594.88 2649.98 3354.54 2897.92 3479.25 1903.44 6750.17 4188.79 2969.65 2585.91 3255.1 2637.99 4188.79 7648.76 2922.99 3061.77 2017.17 1854.37 2627.12 2971.71 2191.68 2717.33 2086.47 3023.48 2359.68 4188.79 2426.29 2421.02 4168.79 3432.58 6736.5 3549.91 2927.21 2998.82 3393.08 4188.79 3558.71 2674.3 2525.81 2356.28 3796.27 3354.78 2528.96 7649.19 3941.5 4065.49 4188.79 5548.77 2969.88 6738.81 5519.47 2139.12 4804.84 5679.45 1948.53 4188.79 2098.19 4188.79 3195.14 4188.79 3832.1 2847.54 4063.23 1748.84 3243.38 4188.79 1934.2 3631.01 2162.28 3142.36 2337.82 3224.56 2209.38 4188.79 1839.39 2510.12 4188.79 2669 7261.85 4188.79 3789.07 2898.45 3331.17 4110.37 2394.15 1966.12 1801.86 3556.65 3726.43 2726.9 7067.93 2053.68 8211.25 5665.82 3628.9 4188.79 7439.65 2214.07 3142.12 4188.79 3039.61 9015.01 1467.22 3220.61 3058.81 2317.85 2807.81 2253.3 4188.79 2857.37 2992.2 4188.79 3042.96 3564.78 2947.45 6015.62 2227.78 3743.54 2144.9 3969.41 8473.57 2522.86 2230.82 3117.09 2245.04 4188.79 3026.55 1521.48 2466.44 2680.6 5551.06 2145.42 2131.7 2956.63 3877.33 2100.05 2909.99 2131.13 2961.16 1596.75 2052.67 2805.63 2148.34 2026.69 1903.39 2144.64 4188.79 2728.25 2185.99 4188.79 3935.18 6171.88 6114.24 4188.79 1678.94 3264.32 2191.49 7999.97 2203.29 4188.79 3117.68 2949.01 4188.79 2098.23 1665.62 2947.41 3144.83 2416.14 8799.39 4188.79 2200.71 2167.54 2513.51 2200.53 3244.32 3596.03 2382.92 4188.79 2498.3 2379.83 2508.61 3748.75 3130.41 3373.65 2253.27 2691.56 3882.3 1667.86 2774.12 3417.45 4188.79 3213.32 4044.81 3138.7 2750.39 3281.85 3167.65 3195.78 1893.83 2885.91 4188.79 3595.96 3095.16 4188.79 4188.79 2961.25 3907.72 4188.79 4188.79 3148.72 3836.68 4188.79 2014.11 2103.77 1538.4 3430.26 3317.25 4098.68 4188.79 4188.79 4188.79 2139.65 4159.67 1995.87 2801.27 2458.67 4188.79 2706.26 1557.95 3777.19 2999.05 2324.14 2197.26 2163.11 2885.49 2855.16 2265.61 2513.14 2058.03 3081.98 4131.94 3819.67 2654.95 4055.77 2714.5 2051.49 2105.59 1638.27 1576.72 1692.1 2111.04 3486.42 4188.79 2337.92 4188.79 2035.48 2600.87 3186.18 3927.7 4188.79 2402.54 3557 4188.79 2360.1 3492.51 3937.33 2291.21 4188.79 3065.8 2422.26 3548.61 4188.79 2204.57 3586.65 3048.96 3521.04 3204.02 3784.2 1514.72 2048.52 1555.13 3289.64 2819.15 2030.51 2925.69 2652.16 3733.85 2361.34 2694.09 2502.69 3266.17 4188.79 2016.14 3678.22 2516.99 1945.53 1904.03 2440.54 2163.7 3357.77 3553.55 2673.84 3327.62 3783.72 4140.85 4188.79 1600.41 1955.49 1894.74 4098.68 2284.15 2738.4 2878.23 4188.79 3043.89 2109.41 2594.07 1668.85 2979.71 2141.52 3565.9 2432.55 2917.98 3354.9 3135.58 2599.21 2652.27 2649.31 4188.79 3166.28 3283.74 2764.83 2984.83 2739.04 4188.79 3769.08
        </DataArray>
        <DataArray type="Float64" Name="trail" NumberOfComponents="1" format="ascii">
 22.278 21.6364 25.0338 24.684 22.0031 32.804 28.6257 23.7863 20.2984 30.943 20.2436 25.7488 29.1897 23.2671 26.5648 24.8982 23.5827 28.0822 27.7816 20.8248 31.8757 18.9427 23.6064 25.34 26.4589 25.2983 9.03752 22.6909 15.7535 29.25 29.7206 24.6094 30.0791 23.9567 33.4315 25.1873 25.8377 30.5201 21.3665 24.9394 29.6421 30.4244 22.1913 31.706 29.3618 31.6423 26.2721 28.6609 27.1991 32.8227 24.0827 23.0388 27.9761 30.4661 25.3779 36.5179 29.0658 22.6197 29.3302 30.2037 24.0362 18.8307 27.5942 27.2151 25.09 26.2452 31.2694 25.8117 28.911 34.9495 32.3111 20.404 23.5465 26.4588 25.5813 24.0176 32.3633 26.5429 25.4731 27.6001 29.2235 25.6575 26.9232 29.9661 29.0049 28.4845 23.2509 17.7573 25.3127 29.1553 29.885 8.77969 22.0508 27.4306 30.1678 22.1373 30.9454 28.4982 25.1852 24.4288 17.8261 24.4075 30.2396 32.7381 28.3424 25.624 27.712 21.0295 29.1521 28.7282 23.084 27.3979 19.6957 29.7138 27.4085 26.1548 26.097 25.5161 23.5725 22.9751 29.2723 25.3862 23.7938 29.3325 31.5637 30.0634 28.6523 23.6686 29.9362 25.6049 20.2021 26.1205 22.2006 27.5239 17.8102 35.045 25.689 26.2311 23.2998 30.3069 19.543 25.029 25.8444 26.602 24.7629 30.3709 20.2136 25.7387 20.023 27.5848 22.1619 28.4449 24.1176 26.7465 24.1839 20.9156 29.5768 17.2295 27.013 23.9248 28.9443 30.252 26.7852 26.8898 16.9154 31.677 28.5376 31.8774 29.8215 22.8711 33.3723 27.8051 21.1708 23.1105 20.7546 27.8448 27.7443 23.0409 22.9363 27.4242 23.6208 30.3961 25.8978 27.5939 21.221 23.5565 24.751 32.8329 25.4733 24.6557 32.5049 23.5581 40.4422 26.8906 32.9671 24.8598 31.0953 24.3568 26.6241 27.289 30.7635 23.0519 25.9417 17.6012 25.7165 22.8262 26.6261 23.8867 21.3421 20.2675 32.8059 25.0993 26.3543 22.9675 22.0866 25.8406 31.9017 33.6974 32.7285 22.8453 25.6939 29.453 17.3371 23.6044 25.7807 24.1884 31.9867 27.7919 28.625 29.9119 21.7174 27.9481 23.1305 30.3238 16.4612 24.426 27.4146 27.9869 31.503 22.4076 23.6297 23.1667 27.7395 29.0661 25.4399 21.5624 31.0509 22.0702 24.9874 19.6719 24.8341 24.4237 28.301 26.9693 30.4901 24.2379 23.795 33.9931 27.2364 19.9814 21.2431 33.5795 23.2111 33.0742 26.6699 28.3542 24.1875 27.7665 29.0258 30.3704 23.1284 29.8123 23.4473 28.0811 19.8079 23.9077 23.526 28.8398 21.9641 37.3825 29.0331 21.0347 18.86 17.8805 27.0786 22.9647 24.3403 25.7855 25.3516 24.8273 29.4017 23.7028 28.2184 16.2692 25.7117 28.0836 21.1582 25.7432 30.1519 23.4686 22.1895 22.9314 26.552 19.1426 23.8322 32.055 31.134 18.6469 26.4263 20.9536 22.5645 22.4529 27.1034 19.0649 26.155 23.4666 27.0821 30.8272 26.7577 25.7733 26.3183 24.8736 28.5125 25.1416 23.27 30.1928 24.4686 26.1951 23.1598 25.1107 27.0117 27.1809 23.0161 21.5607 31.5904 29.6407 25.6446 19.0532 20.2044 26.1278 23.3981 32.5622 29.0514 23.8753 22.5079 30.5908 25.1447 29.9554 34.8072 20.3347 30.7287 23.8276 23.8219 26.5706 25.5286 29.1182 27.1096 25.4661 23.8774 25.2689 34.4366 22.5233 23.3884 23.2678 22.056 22.0112 26.6895 29.327 25.941 21.672 27.6626 26.0942 26.763 21.2606 28.4872 24.2459 21.736 25.5101 27.646 31.9071 27.9733 22.3332 26.452 28.2794 32.2984 29.4264 19.7046 29.1875 27.6169 24.7656 23.0901 25.6283 23.0143 28.4608 20.7084 21.2476 23.9003 28.1993 22.2811 26.1226 28.0355 27.3762 27.1031 22.1314 27.7401 25.2611 25.8548 26.9462 29.6269 38.8083 28.2506 27.1278 28.5121 27.4089 27.8041 26.85 18.3876 19.4505 29.1101 24.6897 25.0743 26.3402 29.1969 30.4025 30.046 27.565 24.6186 31.0232 23.7728 33.0528 29.4009 20.2852 21.9692 19.8195 15.6813 21.7907 25.6694 25.4897 16.8712 29.7263 28.4085 27.0922 28.0526 21.9076 32.7119 23.4745 24.0578 33.8997 27.4732 29.6058 24.4199 28.6476 24.6379 27.9922 22.0508 18.4791 27.7242 21.8417 23.2416 31.7783 28.119 29.8497 28.0262 26.7986 25.2405 26.4242 20.8437 25.8024 27.363 19.206 22.3078 22.2344 28.5839 22.1609 26.9301 17.983 27.3952 23.0996 23.8952 22.813 22.9887 26.1518 25.4362 33.9092 26.0101 28.371 22.7636 29.605 23.1734 23.5691 29.7785 27.1659 22.5612 33.3295 25.0678 25.6675 35.0798 23.5463 26.2137 24.3896 28.379 32.1123 25.3255 23.7727 25.917 26.9174 21.6799 31.2653 23.5642 25.9405 25.4566 26.6158 21.7069 29.7701 28.1893 28.422 33.9974 24.2959 22.1049 16.6383 25.6145 23.1304 24.3854 27.4329 23.1083 22.5294 24.4644 19.7981 29.548 22.6158 27.211 18.6339 27.0678 27.8891 31.5274 26.1907 22.0919 26.1159 20.0249 28.8181 26.0867 22.215 29.2338 31.2868 27.0479 27.6434 31.9692 29.7806 31.1326 31.2233 29.052 25.2183 23.2101 25.1161 22.7349 26.2991 19.1825 24.7606 25.5804 23.1277 24.5421 20.1965 21.1408 20.2111 17.8574 26.7165 27.0258 28.8115 26.0571 26.348 27.0465 24.9083 19.5243 19.479 18.4206 27.2591 23.0046 25.2607 26.0384 19.0053 26.192 17.5507 7.54987 29.4208 26.9993 25.7966 23.6367 25.8485 32.3931 31.2236 22.7073 26.4834 33.6619 23.8468 22.4702 26.8246 23.1584 34.411 26.1468 22.4288 24.6105 22.273 24.5023 22.7616 28.0934 25.8071 30.3791 28.1574 20.2754 22.6774 24.4769 29.5267 20.1763 31.2563 20.8956 20.2986 23.3974 29.235 27.8131 35.6395 31.5382 26.2644 28.2058 28.2583 22.5743 30.5976 31.8692 25.0699 23.091 28.6544 13.196 32.5783 21.3576 33.2961 36.0822 19.2134 22.8792 18.9919 30.9574 21.9418 28.7885 26.2086 24.3108 28.7456 32.4889 18.1287 25.5059 31.1214 32.4171 26.6594 27.8027 26.3115 28.9752 23.9893 19.7855 24.9051 30.8757 28.0892 23.6795 25.9603 23.9948 24.3983 21.5078 33.5706 26.9384 31.2444 25.5126 24.8708 25.8496 22.3178 21.5518 28.2614 21.6677 22.2373 24.1953 27.3395 20.5194 25.538 26.5836 18.2611 21.7236 28.5145 27.5732 31.4499 25.1911 29.2042 18.2194 30.6122 23.8225 32.794 25.8875 34.2816 20.4114 28.4251 26.9988 23.6812 23.5894 22.7668 29.5498 30.1687 22.6027 27.1783 30.4444 25.7445 17.9201 32.8018 22.0792 30.6006 32.1838 28.509 20.8447 22.6503 22.2544 28.0329 18.429 22.807 13.893 29.9152 28.2125 30.6624 17.3512 28.9567 28.8172 27.2529 24.8756 27.8565 32.3366 30.6197 22.2301 30.4734 24.9248 27.9659 29.9592 28.9538 30.2921 20.6535 30.7602 23.7495 22.2651 23.2225 31.2451 28.0781 22.9167 31.4518 34.0695 36.179 28.7823 19.8589 28.838 28.2884 27.3653 25.787 22.2324 28.6209 23.4644 26.0014 30.2535 19.1438 20.6796 25.2949 27.5897 25.5141 27.0938 26.9598 31.3772 24.6866 20.4123 19.7386 27.5574 30.9869 24.8415 29.0477 25.4829 26.9526 23.9232 22.3502 26.7994 28.3987 27.8878 25.4648 27.309 24.863 21.078 23.7913 23.5891 26.5071 25.1429 20.5848 31.2136 31.7394 27.6296 23.0098 29.4432 26.4265 27.1235 23.4669 25.5407 18.2216 26.6149 25.5534 33.1919 21.252 27.958 25.8659 20.6989 28.0008 23.556 23.7039 21.9617 25.9822 28.1758 35.1369 24.3359 25.5434 23.9739 28.4584 26.0827 32.9706 24.4185 27.7069 26.1922 29.0722 23.5248 18.7159 34.4517 30.1355 22.5492 27.339 28.6741 25.0981 23.0213 28.3572 26.9513 18.3471 22.5413 22.494 26.6856 28.3828 25.8483 24.4924 23.2522 3.06861 26.633 25.1609 23.7742 27.158 25.6353 30.2855 21.1224 31.4517 27.5795 18.1447 23.1596 13.7144 26.361 27.556 27.6808 22.0218 24.2163 24.1214 24.4293 25.4442 31.1451 29.3145 26.9593 29.1506 18.0637 21.2718 26.8377 30.5833 20.2084 7.5684 25.0395 23.6672 28.6449 30.7445 23.1464 19.5641 27.4285 25.7638 28.1289 25.1679 29.591 27.1367 24.9051 22.1298 29.1937 24.3416 24.0372 26.464 27.4928 23.4525 23.1428 28.2437 22.6704 24.4813 23.0319 20.4073 26.2232 24.1902 24.8187 25.032 25.9457 32.0127 17.2353 14.9411 20.6768 29.0241 26.2522 29.1596 29.0486 26.0236 23.8301 25.1601 31.0309 26.1877 29.3437 27.0142 26.4272 27.7862 30.6675 23.9604 23.4136 32.3001 20.534 21.8571 23.1093 25.7331 27.3966 27.6027 21.4271 26.8988 23.9514 26.1124 24.5611 33.0684 30.0318 29.9981 24.0632 19.7 25.0152 24.3372 23.8318 28.8575 18.0482 24.4199 19.6667 24.6078 27.9733 25.0124 29.4071 23.9856 16.2156 26.877 24.7991 23.4191 23.8563 24.2503 24.0646 27.1419 25.6168 29.7175 30.6022 23.629 23.0956 25.6501 23.7337 26.4163 31.5904 19.1697 33.4947 18.1908 25.4173 31.6332 27.0629 26.5416 29.6521 29.0931 24.641 15.1091 27.0774 22.7566 32.843 26.2183 30.8088 24.2136 20.1256 27.3415 36.7873 22.207 23.5687 29.4693 23.0304 28.333 19.7514 33.3476 26.0137 31.4227 19.6483 21.5295 27.1405 30.6991 29.3365 25.4996 27.0958 33.6537 30.538 21.1042 23.2566 27.7113 25.778 19.552 31.3288 33.6748 24.7297 19.9081 19.8338 22.9571 29.7431 28.9153 18.5519 25.1214 25.1621 23.2583 28.2228 20.6607 28.129 32.596 29.3555 29.5409 28.8683 28.7803 26.2959 24.8872 25.5745 22.9732 28.1844 14.7811 26.2162 25.0366 18.4258 23.8353 23.7142 23.9186 23.9432 28.8391 21.9918 28.9701 27.295 21.7061 23.6928 24.1774 25.7078 27.164 24.543 32.7294 27.0374 22.7486 20.238 27.8776 18.2147 28.3488 25.9181 28.0755 25.4472 21.2504 27.0042 24.3103 24.515 21.824 21.896 24.5232 27.0105 22.6156 25.6811 31.641 28.7003 23.7377 29.5911 23.4897 23.0444 27.8404 25.5379 23.0412 26.3998 28.9604 24.1217 32.2199 24.9136 19.325 36.469 25.6218 26.6924 31.4696 27.9741 27.1941 26.0567 30.6962 23.2808 29.6343 21.7812 23.6532 24.932 26.8358 17.7846 18.9098 29.6548 21.2211 24.7803 32.9307 20.1702 28.7107 27.9876 29.5763 15.6926 25.6451 24.3665 22.0557 18.0908 26.3298 22.5653 22.4188 25.4725 18.3586 24.6157 20.663 18.9643 26.2078 26.6804 22.1541 16.8969 21.3711 21.1259 24.9323 22.6994 17.1615 19.4932 19.3006 23.2333 23.7952 24.6301 23.4414 15.3306 22.0936 28.0299 19.4024 19.8798 26.114 17.189 23.1923 25.7142 25.4384 18.2808 21.5907 25.3196 23.1834 24.3301 16.5474 20.4921 21.1576 19.6882 20.6816 17.5023 16.5194 21.4964 13.8794 19.6801 17.4857 16.5506 23.237 24.5307 19.523 23.7137 21.3465 20.4937 19.7686 13.0169 17.0506 15.1805 17.9311 19.5136 25.9278 24.818 14.0543 21.5062 18.9569 21.3681 22.4733 17.1749 17.8333 20.5381 13.6914 24.5043 18.4858 19.1885 14.5893 16.816 22.6377 23.0126 20.9083 20.2808 23.0227 21.5022 18.1703 17.5746 24.8393 20.4411 19.9732 14.8595 20.0481 19.8935 22.1292 22.7812 20.6801 19.289 23.4417 15.3001 19.1871 13.2367 22.5466 18.9644 15.4266 16.1716 17.5491 16.4299 21.3199 19.0627 14.1788 18.6851 19.0935 17.3027 18.2899 19.8832 20.257 24.327 21.8447 0 14.6511 18.1045 16.0947 17.0775 17.0498 22.7632 18.5012 19.9628 11.9703 18.4035 20.8095 15.124 20.2211 16.5211 11.8814 21.635 19.2976 13.7331 18.1628 16.9089 12.832 20.4302 20.0656 16.0794 13.9685 16.6357 13.8693 18.2812 16.3717 16.2702 17.3175 13.9601 19.047 20.3651 20.4147 14.1322 18.3027 15.9621 18.9932 19.3944 13.9941 21.0948 21.5313 13.1074 20.3309 15.6614 18.6427 17.6795 14.8062 20.9805 14.623 16.6465 22.1051 13.6798 17.5139 17.9043 18.0599 12.387 14.0205 12.1096 14.373 18.7593 19.4007 20.1354 12.6015 17.3879 20.3604 11.2579 15.8742 20.6064 13.4909 15.4829 15.3883 9.60336 17.4686 16.4326 11.4981 17.3023 16.7507 18.4537 9.67786 14.8579 15.6259 15.1175 17.9105 12.3797 18.688 18.9525 13.6929 14.8132 13.7059 14.8763 2.19268 0.507034 11.3501 16.9282 13.5895 9.03872 12.0055 18.1943 8.43769 8.48961 12.4656 16.4102 14.0173 18.6674 12.5397 18.651 15.5863 15.7622 11.6285 13.7753 10.9754 15.9083 13.3525 16.3668 18.3204 12.7495 12.9853 10.6748 16.0531 14.7101 13.1548 15.3799 19.5902 21.0634 14.9662 14.244 11.2141 14.4311 11.5965 16.2795 10.8629 16.0887 16.0693 11.6715 15.0421 14.4228 13.2528 12.0722 15.6289 23.6713 13.0274 13.9216 10.4913 14.0276 15.7812 10.9718 14.6096 17.8314 15.1795 17.7255 9.41692 14.2854 17.13 11.1965 11.9645 9.08418 9.86948 17.1308 12.0526 14.824 15.6295 11.2219 18.4353 15.4219 16.5429 17.6396 16.0696 16.7349 15.5319 13.2216 13.3074 13.6068 8.18365 11.8903 18.633 13.8115 15.6304 15.5887 13.757 16.0016 14.0942 14.4859 14.3757 17.2164 15.9109 19.8977 16.2681 10.7849 11.5751 12.6342 11.9111 12.1011 15.5505 16.9886 10.3446 6.60541 16.0829 12.4439 12.2836 12.3981 17.178 16.9286 12.734 17.8643 18.3208 14.3587 14.4225 12.0877 14.8445 8.96391 15.253 13.8872 11.7373 16.1287 14.9058 13.8507 13.4398 14.3634 15.9844 14.9932 8.24277 13.7591 13.9841 13.8464 15.049 7.31157 13.8479 11.5389 12.9965 13.2325 11.4721 5.05913 16.0355 9.85629 13.4667 12.1262 10.2285 10.6996 11.1706 10.8664 8.92059 11.2153 8.33764 10.9599 14.1148 11.259 11.1647 6.83356 12.4115 13.7597 15.9621 12.4253 9.20713 9.70108 13.1952 16.9708 8.93212 6.34033 13.9003 9.09374 14.6683 10.0012 5.99077 10.7198 11.5752 13.0297 18.6262 14.1056 12.3331 16.5211 12.0478 12.06 10.8795 10.8536 8.90766 7.64301 11.8761 12.3265 13.7404 10.587 10.9616 7.82835 10.0164 12.5952 8.66075 7.92354 6.80089 15.2512 10.7925 7.68521 13.9782 11.7146 13.488 9.37803 14.152 8.9716 11.8356 4.73588 12.5797 7.33162 6.90678 12.3323 9.87919 12.227 12.6196 10.7705 12.6085 14.0018 11.4345 12.9159 14.7073 15.0875 10.73 14.6901 12.1425 14.5158 13.8984 11.402 9.61804 8.47727 6.69511 11.7422 10.8024 13.5414 8.59991 11.3225 12.3387 9.21748 9.74325 6.4342 1.58893 13.0945 11.8621 12.0054 16.316 10.0888 10.7595 7.10922 7.55349 9.64942 10.7494 10.7879 11.4916 9.35145 7.26949 8.01034 9.15441 7.03382 14.1886 6.2194 12.1717 11.9181 9.6727 13.4831 13.7729 17.8964 10.7131 6.89632 6.84209 10.8738 11.1469 10.7103 6.76597 10.7794 9.48755 9.53775 11.1818 12.1794 12.708 10.0206 9.32982 11.0152 9.69198 11.1341 13.0221 7.04857 6.37136 6.27897 10.6965 11.2503 12.2254 5.11037 9.53835 11.6379 9.06486 12.3662 12.1187 12.9943 12.8149 10.4879 8.13559 9.3285 8.96004 8.57621 11.3833 8.96023 9.28222 10.1735 4.84233 7.76017 11.2517 10.2529 7.93449 13.9872 11.3307 5.15219 11.8786 13.5352 7.281 11.8677 9.30072 13.9065 8.78616 8.47302 12.5484 9.20438 8.97347 10.1001 9.35669 8.64934 9.80201 10.3103 8.75874 8.71389 9.9361 8.87372 8.1875 2.7721 5.92785 10.8201 12.3477 9.31971 10.7499 8.28274 12.5475 12.0868 7.05011 4.65458 9.1125 10.0566 9.25569 11.687 9.99018 9.3939 6.29501 6.88648 5.54497 11.8716 7.78075 10.7531 10.2075 7.4054 5.57392 8.26752 6.43285 7.1185 6.32895 8.14218 10.8645 7.06603 8.9144 10.0802 8.64198 9.87426 6.41657 8.73796 7.755 5.34054 6.1208 9.42619 5.18352 6.34287 9.00687 4.67517 5.8862 9.64005 0 3.53679 11.501 2.57285 4.78503 5.1792 5.48863 7.73203 11.1055 10.4829 7.39662 3.53053 9.5187 8.58458 6.1777 5.80831 7.43688 10.6124 7.74454 6.92335 6.91161 8.42646 2.90883 4.74011 5.56981 7.69952 6.04573 3.28167 8.12621 2.27787 11.363 7.33586 8.66082 6.46457 1.87938 7.15654 9.31997 4.77186 5.84867 9.79357 5.09176 6.00132 7.86215 3.7068 4.80418 5.288 10.8497 10.1965 5.64747 9.04878 9.30869 4.21805 6.00388 5.06421 4.21547 5.53868 9.81547 7.70577 9.44903 6.13202 8.93176 5.07921 4.9517 4.09432 4.15727 4.35078 5.23749 8.52538 4.67251 8.94022 6.72894 3.03553 6.1004 7.8541 12.2832 4.81559 7.47511 7.26837 7.43394 4.26442 8.362 9.87332 6.60009 7.41622 7.96553 8.15491 6.81936 12.1696 2.91651 4.28424 5.65061 8.53951 6.52446 4.27795 6.51313 10.1125 8.74011 5.03259 8.90296 8.42528 6.78266 4.53847 5.25584 6.36877 5.56011 7.12883 4.99722 5.54037 5.93235 7.97481 5.27705 7.10465 4.23187 4.00596 8.14742 6.51554 5.94687 4.12772 7.70694 9.88049 5.55416 4.36663 8.77625 6.3445 7.54095 2.43485 6.48888 7.20175 2.99099 3.30786 4.15408 2.93276 8.67486 2.3017 7.08808 2.53212 7.70368 2.64764 3.37229 2.07862 1.28226 2.67053 5.00809 7.87879 7.95748 6.09688 4.57105 5.84469 6.3979 7.24885 3.89876 8.06529 7.11703 5.17166 3.15292 7.79088 3.87071 7.44334 6.38071 8.34312 6.00025 8.07791 3.46679 1.53909 8.22417 6.76355 6.96911 6.10322 3.29135 3.73269 5.90703 5.98618 4.34467 5.22884 4.10383 6.18843 7.32372 4.57385 6.55964 5.42623 7.16476 6.85303 5.38964 1.32304 3.35135 5.31958 4.19087 3.70705 4.71065 3.05392 4.66944 2.94225 2.72128 5.51593 2.9504 4.3851 3.66042 4.2093 3.54102 3.4056 2.29515 3.05914 5.80218 7.59389 4.55602 6.6282 3.48482 4.57905 6.27493 5.42732 4.93236 6.50248 5.05802 4.35621 5.29642 5.35375 3.15425 3.34246 6.23715 4.96411 6.20646 1.97836 3.44856 3.82644 6.36078 3.3237 5.03993 4.30956 6.93006 4.76352 4.97683 4.53178 3.51501 8.30674 5.39942 2.66429 5.00182 2.18738 2.91082 5.63542 1.30349 4.35309 5.9408 2.52043 4.14103 3.1383 3.90278 4.13697 1.70113 2.44986 4.62451 1.75937 1.27206 2.15847 2.72163 1.487 4.69527 1.93123 6.34956 3.30129 2.90392 2.47906 2.88194 5.55613 1.90255 6.33109 5.41245 5.77446 1.34459 6.06902 3.76229 4.51258 4.30245 4.1029 5.01252 3.19009 2.49031 1.64478 2.10886 3.16587 5.07324 3.72714 2.96891 3.52146 2.09696 3.19215 4.36513 3.37067 2.59506 5.07837 4.50145 2.17052 2.05257 2.45156 3.64429 2.44073 4.29703 2.71023 2.29908 0 5.61917 1.52902 3.27486 3.17282 3.70724 0 4.19355 4.26664 2.65171 3.80772 3.48639 0 3.58668 2.43439 2.68623 6.44362 4.33977 3.38089 4.37785 6.02312 3.58077 0 2.4274 0 1.93641 2.86098 1.41703 2.789 2.25554 0 1.52346 1.54639 2.12356 1.58279 3.72874 2.88491 1.68656 1.64374 0 3.86196 3.10474 4.07342 2.36638 2.77678 1.3722 0 4.23394 4.35259 0 0 0.73356 1.63754 1.97457 2.61519 2.55317 3.47119 2.61495 1.87054 2.19362 3.23807 0.597906 1.86134 3.10199 1.05425 2.38848 1.92118 1.5899 3.4804 1.33189 2.57896 2.69762 0.530528 1.90558 2.23129 4.27513 3.71628 2.50623 1.10134 1.84966 2.66546 2.58547 2.89904 0 0 3.60457 1.44649 4.20262 3.08809 3.43555 3.98806 1.74506 2.01902 0.700063 1.88993 0 1.52924 1.59095 1.53302 1.5529 0 1.6576 2.13587 2.31022 0 1.44488 1.57952 0 0 0.991259 1.8625 1.91939 0 0 0.946409 0 0 1.21566 0 1.54813 1.93722 0.494973 0 0.837516 0.730961 1.42872 0 0 1.15665 1.94143 1.59225 0 0.777739 2.0373 0 0 1.3401 1.00734 2.00499 0 0 0 1.65354 0.864304 0.927822 0.576073 1.82489 0.827931 1.86971 0 0 1.5121 1.62761 1.67204 0 0.907451 2.18495 2.24697 0.953762 2.05265 0.840823 0.78002 0.460029 1.20456 0 2.48379 2.42453 1.87728 0.996922 0 2.55794 1.00959 1.97241 2.0744 1.26508 1.31539 1.60755 0 0.529745 0 1.70911 0.941338 0.789591 1.70402 0 0 0 0 0 0 0 0 0 0 0 0 0 0 0 0 0 0 0 0 0 0 0 0 0 0 0 0 0 0 0 0 0 0 0 0 0 0 0 0 0 0 0 0 0 0 0 0 0 0 0 0 0 0 0 0 0 0 0 0 0 0 0 0 0 0 0 0 0 0 0
        </DataArray>
        <DataArray type="Float64" Name="displacement" NumberOfComponents="3" format="ascii">
 0.733329 1.19503 0 0.422094 -0.618571 0 0.819104 0.89777 0 -1.42694 0.864928 0 0.461039 0.777434 0 -1.24932 0.742271 0 -0.0548731 0.757635 0 1.36949 -0.113752 0 -0.122816 -1.34826 0 0.550107 0.406264 0 0.858894 1.01869 0 -1.01911 -1.12606 0 1.86207 -1.95683 0 -1.10614 0.0660063 0 0.2515 -0.40756 0 -1.45692 -0.315692 0 1.22155 0.174646 0 -1.53412 -1.41977 0 0.595086 -1.74064 0 1.95656 -0.336997 0 0.69121 1.97101 0 -1.56658 -0.160091 0 1.92034 -0.351005 0 -1.45351 1.14841 0 -0.552271 -0.733404 0 0.601272 1.11036 0 1.6315 -1.70062 0 -0.833006 -1.25586 0 1.82104 -1.3708 0 -0.0483814 -1.73117 0 -0.538542 0.932258 0 -1.87271 0.648069 0 1.4486 -0.447844 0 -1.52594 1.36856 0 -1.03976 -1.88113 0 -1.55608 1.2836 0 -0.672669 1.25977 0 -1.50882 -0.0483418 0 1.20727 0.741556 0 -1.31711 1.52117 0 0.613521 -0.735913 0 -1.65833 -0.0677702 0 -0.368416 1.13568 0 0.908559 -1.92529 0 -0.470039 1.73848 0 1.15597 1.09388 0 1.39437 0.331994 0 1.88471 0.93562 0 1.16298 -0.118715 0 -0.842778 -1.43368 0 0.984786 1.14485 0 0.40356 0.396452 0 -0.996814 0.569867 0 -1.8578 -1.76924 0 -1.04324 -0.260237 0 -1.68596 -1.26071 0 -1.28933 -1.16484 0 -0.256052 -0.257193 0 1.65452 1.67612 0 0.619762 -0.792876 0 0.969201 1.99138 0 -0.345268 0.22552 0 -1.48518 1.64347 0 1.90233 0.16598 0 0.680919 -0.699657 0 -1.90498 1.09317 0 0.884658 -1.55894 0 1.4244 0.368531 0 -1.7872 1.56303 0 -0.787678 -1.09951 0 1.13921 -0.911277 0 1.17362 1.08535 0 -0.713581 -1.65392 0 -0.227757 1.89347 0 -1.51194 0.0018055 0 1.32688 -1.67034 0 -0.117603 1.30664 0 -0.727717 0.675856 0 1.07067 0.262516 0 1.57301 -0.472522 0 0.107173 0.56675 0 1.99322 1.61457 0 -1.67576 -0.995048 0 0.603915 1.38179 0 1.44901 -0.531733 0 -1.55958 0.168967 0 1.22608 -1.77128 0 1.36574 0.643152 0 0.148814 -0.810935 0 0.459196 -0.760516 0 -0.132231 0.020424 0 -1.33002 -0.841948 0 -0.1894 -0.0973731 0 -0.313475 0.0631025 0 0.902053 -0.527651 0 -1.48111 0.949278 0 -1.25613 0.832477 0 0.129646 -1.6458 0 0.370618 1.41802 0 1.74332 -1.142 0 0.799171 0.858631 0 -0.702356 0.745784 0 -0.939385 -1.89649 0 -0.796385 0.913919 0 -1.34073 -0.823551 0 1.77225 0.915303 0 1.38909 0.34756 0 -0.951238 1.67687 0 -0.138174 1.86427 0 0.245299 -0.898961 0 -1.59956 1.27489 0 0.912092 0.971471 0 0.68815 0.853129 0 -0.39991 0.704578 0 -0.743689 1.43292 0 -0.89497 1.93008 0 -1.37544 -1.3487 0 -1.28793 1.84322 0 -1.65523 1.96803 0 1.75784 1.43486 0 -1.60022 0.661837 0 -0.705329 1.97771 0 -0.237701 -1.46116 0 0.755426 0.217351 0 0.47472 1.99359 0 -0.395798 -1.54438 0 0.407243 -0.000841778 0 -0.00474109 -1.56355 0 -1.47791 1.47127 0 -1.34073 0.607037 0 0.049878 1.4391 0 -1.49994 0.720123 0 1.16642 -1.6671 0 1.84515 -1.74296 0 -1.96657 0.584312 0 1.03998 0.203435 0 1.54623 1.59616 0 -1.8662 -0.712921 0 1.80066 1.29156 0 -1.91403 0.678391 0 -1.21018 0.241099 0 -1.42449 -0.521311 0 -1.28385 -1.26712 0 -0.403035 -0.764773 0 -0.994487 -0.968059 0 1.69225 0.875678 0 -0.780598 0.278452 0 0.779821 1.90062 0 -1.20547 0.627882 0 -0.114664 -0.976434 0 -0.466022 -1.72954 0 1.93353 1.08342 0 -0.00494343 0.298097 0 -1.2731 -0.498728 0 0.913641 0.327689 0 -1.79887 -0.173656 0 0.924242 -0.0278113 0 -0.699202 0.21756 0 -1.29497 -0.800213 0 -0.477661 0.245846 0 -1.99883 0.342067 0 -1.40763 0.218576 0 0.941018 0.834 0 1.47015 0.701299 0 0.44389 -0.0753804 0 0.49157 1.41737 0 0.389785 1.12196 0 -1.91322 0.227898 0 0.836968 1.53684 0 0.306454 1.71474 0 -1.279 0.835998 0 -1.76149 1.71397 0 -1.82945 -1.15949 0 -1.99462 -1.11969 0 -0.695882 -0.509668 0 -0.924712 1.87016 0 -0.909821 0.861258 0 0.0496332 0.101088 0 0.564685 -0.875835 0 -1.65742 0.5879 0 -1.8879 -0.330266 0 0.364639 -1.01216 0 -1.731 1.82955 0 -1.57769 0.524217 0 -0.42755 -0.739114 0 1.39303 -1.60014 0 1.29239 -0.233858 0 -0.33702 1.23953 0 0.246544 -0.410002 0 0.333848 1.28873 0 0.453692 -1.72007 0 -0.982711 -1.67318 0 -1.34197 1.94966 0 -1.42841 1.51567 0 -0.649034 1.12192 0 -1.69959 -1.38556 0 -0.32577 -0.935829 0 -0.187104 1.50482 0 1.40184 1.88003 0 -0.0901369 -0.974276 0 -0.807616 -0.607988 0 0.629885 1.63224 0 -0.232607 -1.9147 0 -0.589403 -0.661556 0 0.860955 1.81282 0 1.23006 -0.864584 0 -1.29248 0.410073 0 -0.250344 -1.96531 0 0.0935729 -0.975964 0 -0.00797748 1.39326 0 -1.53514 1.93727 0 -1.75045 -1.9038 0 -0.897738 1.16837 0 1.35129 1.16117 0 1.97604 -0.916612 0 0.114914 -1.74319 0 -1.64935 0.331549 0 1.37582 -1.19996 0 0.262619 -1.95239 0 -0.874234 -1.19315 0 -1.8476 1.45653 0 -1.62971 -1.44449 0 1.91883 0.586729 0 -0.393448 -0.845369 0 -0.632194 -0.0353272 0 -1.94074 -0.69978 0 1.1925 -1.72143 0 -1.43743 0.196077 0 1.1443 -1.98101 0 -1.02233 0.858732 0 0.772433 -0.0494743 0 1.75982 0.888572 0 -0.430269 -1.99211 0 1.5253 -1.38188 0 -0.0862583 -0.868754 0 0.224675 1.70098 0 1.71237 -0.816833 0 -0.0925626 1.20542 0 -0.424741 1.19661 0 0.244427 0.0963514 0 1.76389 0.797114 0 0.890269 1.97605 0 1.49803 1.24744 0 -0.724979 1.04165 0 -0.0332932 0.762153 0 -0.0277208 1.84184 0 -1.58494 -1.75122 0 -1.79616 0.216219 0 -1.29091 -0.213251 0 0.978989 1.35597 0 1.25342 -0.613299 0 -0.520888 -1.87967 0 0.37525 -0.258679 0 -0.692095 -1.40292 0 1.87661 1.54138 0 0.754557 -0.603457 0 0.461522 0.747658 0 -1.0531 -1.20965 0 -1.57926 0.756788 0 0.00475214 0.0336924 0 1.48017 1.32848 0 -1.58255 -0.358589 0 -1.51844 1.64094 0 0.658842 -1.12661 0 1.03181 -1.92005 0 -1.40584 -1.80346 0 -1.19076 1.3208 0 -1.71454 -1.97715 0 0.65849 1.04518 0 0.143092 0.853155 0 -1.28698 -1.92405 0 1.21552 0.812031 0 -1.96912 -0.859889 0 1.64608 1.41096 0 0.0512653 -1.57584 0 -0.772344 -0.598779 0 -0.820385 -1.41946 0 -0.058804 -1.0141 0 1.43545 -0.802388 0 1.96811 1.19355 0 -1.05795 -0.373124 0 -0.906965 1.64005 0 -1.34627 1.21266 0 0.876646 -0.708682 0 -0.867079 -0.306091 0 1.97231 -1.13818 0 0.95929 -1.286 0 0.604888 -0.800548 0 -0.318766 -0.00899138 0 -1.72308 1.47216 0 1.1009 0.881536 0 0.995057 1.93358 0 0.145697 1.28691 0 1.84329 -0.629494 0 1.30283 -0.783985 0 1.54657 0.795266 0 -1.74578 1.95997 0 -1.80251 -1.77228 0 0.299801 1.45684 0 0.63991 0.604417 0 0.0372782 1.11659 0 -0.50104 1.63839 0 0.38013 -1.81917 0 1.56258 1.36357 0 -0.65591 -1.38182 0 -0.934153 1.38301 0 -0.901764 -1.88728 0 -1.86672 0.642138 0 -1.79186 -0.31065 0 -0.0711013 1.17236 0 -0.583033 -1.5946 0 -0.615075 1.27389 0 1.58262 -0.528776 0 -0.696115 -0.869008 0 -0.237285 1.83702 0 1.97337 -1.26525 0 1.47584 -1.83997 0 1.97016 0.318782 0 -1.4817 0.144792 0 1.34408 -1.08889 0 -1.26624 0.597686 0 0.626596 -1.7147 0 -1.00202 0.0837732 0 0.622205 0.399796 0 -1.23167 0.727012 0 0.92527 -1.87188 0 -1.80571 -0.756353 0 -0.66794 1.26071 0 0.958566 -0.320966 0 -0.869287 -1.85924 0 1.25673 0.419012 0 0.591168 -1.21354 0 0.633595 -1.45106 0 -1.9393 0.338889 0 0.776564 -1.20944 0 -1.93856 0.125927 0 -1.38436 0.741863 0 -0.701363 -1.24688 0 -0.925356 1.9437 0 -1.1551 -0.831736 0 -0.459172 -1.13243 0 -1.05715 1.69293 0 -1.88615 -0.431088 0 -0.119996 -1.8693 0 1.84951 1.47871 0 0.429827 0.907653 0 -0.968812 -1.45672 0 -1.32428 -0.347794 0 1.21896 -1.36354 0 -1.06464 -1.9254 0 1.53718 0.513685 0 -1.21878 1.54496 0 -0.943023 -1.67473 0 -0.483863 0.260853 0 0.646129 -1.96766 0 1.32766 -0.905985 0 -0.123288 0.456169 0 -0.746926 0.25163 0 0.451515 -1.48512 0 -0.0795385 -0.775278 0 -0.161696 -1.44076 0 -1.72767 0.768036 0 1.48363 -1.3699 0 -1.37732 0.790378 0 -0.458499 -0.180353 0 0.585863 -0.815345 0 0.310933 1.10622 0 1.9727 0.736099 0 -0.0327073 -1.89542 0 -1.77996 -1.74001 0 0.883895 -0.730293 0 0.737434 1.70637 0 -1.00664 -0.186982 0 -0.756996 0.657483 0 -0.219161 0.667807 0 -0.135963 1.75598 0 -1.22433 0.568559 0 -0.732575 1.15067 0 -0.302959 -1.30441 0 1.29278 -0.072391 0 -0.246625 -1.85754 0 -1.11775 1.26258 0 0.745507 1.20532 0 1.60931 -0.189852 0 -0.931858 1.40088 0 1.22329 -0.0215423 0 -0.381911 0.867139 0 1.71043 0.322666 0 -1.80986 1.3584 0 -0.993328 -1.4597 0 -1.19395 -1.68758 0 -1.67294 -1.72181 0 -0.935762 -0.436033 0 -1.88901 -1.80935 0 -1.48904 -0.839508 0 -0.510336 0.482976 0 -0.976824 0.853743 0 -1.1935 -0.970397 0 -1.48956 -1.05539 0 -1.6118 0.275196 0 -0.284244 1.74926 0 0.100027 0.240501 0 -0.776359 1.42172 0 -0.0049145 -0.874501 0 1.22263 -1.14931 0 1.73045 1.18039 0 -1.12 1.50357 0 1.93661 1.79667 0 1.90832 -1.69806 0 -1.99235 -1.33319 0 -1.11453 -1.07788 0 -1.82976 0.242247 0 -0.19494 -1.97687 0 0.964088 1.58768 0 1.40331 -0.339334 0 -1.17478 -1.51581 0 -0.396386 0.3861 0 0.93574 -0.734796 0 1.80109 0.977616 0 0.115409 1.62471 0 0.95448 -1.07581 0 1.18729 -0.81382 0 -1.15066 0.761269 0 -1.46924 0.1622 0 1.74603 -1.45825 0 1.1688 0.241066 0 -1.48708 0.41996 0 0.222243 1.34937 0 1.28881 -0.569611 0 1.78868 -0.480955 0 1.71111 -1.88675 0 0.797076 0.343381 0 0.657542 1.88567 0 1.62453 -1.49261 0 0.660977 1.736 0 1.13057 -0.452042 0 -0.667938 0.294828 0 -0.353071 0.144597 0 1.47189 1.59615 0 -0.865099 -1.88283 0 1.40975 1.54725 0 0.496227 -1.97322 0 -1.27995 1.32964 0 -1.6056 -0.417776 0 -0.940337 -1.71027 0 -1.00749 0.610771 0 1.30183 -1.51698 0 -0.677246 0.0265054 0 0.646835 -1.71058 0 -1.31228 0.557208 0 -1.38541 0.495461 0 1.36724 1.70734 0 -1.50903 1.64653 0 0.478654 -1.39417 0 -1.61099 -0.668879 0 0.613217 1.39288 0 -0.0421483 1.09479 0 -0.95139 -1.18403 0 0.00777442 -1.68056 0 -1.63984 -0.901751 0 0.232922 0.543852 0 0.156772 1.05533 0 1.28732 1.52206 0 1.93555 1.20966 0 -0.596228 -0.758919 0 0.840886 -1.27385 0 1.71308 0.0856575 0 -1.23595 -0.502777 0 1.9325 1.58433 0 1.10258 0.244502 0 -0.287006 -0.28632 0 -1.58053 1.82608 0 0.841302 0.286563 0 0.309276 0.728946 0 -1.63442 1.79689 0 -1.12241 -1.08059 0 -1.04979 0.843861 0 -1.20213 0.152304 0 1.29528 0.768015 0 -1.84824 1.05787 0 1.95024 -1.24289 0 0.759547 1.25584 0 0.744051 -1.21943 0 -0.424414 -1.32751 0 -0.208696 -1.0549 0 -0.305542 -1.32272 0 -1.48841 1.81828 0 1.21212 -0.239687 0 0.493791 0.218846 0 1.9087 0.152359 0 0.740227 0.582848 0 0.408929 0.718526 0 -1.72989 -1.19675 0 -1.83522 0.788739 0 -1.48145 1.77495 0 1.71443 -1.11011 0 1.69922 1.17618 0 -1.2463 -0.105762 0 1.10581 1.94686 0 -0.354697 1.53936 0 1.9437 0.525679 0 -1.33614 1.98378 0 1.43965 -1.77539 0 -1.78052 0.882452 0 1.88731 0.843061 0 1.87258 -0.801139 0 0.100045 0.286352 0 0.849307 -0.470139 0 1.33471 1.51245 0 0.477487 -1.36766 0 -0.53483 0.947601 0 0.613173 1.35025 0 0.0278252 1.67335 0 1.48765 -1.02673 0 -0.995712 1.66248 0 -1.28687 -1.64939 0 0.362229 -1.74359 0 0.809457 0.508839 0 -1.27916 -1.78695 0 0.378032 -1.66877 0 0.759712 -0.00564074 0 0.41946 -1.26878 0 -1.55266 1.48164 0 0.816532 1.12081 0 -1.59654 -1.94319 0 -0.0067025 0.485466 0 -0.495704 -1.50264 0 -1.08209 -1.10118 0 0.96452 -1.40823 0 -0.226875 -0.238237 0 -1.3534 0.511647 0 -0.125298 -1.64663 0 -1.03749 -0.648988 0 0.358098 -1.21242 0 1.22321 -0.880643 0 0.467855 1.97013 0 0.0919314 1.70349 0 -1.01621 1.11958 0 -0.24166 -1.0555 0 -0.826378 0.143672 0 0.177219 0.623345 0 -0.627251 0.14539 0 -1.20736 1.15989 0 0.406722 -1.62989 0 -1.68383 -1.24697 0 -0.406563 -0.202583 0 -0.145175 -0.110615 0 1.35574 -0.661739 0 -0.957279 -1.83946 0 1.83301 0.0455927 0 1.82489 1.57155 0 1.18018 -1.70811 0 1.21892 -1.80577 0 1.04548 -0.434217 0 -1.82539 -0.286473 0 -0.00169109 -1.65703 0 1.96196 1.33319 0 0.734349 0.224229 0 1.37161 -1.48462 0 -1.1723 -0.524195 0 -1.23009 -0.947736 0 -1.90333 -1.00814 0 0.138753 0.569609 0 -0.35226 -0.764512 0 -1.25756 0.354417 0 1.50338 -0.109758 0 0.229114 0.241801 0 1.1213 1.44228 0 0.616044 1.00517 0 1.09316 -1.53101 0 -1.67855 1.69627 0 -1.47472 -1.16073 0 0.436443 -1.12108 0 -0.49997 0.957955 0 0.134848 0.289252 0 -1.39045 -1.43029 0 -1.218 1.4028 0 -0.381731 0.983813 0 -1.37018 -0.515788 0 -1.84385 -1.98084 0 1.79235 1.335 0 -0.406446 0.715697 0 0.110547 1.08605 0 -0.298574 1.04845 0 1.88791 1.62436 0 -1.41607 0.83395 0 -1.77762 0.847841 0 0.560563 0.394989 0 1.79617 0.659003 0 -1.82732 1.25683 0 1.77856 1.2807 0 -1.39684 -1.81114 0 1.80195 -1.35326 0 -1.2205 -0.531751 0 -1.61289 -0.455 0 -1.64145 -0.0741157 0 -0.368575 -0.252346 0 1.86942 -1.61303 0 -0.925851 1.05683 0 0.905581 0.367736 0 0.429266 -1.83123 0 0.830634 -0.00654004 0 -1.06097 1.74411 0 0.617863 -1.52056 0 1.04243 1.56181 0 1.62968 -0.514972 0 0.988784 1.47048 0 1.15403 -1.6693 0 -1.82448 1.00853 0 1.72665 0.201417 0 0.605253 -1.83304 0 -0.800114 0.753055 0 0.430891 -0.354211 0 -1.27807 0.181255 0 1.9754 0.647737 0 -1.18018 -1.40832 0 1.69753 0.673102 0 -1.19232 -0.288372 0 1.00561 -0.751691 0 -1.68166 -0.559887 0 -1.36423 -0.218289 0 1.85674 -1.47062 0 -1.48798 -1.48232 0 -0.518505 1.30195 0 0.326893 -1.07576 0 1.65227 0.303855 0 0.512678 1.30237 0 -1.22924 -1.82059 0 -1.29801 -1.37046 0 -1.46317 0.367767 0 -0.69162 -1.38659 0 0.977311 -1.52478 0 0.625659 0.121933 0 1.36507 1.4428 0 1.00961 -1.49485 0 -1.95058 -1.89676 0 -1.52021 0.161618 0 -1.81601 1.2481 0 0.227635 -0.653413 0 -1.10232 -1.55862 0 1.28772 0.721909 0 -1.84999 -1.67232 0 0.527429 -1.31791 0 0.336454 -1.7224 0 -0.745911 0.697349 0 -1.23158 1.27956 0 0.445014 1.77803 0 -0.997053 0.976861 0 0.00165507 0.533135 0 -1.30586 -0.696404 0 -1.69861 0.842058 0 -0.547132 1.86584 0 -1.19632 0.0940455 0 -1.54918 -1.43072 0 -1.85718 0.961391 0 -1.09262 -0.54372 0 -1.76798 0.805797 0 -1.33002 1.45067 0 -1.23946 -0.986907 0 0.256173 -0.116364 0 -1.55944 1.45703 0 -0.919697 0.883092 0 -0.725862 -1.27431 0 0.605472 -0.550799 0 1.14814 -1.88612 0 -0.739098 0.653527 0 0.956061 -1.25148 0 0.785322 0.188669 0 -1.74193 0.856543 0 0.129624 -1.52826 0 0.0676359 -0.137199 0 1.63045 -1.87472 0 -1.36736 1.2687 0 -0.71081 0.150295 0 1.83393 -1.09909 0 0.387879 1.57516 0 -1.24628 -0.0743092 0 0.661147 -0.834877 0 -1.2425 -1.39961 0 -1.02545 -1.91255 0 0.458404 0.891677 0 -1.81954 0.369948 0 -1.11975 -0.985457 0 0.274768 1.18327 0 0.824312 -1.27477 0 -0.886639 -0.624817 0 -1.91404 -1.94789 0 -0.204247 1.05203 0 1.21346 -0.689758 0 0.755577 1.56094 0 -0.280574 0.59782 0 -0.814938 -1.73045 0 -0.558664 0.951817 0 1.05028 0.249945 0 -0.976106 1.53355 0 -0.974631 1.76134 0 1.41901 -0.657539 0 -1.67083 0.370273 0 -0.0646106 0.846523 0 -1.67784 1.68719 0 0.791418 -0.143874 0 -1.71392 -0.662788 0 1.60734 -1.42063 0 0.522931 -1.75687 0 1.13844 0.92156 0 -1.53908 -1.52941 0 1.83021 -1.28947 0 0.0984649 -1.32552 0 1.69552 0.790023 0 0.476631 1.08874 0 -0.14815 0.38139 0 0.531294 0.0612648 0 -0.99257 -0.503747 0 -1.32048 1.15207 0 0.79538 -0.871312 0 -0.112369 -0.207619 0 -0.3154 -1.23984 0 0.884222 0.762293 0 -1.85682 -0.946027 0 -1.90982 -0.590611 0 1.31 1.1826 0 -0.538028 -0.126174 0 -1.50392 -1.42971 0 1.50402 -1.99486 0 1.36485 -0.312236 0 0.198821 0.383589 0 -1.8255 0.753658 0 -0.0907488 -1.91555 0 -1.48695 0.476687 0 -1.73296 0.988061 0 -0.610712 0.277611 0 -1.91982 0.763579 0 -0.737592 1.96597 0 1.64401 1.05427 0 1.3026 -1.67012 0 -1.77929 0.154602 0 1.52621 -0.0434052 0 -1.87634 -0.095943 0 0.0796458 0.192905 0 0.900068 -0.965406 0 1.08807 1.50396 0 0.568855 0.812986 0 1.35373 1.02855 0 0.896428 -0.632544 0 -0.102628 0.692893 0 -1.4819 0.13528 0 -0.836742 -1.60134 0 0.0771962 -0.789912 0 -0.815526 -0.660681 0 -1.6146 -1.42605 0 -0.485328 1.95735 0 -0.801397 0.255665 0 0.330115 -0.123473 0 0.151023 0.821021 0 1.35383 0.0436717 0 -1.31568 -0.993204 0 -1.53438 0.111051 0 0.383096 0.0457287 0 0.896679 -0.327028 0 0.159977 0.24027 0 -0.25943 -0.907976 0 -1.89912 -1.2599 0 -0.997242 1.13128 0 0.364468 -0.786711 0 1.03672 0.106131 0 0.367286 -1.80141 0 0.740449 -0.240996 0 1.93891 -0.781754 0 -1.55194 0.649133 0 1.26142 -0.360103 0 -0.383752 -0.521731 0 -1.97917 0.534211 0 -1.21543 1.1998 0 -0.0512091 0.68798 0 -1.30636 1.07779 0 0.128471 0.680262 0 0.770318 -0.445398 0 -0.75825 0.379768 0 1.30164 -0.0387691 0 0.388896 -0.33969 0 1.84611 0.960743 0 -1.83968 1.9574 0 0.163429 -1.60098 0 -1.66926 -0.0294339 0 -1.19494 0.991136 0 0.22798 -1.05885 0 -1.40962 0.971696 0 -1.53096 -1.04618 0 -1.67132 0.926072 0 0.818606 -0.679215 0 0.653298 -1.42709 0 -0.098062 -1.06354 0 1.93567 1.58479 0 -0.189233 -1.595 0 0.871848 -1.25374 0 -1.04551 1.99689 0 0.411917 -0.754704 0 -0.141466 0.0281066 0 -0.87291 1.99685 0 -1.66712 -0.302663 0 1.51549 0.842917 0 0.463434 1.62102 0 -0.833063 -1.65583 0 0.937267 0.622377 0 -1.86962 -1.06793 0 -1.73951 0.401094 0 -0.438932 0.803374 0 -0.383418 -1.61255 0 0.680307 1.02416 0 1.91841 -0.622737 0 1.01543 -1.51273 0 -0.833893 0.59117 0 -0.680633 -0.0525073 0 -0.0290371 0.145755 0 1.00552 0.745013 0 0.197696 1.08171 0 -1.72663 1.70954 0 1.07498 -0.491012 0 1.82798 1.24658 0 -0.62601 -1.74185 0 -0.972394 -1.04203 0 1.02209 -0.951889 0 -1.88959 -0.939827 0 -0.999803 0.0166197 0 1.85983 1.81144 0 0.870333 0.776575 0 -0.768577 1.95368 0 -1.94479 0.913234 0 -1.6885 1.70007 0 -0.00714285 0.45127 0 -0.946273 -0.612083 0 1.6545 -0.0784371 0 0.86323 1.22367 0 -1.58004 0.993582 0 -1.70689 0.636044 0 -1.99242 -0.122468 0 -1.21537 -0.330739 0 1.21726 1.3695 0 -0.761404 -0.663434 0 -1.57245 0.901895 0 0.547181 0.492132 0 -0.315441 -1.57772 0 0.729651 -1.93689 0 -1.77629 -1.58896 0 0.229897 -0.131611 0 -1.34604 0.0821197 0 -1.38204 1.76172 0 0.65878 -1.0144 0 0.968491 1.14236 0 -1.8392 -0.635538 0 0.838192 0.633758 0 -0.933572 0.159834 0 -0.816901 1.63871 0 -0.647397 1.09022 0 -0.563617 -1.71918 0 -1.09517 -0.618865 0 1.07416 -0.180285 0 -0.489232 0.860272 0 -0.175839 -1.8506 0 0.480658 -0.503386 0 0.141846 -1.72508 0 -1.01282 0.0232492 0 0.440874 -0.989895 0 1.76869 -0.326333 0 1.79548 -1.98135 0 -1.66089 0.784276 0 1.27279 -0.350044 0 -0.377628 0.928622 0 -0.154811 1.40184 0 1.07182 -1.05619 0 -1.9636 -0.610662 0 -0.0995053 0.453449 0 0.322695 0.630387 0 -0.921995 1.99143 0 -0.654022 -0.788098 0 1.29965 0.224251 0 1.57354 0.291608 0 -1.63697 -0.465636 0 -0.145307 1.86728 0 1.80995 -1.91645 0 -1.77391 -1.16149 0 -1.66079 0.894617 0 -0.477786 0.303336 0 0.294883 0.143623 0 1.80865 -1.36075 0 -1.18096 0.751243 0 -1.68892 -0.834393 0 1.4035 1.89324 0 -0.965488 1.08723 0 -1.28616 1.71698 0 1.10596 0.148553 0 -0.903626 0.999775 0 1.49927 -0.308942 0 -1.59219 0.237359 0 -1.43853 0.874833 0 -0.803696 -0.733224 0 0.380314 0.748086 0 -1.74981 1.49012 0 -0.940615 0.41912 0 -1.21517 -0.986135 0 1.92055 1.60822 0 0.204756 1.95013 0 0.361792 -0.868041 0 -0.29013 1.72931 0 -0.129554 0.840587 0 -0.896344 -1.51774 0 1.18915 -0.219669 0 -0.119215 -1.28281 0 -1.04502 0.659876 0 -0.806181 1.53922 0 0.461584 1.32962 0 0.505875 -0.289361 0 1.52189 0.193585 0 -0.709692 -0.297773 0 -0.767516 -0.643102 0 -1.97915 1.07947 0 0.759678 0.629708 0 1.8631 -1.47401 0 0.32517 -1.80215 0 -0.984737 0.199921 0 -0.444967 0.388835 0 0.429057 1.8141 0 0.583845 1.48279 0 -1.396 1.75627 0 -0.144708 -1.3315 0 1.50134 0.0366732 0 -0.434912 1.02968 0 -0.396514 0.41925 0 -1.4322 -1.97931 0 1.1103 -0.333049 0 1.86845 -1.54912 0 0.903072 0.771536 0 -0.537194 -0.431809 0 0.841165 1.38297 0 0.181818 -0.84948 0 -1.98774 1.80038 0 1.72923 0.347343 0 1.04011 1.40886 0 0.711507 -0.589455 0 0.467094 -1.47327 0 -1.95149 1.68417 0 1.17608 -0.191298 0 1.25626 -1.64175 0 0.0493099 -1.77689 0 -0.427037 0.688312 0 -1.53979 -1.06894 0 -0.973077 0.781096 0 -0.207077 0.851344 0 -0.786711 -1.59149 0 0.135456 -0.625066 0 0.0301843 -0.477187 0 -0.0695064 -0.13156 0 0.644579 -1.75537 0 0.484543 -1.49358 0 -1.26254 1.5103 0 -0.862032 -0.93267 0 -0.372656 1.34822 0 0.69387 -1.90539 0 0.0115822 1.65646 0 -0.990032 0.770057 0 1.54699 1.0594 0 1.0434 1.73296 0 -0.180109 1.51599 0 -0.964164 -1.18823 0 -1.29121 1.91018 0 -1.60169 -1.94915 0 0.155257 -0.776129 0 1.94841 1.16352 0 1.14535 1.47308 0 -0.954111 -0.671456 0 0.531952 1.32665 0 -1.34483 0.280205 0 1.44449 -1.76213 0 -1.32139 1.12951 0 -1.18441 1.15055 0 -0.544234 -0.935878 0 0.0751059 -1.20738 0 -0.36237 -0.903774 0 1.97574 -1.82659 0 -0.406543 -0.492211 0 -0.477477 1.8217 0 -1.16388 1.61889 0 -0.198406 -1.03319 0 -1.95348 0.506768 0 1.12342 -1.2539 0 0.525779 0.252469 0 -0.631324 0.0401434 0 -0.886605 -0.695157 0 1.38604 1.60492 0 0.37958 0.548366 0 -1.73958 -0.0815837 0 -1.75738 1.99185 0 -1.4383 0.034428 0 -0.685624 1.58576 0 0.309209 1.92245 0 -0.878612 -0.512776 0 0.559499 0.530094 0 1.2831 -1.2073 0 1.709 -0.7775 0 0.429151 -0.661394 0 -1.67395 1.7759 0 1.09746 1.04755 0 0.898527 -1.23559 0 1.51971 0.462711 0 -0.320307 0.155082 0 -1.05855 1.90455 0 -0.65924 -0.909334 0 0.267639 -1.76747 0 -1.54765 1.11229 0 0.328693 -0.56927 0 0.240371 -1.31532 0 -1.8794 -0.987188 0 -1.2508 1.95705 0 -1.9751 -1.4609 0 -0.349937 0.204285 0 -1.18594 -0.919735 0 1.1982 -1.9844 0 -1.48443 -1.41223 0 1.92915 -0.450855 0 -0.731223 -1.29894 0 1.33659 0.064103 0 0.213233 0.611345 0 0.991057 -0.469667 0 1.79254 0.29442 0 -1.04495 -0.714901 0 1.14573 1.02359 0 -1.77582 -1.65301 0 -1.25691 1.55876 0 0.449489 0.708778 0 0.882795 0.792496 0 1.11167 -0.9579 0 1.72257 -1.13076 0 0.423916 -0.00110138 0 0.221469 -0.0801515 0 -0.903583 -1.80324 0 -0.771634 -1.62124 0 -0.743364 0.614594 0 0.869678 -0.635734 0 -1.69791 -0.787251 0 -0.170042 -1.16276 0 -0.163793 0.747742 0 -0.27388 -1.03463 0 0.864676 -1.49778 0 0.532414 0.120626 0 0.295732 -0.517768 0 1.37296 -0.391868 0 0.63969 -0.109964 0 1.07848 -1.96416 0 1.69824 -0.242094 0 -0.67657 0.907803 0 0.390663 1.04863 0 0.39929 -0.179397 0 -1.62827 -0.795101 0 1.22456 -0.369666 0 -1.43442 -1.32182 0 1.43882 0.80061 0 -1.92123 -1.32755 0 -1.6234 0.653462 0 1.09983 1.19366 0 1.62067 -1.42189 0 0.819217 0.022553 0 -1.95319 -0.490335 0 -0.674153 0.170869 0 -1.2878 -1.49987 0 1.33589 1.99751 0 0.123753 0.538682 0 1.0444 0.444592 0 -1.10183 -1.7238 0 -1.17134 0.83627 0 1.43301 -1.70182 0 0.990781 0.747371 0 1.96807 1.80423 0 -1.59603 0.4603 0 -0.0459999 -1.78259 0 -0.730024 0.349775 0 0.416094 1.84649 0 -0.872924 1.27136 0 0.695321 -0.173489 0 1.39986 -0.675056 0 -1.79951 0.100955 0 -0.741347 -0.896008 0 0.845337 -0.926714 0 0.566059 0.274311 0 1.10651 -0.422286 0 1.88551 -0.387579 0 0.2094 -1.90978 0 -1.26028 -1.50479 0 0.265085 -1.79354 0 -1.8644 -1.55913 0 -1.15595 0.0422267 0 1.91587 -0.100364 0 -0.86167 -0.841101 0 -1.29232 -0.903037 0 1.77353 -1.86735 0 1.60557 -0.802445 0 -1.1102 -0.519214 0 0.0652987 0.0241055 0 1.60178 -1.60245 0 -0.622557 -1.40496 0 1.02682 0.245577 0 -0.540354 1.83069 0 -1.37649 1.2888 0 0.760046 1.66091 0 -1.72999 0.662776 0 -0.253511 -1.14296 0 0.842268 -1.5985 0 -1.78607 0.546666 0 -1.4127 1.42666 0 -0.158576 0.905306 0 0.802319 0.214303 0 -1.73156 1.22452 0 -1.78311 1.99465 0 0.719429 1.38099 0 0.523935 1.87625 0 -0.211588 0.183453 0 0.986355 0.10037 0 -0.917043 0.878467 0 -0.146709 -1.98876 0 -1.47464 -0.559112 0 1.10837 0.978198 0 0.613216 -1.5583 0 1.2003 -0.273369 0 1.34483 1.0211 0 -0.911283 0.193208 0 1.17065 -0.950896 0 -0.968594 1.70325 0 -0.730024 1.79312 0 1.04569 0.566271 0 1.44002 -0.781996 0 -1.94607 1.5181 0 -0.692776 -0.799292 0 -1.23792 -1.81012 0 0.188049 -1.00516 0 0.114232 1.8851 0 1.41707 0.222904 0 -1.24109 0.26623 0 -0.455802 0.853989 0 -1.02447 0.0431548 0 -1.08175 0.913306 0 1.03803 1.31969 0 0.0949965 -0.0626362 0 0.329398 1.62694 0 0.799598 -1.6226 0 -1.15638 1.26226 0 -0.404569 -0.524121 0 -1.18892 1.06555 0 1.69758 0.373372 0 0.161313 -1.38601 0 1.84963 -1.74777 0 0.815874 1.53697 0 -1.87028 0.798731 0 -0.175716 1.33627 0 1.52804 -1.36754 0 -0.0422868 0.321901 0 -0.389448 0.601672 0 -0.522363 -0.03772 0 -0.139352 0.504507 0 -1.70927 0.919945 0 0.215102 1.04831 0 -0.372887 1.88803 0 -0.58131 0.166829 0 1.02095 1.03022 0 1.18029 0.82687 0 1.90603 -0.6123 0 1.86408 -0.434703 0 -1.21066 -0.30825 0 0.574534 -0.270171 0 -1.82217 -0.223243 0 -0.804757 -0.156243 0 0.954696 -0.601628 0 1.07731 -1.25622 0 0.749931 1.9323 0 1.5236 0.202141 0 0.365909 0.639059 0 -1.4108 -0.365526 0 -0.478843 -1.72275 0 -1.03466 1.07286 0 -0.086566 0.756358 0 -0.322106 -0.61028 0 1.82917 -0.457408 0 1.32027 -0.0674686 0 -1.05563 -1.24782 0 1.35827 0.687475 0 0.714561 1.7803 0 1.85726 0.142776 0 -1.80214 -0.397631 0 -0.636 1.30631 0 -0.625939 1.21888 0 0.612866 1.5763 0 -0.627441 1.38672 0 1.36176 0.857049 0 1.58194 -0.289252 0 -1.93652 -1.16492 0 -1.82311 -1.12555 0 0.131986 -0.530984 0 -1.92079 -1.72236 0 0.777291 0.458086 0 -1.51494 0.144927 0 -1.00253 -1.40266 0 1.10527 0.600889 0 -1.90623 1.19258 0 -0.0664158 1.01447 0 -1.67063 1.8943 0 1.1488 0.769327 0 1.54946 -0.531587 0 -0.0941315 1.31707 0 0.743433 -1.39485 0 1.51459 -0.811029 0 0.639896 0.730113 0 0.270395 1.64079 0 -1.24544 -1.7051 0 1.3882 0.479315 0 1.4311 -1.40195 0 0.139578 -0.620845 0 1.53493 0.164596 0 -1.22456 1.19344 0 0.795675 1.78108 0 -0.569641 -0.14867 0 0.849385 -0.776704 0 -0.167741 -1.8267 0 1.46922 1.96866 0 1.54063 0.763071 0 0.149154 1.75426 0 -0.461777 0.325892 0 0.383491 0.593234 0 -1.80462 1.17076 0 -0.191468 -0.817117 0 -0.464993 0.348048 0 -0.777748 1.08046 0 -0.097661 -0.273189 0 -1.30348 -1.32893 0 -0.662996 0.292819 0 0.779423 1.25164 0 0.446239 0.110745 0 0.297142 0.70126 0 0.340099 -1.76734 0 0 0 0 0.416142 -0.166339 0 -0.459261 -0.621796 0 -0.253055 1.37111 0 -0.75173 0.203654 0 0.228319 0.59923 0 -0.218399 -1.24964 0 0.0675094 1.51682 0 -0.686109 -1.54841 0 0.424353 -0.321109 0 -0.805277 1.72247 0 -0.456064 -0.97481 0 -0.200985 -0.85789 0 0.898427 0.193949 0 0.92759 -0.721617 0 0.273846 0.992924 0 1.92506 -1.99636 0 1.53774 -1.73426 0 -1.56658 1.57089 0 0.356322 -0.418247 0 -0.875682 1.29812 0 0.20279 -0.369131 0 -1.22786 1.58435 0 -0.414227 -1.11735 0 -0.59224 -0.906289 0 0.548895 -0.0792686 0 0.142305 0.616435 0 -1.0427 1.27088 0 -1.2919 -1.92816 0 -1.62663 -0.747692 0 0.600767 1.11107 0 0.273197 -1.83517 0 1.97379 0.490422 0 -0.035142 1.64006 0 -1.63341 1.77109 0 1.08538 0.810547 0 -0.86524 -1.29353 0 1.63033 -1.26293 0 -0.192681 -0.0898755 0 -1.26311 0.416409 0 -1.45398 1.41866 0 -1.78706 -0.322039 0 0.332717 1.49698 0 0.89218 -1.1882 0 -1.23393 1.31603 0 -0.148725 -1.27096 0 -0.806631 -0.387666 0 -0.808093 -0.765429 0 -0.0164334 0.661721 0 1.66576 0.811905 0 -0.310105 0.672171 0 0.799646 0.543544 0 0.52797 -1.1091 0 1.37866 1.59527 0 -0.68438 0.104453 0 -0.438743 -1.84621 0 0.853977 -0.134101 0 -1.30005 -1.70652 0 1.42545 0.801095 0 1.06584 1.52867 0 -0.75087 -0.755504 0 -0.304937 0.119903 0 1.27484 1.29352 0 0.147719 1.15517 0 1.74849 0.406726 0 -0.33112 -0.649005 0 0.092282 -0.768764 0 1.89567 0.613524 0 0.337179 -0.571571 0 1.57 1.71173 0 0.715524 -1.27005 0 -0.570193 -1.864 0 -0.0400583 1.41044 0 -1.21855 -0.614402 0 -0.373789 1.23507 0 -1.63889 -1.39105 0 1.75717 -0.0566419 0 -0.159012 -1.07466 0 1.79083 0.366204 0 1.77153 0.00392642 0 1.80245 1.70692 0 0.36704 -1.28199 0 -0.96787 0.485119 0 -1.36647 -1.53648 0 0.727012 1.14572 0 -1.8424 -1.22344 0 -0.254666 1.15852 0 0.928098 -1.19038 0 1.84045 0.33408 0 0.507594 0.174847 0 0.362985 -1.67698 0 -0.557106 -0.194645 0 -1.30563 -1.42921 0 -0.63875 0.500197 0 0.299861 0.40886 0 0.701954 -1.0411 0 -1.16642 1.30943 0 1.20115 0.600035 0 0.349448 1.08764 0 1.24918 -1.06502 0 -1.60328 0.0444857 0 -0.614379 1.15767 0 1.17226 0.411025 0 -0.148635 0.235856 0 -0.801824 -0.662529 0 -0.385816 0.996109 0 -1.06822 1.43723 0 1.37146 0.349319 0 1.47934 0.466092 0 0.0200913 1.85386 0 0.811517 -1.57277 0 1.77495 0.0014837 0 -1.63955 0.227659 0 0.488405 1.30209 0 -1.16171 0.562651 0 0.356787 -1.80521 0 -1.99316 -1.3697 0 -1.17146 0.593513 0 0.770412 -0.569068 0 1.56159 0.128935 0 0.215633 -0.504373 0 -0.942308 1.00091 0 -0.460284 0.582577 0 0.945481 -0.0844445 0 1.52611 1.01226 0 -0.557979 -1.43436 0 0.848166 -0.580603 0 -1.12647 0.194159 0 -1.7292 0.401894 0 0.11415 0.203372 0 0.981394 -0.210152 0 -0.267764 1.78984 0 0.0658683 1.54372 0 -1.27097 1.85458 0 -1.04849 0.959984 0 0.0910735 1.65763 0 1.23222 1.72223 0 0.0932805 1.17845 0 -1.0416 0.162187 0 -0.0329977 -1.68507 0 0.676245 -0.262749 0 1.02377 -1.08638 0 -1.88434 0.561849 0 0.310022 -1.05184 0 0.538132 -0.320225 0 -0.0019533 0.123046 0 1.75847 1.54118 0 -0.30688 1.2223 0 -1.09021 1.05159 0 1.257 -1.96098 0 -0.847822 0.557129 0 1.30243 0.965294 0 -0.0232379 -0.0984574 0 0.667386 0.438588 0 -1.12935 -0.353646 0 -1.38825 1.67111 0 1.06411 -0.376011 0 -0.0644112 -1.13355 0 1.78109 -1.45446 0 0.528237 1.95266 0 0.802912 -1.82697 0 0.875291 -1.80738 0 1.80151 -0.928498 0 1.79475 -0.245756 0 1.71283 -1.8473 0 -1.87281 1.14576 0 0.835103 1.4937 0 -0.927985 1.98092 0 -0.559868 -0.499325 0 1.18105 -1.85648 0 -0.81843 1.82129 0 -0.719077 -1.29311 0 1.00027 -0.747163 0 0.0751611 1.0367 0 0.596101 -0.263381 0 1.24526 0.0464216 0 -1.52779 -1.6533 0 1.17571 -0.916221 0 -0.386137 -1.77054 0 -1.20563 1.45706 0 -1.98753 0.903694 0 1.18495 0.929404 0 0.431862 -0.241038 0 0.864178 0.908312 0 1.56218 0.496592 0 -1.14548 -0.423871 0 1.93169 -0.164161 0 1.79386 -0.479356 0 0.995584 1.78395 0 1.77489 -1.39914 0 1.51159 -0.102911 0 1.94459 0.291826 0 0.524111 0.505427 0 1.69402 -0.766408 0 -1.58332 -0.625174 0 0.825114 -1.30855 0 -1.64028 0.879799 0 1.88872 -0.62665 0 -1.70085 -1.03195 0 -1.40509 0.709548 0 1.76304 1.60732 0 1.20495 0.265465 0 -1.96437 0.224665 0 -0.234852 -1.9622 0 -0.580501 -1.70745 0 0.980816 -0.386154 0 -1.40181 0.839645 0 1.33083 -1.8875 0 0.414817 0.64856 0 0.325716 -1.29994 0 -0.461976 -0.586285 0 1.0682 -1.4478 0 0.0404582 0.121979 0 -1.00885 -0.058198 0 -0.413591 -1.23647 0 -1.37054 0.514505 0 0.722458 -0.492943 0 0.126322 1.36874 0 1.88244 1.38964 0 -1.46989 0.80292 0 1.17099 1.70991 0 1.86635 1.42604 0 -1.36811 -1.70191 0 -0.692367 1.66678 0 -0.754147 0.889567 0 -1.96535 -1.07806 0 1.06597 1.73134 0 1.14959 -0.892933 0 0.895408 1.89387 0 0.482838 1.42741 0 1.89385 -1.83404 0 -0.802637 -1.63532 0 -0.462107 0.444324 0 1.61425 1.32152 0 1.29968 1.32676 0 1.81513 -0.540428 0 -0.980414 -1.6178 0 1.09512 1.30917 0 -1.01964 -0.151124 0 -0.911171 -0.958816 0 0.390443 -1.28816 0 -0.728319 0.709631 0 -1.29819 0.270195 0 0.340783 -1.04175 0 -1.18624 -0.230289 0 0.260701 0.542726 0 -1.91502 1.34058 0 1.21128 0.450251 0 -0.636155 1.76138 0 -0.176776 1.35063 0 1.62039 1.1078 0 1.53808 0.194407 0 -0.480663 1.32757 0 -1.77318 1.10814 0 -1.73415 -0.364774 0 -1.58711 -0.93274 0 0.442749 -0.824685 0 1.93371 -1.91924 0 0.662033 1.94633 0 -0.741166 -0.425875 0 0.615799 -0.315995 0 -0.195311 0.0824505 0 0.787648 -1.48054 0 1.47357 1.6138 0 -0.628168 0.419841 0 -1.01887 1.66235 0 -1.00804 1.5309 0 -0.662478 -1.4532 0 -0.589555 -0.8404 0 0.96512 1.51924 0 -0.717282 1.1697 0 1.6656 -1.18238 0 -1.86593 -1.73903 0 0.726904 -0.671256 0 -1.80273 1.61706 0 -1.93749 -1.03866 0 -0.924036 -0.975156 0 -0.441342 -1.1304 0 -1.22284 -0.643424 0 -1.24752 0.476428 0 -1.08549 1.05873 0 -0.711861 -1.99087 0 1.8748 0.181732 0 -0.897439 0.958467 0 1.38153 -1.9749 0 -0.158425 0.472522 0 -0.181532 -1.83037 0 -0.580239 -0.778034 0 0.908597 0.68525 0 1.49824 -0.295904 0 -0.617607 1.34616 0 0.165255 0.869852 0 1.14839 -0.0484697 0 -0.249383 1.14679 0 0.881066 -0.244309 0 0.11246 1.8131 0 1.82233 -1.3971 0 1.23497 -0.44714 0 0.999678 -1.4369 0 0.291007 0.359372 0 1.03204 -0.476311 0 0.394801 1.25853 0 -0.14483 -0.761289 0 -1.52358 -0.104641 0 0.132101 -1.53914 0 -0.174428 -0.93168 0 -0.189282 1.52748 0 1.11413 -1.6634 0 -0.490411 -0.460462 0 -1.1047 1.74166 0 -0.000968671 1.35964 0 1.29986 -1.64428 0 -0.0956348 1.48064 0 -1.15376 -0.572456 0 -0.269384 -0.187644 0 -0.867514 -1.1589 0 -0.978988 -1.60559 0 0.538517 -1.90327 0 1.81338 -1.49669 0 1.07151 -1.26209 0 1.82074 -0.532939 0 0.535147 0.965979 0 -0.498212 -0.66672 0 -0.0225348 -0.583249 0 0.298123 0.119452 0 -1.20504 -1.48353 0 -1.93935 1.83904 0 -0.262002 -1.50023 0 1.51068 -0.659785 0 -1.4769 -0.203516 0 -0.201608 -1.94329 0 0.580395 -1.58128 0 0.530127 0.056349 0 0.0769882 -1.36997 0 -1.17207 0.389187 0 -0.773439 1.055 0 -1.80944 0.416629 0 1.37753 0.542888 0 0.646158 0.349568 0 -0.157608 0.885049 0 -1.65962 -0.409683 0 -0.207079 -1.75795 0 0.982063 0.420485 0 0.760192 -0.37395 0 -1.36103 -1.71118 0 1.84695 1.41576 0 -0.266105 -0.538502 0 1.53103 -0.780642 0 -0.553724 -0.0682145 0 1.05089 -1.79119 0 1.18308 -1.10151 0 -1.14035 1.80956 0 0.346427 -1.3309 0 -1.26828 -1.06457 0 -0.714319 -1.46812 0 1.73558 0.232291 0 0.124046 -0.39872 0 1.03388 0.699504 0 1.28683 1.37259 0 0.703212 0.135185 0 1.9524 1.87655 0 1.26645 1.43702 0 1.74238 1.34969 0 -0.0334249 -0.586897 0 1.60435 1.53454 0 -0.571849 -1.21328 0 0.495347 0.274784 0 1.71966 0.900447 0 0.178014 -0.948967 0 -1.60319 -0.971286 0 0.143357 -0.285932 0 0.925105 0.484513 0 -0.976432 0.189529 0 -0.331284 -0.21155 0 -1.02207 -0.665715 0 -1.64688 0.508765 0 -1.99445 1.6275 0 1.79817 0.720809 0 0.093729 -0.0757469 0 -0.151615 -0.933086 0 0.597748 -0.646526 0 1.92559 0.585763 0 -0.323926 -1.59636 0 0.0198873 0.507128 0 -1.87913 -0.779169 0 -1.58503 -1.9784 0 0.62945 0.954686 0 1.84785 -1.55425 0 1.66668 1.21904 0 -1.35577 1.53607 0 0.43886 0.539705 0 1.51266 0.426738 0 -0.347382 -1.35497 0 -0.272019 1.50874 0 -0.035743 0.206906 0 -0.184167 -0.153515 0 -0.410585 -0.99517 0 -1.88633 -0.612004 0 0.740537 1.04015 0 0.717512 0.232368 0 0.547708 0.493584 0 -0.195137 -0.848417 0 -0.773609 -1.99208 0 -0.957209 -0.978769 0 1.38258 -1.29314 0 -1.93159 -0.206291 0 -1.39992 0.0341295 0 -0.937562 -1.84988 0 -0.111374 1.21202 0 0.189772 0.336129 0 1.71905 -1.37745 0 -0.0809994 -1.42189 0 1.79656 -0.920497 0 0.52353 -0.551952 0 0.761763 0.420993 0 -1.18958 1.30415 0 -0.00534659 1.16914 0 -1.36254 -1.85876 0 1.54629 1.8038 0 -1.05755 0.743209 0 -1.58958 0.622841 0 0.518351 -0.161679 0 0.43309 1.01257 0 -1.28954 1.7194 0 -1.19954 -0.519235 0 1.40466 0.128225 0 -1.47746 1.70277 0 -0.0670013 1.87106 0 1.51674 -0.503846 0 1.78247 -0.896539 0 -0.57729 0.617603 0 -0.546606 -0.888193 0 -0.106543 -0.571763 0 1.96259 1.46319 0 -1.32035 1.30482 0 0.855635 -0.462759 0 -1.33997 -0.438184 0 -1.39289 -0.259849 0 0.732514 -0.367505 0 0.390211 1.27074 0 0.323459 1.6378 0 -0.356 0.331666 0 1.61527 0.184286 0 -0.698461 0.812593 0 1.80588 0.892958 0 -1.2613 1.29854 0 -1.95756 -1.29934 0 -1.79372 -1.87069 0 -0.673808 0.0795557 0 -0.60278 -0.0767008 0 -1.29947 -1.00502 0 1.45053 -1.71139 0 1.49146 -0.735472 0 -0.999461 1.117 0 -1.55299 1.81821 0 0.603082 -0.911254 0 1.92306 0.191445 0 -0.0582613 1.13293 0 0.499295 -1.38248 0 0.237781 -0.507994 0 0.1522 1.94795 0 -0.906581 -1.20076 0 1.27757 1.91503 0 -1.16719 -0.940032 0 -1.91638 1.76804 0 1.21563 0.963606 0 0.154229 -0.570489 0 1.49614 -0.407515 0 -1.31479 0.196505 0 -1.82695 -1.29831 0 1.16761 0.83998 0 -1.01908 0.430367 0 1.49889 0.334099 0 0.673743 -0.411959 0 -1.81763 0.0482803 0 -0.16395 0.08533 0 0.103994 1.6508 0 -1.58084 -0.999214 0 -1.96182 -0.328993 0 0 0 0 0.155291 -0.614803 0 0.325459 1.4368 0 0.243681 -1.08753 0 0.764405 1.93031 0 0.388638 1.99272 0 -1.40233 -0.733244 0 0.365195 -1.39994 0 0.315365 1.09045 0 -1.63493 0.326783 0 -0.558475 0.220494 0 -0.605988 -1.91037 0 1.03631 1.92383 0 0.881313 -1.62545 0 0.732267 0.472272 0 0.419051 -0.856312 0 0.885125 -0.409438 0 -1.88923 -0.619005 0 0.17891 -0.814059 0 0.714025 1.97392 0 -1.2983 0.0342773 0 -1.94619 -0.380319 0 0.671969 0.0587014 0 -0.139729 0.521398 0 1.23026 -1.52704 0 -1.20699 0.132456 0 -0.342666 0.236668 0 0.389573 -0.379265 0 0.210127 -0.711555 0 -0.3096 0.877898 0 -0.485042 -1.93654 0 -1.81556 1.4682 0 -0.337269 -1.43842 0 -1.70551 0.616046 0 0.617192 -0.419892 0 1.07459 1.88204 0 0.12813 0.799849 0 1.87398 -0.537747 0 1.60099 0.469163 0 1.7605 -0.182679 0 1.70434 1.82831 0 0.248458 -1.4143 0 -1.54462 -1.04531 0 -1.15716 -1.66549 0 -1.9991 1.28065 0 0.291348 0.389771 0 -1.84225 0.467249 0 1.68117 -1.81868 0 -1.16759 0.644165 0 -1.82166 1.8251 0 -0.554122 -0.545639 0 0.326002 1.03081 0 1.56145 -0.167196 0 1.09518 -0.392274 0 0.324814 -0.362763 0 -1.07504 -0.00376875 0 -0.282741 -1.89412 0 -1.86974 1.72813 0 1.48232 -1.28036 0 -0.137007 0.895821 0 1.0272 0.538234 0 1.5657 -1.17734 0 -0.725262 0.342277 0 0.788445 0.450641 0 0.123782 -0.324743 0 -0.822382 -1.61252 0 1.1824 1.44444 0 1.99069 1.22831 0 1.85933 -0.563382 0 -0.628925 -1.88195 0 0.595192 -1.24123 0 0.572626 -1.76005 0 -0.476254 0.195333 0 0.0582639 0.577385 0 -0.577109 1.69145 0 -1.32285 0.632938 0 0.081427 0.0758093 0 -0.969508 1.73269 0 1.62251 -1.35001 0 0.862331 -0.46229 0 1.91596 -0.176538 0 -0.954247 -1.17755 0 -1.57468 -1.66076 0 -1.33877 -1.64355 0 -0.986533 0.094229 0 -1.84494 1.75944 0 -0.409661 -0.0526414 0 0.784986 1.78477 0 -0.0433568 0.380059 0 0.614125 0.486772 0 -0.878639 -0.389861 0 -1.13258 -1.83279 0 -0.298499 1.53757 0 1.64117 1.45725 0 -1.35109 0.433978 0 -1.69607 0.725757 0 0.35866 -1.37267 0 0.14509 0.704088 0 -1.99481 -0.691204 0 1.26033 0.101391 0 1.16859 1.95699 0 1.00262 1.35024 0 0.430826 1.77388 0 0.666421 -0.14249 0 -0.836773 1.17933 0 0.515015 -0.293801 0 0.639168 -0.625028 0 -0.25655 0.0104162 0 0.13087 -1.29573 0 -0.0192296 -1.98806 0 0.00208197 -0.731892 0 1.29724 1.29055 0 1.92465 0.552664 0 -0.0896995 -1.4443 0 1.29032 1.44847 0 -0.829369 -1.80021 0 -0.503565 -1.58022 0 -1.37685 0.846878 0 0.804407 1.12237 0 0.939691 -1.7843 0 -1.37037 -0.112339 0 -1.20532 0.184187 0 -1.18765 -1.47817 0 1.60807 1.13518 0 -1.91536 0.780324 0 0.179965 0.341498 0 -0.753583 -1.87988 0 -1.8338 -0.626143 0 0.809807 0.875881 0 -0.682299 -0.128933 0 0.204703 1.19535 0 -1.46186 -0.271247 0 -1.5723 0.145775 0 -0.171986 -0.368669 0 1.34182 -0.485551 0 -0.262943 -0.61385 0 -1.79394 0.0845185 0 0.242237 -0.756026 0 -1.77361 0.948145 0 0.091412 -0.111724 0 -0.039684 -0.516736 0 -1.36293 -0.114384 0 -1.31573 -0.719222 0 1.6741 -1.39007 0 -1.22447 1.40343 0 1.30423 -1.6424 0 -1.24329 -0.418154 0 0.724329 -1.53709 0 1.42252 -1.03881 0 1.35038 -0.0806864 0 0.743624 -1.13499 0 1.20294 -0.0500974 0 -1.65839 0.208517 0 0.641709 -1.92084 0 -0.928309 -1.21024 0 1.66779 -1.73285 0 -1.42271 1.69323 0 0.380308 -0.87722 0 -0.829841 1.11027 0 1.28096 -1.76398 0 1.82581 -1.44271 0 1.85829 -1.27341 0 0.52102 -0.0583507 0 -0.568865 -0.948554 0 0.542798 1.98532 0 -1.20438 0.106596 0 -1.34526 -0.331877 0 1.1189 -0.427034 0 -0.00412282 -0.563704 0 -1.86454 1.73022 0 1.39521 -0.792768 0 -0.776911 -0.754441 0 1.25327 -0.178212 0 1.59292 1.32581 0 1.67174 -1.52526 0 1.44971 1.38061 0 -0.708682 -0.888967 0 0.464865 -0.133695 0 1.54973 1.18637 0 0.52497 1.65782 0 -0.28597 1.16829 0 -0.286366 -1.17852 0 -1.7286 -0.302934 0 0.328697 1.28156 0 0.477016 0.472947 0 0.149482 -1.24584 0 0.360636 1.37981 0 0.817814 -0.573682 0 -0.017673 0.669168 0 -0.979251 1.88319 0 -0.399034 -0.980829 0 0.259175 -1.31636 0 0.862266 -1.27435 0 0.918753 1.58217 0 -0.095109 -0.655165 0 -1.69176 1.79321 0 -1.02751 -1.38984 0 0.726477 0.16919 0 0.2929 0.872253 0 -0.373991 -1.78288 0 0.822136 -0.87856 0 1.52302 -1.25187 0 -1.68699 1.63404 0 1.70811 0.998859 0 1.99306 -0.631509 0 -1.25512 1.93259 0 -1.90092 1.36524 0 1.82783 -0.900891 0 1.72292 -1.54131 0 1.39792 -0.980065 0 -1.17178 1.29289 0 1.05301 -0.984128 0 1.70153 0.452366 0 1.68413 -0.303335 0 1.27685 -0.977149 0 -1.57125 -1.10927 0 0.0103004 -1.58928 0 0.391287 0.482923 0 -0.00239546 1.60863 0 -0.522746 -0.714896 0 1.7978 1.92756 0 -0.170586 -0.3722 0 -0.462846 -1.06302 0 -1.19459 1.85496 0 -0.62325 -0.110219 0 0.042586 -1.69439 0 -1.77142 0.501324 0 1.3886 0.794235 0 1.38689 0.909054 0 -0.959685 1.89502 0 -1.67292 -0.873439 0 -0.96326 -0.359235 0 1.13049 0.313474 0 1.83759 -1.5696 0 0.902721 1.16406 0 -1.01796 0.174481 0 1.84561 -1.65992 0 0.406323 -0.664945 0 -0.650855 1.75357 0 1.7385 -1.98838 0 -1.26906 -0.297582 0 -0.254887 -1.12393 0 -1.13312 1.13835 0 -0.13239 1.50164 0 -1.19336 1.82214 0 -0.0913885 0.268537 0 0.668268 1.72351 0 0.452879 0.258872 0 -1.12247 1.27825 0 -1.80339 -1.65819 0 1.99503 0.82412 0 0.716013 -0.363412 0 0.0836514 -1.26931 0 1.1871 1.80272 0 0.999308 0.766652 0 -1.33655 0.651759 0 -0.450169 1.24479 0 0.295699 0.879768 0 -1.56889 -1.05394 0 1.23772 -0.072741 0 -0.0879626 -1.21191 0 0.875283 -0.633757 0 0.170622 0.799396 0 -0.381895 1.05141 0 -1.87934 -0.296273 0 0.520949 1.28838 0 -0.462907 1.51549 0 1.80851 1.21928 0 -0.0940833 -0.107512 0 -0.754524 1.63382 0 -1.4547 1.47673 0 -1.76989 1.7017 0 1.72373 1.6712 0 -0.0115121 0.47285 0 -1.90557 -0.513225 0 -0.314818 -1.77211 0 1.16106 1.66924 0 0.788134 1.44365 0 0.280015 0.290311 0 -0.872319 -1.26944 0 0.299306 -1.96647 0 1.10739 0.175244 0 0.321612 -1.58325 0 1.14922 1.4857 0 -0.368509 0.404633 0 -0.183174 1.12874 0 1.75294 0.424335 0 0.337994 -0.600535 0 -1.94121 0.166147 0 -1.4456 0.895532 0 1.67706 -1.60413 0 -1.00351 1.22163 0 1.51085 -1.38938 0 1.63906 1.82309 0 -0.41727 -0.862746 0 1.2642 0.110332 0 -1.48834 1.60622 0 1.37088 -0.68383 0 -1.16103 -1.54839 0 0 0 0 1.07484 1.94175 0 -1.43623 0.524559 0 -0.126093 1.26808 0 1.08586 -0.254559 0 0.0124897 -0.144924 0 0 0 0 -1.1407 1.41752 0 1.79143 -1.52903 0 1.78509 -1.96087 0 -1.76128 0.182277 0 1.84242 0.257379 0 0 0 0 1.04895 1.63161 0 -1.98295 -1.41215 0 -0.493479 -0.24311 0 -1.02556 -1.59548 0 1.8589 -0.193194 0 0.00793964 0.172338 0 -1.05539 0.498586 0 1.48542 -1.87313 0 0.368567 -1.70171 0 0 0 0 1.93682 1.46322 0 0 0 0 0.0185501 1.37063 0 -1.28799 -0.672406 0 1.11854 -0.869967 0 0.337194 1.51552 0 1.96479 -1.10773 0 0 0 0 0.25789 -1.50147 0 1.52247 0.270899 0 1.5227 -1.48017 0 1.51367 -0.462648 0 1.91007 -1.67952 0 1.98652 0.344831 0 -1.49523 0.780246 0 1.60664 -0.347282 0 0 0 0 -0.655988 1.6834 0 -0.302325 0.609166 0 -1.46358 -1.58224 0 -1.48072 -0.0316576 0 0.488727 1.16102 0 0.516275 1.27137 0 0 0 0 1.50619 1.90528 0 1.88448 -0.354501 0 0 0 0 0 0 0 0.0375124 -0.046522 0 0.756734 -1.4522 0 -0.600004 1.8812 0 -1.88278 1.81505 0 -1.71559 1.89088 0 -0.955191 1.6043 0 1.8655 -1.83245 0 0.618869 1.7652 0 0.980699 -1.96219 0 1.55863 0.960009 0 0.122985 -0.585121 0 0.837671 0.956441 0 1.25877 1.10608 0 0.477245 0.940046 0 0.503609 1.39938 0 -1.82669 0.595099 0 1.39808 0.757084 0 1.95125 -1.0609 0 1.22249 -0.528625 0 -1.28041 0.809597 0 1.83278 -0.785956 0 -0.117006 -0.517465 0 -1.84048 0.493829 0 0.253756 -0.341173 0 -1.44558 -0.868585 0 0.134649 -1.63218 0 -0.12211 1.30676 0 -0.398651 -1.02666 0 0.786324 -0.493571 0 1.05348 0.659442 0 -1.49616 0.611197 0 1.87167 -0.029101 0 0 0 0 0 0 0 1.62664 -0.126587 0 1.18056 -0.83583 0 -1.43058 -1.29806 0 0.699511 -1.51825 0 1.54817 -0.227733 0 -1.2798 0.4496 0 1.00956 1.42338 0 0.598258 -0.552143 0 -0.488171 0.501775 0 -1.82664 -0.485029 0 0 0 0 0.597859 1.40753 0 1.25098 0.982943 0 0.717664 1.35467 0 -1.34589 0.774649 0 0 0 0 0.241108 -1.63997 0 -1.97781 -0.806348 0 1.47813 -1.77546 0 0 0 0 0.943674 1.09415 0 -1.15292 -1.07966 0 0 0 0 0 0 0 0.571809 0.809709 0 1.85034 -0.212491 0 1.14556 1.54005 0 0 0 0 0 0 0 0.890595 -0.320207 0 0 0 0 0 0 0 -0.109678 -1.2107 0 0 0 0 -1.51864 -0.300733 0 -0.689346 1.81043 0 -0.178063 -0.461836 0 0 0 0 -0.477543 -0.68803 0 -0.684022 0.257717 0 1.17466 -0.813282 0 0 0 0 0 0 0 -0.689422 0.928727 0 -1.93984 -0.0787651 0 0.359571 1.55112 0 0 0 0 -0.75743 -0.176572 0 0.757791 1.89113 0 0 0 0 0 0 0 -0.725596 -1.12667 0 -0.0805125 -1.00411 0 0.811409 1.83347 0 0 0 0 0 0 0 0 0 0 0.795784 1.44946 0 -0.854492 0.12986 0 0.711487 0.595516 0 -0.541401 -0.196838 0 1.60849 -0.861965 0 0.715207 -0.417071 0 0.156566 -1.86314 0 0 0 0 0 0 0 1.48997 -0.257753 0 -1.54223 0.520239 0 1.46317 -0.809232 0 0 0 0 -0.588729 -0.690554 0 1.8136 1.21854 0 -1.95274 -1.11161 0 -0.32314 -0.897353 0 -1.7719 -1.0362 0 0.351658 0.763754 0 0.607701 -0.48901 0 -0.268899 0.373256 0 -0.0859344 -1.20149 0 0 0 0 1.78015 -1.73213 0 1.99458 -1.37841 0 1.69451 -0.807972 0 0.0811623 -0.993612 0 0 0 0 1.92745 1.68167 0 -1.00605 -0.0843786 0 0.861671 1.77423 0 -1.8341 0.969144 0 1.23303 -0.282966 0 -1.31378 0.0651458 0 1.29655 0.950353 0 0 0 0 -0.0201836 0.52936 0 0 0 0 -0.150893 1.70243 0 -0.849571 -0.405395 0 0.36144 -0.702007 0 -1.02144 -1.36394 0 0 0 0 0 0 0 0 0 0 0 0 0 0 0 0 0 0 0 0 0 0 0 0 0 0 0 0 0 0 0 0 0 0 0 0 0 0 0 0 0 0 0 0 0 0 0 0 0 0 0 0 0 0 0 0 0 0 0 0 0 0 0 0 0 0 0 0 0 0 0 0 0 0 0 0 0 0 0 0 0 0 0 0 0 0 0 0 0 0 0 0 0 0 0 0 0 0 0 0 0 0 0 0 0 0 0 0 0 0 0 0 0 0 0 0 0 0 0 0 0 0 0 0 0 0 0 0 0 0 0 0 0 0 0 0 0 0 0 0 0 0 0 0 0 0 0 0 0 0 0 0 0 0 0 0 0 0 0 0 0 0 0 0 0 0 0 0 0 0 0 0 0 0 0 0 0 0 0 0 0 0 0 0 0 0 0 0 0 0 0 0 0 0 0 0 0 0 0 0 0 0 0 0 0 0 0 0 0 0 0 0 0 0
        </DataArray>
        <DataArray type="Int32" Name="n_divisions" NumberOfComponents="1" format="ascii">
 0 1 1 1 1 1 1 1 0 1 1 1 0 1 1 1 0 1 1 1 2 0 1 2 2 2 0 1 1 1 1 2 1 2 1 1 1 1 0 0 0 0 0 0 0 1 1 1 1 1 0 1 0 1 0 1 1 0 1 1 1 1 2 1 1 0 0 1 2 1 0 1 2 0 1 0 1 1 2 1 1 0 1 0 2 2 1 1 0 2 2 0 1 2 0 0 1 1 1 2 0 0 0 1 0 1 0 1 1 1 0 1 0 1 0 1 1 1 1 1 1 1 1 1 1 1 2 1 1 1 0 1 1 1 1 2 1 0 0 0 1 1 1 0 1 1 2 1 1 1 1 0 1 0 1 0 0 1 1 0 2 0 0 0 0 0 1 0 1 1 1 0 2 1 0 0 0 2 0 2 1 1 0 0 1 1 1 1 0 1 1 1 0 2 2 0 1 1 1 1 2 1 1 0 1 0 0 1 1 2 1 1 1 0 0 1 2 1 0 1 1 2 0 0 1 1 0 0 0 0 1 0 0 0 0 1 1 1 0 0 1 2 2 1 0 1 0 1 0 0 2 1 1 2 0 2 1 1 1 1 1 1 2 1 0 0 1 2 0 1 2 0 0 2 0 2 1 0 0 2 2 1 0 1 1 1 0 1 1 1 0 1 1 0 1 1 1 2 1 0 1 1 1 0 0 2 1 0 1 1 2 0 0 0 1 1 0 0 1 0 2 1 1 1 0 1 0 1 1 1 0 0 1 0 1 1 0 0 1 0 1 1 1 1 1 2 1 0 1 1 1 1 0 1 1 1 2 1 1 1 0 1 0 1 0 1 0 0 0 1 0 0 1 1 2 0 1 1 1 0 0 1 0 0 1 1 2 0 1 1 1 1 2 1 0 1 2 0 0 1 0 1 2 1 0 1 1 1 1 1 0 0 0 0 1 0 0 0 1 2 0 1 1 0 1 0 1 0 1 1 1 2 1 1 0 1 1 1 1 1 1 1 2 0 1 1 0 2 0 1 0 1 0 1 0 0 0 0 0 1 1 1 0 0 2 0 2 0 0 0 0 1 1 1 1 1 1 1 0 1 1 2 1 2 2 0 1 0 2 0 1 1 2 0 0 0 1 1 1 0 0 0 0 0 1 1 0 0 0 1 1 1 1 1 0 0 2 1 1 0 0 1 0 1 0 2 1 0 2 1 1 1 1 2 1 1 1 1 0 0 1 1 1 1 1 1 1 1 1 1 0 1 1 1 0 1 1 0 0 1 0 2 1 1 1 2 0 1 1 1 1 1 0 1 1 1 1 2 2 0 2 1 0 1 1 1 1 0 0 2 1 1 0 1 0 0 1 0 1 0 0 0 2 0 0 1 0 1 1 1 1 1 0 2 0 0 1 0 1 0 2 1 0 1 0 1 2 1 2 1 1 1 1 1 0 1 1 0 1 0 0 1 1 0 1 1 1 1 1 1 1 2 2 0 1 1 2 0 1 0 1 1 0 0 0 2 1 0 1 0 1 1 0 1 2 0 1 1 1 0 2 0 0 0 1 1 1 0 0 0 0 1 0 0 0 1 1 1 1 1 0 0 1 1 0 0 2 1 1 0 1 1 0 2 1 0 1 2 1 0 2 0 1 1 1 2 1 1 0 1 1 1 0 1 1 0 1 1 1 1 1 1 1 1 0 2 2 2 1 0 1 1 1 2 1 2 1 2 0 1 1 2 1 0 0 1 2 0 2 1 1 1 1 0 0 0 1 1 1 0 0 2 1 0 0 1 2 1 1 0 2 1 0 0 1 0 1 1 0 1 0 0 1 1 1 0 0 0 0 0 0 1 1 1 2 0 0 1 0 0 0 0 0 1 0 1 1 0 1 1 0 1 1 1 1 0 1 0 1 1 0 0 1 1 1 0 0 2 0 1 1 0 2 2 1 0 1 0 1 2 2 2 0 1 0 0 2 1 1 1 1 0 0 1 1 0 0 1 1 1 0 0 1 2 0 0 2 1 2 1 0 1 0 0 0 1 1 1 1 1 0 1 1 2 1 1 1 2 0 0 0 2 1 0 1 0 2 1 2 0 0 0 1 2 2 0 1 1 0 1 0 1 1 1 0 0 1 1 1 1 1 1 1 0 0 1 0 0 1 1 1 1 1 0 2 0 1 1 0 1 2 1 1 1 1 0 0 0 1 1 0 1 1 0 1 1 1 2 0 1 0 0 0 0 1 0 0 1 0 0 1 1 1 0 2 0 1 1 0 1 1 1 2 0 1 0 0 0 1 1 1 0 0 1 1 1 1 0 1 1 0 1 1 1 1 2 1 1 0 1 1 0 1 2 0 0 1 2 1 1 0 1 1 1 1 0 1 0 0 0 1 0 0 1 1 1 1 1 2 0 1 1 2 1 0 1 0 2 1 0 0 0 1 1 2 0 1 2 0 0 1 1 1 0 2 0 0 0 1 1 1 1 1 1 2 0 0 0 1 1 1 0 2 2 1 1 1 0 1 2 1 0 1 1 2 0 1 1 0 1 0 0 1 1 0 0 1 1 1 1 1 0 1 1 1 1 1 0 1 0 0 2 1 0 0 0 1 0 0 0 0 2 1 1 0 1 0 1 0 1 0 0 0 1 1 1 1 0 0 1 1 2 1 1 0 1 0 0 1 1 1 1 0 0 0 1 1 0 0 1 1 1 0 0 1 0 0 0 2 1 0 1 1 1 1 0 1 0 1 1 0 0 1 0 1 0 0 0 1 1 2 1 0 0 2 0 1 1 0 1 1 1 1 1 1 1 0 0 1 1 0 0 0 1 2 1 1 0 0 0 0 0 1 1 2 0 0 1 1 0 0 0 1 0 1 1 1 0 1 0 1 1 1 1 0 0 0 1 1 2 0 1 0 0 1 1 1 0 0 1 0 1 1 1 0 0 0 1 1 0 0 1 1 0 1 1 1 1 1 0 1 0 1 1 0 0 0 1 0 1 0 0 0 1 1 1 0 0 0 0 0 0 0 0 0 1 1 1 1 1 0 0 1 0 1 1 0 1 1 1 1 0 1 0 1 1 1 0 0 0 0 1 1 1 1 0 1 0 0 1 0 2 0 0 0 0 1 0 0 1 1 0 0 1 1 0 1 0 1 1 1 0 0 0 1 1 0 0 0 0 0 1 0 0 1 0 1 1 0 1 0 0 1 1 1 0 1 0 0 1 1 0 0 1 0 0 1 0 1 1 0 0 0 0 1 0 1 0 0 0 0 0 1 1 0 1 0 1 0 0 0 0 0 1 0 1 1 1 1 1 1 0 0 1 1 1 0 1 0 0 1 0 1 1 1 1 0 0 0 0 0 0 0 0 0 0 0 0 0 0 1 1 1 0 0 1 0 1 0 0 0 0 0 0 1 0 0 0 0 0 0 1 1 0 0 0 1 0 0 0 0 1 1 1 1 1 0 0 1 0 0 1 0 0 0 0 0 0 0 0 1 1 0 0 0 1 0 0 1 1 0 1 0 1 0 0 1 1 0 0 0 0 0 0 0 0 0 1 0 0 0 0 0 1 0 1 1 1 0 0 1 0 0 0 0 0 1 1 0 1 0 0 0 0 0 0 1 0 1 0 0 0 0 0 1 0 1 0 1 0 1 0 1 1 1 1 0 0 0 0 0 0 0 0 0 0 0 0 0 0 0 0 1 0 0 1 0 0 0 1 0 1 0 0 1 0 0 1 1 0 1 1 0 0 0 0 1 1 0 0 1 1 0 1 1 0 0 0 0 0 0 0 1 0 0 0 0 1 0 0 0 0 0 0 1 0 0 0 0 0 0 0 0 1 0 0 0 1 0 1 1 0 0 1 0 0 0 0 0 1 0 0 0 0 0 0 0 0 0 1 0 1 0 0 0 0 1 0 0 0 0 0 0 1 0 0 0 0 0 0 0 0 0 0 0 0 0 0 0 0 0 0 0 0 1 0 0 0 0 0 0 0 1 0 0 0 0 0 0 0 0 0 1 0 1 0 1 0 0 0 0 0 0 0 0 0 1 0 0 0 0 0 0 0 1 0 0 0 0 0 0 0 0 1 0 0 1 0 0 0 0 0 0 0 0 0 0 0 0 0 0 0 0 0 0 0 0 1 1 0 0 0 0 0 0 0 1 0 1 0 0 0 0 0 1 0 1 0 0 0 0 0 0 0 1 0 0 0 0 0 1 0 0 1 0 0 0 0 0 1 0 0 0 0 1 0 0 0 0 0 0 0 0 0 0 0 1 0 1 0 0 0 0 0 0 0 0 0 0 0 0 0 0 1 0 0 0 0 0 0 0 0 0 0 0 0 0 0 0 0 0 0 0 0 0 0 0 0 0 0 0 0 0 0 0 0 0 0 0 0 0 0 0 0 0 0 0 0 0 0 1 0 0 0 0 0 0 0 0 0 0 0 0 0 0 0 0 0 0 0 0 0 0 0 0 0 0 0 0 0 0 0 0 0 0 0 0 0 0 0 0 0 0 0 0 0 0 0 0 0 0 0 0 0 0 0 0 0 0 0 0 0 0 0 0 0 0 0 0 0 0 0 0 0 0 0 0 0 0 0 0 0 0 0 0 0 0 0 0 0 0 0 0 0 0 0 0 0 0 0 0 0 0 0 0 0 0 0 0 0 0 0 0 0 0 0 0 0 0 0 0 0 0 0 0 0 0 0 0 0 0 0 0 0 0 0 0 0 0 0 0 0 0 0 0 0 0 0 0 0 0 0 0 0 0 0 0 0 0 0 0 0 0 0 0 0 0 0 0 0 0 0 0 0 0 0 0 0 0 0 0 0 0 0 0 0 0 0 0 0 0 0 0 0 0 0 0 0 0 0 0 0 0 0 0 0 0 0 0 0 0 0 0 0 0 0 0 0 0 0 0 0 0 0 0 0 0 0 0 0 0 0 0 0 0 0 0 0 0 0 0 0 0 0 0 0 0 0 0 0 0 0 0 0 0 0 0 0 0 0 0 0 0 0 0 0 0 0 0 0 0 0 0 0 0 0 0 0 0 0 0 0 0 0 0 0 0 0 0 0 0 0 0 0 0 0 0 0 0 0 0 0 0 0 0 0 0 0 0 0 0 0 0 0 0 0 0 0 0
        </DataArray>
        <DataArray type="Int32" Name="n_trasformations" NumberOfComponents="1" format="ascii">
 0 0 0 0 0 0 0 0 0 0 0 0 0 0 0 0 0 0 0 0 0 0 0 0 0 0 0 0 0 0 0 0 0 0 0 0 0 0 0 0 0 0 0 0 0 0 0 0 0 0 0 0 0 0 0 0 0 0 0 0 0 0 0 0 0 0 0 0 0 0 0 0 0 0 0 0 0 0 0 0 0 0 0 0 0 0 0 0 0 0 0 0 0 0 0 0 0 0 0 0 0 0 0 0 0 0 0 0 0 0 0 0 0 0 0 0 0 0 0 0 0 0 0 0 0 0 0 0 0 0 0 0 0 0 0 0 0 0 0 0 0 0 0 0 0 0 0 0 0 0 0 0 0 0 0 0 0 0 0 0 0 0 0 0 0 0 0 0 0 0 0 0 0 0 0 0 0 0 0 0 0 0 0 0 0 0 0 0 0 0 0 0 0 0 0 0 0 0 0 0 0 0 0 0 0 0 0 0 0 0 0 0 0 0 0 0 0 0 0 0 0 0 0 0 0 0 0 0 0 0 0 0 0 0 0 0 0 0 0 0 0 0 0 0 0 0 0 0 0 0 0 0 0 0 0 0 0 0 0 0 0 0 0 0 0 0 0 0 0 0 0 0 0 0 0 0 0 0 0 0 0 0 0 0 0 0 0 0 0 0 0 0 0 0 0 0 0 0 0 0 0 0 0 0 0 0 0 0 0 0 0 0 0 0 0 0 0 0 0 0 0 0 0 0 0 0 0 0 0 0 0 0 0 0 0 0 0 0 0 0 0 0 0 0 0 0 0 0 0 0 0 0 0 0 0 0 0 0 0 0 0 0 0 0 0 0 0 0 0 0 0 0 0 0 0 0 0 0 0 0 0 0 0 0 0 0 0 0 0 0 0 0 0 0 0 0 0 0 0 0 0 0 0 0 0 0 0 0 0 0 0 0 0 0 0 0 0 0 0 0 0 0 0 0 0 0 0 0 0 0 0 0 0 0 0 0 0 0 0 0 0 0 0 0 0 0 0 0 0 0 0 0 0 0 0 0 0 0 0 0 0 0 0 0 0 0 0 0 0 0 0 0 0 0 0 0 0 0 0 0 0 0 0 0 0 0 0 0 0 0 0 0 0 0 0 0 0 0 0 0 0 0 0 0 0 0 0 0 0 0 0 0 0 0 0 0 0 0 0 0 0 0 0 0 0 0 0 0 0 0 0 0 0 0 0 0 0 0 0 0 0 0 0 0 0 0 0 0 0 0 0 0 0 0 0 0 0 0 0 0 0 0 0 0 0 0 0 0 0 0 0 0 0 0 0 0 0 0 0 0 0 0 0 0 0 0 0 0 0 0 0 0 0 0 0 0 0 0 0 0 0 0 0 0 0 0 0 0 0 0 0 0 0 0 0 0 0 0 0 0 0 0 0 0 0 0 0 0 0 0 0 0 0 0 0 0 0 0 0 0 0 0 0 0 0 0 0 0 0 0 0 0 0 0 0 0 0 0 0 0 0 0 0 0 0 0 0 0 0 0 0 0 0 0 0 0 0 0 0 0 0 0 0 0 0 0 0 0 0 0 0 0 0 0 0 0 0 0 0 0 0 0 0 0 0 0 0 0 0 0 0 0 0 0 0 0 0 0 0 0 0 0 0 0 0 0 0 0 0 0 0 0 0 0 0 0 0 0 0 0 0 0 0 0 0 0 0 0 0 0 0 0 0 0 0 0 0 0 0 0 0 0 0 0 0 0 0 0 0 0 0 0 0 0 0 0 0 0 0 0 0 0 0 0 0 0 0 0 0 0 0 0 0 0 0 0 0 0 0 0 0 0 0 0 0 0 0 0 0 0 0 0 0 0 0 0 0 0 0 0 0 0 0 0 0 0 0 0 0 0 0 0 0 0 0 0 0 0 0 0 0 0 0 0 0 0 0 0 0 0 0 0 0 0 0 0 0 0 0 0 0 0 0 0 0 0 0 0 0 0 0 0 0 0 0 0 0 0 0 0 0 0 0 0 0 0 0 0 0 0 0 0 0 0 0 0 0 0 0 0 0 0 0 0 0 0 0 0 0 0 0 0 0 0 0 0 0 0 0 0 0 0 0 0 0 0 0 0 0 0 0 0 0 0 0 0 0 0 0 0 0 0 0 0 0 0 0 0 0 0 0 0 0 0 0 0 0 0 0 0 0 0 0 0 0 0 0 0 0 0 0 0 0 0 0 0 0 0 0 0 0 0 0 0 0 0 0 0 0 0 0 0 0 0 0 0 0 0 0 0 0 0 0 0 0 0 0 0 0 0 0 0 0 0 0 0 0 0 0 0 0 0 0 0 0 0 0 0 0 0 0 0 0 0 0 0 0 0 0 0 0 0 0 0 0 0 0 0 0 0 0 0 0 0 0 0 0 0 0 0 0 0 0 0 0 0 0 0 0 0 0 0 0 0 0 0 0 0 0 0 0 0 0 0 0 0 0 0 0 0 0 0 0 0 0 0 0 0 0 0 0 0 0 0 0 0 0 0 0 0 0 0 0 0 0 0 0 0 0 0 0 0 0 0 0 0 0 0 0 0 0 0 0 0 0 0 0 0 0 0 0 0 0 0 0 0 0 0 0 0 0 0 0 0 0 0 0 0 0 0 0 0 0 0 0 0 0 0 0 0 0 0 0 0 0 0 0 0 0 0 0 0 0 0 0 0 0 0 0 0 0 0 0 0 0 0 0 0 0 0 0 0 0 0 0 0 0 0 0 0 0 0 0 0 0 0 0 0 0 0 0 0 0 0 0 0 0 0 0 0 0 0 0 0 0 0 0 0 0 0 0 0 0 0 0 0 0 0 0 0 0 0 0 0 0 0 0 0 0 0 0 0 0 0 0 0 0 0 0 0 0 0 0 0 0 0 0 0 0 0 0 0 0 0 0 0 0 0 0 0 0 0 0 0 0 0 0 0 0 0 0 0 0 0 0 0 0 0 0 0 0 0 0 0 0 0 0 0 0 0 0 0 0 0 0 0 0 0 0 0 0 0 0 0 0 0 0 0 0 0 0 0 0 0 0 0 0 0 0 0 0 0 0 0 0 0 0 0 0 0 0 0 0 0 0 0 0 0 0 0 0 0 0 0 0 0 0 0 0 0 0 0 0 0 0 0 0 0 0 0 0 0 0 0 0 0 0 0 0 0 0 0 0 0 0 0 0 0 0 0 0 0 0 0 0 0 0 0 0 0 0 0 0 0 0 0 0 0 0 0 0 0 0 0 0 0 0 0 0 0 0 0 0 0 0 0 0 0 0 0 0 0 0 0 0 0 0 0 0 0 0 0 0 0 0 0 0 0 0 0 0 0 0 0 0 0 0 0 0 0 0 0 0 0 0 0 0 0 0 0 0 0 0 0 0 0 0 0 0 0 0 0 0 0 0 0 0 0 0 0 0 0 0 0 0 0 0 0 0 0 0 0 0 0 0 0 0 0 0 0 0 0 0 0 0 0 0 0 0 0 0 0 0 0 0 0 0 0 0 0 0 0 0 0 0 0 0 0 0 0 0 0 0 0 0 0 0 0 0 0 0 0 0 0 0 0 0 0 0 0 0 0 0 0 0 0 0 0 0 0 0 0 0 0 0 0 0 0 0 0 0 0 0 0 0 0 0 0 0 0 0 0 0 0 0 0 0 0 0 0 0 0 0 0 0 0 0 0 0 0 0 0 0 0 0 0 0 0 0 0 0 0 0 0 0 0 0 0 0 0 0 0 0 0 0 0 0 0 0 0 0 0 0 0 0 0 0 0 0 0 0 0 0 0 0 0 0 0 0 0 0 0 0 0 0 0 0 0 0 0 0 0 0 0 0 0 0 0 0 0 0 0 0 0 0 0 0 0 0 0 0 0 0 0 0 0 0 0 0 0 0 0 0 0 0 0 0 0 0 0 0 0 0 0 0 0 0 0 0 0 0 0 0 0 0 0 0 0 0 0 0 0 0 0 0 0 0 0 0 0 0 0 0 0 0 0 0 0 0 0 0 0 0 0 0 0 0 0 0 0 0 0 0 0 0 0 0 0 0 0 0 0 0 0 0 0 0 0 0 0 0 0 0 0 0 0 0 0 0 0 0 0 0 0 0 0 0 0 0 0 0 0 0 0 0 0 0 0 0 0 0 0 0 0 0 0 0 0 0 0 0 0 0 0 0 0 0 0 0 0 0 0 0 0 0 0 0 0 0 0 0 0 0 0 0 0 0 0 0 0 0 0 0 0 0 0 0 0 0 0 0 0 0 0 0 0 0 0 0 0 0 0 0 0 0 0 0 0 0 0 0 0 0 0 0 0 0 0 0 0 0 0 0 0 0 0 0 0 0 0 0 0 0 0 0 0 0 0 0 0 0 0 0 0 0 0 0 0 0 0 0 0 0 0 0 0 0 0 0 0 0 0 0 0 0 0 0 0 0 0 0 0 0 0 0 0 0 0 0 0 0 0 0 0 0 0 0 0 0 0 0 0 0 0 0 0 0 0 0 0 0 0 0 0 0 0 0 0 0 0 0 0 0 0 0 0 0 0 0 0 0 0 0 0 0 0 0 0 0 0 0 0 0 0 0 0 0 0 0 0 0 0 0 0 0 0 0 0 0 0 0 0 0 0 0 0 0 0 0 0 0 0 0 0 0 0 0 0 0 0 0 0 0 0 0 0 0 0 0 0 0 0 0 0 0 0 0 0 0 0 0 0 0 0 0 0 0 0 0 0 0 0 0 0 0 0 0 0 0 0 0 0 0 0 0 0 0 0 0 0 0 0 0 0 0 0 0 0 0 0 0 0 0 0 0 0 0 0 0 0 0 0 0 0 0 0 0 0 0 0 0 0 0 0 0 0 0 0 0 0 0 0 0 0 0 0 0 0 0 0 0 0 0 0 0 0 0 0 0 0 0 0 0 0 0 0 0 0 0 0 0 0 0 0 0 0 0 0 0 0 0 0 0 0 0 0 0 0 0 0 0 0 0 0 0 0 0 0 0 0 0 0 0 0 0 0 0 0 0 0 0 0 0 0 0 0 0 0 0 0 0 0 0 0 0 0 0 0 0 0 0 0 0 0 0 0 0 0 0 0 0 0 0 0 0 0 0 0 0 0 0 0 0 0 0 0 0 0 0
        </DataArray>
        <DataArray type="Int32" Name="n_protrusions" NumberOfComponents="1" format="ascii">
 0 0 0 0 0 0 0 0 0 0 0 0 0 0 0 0 0 0 0 0 0 0 0 0 0 0 0 0 0 0 0 0 0 0 0 0 0 0 0 0 0 0 0 0 0 0 0 0 0 0 0 0 0 0 0 0 0 0 0 0 0 0 0 0 0 0 0 0 0 0 0 0 0 0 0 0 0 0 0 0 0 0 0 0 0 0 0 0 0 0 0 0 0 0 0 0 0 0 0 0 0 0 0 0 0 0 0 0 0 0 0 0 0 0 0 0 0 0 0 0 0 0 0 0 0 0 0 0 0 0 0 0 0 0 0 0 0 0 0 0 0 0 0 0 0 0 0 0 0 0 0 0 0 0 0 0 0 0 0 0 0 0 0 0 0 0 0 0 0 0 0 0 0 0 0 0 0 0 0 0 0 0 0 0 0 0 0 0 0 0 0 0 0 0 0 0 0 0 0 0 0 0 0 0 0 0 0 0 0 0 0 0 0 0 0 0 0 0 0 0 0 0 0 0 0 0 0 0 0 0 0 0 0 0 0 0 0 0 0 0 0 0 0 0 0 0 0 0 0 0 0 0 0 0 0 0 0 0 0 0 0 0 0 0 0 0 0 0 0 0 0 0 0 0 0 0 0 0 0 0 0 0 0 0 0 0 0 0 0 0 0 0 0 0 0 0 0 0 0 0 0 0 0 0 0 0 0 0 0 0 0 0 0 0 0 0 0 0 0 0 0 0 0 0 0 0 0 0 0 0 0 0 0 0 0 0 0 0 0 0 0 0 0 0 0 0 0 0 0 0 0 0 0 0 0 0 0 0 0 0 0 0 0 0 0 0 0 0 0 0 0 0 0 0 0 0 0 0 0 0 0 0 0 0 0 0 0 0 0 0 0 0 0 0 0 0 0 0 0 0 0 0 0 0 0 0 0 0 0 0 0 0 0 0 0 0 0 0 0 0 0 0 0 0 0 0 0 0 0 0 0 0 0 0 0 0 0 0 0 0 0 0 0 0 0 0 0 0 0 0 0 0 0 0 0 0 0 0 0 0 0 0 0 0 0 0 0 0 0 0 0 0 0 0 0 0 0 0 0 0 0 0 0 0 0 0 0 0 0 0 0 0 0 0 0 0 0 0 0 0 0 0 0 0 0 0 0 0 0 0 0 0 0 0 0 0 0 0 0 0 0 0 0 0 0 0 0 0 0 0 0 0 0 0 0 0 0 0 0 0 0 0 0 0 0 0 0 0 0 0 0 0 0 0 0 0 0 0 0 0 0 0 0 0 0 0 0 0 0 0 0 0 0 0 0 0 0 0 0 0 0 0 0 0 0 0 0 0 0 0 0 0 0 0 0 0 0 0 0 0 0 0 0 0 0 0 0 0 0 0 0 0 0 0 0 0 0 0 0 0 0 0 0 0 0 0 0 0 0 0 0 0 0 0 0 0 0 0 0 0 0 0 0 0 0 0 0 0 0 0 0 0 0 0 0 0 0 0 0 0 0 0 0 0 0 0 0 0 0 0 0 0 0 0 0 0 0 0 0 0 0 0 0 0 0 0 0 0 0 0 0 0 0 0 0 0 0 0 0 0 0 0 0 0 0 0 0 0 0 0 0 0 0 0 0 0 0 0 0 0 0 0 0 0 0 0 0 0 0 0 0 0 0 0 0 0 0 0 0 0 0 0 0 0 0 0 0 0 0 0 0 0 0 0 0 0 0 0 0 0 0 0 0 0 0 0 0 0 0 0 0 0 0 0 0 0 0 0 0 0 0 0 0 0 0 0 0 0 0 0 0 0 0 0 0 0 0 0 0 0 0 0 0 0 0 0 0 0 0 0 0 0 0 0 0 0 0 0 0 0 0 0 0 0 0 0 0 0 0 0 0 0 0 0 0 0 0 0 0 0 0 0 0 0 0 0 0 0 0 0 0 0 0 0 0 0 0 0 0 0 0 0 0 0 0 0 0 0 0 0 0 0 0 0 0 0 0 0 0 0 0 0 0 0 0 0 0 0 0 0 0 0 0 0 0 0 0 0 0 0 0 0 0 0 0 0 0 0 0 0 0 0 0 0 0 0 0 0 0 0 0 0 0 0 0 0 0 0 0 0 0 0 0 0 0 0 0 0 0 0 0 0 0 0 0 0 0 0 0 0 0 0 0 0 0 0 0 0 0 0 0 0 0 0 0 0 0 0 0 0 0 0 0 0 0 0 0 0 0 0 0 0 0 0 0 0 0 0 0 0 0 0 0 0 0 0 0 0 0 0 0 0 0 0 0 0 0 0 0 0 0 0 0 0 0 0 0 0 0 0 0 0 0 0 0 0 0 0 0 0 0 0 0 0 0 0 0 0 0 0 0 0 0 0 0 0 0 0 0 0 0 0 0 0 0 0 0 0 0 0 0 0 0 0 0 0 0 0 0 0 0 0 0 0 0 0 0 0 0 0 0 0 0 0 0 0 0 0 0 0 0 0 0 0 0 0 0 0 0 0 0 0 0 0 0 0 0 0 0 0 0 0 0 0 0 0 0 0 0 0 0 0 0 0 0 0 0 0 0 0 0 0 0 0 0 0 0 0 0 0 0 0 0 0 0 0 0 0 0 0 0 0 0 0 0 0 0 0 0 0 0 0 0 0 0 0 0 0 0 0 0 0 0 0 0 0 0 0 0 0 0 0 0 0 0 0 0 0 0 0 0 0 0 0 0 0 0 0 0 0 0 0 0 0 0 0 0 0 0 0 0 0 0 0 0 0 0 0 0 0 0 0 0 0 0 0 0 0 0 0 0 0 0 0 0 0 0 0 0 0 0 0 0 0 0 0 0 0 0 0 0 0 0 0 0 0 0 0 0 0 0 0 0 0 0 0 0 0 0 0 0 0 0 0 0 0 0 0 0 0 0 0 0 0 0 0 0 0 0 0 0 0 0 0 0 0 0 0 0 0 0 0 0 0 0 0 0 0 0 0 0 0 0 0 0 0 0 0 0 0 0 0 0 0 0 0 0 0 0 0 0 0 0 0 0 0 0 0 0 0 0 0 0 0 0 0 0 0 0 0 0 0 0 0 0 0 0 0 0 0 0 0 0 0 0 0 0 0 0 0 0 0 0 0 0 0 0 0 0 0 0 0 0 0 0 0 0 0 0 0 0 0 0 0 0 0 0 0 0 0 0 0 0 0 0 0 0 0 0 0 0 0 0 0 0 0 0 0 0 0 0 0 0 0 0 0 0 0 0 0 0 0 0 0 0 0 0 0 0 0 0 0 0 0 0 0 0 0 0 0 0 0 0 0 0 0 0 0 0 0 0 0 0 0 0 0 0 0 0 0 0 0 0 0 0 0 0 0 0 0 0 0 0 0 0 0 0 0 0 0 0 0 0 0 0 0 0 0 0 0 0 0 0 0 0 0 0 0 0 0 0 0 0 0 0 0 0 0 0 0 0 0 0 0 0 0 0 0 0 0 0 0 0 0 0 0 0 0 0 0 0 0 0 0 0 0 0 0 0 0 0 0 0 0 0 0 0 0 0 0 0 0 0 0 0 0 0 0 0 0 0 0 0 0 0 0 0 0 0 0 0 0 0 0 0 0 0 0 0 0 0 0 0 0 0 0 0 0 0 0 0 0 0 0 0 0 0 0 0 0 0 0 0 0 0 0 0 0 0 0 0 0 0 0 0 0 0 0 0 0 0 0 0 0 0 0 0 0 0 0 0 0 0 0 0 0 0 0 0 0 0 0 0 0 0 0 0 0 0 0 0 0 0 0 0 0 0 0 0 0 0 0 0 0 0 0 0 0 0 0 0 0 0 0 0 0 0 0 0 0 0 0 0 0 0 0 0 0 0 0 0 0 0 0 0 0 0 0 0 0 0 0 0 0 0 0 0 0 0 0 0 0 0 0 0 0 0 0 0 0 0 0 0 0 0 0 0 0 0 0 0 0 0 0 0 0 0 0 0 0 0 0 0 0 0 0 0 0 0 0 0 0 0 0 0 0 0 0 0 0 0 0 0 0 0 0 0 0 0 0 0 0 0 0 0 0 0 0 0 0 0 0 0 0 0 0 0 0 0 0 0 0 0 0 0 0 0 0 0 0 0 0 0 0 0 0 0 0 0 0 0 0 0 0 0 0 0 0 0 0 0 0 0 0 0 0 0 0 0 0 0 0 0 0 0 0 0 0 0 0 0 0 0 0 0 0 0 0 0 0 0 0 0 0 0 0 0 0 0 0 0 0 0 0 0 0 0 0 0 0 0 0 0 0 0 0 0 0 0 0 0 0 0 0 0 0 0 0 0 0 0 0 0 0 0 0 0 0 0 0 0 0 0 0 0 0 0 0 0 0 0 0 0 0 0 0 0 0 0 0 0 0 0 0 0 0 0 0 0 0 0 0 0 0 0 0 0 0 0 0 0 0 0 0 0 0 0 0 0 0 0 0 0 0 0 0 0 0 0 0 0 0 0 0 0 0 0 0 0 0 0 0 0 0 0 0 0 0 0 0 0 0 0 0 0 0 0 0 0 0 0 0 0 0 0 0 0 0 0 0 0 0 0 0 0 0 0 0 0 0 0 0 0 0 0 0 0 0 0 0 0 0 0 0 0 0 0 0 0 0 0 0 0 0 0 0 0 0 0 0 0 0 0 0 0 0 0 0 0 0 0 0 0 0 0 0 0 0 0 0 0 0 0 0 0 0 0 0 0 0 0 0 0 0 0 0 0 0 0 0 0 0 0 0 0 0 0 0 0 0 0 0 0 0 0 0 0 0 0 0 0 0 0 0 0 0 0 0 0 0 0 0 0 0 0 0 0 0 0 0 0 0 0 0 0 0 0 0 0 0 0 0 0 0 0 0 0 0 0 0 0 0 0 0 0 0 0 0 0 0 0 0 0 0 0 0 0 0 0 0 0 0 0 0 0 0 0 0 0 0 0 0 0 0 0 0 0 0 0 0 0 0 0 0 0 0 0 0 0 0 0 0 0 0 0 0 0 0 0 0 0 0 0 0 0 0 0 0 0 0 0 0 0 0 0 0 0 0 0 0 0 0 0 0 0 0 0 0 0 0 0 0 0 0 0 0 0 0 0 0 0 0 0 0 0 0 0 0 0 0 0 0 0 0 0 0 0 0 0
        </DataArray>
        <DataArray type="Float64" Name="shape" NumberOfComponents="9" format="ascii">
 10.6039 0 0 0 10.6039 0 0 0 10.6039 9.93816 0 0 0 9.93816 0 0 0 9.93816 10 0 0 0 10 0 0 0 10 8.63447 0 0 0 8.63447 0 0 0 8.63447 10.843 0 0 0 10.843 0 0 0 10.843 11.9405 0 0 0 11.9405 0 0 0 11.9405 9.35448 0 0 0 9.35448 0 0 0 9.35448 9.0774 0 0 0 9.0774 0 0 0 9.0774 13.2842 0 0 0 13.2842 0 0 0 13.2842 12.8467 0 0 0 12.8467 0 0 0 12.8467 11.9704 0 0 0 11.9704 0 0 0 11.9704 8.02789 0 0 0 8.02789 0 0 0 8.02789 11.369 0 0 0 11.369 0 0 0 11.369 12.5475 0 0 0 12.5475 0 0 0 12.5475 13.0213 0 0 0 13.0213 0 0 0 13.0213 10.4993 0 0 0 10.4993 0 0 0 10.4993 12.0527 0 0 0 12.0527 0 0 0 12.0527 12.0513 0 0 0 12.0513 0 0 0 12.0513 7.75568 0 0 0 7.75568 0 0 0 7.75568 9.86542 0 0 0 9.86542 0 0 0 9.86542 8.27195 0 0 0 8.27195 0 0 0 8.27195 12.4272 0 0 0 12.4272 0 0 0 12.4272 12.2007 0 0 0 12.2007 0 0 0 12.2007 11.1768 0 0 0 11.1768 0 0 0 11.1768 7.27155 0 0 0 7.27155 0 0 0 7.27155 9.29663 0 0 0 9.29663 0 0 0 9.29663 8.99251 0 0 0 8.99251 0 0 0 8.99251 9.50011 0 0 0 9.50011 0 0 0 9.50011 13.1109 0 0 0 13.1109 0 0 0 13.1109 8.19582 0 0 0 8.19582 0 0 0 8.19582 12.5589 0 0 0 12.5589 0 0 0 12.5589 10 0 0 0 10 0 0 0 10 12.6731 0 0 0 12.6731 0 0 0 12.6731 11.0786 0 0 0 11.0786 0 0 0 11.0786 10.6735 0 0 0 10.6735 0 0 0 10.6735 9.23613 0 0 0 9.23613 0 0 0 9.23613 8.99999 0 0 0 8.99999 0 0 0 8.99999 12.1763 0 0 0 12.1763 0 0 0 12.1763 8.60177 0 0 0 8.60177 0 0 0 8.60177 9.45372 0 0 0 9.45372 0 0 0 9.45372 12.4755 0 0 0 12.4755 0 0 0 12.4755 6.29935 0 0 0 6.29935 0 0 0 6.29935 10.485 0 0 0 10.485 0 0 0 10.485 9.09996 0 0 0 9.09996 0 0 0 9.09996 13.0348 0 0 0 13.0348 0 0 0 13.0348 11.5307 0 0 0 11.5307 0 0 0 11.5307 9.56277 0 0 0 9.56277 0 0 0 9.56277 13.26 0 0 0 13.26 0 0 0 13.26 11.8262 0 0 0 11.8262 0 0 0 11.8262 9.65641 0 0 0 9.65641 0 0 0 9.65641 7.60026 0 0 0 7.60026 0 0 0 7.60026 8.70088 0 0 0 8.70088 0 0 0 8.70088 11.9867 0 0 0 11.9867 0 0 0 11.9867 12.1419 0 0 0 12.1419 0 0 0 12.1419 8.17546 0 0 0 8.17546 0 0 0 8.17546 13.0613 0 0 0 13.0613 0 0 0 13.0613 10 0 0 0 10 0 0 0 10 12.9465 0 0 0 12.9465 0 0 0 12.9465 12.1217 0 0 0 12.1217 0 0 0 12.1217 9.40766 0 0 0 9.40766 0 0 0 9.40766 9.76271 0 0 0 9.76271 0 0 0 9.76271 8.37951 0 0 0 8.37951 0 0 0 8.37951 9.67746 0 0 0 9.67746 0 0 0 9.67746 10 0 0 0 10 0 0 0 10 8.65221 0 0 0 8.65221 0 0 0 8.65221 11.95 0 0 0 11.95 0 0 0 11.95 12.7566 0 0 0 12.7566 0 0 0 12.7566 10.1894 0 0 0 10.1894 0 0 0 10.1894 9.61497 0 0 0 9.61497 0 0 0 9.61497 10 0 0 0 10 0 0 0 10 9.68124 0 0 0 9.68124 0 0 0 9.68124 10.8297 0 0 0 10.8297 0 0 0 10.8297 8.22467 0 0 0 8.22467 0 0 0 8.22467 11.5163 0 0 0 11.5163 0 0 0 11.5163 13.0064 0 0 0 13.0064 0 0 0 13.0064 8.53798 0 0 0 8.53798 0 0 0 8.53798 8.00751 0 0 0 8.00751 0 0 0 8.00751 10 0 0 0 10 0 0 0 10 8.18523 0 0 0 8.18523 0 0 0 8.18523 8.09329 0 0 0 8.09329 0 0 0 8.09329 8.27104 0 0 0 8.27104 0 0 0 8.27104 10.8589 0 0 0 10.8589 0 0 0 10.8589 11.0929 0 0 0 11.0929 0 0 0 11.0929 8.61237 0 0 0 8.61237 0 0 0 8.61237 10 0 0 0 10 0 0 0 10 10 0 0 0 10 0 0 0 10 10 0 0 0 10 0 0 0 10 9.64218 0 0 0 9.64218 0 0 0 9.64218 8.27865 0 0 0 8.27865 0 0 0 8.27865 11.1117 0 0 0 11.1117 0 0 0 11.1117 12.2953 0 0 0 12.2953 0 0 0 12.2953 12.0981 0 0 0 12.0981 0 0 0 12.0981 7.90497 0 0 0 7.90497 0 0 0 7.90497 9.12993 0 0 0 9.12993 0 0 0 9.12993 12.8285 0 0 0 12.8285 0 0 0 12.8285 8.42376 0 0 0 8.42376 0 0 0 8.42376 12.586 0 0 0 12.586 0 0 0 12.586 9.07873 0 0 0 9.07873 0 0 0 9.07873 9.87439 0 0 0 9.87439 0 0 0 9.87439 10 0 0 0 10 0 0 0 10 11.2167 0 0 0 11.2167 0 0 0 11.2167 10.9917 0 0 0 10.9917 0 0 0 10.9917 5.81306 0 0 0 5.81306 0 0 0 5.81306 12.3188 0 0 0 12.3188 0 0 0 12.3188 11.5595 0 0 0 11.5595 0 0 0 11.5595 11.7043 0 0 0 11.7043 0 0 0 11.7043 12.1628 0 0 0 12.1628 0 0 0 12.1628 9.65797 0 0 0 9.65797 0 0 0 9.65797 12.4796 0 0 0 12.4796 0 0 0 12.4796 12.1761 0 0 0 12.1761 0 0 0 12.1761 10.487 0 0 0 10.487 0 0 0 10.487 12.3459 0 0 0 12.3459 0 0 0 12.3459 8.36647 0 0 0 8.36647 0 0 0 8.36647 11.937 0 0 0 11.937 0 0 0 11.937 7.14782 0 0 0 7.14782 0 0 0 7.14782 11.3449 0 0 0 11.3449 0 0 0 11.3449 9.29827 0 0 0 9.29827 0 0 0 9.29827 10 0 0 0 10 0 0 0 10 8.10881 0 0 0 8.10881 0 0 0 8.10881 8.32795 0 0 0 8.32795 0 0 0 8.32795 10 0 0 0 10 0 0 0 10 8.81052 0 0 0 8.81052 0 0 0 8.81052 12.0484 0 0 0 12.0484 0 0 0 12.0484 9.91175 0 0 0 9.91175 0 0 0 9.91175 8.4955 0 0 0 8.4955 0 0 0 8.4955 10 0 0 0 10 0 0 0 10 8.2747 0 0 0 8.2747 0 0 0 8.2747 9.92857 0 0 0 9.92857 0 0 0 9.92857 10 0 0 0 10 0 0 0 10 10.5004 0 0 0 10.5004 0 0 0 10.5004 7.85989 0 0 0 7.85989 0 0 0 7.85989 10 0 0 0 10 0 0 0 10 12.8471 0 0 0 12.8471 0 0 0 12.8471 12.5778 0 0 0 12.5778 0 0 0 12.5778 7.92172 0 0 0 7.92172 0 0 0 7.92172 12.8534 0 0 0 12.8534 0 0 0 12.8534 12.4446 0 0 0 12.4446 0 0 0 12.4446 11.8934 0 0 0 11.8934 0 0 0 11.8934 11.9872 0 0 0 11.9872 0 0 0 11.9872 13.2027 0 0 0 13.2027 0 0 0 13.2027 12.1252 0 0 0 12.1252 0 0 0 12.1252 7.71669 0 0 0 7.71669 0 0 0 7.71669 10.5975 0 0 0 10.5975 0 0 0 10.5975 10.0797 0 0 0 10.0797 0 0 0 10.0797 9.23278 0 0 0 9.23278 0 0 0 9.23278 12.7459 0 0 0 12.7459 0 0 0 12.7459 7.81216 0 0 0 7.81216 0 0 0 7.81216 10.7251 0 0 0 10.7251 0 0 0 10.7251 9.05313 0 0 0 9.05313 0 0 0 9.05313 9.85866 0 0 0 9.85866 0 0 0 9.85866 7.77217 0 0 0 7.77217 0 0 0 7.77217 11.2129 0 0 0 11.2129 0 0 0 11.2129 10 0 0 0 10 0 0 0 10 11.909 0 0 0 11.909 0 0 0 11.909 8.46157 0 0 0 8.46157 0 0 0 8.46157 11.3463 0 0 0 11.3463 0 0 0 11.3463 5.78807 0 0 0 5.78807 0 0 0 5.78807 12.4753 0 0 0 12.4753 0 0 0 12.4753 11.7306 0 0 0 11.7306 0 0 0 11.7306 11.9569 0 0 0 11.9569 0 0 0 11.9569 13.1931 0 0 0 13.1931 0 0 0 13.1931 12.2639 0 0 0 12.2639 0 0 0 12.2639 11.9819 0 0 0 11.9819 0 0 0 11.9819 8.9888 0 0 0 8.9888 0 0 0 8.9888 6.99295 0 0 0 6.99295 0 0 0 6.99295 11.8827 0 0 0 11.8827 0 0 0 11.8827 9.50637 0 0 0 9.50637 0 0 0 9.50637 11.2938 0 0 0 11.2938 0 0 0 11.2938 9.5145 0 0 0 9.5145 0 0 0 9.5145 12.0116 0 0 0 12.0116 0 0 0 12.0116 9.1392 0 0 0 9.1392 0 0 0 9.1392 12.4598 0 0 0 12.4598 0 0 0 12.4598 10 0 0 0 10 0 0 0 10 8.81497 0 0 0 8.81497 0 0 0 8.81497 8.11238 0 0 0 8.11238 0 0 0 8.11238 12.5371 0 0 0 12.5371 0 0 0 12.5371 12.1406 0 0 0 12.1406 0 0 0 12.1406 12.0182 0 0 0 12.0182 0 0 0 12.0182 11.7597 0 0 0 11.7597 0 0 0 11.7597 10 0 0 0 10 0 0 0 10 9.59549 0 0 0 9.59549 0 0 0 9.59549 11.7674 0 0 0 11.7674 0 0 0 11.7674 11.9536 0 0 0 11.9536 0 0 0 11.9536 8.82519 0 0 0 8.82519 0 0 0 8.82519 13.0431 0 0 0 13.0431 0 0 0 13.0431 8.53412 0 0 0 8.53412 0 0 0 8.53412 10.5363 0 0 0 10.5363 0 0 0 10.5363 9.08821 0 0 0 9.08821 0 0 0 9.08821 11.2579 0 0 0 11.2579 0 0 0 11.2579 12.616 0 0 0 12.616 0 0 0 12.616 10.4095 0 0 0 10.4095 0 0 0 10.4095 10 0 0 0 10 0 0 0 10 8.35601 0 0 0 8.35601 0 0 0 8.35601 10 0 0 0 10 0 0 0 10 8.13651 0 0 0 8.13651 0 0 0 8.13651 10.7682 0 0 0 10.7682 0 0 0 10.7682 11.3909 0 0 0 11.3909 0 0 0 11.3909 10.8676 0 0 0 10.8676 0 0 0 10.8676 8.50075 0 0 0 8.50075 0 0 0 8.50075 9.52059 0 0 0 9.52059 0 0 0 9.52059 8.01074 0 0 0 8.01074 0 0 0 8.01074 9.42965 0 0 0 9.42965 0 0 0 9.42965 8.44627 0 0 0 8.44627 0 0 0 8.44627 12.6843 0 0 0 12.6843 0 0 0 12.6843 9.26616 0 0 0 9.26616 0 0 0 9.26616 8.69603 0 0 0 8.69603 0 0 0 8.69603 11.3726 0 0 0 11.3726 0 0 0 11.3726 10 0 0 0 10 0 0 0 10 12.3732 0 0 0 12.3732 0 0 0 12.3732 8.9197 0 0 0 8.9197 0 0 0 8.9197 8.47301 0 0 0 8.47301 0 0 0 8.47301 13.2513 0 0 0 13.2513 0 0 0 13.2513 12.8692 0 0 0 12.8692 0 0 0 12.8692 12.771 0 0 0 12.771 0 0 0 12.771 11.2107 0 0 0 11.2107 0 0 0 11.2107 11.3613 0 0 0 11.3613 0 0 0 11.3613 8.14715 0 0 0 8.14715 0 0 0 8.14715 12.7187 0 0 0 12.7187 0 0 0 12.7187 7.08634 0 0 0 7.08634 0 0 0 7.08634 8.93971 0 0 0 8.93971 0 0 0 8.93971 9.84001 0 0 0 9.84001 0 0 0 9.84001 8.57589 0 0 0 8.57589 0 0 0 8.57589 11.2633 0 0 0 11.2633 0 0 0 11.2633 8.42605 0 0 0 8.42605 0 0 0 8.42605 8.24912 0 0 0 8.24912 0 0 0 8.24912 9.34851 0 0 0 9.34851 0 0 0 9.34851 11.4275 0 0 0 11.4275 0 0 0 11.4275 11.9928 0 0 0 11.9928 0 0 0 11.9928 12.5415 0 0 0 12.5415 0 0 0 12.5415 8.44862 0 0 0 8.44862 0 0 0 8.44862 8.2111 0 0 0 8.2111 0 0 0 8.2111 11.3027 0 0 0 11.3027 0 0 0 11.3027 5.18617 0 0 0 5.18617 0 0 0 5.18617 10.3026 0 0 0 10.3026 0 0 0 10.3026 13.2923 0 0 0 13.2923 0 0 0 13.2923 11.7857 0 0 0 11.7857 0 0 0 11.7857 10 0 0 0 10 0 0 0 10 11.8592 0 0 0 11.8592 0 0 0 11.8592 9.89307 0 0 0 9.89307 0 0 0 9.89307 13.2328 0 0 0 13.2328 0 0 0 13.2328 10 0 0 0 10 0 0 0 10 9.2797 0 0 0 9.2797 0 0 0 9.2797 11.1745 0 0 0 11.1745 0 0 0 11.1745 8.33611 0 0 0 8.33611 0 0 0 8.33611 9.52971 0 0 0 9.52971 0 0 0 9.52971 11.9307 0 0 0 11.9307 0 0 0 11.9307 13.2367 0 0 0 13.2367 0 0 0 13.2367 11.3103 0 0 0 11.3103 0 0 0 11.3103 11.8359 0 0 0 11.8359 0 0 0 11.8359 13.068 0 0 0 13.068 0 0 0 13.068 12.7965 0 0 0 12.7965 0 0 0 12.7965 10.2365 0 0 0 10.2365 0 0 0 10.2365 9.96735 0 0 0 9.96735 0 0 0 9.96735 8.69909 0 0 0 8.69909 0 0 0 8.69909 11.9507 0 0 0 11.9507 0 0 0 11.9507 9.59791 0 0 0 9.59791 0 0 0 9.59791 9.17393 0 0 0 9.17393 0 0 0 9.17393 10 0 0 0 10 0 0 0 10 8.0721 0 0 0 8.0721 0 0 0 8.0721 12.6866 0 0 0 12.6866 0 0 0 12.6866 10 0 0 0 10 0 0 0 10 10 0 0 0 10 0 0 0 10 9.04905 0 0 0 9.04905 0 0 0 9.04905 8.86069 0 0 0 8.86069 0 0 0 8.86069 13.2567 0 0 0 13.2567 0 0 0 13.2567 11.2366 0 0 0 11.2366 0 0 0 11.2366 11.1671 0 0 0 11.1671 0 0 0 11.1671 8.66936 0 0 0 8.66936 0 0 0 8.66936 11.6698 0 0 0 11.6698 0 0 0 11.6698 12.2802 0 0 0 12.2802 0 0 0 12.2802 10 0 0 0 10 0 0 0 10 12.2636 0 0 0 12.2636 0 0 0 12.2636 11.348 0 0 0 11.348 0 0 0 11.348 11.9403 0 0 0 11.9403 0 0 0 11.9403 11.5251 0 0 0 11.5251 0 0 0 11.5251 10 0 0 0 10 0 0 0 10 10.6907 0 0 0 10.6907 0 0 0 10.6907 7.77268 0 0 0 7.77268 0 0 0 7.77268 13.0147 0 0 0 13.0147 0 0 0 13.0147 9.78832 0 0 0 9.78832 0 0 0 9.78832 11.415 0 0 0 11.415 0 0 0 11.415 8.9133 0 0 0 8.9133 0 0 0 8.9133 12.7742 0 0 0 12.7742 0 0 0 12.7742 8.64466 0 0 0 8.64466 0 0 0 8.64466 11.7552 0 0 0 11.7552 0 0 0 11.7552 12.5942 0 0 0 12.5942 0 0 0 12.5942 10.214 0 0 0 10.214 0 0 0 10.214 13.234 0 0 0 13.234 0 0 0 13.234 10.123 0 0 0 10.123 0 0 0 10.123 8.8776 0 0 0 8.8776 0 0 0 8.8776 11.7964 0 0 0 11.7964 0 0 0 11.7964 13.0302 0 0 0 13.0302 0 0 0 13.0302 9.28205 0 0 0 9.28205 0 0 0 9.28205 12.8283 0 0 0 12.8283 0 0 0 12.8283 7.52516 0 0 0 7.52516 0 0 0 7.52516 9.56532 0 0 0 9.56532 0 0 0 9.56532 13.0814 0 0 0 13.0814 0 0 0 13.0814 7.98811 0 0 0 7.98811 0 0 0 7.98811 13.1241 0 0 0 13.1241 0 0 0 13.1241 11.65 0 0 0 11.65 0 0 0 11.65 11.8813 0 0 0 11.8813 0 0 0 11.8813 8.82742 0 0 0 8.82742 0 0 0 8.82742 10 0 0 0 10 0 0 0 10 11.5134 0 0 0 11.5134 0 0 0 11.5134 11.3528 0 0 0 11.3528 0 0 0 11.3528 8.16585 0 0 0 8.16585 0 0 0 8.16585 8.21172 0 0 0 8.21172 0 0 0 8.21172 11.1965 0 0 0 11.1965 0 0 0 11.1965 7.16526 0 0 0 7.16526 0 0 0 7.16526 12.0789 0 0 0 12.0789 0 0 0 12.0789 8.56902 0 0 0 8.56902 0 0 0 8.56902 8.70628 0 0 0 8.70628 0 0 0 8.70628 10.692 0 0 0 10.692 0 0 0 10.692 12.2023 0 0 0 12.2023 0 0 0 12.2023 12.832 0 0 0 12.832 0 0 0 12.832 10.8917 0 0 0 10.8917 0 0 0 10.8917 11.7317 0 0 0 11.7317 0 0 0 11.7317 12.5508 0 0 0 12.5508 0 0 0 12.5508 13.2268 0 0 0 13.2268 0 0 0 13.2268 12.3425 0 0 0 12.3425 0 0 0 12.3425 11.0643 0 0 0 11.0643 0 0 0 11.0643 10.2292 0 0 0 10.2292 0 0 0 10.2292 9.50912 0 0 0 9.50912 0 0 0 9.50912 10 0 0 0 10 0 0 0 10 11.265 0 0 0 11.265 0 0 0 11.265 8.93554 0 0 0 8.93554 0 0 0 8.93554 10.3272 0 0 0 10.3272 0 0 0 10.3272 12.6253 0 0 0 12.6253 0 0 0 12.6253 10.3504 0 0 0 10.3504 0 0 0 10.3504 10 0 0 0 10 0 0 0 10 12.3809 0 0 0 12.3809 0 0 0 12.3809 11.4585 0 0 0 11.4585 0 0 0 11.4585 9.15551 0 0 0 9.15551 0 0 0 9.15551 8.55615 0 0 0 8.55615 0 0 0 8.55615 13.2478 0 0 0 13.2478 0 0 0 13.2478 10 0 0 0 10 0 0 0 10 12.0912 0 0 0 12.0912 0 0 0 12.0912 8.25596 0 0 0 8.25596 0 0 0 8.25596 12.3405 0 0 0 12.3405 0 0 0 12.3405 13.1522 0 0 0 13.1522 0 0 0 13.1522 9.5354 0 0 0 9.5354 0 0 0 9.5354 12.8588 0 0 0 12.8588 0 0 0 12.8588 7.73444 0 0 0 7.73444 0 0 0 7.73444 8.17599 0 0 0 8.17599 0 0 0 8.17599 8.32832 0 0 0 8.32832 0 0 0 8.32832 12.1358 0 0 0 12.1358 0 0 0 12.1358 13.1835 0 0 0 13.1835 0 0 0 13.1835 9.72329 0 0 0 9.72329 0 0 0 9.72329 7.52854 0 0 0 7.52854 0 0 0 7.52854 9.98948 0 0 0 9.98948 0 0 0 9.98948 9.26332 0 0 0 9.26332 0 0 0 9.26332 10.9777 0 0 0 10.9777 0 0 0 10.9777 11.022 0 0 0 11.022 0 0 0 11.022 9.05783 0 0 0 9.05783 0 0 0 9.05783 13.1693 0 0 0 13.1693 0 0 0 13.1693 11.5251 0 0 0 11.5251 0 0 0 11.5251 9.86637 0 0 0 9.86637 0 0 0 9.86637 7.80611 0 0 0 7.80611 0 0 0 7.80611 8.71067 0 0 0 8.71067 0 0 0 8.71067 9.66776 0 0 0 9.66776 0 0 0 9.66776 12.019 0 0 0 12.019 0 0 0 12.019 11.731 0 0 0 11.731 0 0 0 11.731 8.46205 0 0 0 8.46205 0 0 0 8.46205 12.3536 0 0 0 12.3536 0 0 0 12.3536 12.1679 0 0 0 12.1679 0 0 0 12.1679 8.5381 0 0 0 8.5381 0 0 0 8.5381 10.096 0 0 0 10.096 0 0 0 10.096 12.6326 0 0 0 12.6326 0 0 0 12.6326 5.18281 0 0 0 5.18281 0 0 0 5.18281 8.55409 0 0 0 8.55409 0 0 0 8.55409 10.8922 0 0 0 10.8922 0 0 0 10.8922 12.2647 0 0 0 12.2647 0 0 0 12.2647 11.8309 0 0 0 11.8309 0 0 0 11.8309 12.7622 0 0 0 12.7622 0 0 0 12.7622 12.1637 0 0 0 12.1637 0 0 0 12.1637 11.6241 0 0 0 11.6241 0 0 0 11.6241 11.9287 0 0 0 11.9287 0 0 0 11.9287 8.19783 0 0 0 8.19783 0 0 0 8.19783 9.63336 0 0 0 9.63336 0 0 0 9.63336 5.11256 0 0 0 5.11256 0 0 0 5.11256 10.2381 0 0 0 10.2381 0 0 0 10.2381 11.2639 0 0 0 11.2639 0 0 0 11.2639 6.02837 0 0 0 6.02837 0 0 0 6.02837 12.0624 0 0 0 12.0624 0 0 0 12.0624 8.99741 0 0 0 8.99741 0 0 0 8.99741 13.1347 0 0 0 13.1347 0 0 0 13.1347 10 0 0 0 10 0 0 0 10 11.3428 0 0 0 11.3428 0 0 0 11.3428 9.21905 0 0 0 9.21905 0 0 0 9.21905 12.8911 0 0 0 12.8911 0 0 0 12.8911 8.35733 0 0 0 8.35733 0 0 0 8.35733 9.93447 0 0 0 9.93447 0 0 0 9.93447 10.2302 0 0 0 10.2302 0 0 0 10.2302 10 0 0 0 10 0 0 0 10 11.1267 0 0 0 11.1267 0 0 0 11.1267 10 0 0 0 10 0 0 0 10 8.83646 0 0 0 8.83646 0 0 0 8.83646 11.8611 0 0 0 11.8611 0 0 0 11.8611 10.8956 0 0 0 10.8956 0 0 0 10.8956 10.7999 0 0 0 10.7999 0 0 0 10.7999 11.9429 0 0 0 11.9429 0 0 0 11.9429 8.90226 0 0 0 8.90226 0 0 0 8.90226 13.2169 0 0 0 13.2169 0 0 0 13.2169 9.39252 0 0 0 9.39252 0 0 0 9.39252 12.7609 0 0 0 12.7609 0 0 0 12.7609 10 0 0 0 10 0 0 0 10 9.096 0 0 0 9.096 0 0 0 9.096 10 0 0 0 10 0 0 0 10 10.656 0 0 0 10.656 0 0 0 10.656 10.6596 0 0 0 10.6596 0 0 0 10.6596 11.0277 0 0 0 11.0277 0 0 0 11.0277 11.6365 0 0 0 11.6365 0 0 0 11.6365 11.9568 0 0 0 11.9568 0 0 0 11.9568 11.4688 0 0 0 11.4688 0 0 0 11.4688 9.45979 0 0 0 9.45979 0 0 0 9.45979 12.3137 0 0 0 12.3137 0 0 0 12.3137 8.74867 0 0 0 8.74867 0 0 0 8.74867 10.3961 0 0 0 10.3961 0 0 0 10.3961 8.23743 0 0 0 8.23743 0 0 0 8.23743 8.02343 0 0 0 8.02343 0 0 0 8.02343 8.09481 0 0 0 8.09481 0 0 0 8.09481 12.2276 0 0 0 12.2276 0 0 0 12.2276 7.50756 0 0 0 7.50756 0 0 0 7.50756 6.04473 0 0 0 6.04473 0 0 0 6.04473 13.113 0 0 0 13.113 0 0 0 13.113 11.3949 0 0 0 11.3949 0 0 0 11.3949 7.74282 0 0 0 7.74282 0 0 0 7.74282 12.696 0 0 0 12.696 0 0 0 12.696 12.949 0 0 0 12.949 0 0 0 12.949 12.5974 0 0 0 12.5974 0 0 0 12.5974 8.03262 0 0 0 8.03262 0 0 0 8.03262 9.2923 0 0 0 9.2923 0 0 0 9.2923 10 0 0 0 10 0 0 0 10 10 0 0 0 10 0 0 0 10 7.92016 0 0 0 7.92016 0 0 0 7.92016 10 0 0 0 10 0 0 0 10 10 0 0 0 10 0 0 0 10 12.918 0 0 0 12.918 0 0 0 12.918 11.2539 0 0 0 11.2539 0 0 0 11.2539 8.66847 0 0 0 8.66847 0 0 0 8.66847 11.7422 0 0 0 11.7422 0 0 0 11.7422 8.75256 0 0 0 8.75256 0 0 0 8.75256 8.93163 0 0 0 8.93163 0 0 0 8.93163 7.88076 0 0 0 7.88076 0 0 0 7.88076 8.98672 0 0 0 8.98672 0 0 0 8.98672 8.54398 0 0 0 8.54398 0 0 0 8.54398 7.86855 0 0 0 7.86855 0 0 0 7.86855 8.46886 0 0 0 8.46886 0 0 0 8.46886 11.9946 0 0 0 11.9946 0 0 0 11.9946 12.328 0 0 0 12.328 0 0 0 12.328 11.5034 0 0 0 11.5034 0 0 0 11.5034 10 0 0 0 10 0 0 0 10 12.6793 0 0 0 12.6793 0 0 0 12.6793 10.3457 0 0 0 10.3457 0 0 0 10.3457 11.3803 0 0 0 11.3803 0 0 0 11.3803 13.1405 0 0 0 13.1405 0 0 0 13.1405 11.5815 0 0 0 11.5815 0 0 0 11.5815 12.8818 0 0 0 12.8818 0 0 0 12.8818 11.4178 0 0 0 11.4178 0 0 0 11.4178 9.21227 0 0 0 9.21227 0 0 0 9.21227 10 0 0 0 10 0 0 0 10 9.10177 0 0 0 9.10177 0 0 0 9.10177 11.1401 0 0 0 11.1401 0 0 0 11.1401 11.8888 0 0 0 11.8888 0 0 0 11.8888 9.31607 0 0 0 9.31607 0 0 0 9.31607 10.6022 0 0 0 10.6022 0 0 0 10.6022 9.11662 0 0 0 9.11662 0 0 0 9.11662 12.894 0 0 0 12.894 0 0 0 12.894 11.9355 0 0 0 11.9355 0 0 0 11.9355 11.6181 0 0 0 11.6181 0 0 0 11.6181 8.4306 0 0 0 8.4306 0 0 0 8.4306 12.1332 0 0 0 12.1332 0 0 0 12.1332 11.0562 0 0 0 11.0562 0 0 0 11.0562 10.711 0 0 0 10.711 0 0 0 10.711 9.28713 0 0 0 9.28713 0 0 0 9.28713 12.3754 0 0 0 12.3754 0 0 0 12.3754 11.3477 0 0 0 11.3477 0 0 0 11.3477 10 0 0 0 10 0 0 0 10 11.6821 0 0 0 11.6821 0 0 0 11.6821 9.52651 0 0 0 9.52651 0 0 0 9.52651 10.46 0 0 0 10.46 0 0 0 10.46 8.39078 0 0 0 8.39078 0 0 0 8.39078 10.8524 0 0 0 10.8524 0 0 0 10.8524 7.26093 0 0 0 7.26093 0 0 0 7.26093 10 0 0 0 10 0 0 0 10 10.7577 0 0 0 10.7577 0 0 0 10.7577 8.2976 0 0 0 8.2976 0 0 0 8.2976 12.5022 0 0 0 12.5022 0 0 0 12.5022 8.30382 0 0 0 8.30382 0 0 0 8.30382 10.9632 0 0 0 10.9632 0 0 0 10.9632 10 0 0 0 10 0 0 0 10 9.49202 0 0 0 9.49202 0 0 0 9.49202 11.7842 0 0 0 11.7842 0 0 0 11.7842 8.34588 0 0 0 8.34588 0 0 0 8.34588 12.5604 0 0 0 12.5604 0 0 0 12.5604 6.09338 0 0 0 6.09338 0 0 0 6.09338 9.42428 0 0 0 9.42428 0 0 0 9.42428 7.79918 0 0 0 7.79918 0 0 0 7.79918 9.34169 0 0 0 9.34169 0 0 0 9.34169 11.3768 0 0 0 11.3768 0 0 0 11.3768 11.025 0 0 0 11.025 0 0 0 11.025 10.7962 0 0 0 10.7962 0 0 0 10.7962 13.1216 0 0 0 13.1216 0 0 0 13.1216 11.9904 0 0 0 11.9904 0 0 0 11.9904 10 0 0 0 10 0 0 0 10 10 0 0 0 10 0 0 0 10 12.0242 0 0 0 12.0242 0 0 0 12.0242 12.9091 0 0 0 12.9091 0 0 0 12.9091 12.9916 0 0 0 12.9916 0 0 0 12.9916 12.4445 0 0 0 12.4445 0 0 0 12.4445 11.2142 0 0 0 11.2142 0 0 0 11.2142 11.7784 0 0 0 11.7784 0 0 0 11.7784 8.36043 0 0 0 8.36043 0 0 0 8.36043 10.1506 0 0 0 10.1506 0 0 0 10.1506 10.2757 0 0 0 10.2757 0 0 0 10.2757 10.4597 0 0 0 10.4597 0 0 0 10.4597 8.50987 0 0 0 8.50987 0 0 0 8.50987 8.29177 0 0 0 8.29177 0 0 0 8.29177 12.9276 0 0 0 12.9276 0 0 0 12.9276 9.58058 0 0 0 9.58058 0 0 0 9.58058 12.1888 0 0 0 12.1888 0 0 0 12.1888 8.7599 0 0 0 8.7599 0 0 0 8.7599 12.6334 0 0 0 12.6334 0 0 0 12.6334 10 0 0 0 10 0 0 0 10 12.1296 0 0 0 12.1296 0 0 0 12.1296 7.9082 0 0 0 7.9082 0 0 0 7.9082 10 0 0 0 10 0 0 0 10 10.5661 0 0 0 10.5661 0 0 0 10.5661 8.85273 0 0 0 8.85273 0 0 0 8.85273 8.74258 0 0 0 8.74258 0 0 0 8.74258 10.9007 0 0 0 10.9007 0 0 0 10.9007 8.39211 0 0 0 8.39211 0 0 0 8.39211 10.878 0 0 0 10.878 0 0 0 10.878 9.92018 0 0 0 9.92018 0 0 0 9.92018 7.84218 0 0 0 7.84218 0 0 0 7.84218 10 0 0 0 10 0 0 0 10 12.6069 0 0 0 12.6069 0 0 0 12.6069 11.7148 0 0 0 11.7148 0 0 0 11.7148 12.2396 0 0 0 12.2396 0 0 0 12.2396 12.2012 0 0 0 12.2012 0 0 0 12.2012 12.9889 0 0 0 12.9889 0 0 0 12.9889 7.56071 0 0 0 7.56071 0 0 0 7.56071 12.8794 0 0 0 12.8794 0 0 0 12.8794 9.13784 0 0 0 9.13784 0 0 0 9.13784 7.99392 0 0 0 7.99392 0 0 0 7.99392 8.55938 0 0 0 8.55938 0 0 0 8.55938 12.2385 0 0 0 12.2385 0 0 0 12.2385 7.34069 0 0 0 7.34069 0 0 0 7.34069 10.9006 0 0 0 10.9006 0 0 0 10.9006 12.4453 0 0 0 12.4453 0 0 0 12.4453 11.9871 0 0 0 11.9871 0 0 0 11.9871 11.1875 0 0 0 11.1875 0 0 0 11.1875 11.888 0 0 0 11.888 0 0 0 11.888 10 0 0 0 10 0 0 0 10 12.1137 0 0 0 12.1137 0 0 0 12.1137 9.24386 0 0 0 9.24386 0 0 0 9.24386 9.29672 0 0 0 9.29672 0 0 0 9.29672 11.8325 0 0 0 11.8325 0 0 0 11.8325 10.9551 0 0 0 10.9551 0 0 0 10.9551 11.1344 0 0 0 11.1344 0 0 0 11.1344 12.0275 0 0 0 12.0275 0 0 0 12.0275 11.8619 0 0 0 11.8619 0 0 0 11.8619 12.6741 0 0 0 12.6741 0 0 0 12.6741 12.4058 0 0 0 12.4058 0 0 0 12.4058 12.2807 0 0 0 12.2807 0 0 0 12.2807 8.32085 0 0 0 8.32085 0 0 0 8.32085 12.7904 0 0 0 12.7904 0 0 0 12.7904 11.2171 0 0 0 11.2171 0 0 0 11.2171 11.8271 0 0 0 11.8271 0 0 0 11.8271 10.8684 0 0 0 10.8684 0 0 0 10.8684 12.3678 0 0 0 12.3678 0 0 0 12.3678 8.23085 0 0 0 8.23085 0 0 0 8.23085 11.1145 0 0 0 11.1145 0 0 0 11.1145 12.7819 0 0 0 12.7819 0 0 0 12.7819 12.6343 0 0 0 12.6343 0 0 0 12.6343 10.2762 0 0 0 10.2762 0 0 0 10.2762 9.0093 0 0 0 9.0093 0 0 0 9.0093 8.04591 0 0 0 8.04591 0 0 0 8.04591 7.99454 0 0 0 7.99454 0 0 0 7.99454 10.3146 0 0 0 10.3146 0 0 0 10.3146 11.6936 0 0 0 11.6936 0 0 0 11.6936 13.0888 0 0 0 13.0888 0 0 0 13.0888 10 0 0 0 10 0 0 0 10 10 0 0 0 10 0 0 0 10 10 0 0 0 10 0 0 0 10 9.32501 0 0 0 9.32501 0 0 0 9.32501 12.2577 0 0 0 12.2577 0 0 0 12.2577 11.5412 0 0 0 11.5412 0 0 0 11.5412 10.6626 0 0 0 10.6626 0 0 0 10.6626 7.95593 0 0 0 7.95593 0 0 0 7.95593 9.21704 0 0 0 9.21704 0 0 0 9.21704 9.72041 0 0 0 9.72041 0 0 0 9.72041 12.1706 0 0 0 12.1706 0 0 0 12.1706 12.8224 0 0 0 12.8224 0 0 0 12.8224 10.7593 0 0 0 10.7593 0 0 0 10.7593 11.936 0 0 0 11.936 0 0 0 11.936 10.9884 0 0 0 10.9884 0 0 0 10.9884 8.04671 0 0 0 8.04671 0 0 0 8.04671 11.7874 0 0 0 11.7874 0 0 0 11.7874 11.2866 0 0 0 11.2866 0 0 0 11.2866 12.286 0 0 0 12.286 0 0 0 12.286 10.1051 0 0 0 10.1051 0 0 0 10.1051 10 0 0 0 10 0 0 0 10 12.729 0 0 0 12.729 0 0 0 12.729 11.6522 0 0 0 11.6522 0 0 0 11.6522 7.68179 0 0 0 7.68179 0 0 0 7.68179 11.4039 0 0 0 11.4039 0 0 0 11.4039 12.8807 0 0 0 12.8807 0 0 0 12.8807 11.4175 0 0 0 11.4175 0 0 0 11.4175 12.1928 0 0 0 12.1928 0 0 0 12.1928 7.57895 0 0 0 7.57895 0 0 0 7.57895 11.9973 0 0 0 11.9973 0 0 0 11.9973 11.7985 0 0 0 11.7985 0 0 0 11.7985 8.47016 0 0 0 8.47016 0 0 0 8.47016 11.7892 0 0 0 11.7892 0 0 0 11.7892 10.1506 0 0 0 10.1506 0 0 0 10.1506 10 0 0 0 10 0 0 0 10 9.43272 0 0 0 9.43272 0 0 0 9.43272 11.201 0 0 0 11.201 0 0 0 11.201 13.2789 0 0 0 13.2789 0 0 0 13.2789 10 0 0 0 10 0 0 0 10 13.0228 0 0 0 13.0228 0 0 0 13.0228 11.7056 0 0 0 11.7056 0 0 0 11.7056 9.36594 0 0 0 9.36594 0 0 0 9.36594 8.31781 0 0 0 8.31781 0 0 0 8.31781 7.22577 0 0 0 7.22577 0 0 0 7.22577 9.78244 0 0 0 9.78244 0 0 0 9.78244 12.6698 0 0 0 12.6698 0 0 0 12.6698 8.54881 0 0 0 8.54881 0 0 0 8.54881 12.2049 0 0 0 12.2049 0 0 0 12.2049 7.62421 0 0 0 7.62421 0 0 0 7.62421 9.27862 0 0 0 9.27862 0 0 0 9.27862 10.421 0 0 0 10.421 0 0 0 10.421 11.7684 0 0 0 11.7684 0 0 0 11.7684 11.0716 0 0 0 11.0716 0 0 0 11.0716 9.6572 0 0 0 9.6572 0 0 0 9.6572 8.19485 0 0 0 8.19485 0 0 0 8.19485 11.3293 0 0 0 11.3293 0 0 0 11.3293 10.6627 0 0 0 10.6627 0 0 0 10.6627 10.0368 0 0 0 10.0368 0 0 0 10.0368 11.8088 0 0 0 11.8088 0 0 0 11.8088 10.9521 0 0 0 10.9521 0 0 0 10.9521 10.8049 0 0 0 10.8049 0 0 0 10.8049 8.42514 0 0 0 8.42514 0 0 0 8.42514 11.2874 0 0 0 11.2874 0 0 0 11.2874 11.9345 0 0 0 11.9345 0 0 0 11.9345 10 0 0 0 10 0 0 0 10 10 0 0 0 10 0 0 0 10 9.36633 0 0 0 9.36633 0 0 0 9.36633 10 0 0 0 10 0 0 0 10 12.281 0 0 0 12.281 0 0 0 12.281 7.87269 0 0 0 7.87269 0 0 0 7.87269 8.71191 0 0 0 8.71191 0 0 0 8.71191 8.87856 0 0 0 8.87856 0 0 0 8.87856 12.0666 0 0 0 12.0666 0 0 0 12.0666 13.2091 0 0 0 13.2091 0 0 0 13.2091 9.02914 0 0 0 9.02914 0 0 0 9.02914 11.3184 0 0 0 11.3184 0 0 0 11.3184 12.5331 0 0 0 12.5331 0 0 0 12.5331 12.1265 0 0 0 12.1265 0 0 0 12.1265 9.22191 0 0 0 9.22191 0 0 0 9.22191 12.3361 0 0 0 12.3361 0 0 0 12.3361 12.9212 0 0 0 12.9212 0 0 0 12.9212 11.0322 0 0 0 11.0322 0 0 0 11.0322 10.9613 0 0 0 10.9613 0 0 0 10.9613 8.60099 0 0 0 8.60099 0 0 0 8.60099 10 0 0 0 10 0 0 0 10 11.032 0 0 0 11.032 0 0 0 11.032 10.4491 0 0 0 10.4491 0 0 0 10.4491 11.804 0 0 0 11.804 0 0 0 11.804 11.8848 0 0 0 11.8848 0 0 0 11.8848 11.6705 0 0 0 11.6705 0 0 0 11.6705 5.71094 0 0 0 5.71094 0 0 0 5.71094 12.3746 0 0 0 12.3746 0 0 0 12.3746 7.93216 0 0 0 7.93216 0 0 0 7.93216 8.67917 0 0 0 8.67917 0 0 0 8.67917 8.8176 0 0 0 8.8176 0 0 0 8.8176 10 0 0 0 10 0 0 0 10 11.8667 0 0 0 11.8667 0 0 0 11.8667 11.0387 0 0 0 11.0387 0 0 0 11.0387 10 0 0 0 10 0 0 0 10 12.0333 0 0 0 12.0333 0 0 0 12.0333 8.10723 0 0 0 8.10723 0 0 0 8.10723 5.88554 0 0 0 5.88554 0 0 0 5.88554 11.6086 0 0 0 11.6086 0 0 0 11.6086 10 0 0 0 10 0 0 0 10 10 0 0 0 10 0 0 0 10 11.177 0 0 0 11.177 0 0 0 11.177 9.38357 0 0 0 9.38357 0 0 0 9.38357 10.7372 0 0 0 10.7372 0 0 0 10.7372 12.0223 0 0 0 12.0223 0 0 0 12.0223 12.9073 0 0 0 12.9073 0 0 0 12.9073 12.0694 0 0 0 12.0694 0 0 0 12.0694 11.8532 0 0 0 11.8532 0 0 0 11.8532 11.6343 0 0 0 11.6343 0 0 0 11.6343 10.9647 0 0 0 10.9647 0 0 0 10.9647 9.52321 0 0 0 9.52321 0 0 0 9.52321 10 0 0 0 10 0 0 0 10 10 0 0 0 10 0 0 0 10 10.961 0 0 0 10.961 0 0 0 10.961 10.6443 0 0 0 10.6443 0 0 0 10.6443 12.8209 0 0 0 12.8209 0 0 0 12.8209 11.9546 0 0 0 11.9546 0 0 0 11.9546 9.04435 0 0 0 9.04435 0 0 0 9.04435 11.523 0 0 0 11.523 0 0 0 11.523 11.3651 0 0 0 11.3651 0 0 0 11.3651 10.5452 0 0 0 10.5452 0 0 0 10.5452 11.1693 0 0 0 11.1693 0 0 0 11.1693 9.37372 0 0 0 9.37372 0 0 0 9.37372 10.0636 0 0 0 10.0636 0 0 0 10.0636 11.752 0 0 0 11.752 0 0 0 11.752 13.256 0 0 0 13.256 0 0 0 13.256 11.88 0 0 0 11.88 0 0 0 11.88 8.28927 0 0 0 8.28927 0 0 0 8.28927 8.86188 0 0 0 8.86188 0 0 0 8.86188 11.5772 0 0 0 11.5772 0 0 0 11.5772 11.1345 0 0 0 11.1345 0 0 0 11.1345 8.47844 0 0 0 8.47844 0 0 0 8.47844 10.5765 0 0 0 10.5765 0 0 0 10.5765 11.7211 0 0 0 11.7211 0 0 0 11.7211 13.1529 0 0 0 13.1529 0 0 0 13.1529 12.6705 0 0 0 12.6705 0 0 0 12.6705 11.3446 0 0 0 11.3446 0 0 0 11.3446 10.6753 0 0 0 10.6753 0 0 0 10.6753 12.5559 0 0 0 12.5559 0 0 0 12.5559 8.8317 0 0 0 8.8317 0 0 0 8.8317 12.9527 0 0 0 12.9527 0 0 0 12.9527 12.4308 0 0 0 12.4308 0 0 0 12.4308 10.8135 0 0 0 10.8135 0 0 0 10.8135 12.8806 0 0 0 12.8806 0 0 0 12.8806 12.3075 0 0 0 12.3075 0 0 0 12.3075 9.91761 0 0 0 9.91761 0 0 0 9.91761 8.29776 0 0 0 8.29776 0 0 0 8.29776 12.3546 0 0 0 12.3546 0 0 0 12.3546 8.81446 0 0 0 8.81446 0 0 0 8.81446 12.3439 0 0 0 12.3439 0 0 0 12.3439 13.2864 0 0 0 13.2864 0 0 0 13.2864 9.21766 0 0 0 9.21766 0 0 0 9.21766 11.8541 0 0 0 11.8541 0 0 0 11.8541 12.3724 0 0 0 12.3724 0 0 0 12.3724 10.3261 0 0 0 10.3261 0 0 0 10.3261 12.4661 0 0 0 12.4661 0 0 0 12.4661 12.3967 0 0 0 12.3967 0 0 0 12.3967 11.1522 0 0 0 11.1522 0 0 0 11.1522 11.9137 0 0 0 11.9137 0 0 0 11.9137 9.38488 0 0 0 9.38488 0 0 0 9.38488 8.70334 0 0 0 8.70334 0 0 0 8.70334 9.67909 0 0 0 9.67909 0 0 0 9.67909 7.87104 0 0 0 7.87104 0 0 0 7.87104 13.2919 0 0 0 13.2919 0 0 0 13.2919 12.5456 0 0 0 12.5456 0 0 0 12.5456 7.54023 0 0 0 7.54023 0 0 0 7.54023 10 0 0 0 10 0 0 0 10 9.07618 0 0 0 9.07618 0 0 0 9.07618 7.36083 0 0 0 7.36083 0 0 0 7.36083 9.99008 0 0 0 9.99008 0 0 0 9.99008 13.0346 0 0 0 13.0346 0 0 0 13.0346 9.15964 0 0 0 9.15964 0 0 0 9.15964 5.29702 0 0 0 5.29702 0 0 0 5.29702 8.98168 0 0 0 8.98168 0 0 0 8.98168 13.036 0 0 0 13.036 0 0 0 13.036 7.24197 0 0 0 7.24197 0 0 0 7.24197 9.36278 0 0 0 9.36278 0 0 0 9.36278 11.2547 0 0 0 11.2547 0 0 0 11.2547 11.7807 0 0 0 11.7807 0 0 0 11.7807 8.54838 0 0 0 8.54838 0 0 0 8.54838 10 0 0 0 10 0 0 0 10 8.50524 0 0 0 8.50524 0 0 0 8.50524 11.1058 0 0 0 11.1058 0 0 0 11.1058 9.0862 0 0 0 9.0862 0 0 0 9.0862 8.84013 0 0 0 8.84013 0 0 0 8.84013 10 0 0 0 10 0 0 0 10 8.55682 0 0 0 8.55682 0 0 0 8.55682 11.9274 0 0 0 11.9274 0 0 0 11.9274 9.09074 0 0 0 9.09074 0 0 0 9.09074 11.7929 0 0 0 11.7929 0 0 0 11.7929 9.05219 0 0 0 9.05219 0 0 0 9.05219 9.67233 0 0 0 9.67233 0 0 0 9.67233 11.3172 0 0 0 11.3172 0 0 0 11.3172 6.12961 0 0 0 6.12961 0 0 0 6.12961 12.0602 0 0 0 12.0602 0 0 0 12.0602 8.29622 0 0 0 8.29622 0 0 0 8.29622 8.89136 0 0 0 8.89136 0 0 0 8.89136 9.80476 0 0 0 9.80476 0 0 0 9.80476 12.5961 0 0 0 12.5961 0 0 0 12.5961 11.6999 0 0 0 11.6999 0 0 0 11.6999 9.6672 0 0 0 9.6672 0 0 0 9.6672 10.3196 0 0 0 10.3196 0 0 0 10.3196 9.69102 0 0 0 9.69102 0 0 0 9.69102 11.8768 0 0 0 11.8768 0 0 0 11.8768 7.91799 0 0 0 7.91799 0 0 0 7.91799 9.79927 0 0 0 9.79927 0 0 0 9.79927 10.4098 0 0 0 10.4098 0 0 0 10.4098 11.2758 0 0 0 11.2758 0 0 0 11.2758 10 0 0 0 10 0 0 0 10 11.6974 0 0 0 11.6974 0 0 0 11.6974 9.13054 0 0 0 9.13054 0 0 0 9.13054 12.4805 0 0 0 12.4805 0 0 0 12.4805 10.0087 0 0 0 10.0087 0 0 0 10.0087 11.9194 0 0 0 11.9194 0 0 0 11.9194 10.0992 0 0 0 10.0992 0 0 0 10.0992 10.9299 0 0 0 10.9299 0 0 0 10.9299 8.06277 0 0 0 8.06277 0 0 0 8.06277 12.1273 0 0 0 12.1273 0 0 0 12.1273 11.4277 0 0 0 11.4277 0 0 0 11.4277 11.5719 0 0 0 11.5719 0 0 0 11.5719 10.9908 0 0 0 10.9908 0 0 0 10.9908 12.0149 0 0 0 12.0149 0 0 0 12.0149 8.1748 0 0 0 8.1748 0 0 0 8.1748 11.6483 0 0 0 11.6483 0 0 0 11.6483 8.04784 0 0 0 8.04784 0 0 0 8.04784 8.1835 0 0 0 8.1835 0 0 0 8.1835 12.2677 0 0 0 12.2677 0 0 0 12.2677 11.9573 0 0 0 11.9573 0 0 0 11.9573 9.19434 0 0 0 9.19434 0 0 0 9.19434 11.4094 0 0 0 11.4094 0 0 0 11.4094 12.1017 0 0 0 12.1017 0 0 0 12.1017 8.1646 0 0 0 8.1646 0 0 0 8.1646 10.1426 0 0 0 10.1426 0 0 0 10.1426 12.0997 0 0 0 12.0997 0 0 0 12.0997 8.08074 0 0 0 8.08074 0 0 0 8.08074 11.3341 0 0 0 11.3341 0 0 0 11.3341 12.5002 0 0 0 12.5002 0 0 0 12.5002 9.10125 0 0 0 9.10125 0 0 0 9.10125 7.92994 0 0 0 7.92994 0 0 0 7.92994 10 0 0 0 10 0 0 0 10 8.74268 0 0 0 8.74268 0 0 0 8.74268 10.2943 0 0 0 10.2943 0 0 0 10.2943 10.82 0 0 0 10.82 0 0 0 10.82 10 0 0 0 10 0 0 0 10 11.6557 0 0 0 11.6557 0 0 0 11.6557 10 0 0 0 10 0 0 0 10 11.5961 0 0 0 11.5961 0 0 0 11.5961 8.11151 0 0 0 8.11151 0 0 0 8.11151 8.96821 0 0 0 8.96821 0 0 0 8.96821 10.951 0 0 0 10.951 0 0 0 10.951 10.8643 0 0 0 10.8643 0 0 0 10.8643 10.4013 0 0 0 10.4013 0 0 0 10.4013 11.7459 0 0 0 11.7459 0 0 0 11.7459 9.88619 0 0 0 9.88619 0 0 0 9.88619 11.5988 0 0 0 11.5988 0 0 0 11.5988 9.95088 0 0 0 9.95088 0 0 0 9.95088 11.5166 0 0 0 11.5166 0 0 0 11.5166 12.1787 0 0 0 12.1787 0 0 0 12.1787 9.16209 0 0 0 9.16209 0 0 0 9.16209 11.8663 0 0 0 11.8663 0 0 0 11.8663 11.2354 0 0 0 11.2354 0 0 0 11.2354 9.46406 0 0 0 9.46406 0 0 0 9.46406 12.4949 0 0 0 12.4949 0 0 0 12.4949 8.19966 0 0 0 8.19966 0 0 0 8.19966 12.344 0 0 0 12.344 0 0 0 12.344 13.0658 0 0 0 13.0658 0 0 0 13.0658 11.0242 0 0 0 11.0242 0 0 0 11.0242 10 0 0 0 10 0 0 0 10 10.3584 0 0 0 10.3584 0 0 0 10.3584 9.20205 0 0 0 9.20205 0 0 0 9.20205 11.0109 0 0 0 11.0109 0 0 0 11.0109 11.9731 0 0 0 11.9731 0 0 0 11.9731 12.2531 0 0 0 12.2531 0 0 0 12.2531 10 0 0 0 10 0 0 0 10 11.5648 0 0 0 11.5648 0 0 0 11.5648 8.66282 0 0 0 8.66282 0 0 0 8.66282 11.4864 0 0 0 11.4864 0 0 0 11.4864 9.24868 0 0 0 9.24868 0 0 0 9.24868 12.8127 0 0 0 12.8127 0 0 0 12.8127 7.09524 0 0 0 7.09524 0 0 0 7.09524 7.87703 0 0 0 7.87703 0 0 0 7.87703 9.14208 0 0 0 9.14208 0 0 0 9.14208 8.51824 0 0 0 8.51824 0 0 0 8.51824 7.96584 0 0 0 7.96584 0 0 0 7.96584 11.0466 0 0 0 11.0466 0 0 0 11.0466 10.7589 0 0 0 10.7589 0 0 0 10.7589 9.46227 0 0 0 9.46227 0 0 0 9.46227 7.28462 0 0 0 7.28462 0 0 0 7.28462 11.5617 0 0 0 11.5617 0 0 0 11.5617 11.354 0 0 0 11.354 0 0 0 11.354 11.5428 0 0 0 11.5428 0 0 0 11.5428 11.5888 0 0 0 11.5888 0 0 0 11.5888 9.98567 0 0 0 9.98567 0 0 0 9.98567 9.36879 0 0 0 9.36879 0 0 0 9.36879 10.0538 0 0 0 10.0538 0 0 0 10.0538 11.6128 0 0 0 11.6128 0 0 0 11.6128 12.8757 0 0 0 12.8757 0 0 0 12.8757 10 0 0 0 10 0 0 0 10 12.2984 0 0 0 12.2984 0 0 0 12.2984 11.2932 0 0 0 11.2932 0 0 0 11.2932 10 0 0 0 10 0 0 0 10 7.53517 0 0 0 7.53517 0 0 0 7.53517 7.7883 0 0 0 7.7883 0 0 0 7.7883 9.58358 0 0 0 9.58358 0 0 0 9.58358 11.4551 0 0 0 11.4551 0 0 0 11.4551 7.31605 0 0 0 7.31605 0 0 0 7.31605 11.2528 0 0 0 11.2528 0 0 0 11.2528 7.94013 0 0 0 7.94013 0 0 0 7.94013 11.8112 0 0 0 11.8112 0 0 0 11.8112 12.0294 0 0 0 12.0294 0 0 0 12.0294 9.10796 0 0 0 9.10796 0 0 0 9.10796 12.525 0 0 0 12.525 0 0 0 12.525 8.88739 0 0 0 8.88739 0 0 0 8.88739 9.17337 0 0 0 9.17337 0 0 0 9.17337 12.0918 0 0 0 12.0918 0 0 0 12.0918 13.0954 0 0 0 13.0954 0 0 0 13.0954 8.53898 0 0 0 8.53898 0 0 0 8.53898 7.15756 0 0 0 7.15756 0 0 0 7.15756 7.74659 0 0 0 7.74659 0 0 0 7.74659 12.8964 0 0 0 12.8964 0 0 0 12.8964 9.54496 0 0 0 9.54496 0 0 0 9.54496 9.15854 0 0 0 9.15854 0 0 0 9.15854 12.3077 0 0 0 12.3077 0 0 0 12.3077 7.60568 0 0 0 7.60568 0 0 0 7.60568 12.4775 0 0 0 12.4775 0 0 0 12.4775 8.02165 0 0 0 8.02165 0 0 0 8.02165 12.9836 0 0 0 12.9836 0 0 0 12.9836 11.5558 0 0 0 11.5558 0 0 0 11.5558 8.40425 0 0 0 8.40425 0 0 0 8.40425 8.23068 0 0 0 8.23068 0 0 0 8.23068 11.1784 0 0 0 11.1784 0 0 0 11.1784 9.48334 0 0 0 9.48334 0 0 0 9.48334 9.81065 0 0 0 9.81065 0 0 0 9.81065 9.23876 0 0 0 9.23876 0 0 0 9.23876 12.1942 0 0 0 12.1942 0 0 0 12.1942 11.4593 0 0 0 11.4593 0 0 0 11.4593 10.7249 0 0 0 10.7249 0 0 0 10.7249 8.70066 0 0 0 8.70066 0 0 0 8.70066 12.2602 0 0 0 12.2602 0 0 0 12.2602 11.3665 0 0 0 11.3665 0 0 0 11.3665 12.9923 0 0 0 12.9923 0 0 0 12.9923 12.2648 0 0 0 12.2648 0 0 0 12.2648 11.644 0 0 0 11.644 0 0 0 11.644 8.86465 0 0 0 8.86465 0 0 0 8.86465 11.3629 0 0 0 11.3629 0 0 0 11.3629 7.93267 0 0 0 7.93267 0 0 0 7.93267 12.3983 0 0 0 12.3983 0 0 0 12.3983 9.90274 0 0 0 9.90274 0 0 0 9.90274 10.1834 0 0 0 10.1834 0 0 0 10.1834 8.80091 0 0 0 8.80091 0 0 0 8.80091 8.21995 0 0 0 8.21995 0 0 0 8.21995 11.6994 0 0 0 11.6994 0 0 0 11.6994 10 0 0 0 10 0 0 0 10 10.6116 0 0 0 10.6116 0 0 0 10.6116 10.5659 0 0 0 10.5659 0 0 0 10.5659 11.9365 0 0 0 11.9365 0 0 0 11.9365 10 0 0 0 10 0 0 0 10 13.1685 0 0 0 13.1685 0 0 0 13.1685 13.2901 0 0 0 13.2901 0 0 0 13.2901 10 0 0 0 10 0 0 0 10 8.72268 0 0 0 8.72268 0 0 0 8.72268 10.3427 0 0 0 10.3427 0 0 0 10.3427 8.63415 0 0 0 8.63415 0 0 0 8.63415 9.71421 0 0 0 9.71421 0 0 0 9.71421 7.99591 0 0 0 7.99591 0 0 0 7.99591 12.2292 0 0 0 12.2292 0 0 0 12.2292 10 0 0 0 10 0 0 0 10 11.9375 0 0 0 11.9375 0 0 0 11.9375 9.49933 0 0 0 9.49933 0 0 0 9.49933 12.3428 0 0 0 12.3428 0 0 0 12.3428 9.23777 0 0 0 9.23777 0 0 0 9.23777 11.9385 0 0 0 11.9385 0 0 0 11.9385 10.9288 0 0 0 10.9288 0 0 0 10.9288 10.8406 0 0 0 10.8406 0 0 0 10.8406 9.67128 0 0 0 9.67128 0 0 0 9.67128 11.8819 0 0 0 11.8819 0 0 0 11.8819 9.09803 0 0 0 9.09803 0 0 0 9.09803 8.11987 0 0 0 8.11987 0 0 0 8.11987 10 0 0 0 10 0 0 0 10 11.1054 0 0 0 11.1054 0 0 0 11.1054 13.0291 0 0 0 13.0291 0 0 0 13.0291 10.8465 0 0 0 10.8465 0 0 0 10.8465 12.8957 0 0 0 12.8957 0 0 0 12.8957 7.28434 0 0 0 7.28434 0 0 0 7.28434 10.9283 0 0 0 10.9283 0 0 0 10.9283 10 0 0 0 10 0 0 0 10 11.9699 0 0 0 11.9699 0 0 0 11.9699 12.1303 0 0 0 12.1303 0 0 0 12.1303 9.26171 0 0 0 9.26171 0 0 0 9.26171 8.25988 0 0 0 8.25988 0 0 0 8.25988 11.1053 0 0 0 11.1053 0 0 0 11.1053 9.91212 0 0 0 9.91212 0 0 0 9.91212 12.0432 0 0 0 12.0432 0 0 0 12.0432 8.8886 0 0 0 8.8886 0 0 0 8.8886 11.6686 0 0 0 11.6686 0 0 0 11.6686 12.9832 0 0 0 12.9832 0 0 0 12.9832 10.5203 0 0 0 10.5203 0 0 0 10.5203 12.9321 0 0 0 12.9321 0 0 0 12.9321 9.5328 0 0 0 9.5328 0 0 0 9.5328 12.3233 0 0 0 12.3233 0 0 0 12.3233 12.1838 0 0 0 12.1838 0 0 0 12.1838 9.2649 0 0 0 9.2649 0 0 0 9.2649 8.83575 0 0 0 8.83575 0 0 0 8.83575 9.51725 0 0 0 9.51725 0 0 0 9.51725 12.1579 0 0 0 12.1579 0 0 0 12.1579 8.41794 0 0 0 8.41794 0 0 0 8.41794 7.94094 0 0 0 7.94094 0 0 0 7.94094 11.8792 0 0 0 11.8792 0 0 0 11.8792 8.95184 0 0 0 8.95184 0 0 0 8.95184 11.029 0 0 0 11.029 0 0 0 11.029 8.97006 0 0 0 8.97006 0 0 0 8.97006 10.77 0 0 0 10.77 0 0 0 10.77 6.39249 0 0 0 6.39249 0 0 0 6.39249 11.6603 0 0 0 11.6603 0 0 0 11.6603 10 0 0 0 10 0 0 0 10 10 0 0 0 10 0 0 0 10 11.7052 0 0 0 11.7052 0 0 0 11.7052 11.9536 0 0 0 11.9536 0 0 0 11.9536 9.78249 0 0 0 9.78249 0 0 0 9.78249 11.4255 0 0 0 11.4255 0 0 0 11.4255 11.8314 0 0 0 11.8314 0 0 0 11.8314 12.0719 0 0 0 12.0719 0 0 0 12.0719 8.55878 0 0 0 8.55878 0 0 0 8.55878 11.9773 0 0 0 11.9773 0 0 0 11.9773 8.77452 0 0 0 8.77452 0 0 0 8.77452 8.02219 0 0 0 8.02219 0 0 0 8.02219 8.37399 0 0 0 8.37399 0 0 0 8.37399 9.32208 0 0 0 9.32208 0 0 0 9.32208 10 0 0 0 10 0 0 0 10 11.6012 0 0 0 11.6012 0 0 0 11.6012 12.5518 0 0 0 12.5518 0 0 0 12.5518 11.6693 0 0 0 11.6693 0 0 0 11.6693 10.4016 0 0 0 10.4016 0 0 0 10.4016 9.31264 0 0 0 9.31264 0 0 0 9.31264 13.2111 0 0 0 13.2111 0 0 0 13.2111 9.28298 0 0 0 9.28298 0 0 0 9.28298 7.58843 0 0 0 7.58843 0 0 0 7.58843 9.83419 0 0 0 9.83419 0 0 0 9.83419 9.12455 0 0 0 9.12455 0 0 0 9.12455 9.46243 0 0 0 9.46243 0 0 0 9.46243 8.80525 0 0 0 8.80525 0 0 0 8.80525 8.3478 0 0 0 8.3478 0 0 0 8.3478 11.0301 0 0 0 11.0301 0 0 0 11.0301 9.38781 0 0 0 9.38781 0 0 0 9.38781 12.5657 0 0 0 12.5657 0 0 0 12.5657 12.0466 0 0 0 12.0466 0 0 0 12.0466 10.3409 0 0 0 10.3409 0 0 0 10.3409 10.7114 0 0 0 10.7114 0 0 0 10.7114 10.1818 0 0 0 10.1818 0 0 0 10.1818 11.1632 0 0 0 11.1632 0 0 0 11.1632 10 0 0 0 10 0 0 0 10 8.02693 0 0 0 8.02693 0 0 0 8.02693 12.3337 0 0 0 12.3337 0 0 0 12.3337 12.2801 0 0 0 12.2801 0 0 0 12.2801 12.0462 0 0 0 12.0462 0 0 0 12.0462 12.9194 0 0 0 12.9194 0 0 0 12.9194 9.31471 0 0 0 9.31471 0 0 0 9.31471 10 0 0 0 10 0 0 0 10 12.3933 0 0 0 12.3933 0 0 0 12.3933 12.0462 0 0 0 12.0462 0 0 0 12.0462 11.9843 0 0 0 11.9843 0 0 0 11.9843 11.5286 0 0 0 11.5286 0 0 0 11.5286 10.8181 0 0 0 10.8181 0 0 0 10.8181 12.9563 0 0 0 12.9563 0 0 0 12.9563 12.406 0 0 0 12.406 0 0 0 12.406 11.8435 0 0 0 11.8435 0 0 0 11.8435 8.7105 0 0 0 8.7105 0 0 0 8.7105 8.84451 0 0 0 8.84451 0 0 0 8.84451 12.0973 0 0 0 12.0973 0 0 0 12.0973 10.8405 0 0 0 10.8405 0 0 0 10.8405 8.60167 0 0 0 8.60167 0 0 0 8.60167 13.0597 0 0 0 13.0597 0 0 0 13.0597 8.12886 0 0 0 8.12886 0 0 0 8.12886 13.0144 0 0 0 13.0144 0 0 0 13.0144 9.13484 0 0 0 9.13484 0 0 0 9.13484 10 0 0 0 10 0 0 0 10 12.5627 0 0 0 12.5627 0 0 0 12.5627 9.73078 0 0 0 9.73078 0 0 0 9.73078 12.9667 0 0 0 12.9667 0 0 0 12.9667 11.5187 0 0 0 11.5187 0 0 0 11.5187 11.3921 0 0 0 11.3921 0 0 0 11.3921 11.1658 0 0 0 11.1658 0 0 0 11.1658 9.60847 0 0 0 9.60847 0 0 0 9.60847 12.0415 0 0 0 12.0415 0 0 0 12.0415 11.4284 0 0 0 11.4284 0 0 0 11.4284 11.0586 0 0 0 11.0586 0 0 0 11.0586 8.67037 0 0 0 8.67037 0 0 0 8.67037 9.58555 0 0 0 9.58555 0 0 0 9.58555 11.8707 0 0 0 11.8707 0 0 0 11.8707 11.4978 0 0 0 11.4978 0 0 0 11.4978 8.93535 0 0 0 8.93535 0 0 0 8.93535 12.482 0 0 0 12.482 0 0 0 12.482 11.4137 0 0 0 11.4137 0 0 0 11.4137 8.94981 0 0 0 8.94981 0 0 0 8.94981 12.5671 0 0 0 12.5671 0 0 0 12.5671 9.5193 0 0 0 9.5193 0 0 0 9.5193 8.70835 0 0 0 8.70835 0 0 0 8.70835 8.58808 0 0 0 8.58808 0 0 0 8.58808 9.14469 0 0 0 9.14469 0 0 0 9.14469 11.7082 0 0 0 11.7082 0 0 0 11.7082 11.0279 0 0 0 11.0279 0 0 0 11.0279 12.0626 0 0 0 12.0626 0 0 0 12.0626 12.9834 0 0 0 12.9834 0 0 0 12.9834 12.5752 0 0 0 12.5752 0 0 0 12.5752 10.2452 0 0 0 10.2452 0 0 0 10.2452 10 0 0 0 10 0 0 0 10 11.2152 0 0 0 11.2152 0 0 0 11.2152 10.5342 0 0 0 10.5342 0 0 0 10.5342 8.60027 0 0 0 8.60027 0 0 0 8.60027 11.98 0 0 0 11.98 0 0 0 11.98 12.828 0 0 0 12.828 0 0 0 12.828 13.1369 0 0 0 13.1369 0 0 0 13.1369 7.50424 0 0 0 7.50424 0 0 0 7.50424 12.9976 0 0 0 12.9976 0 0 0 12.9976 12.3045 0 0 0 12.3045 0 0 0 12.3045 12.2164 0 0 0 12.2164 0 0 0 12.2164 8.64306 0 0 0 8.64306 0 0 0 8.64306 12.356 0 0 0 12.356 0 0 0 12.356 13.161 0 0 0 13.161 0 0 0 13.161 10 0 0 0 10 0 0 0 10 12.0679 0 0 0 12.0679 0 0 0 12.0679 12.1726 0 0 0 12.1726 0 0 0 12.1726 12.3306 0 0 0 12.3306 0 0 0 12.3306 8.97116 0 0 0 8.97116 0 0 0 8.97116 8.10934 0 0 0 8.10934 0 0 0 8.10934 12.8413 0 0 0 12.8413 0 0 0 12.8413 10 0 0 0 10 0 0 0 10 9.21508 0 0 0 9.21508 0 0 0 9.21508 7.531 0 0 0 7.531 0 0 0 7.531 11.5542 0 0 0 11.5542 0 0 0 11.5542 10 0 0 0 10 0 0 0 10 9.39535 0 0 0 9.39535 0 0 0 9.39535 8.9977 0 0 0 8.9977 0 0 0 8.9977 8.28582 0 0 0 8.28582 0 0 0 8.28582 10 0 0 0 10 0 0 0 10 7.67499 0 0 0 7.67499 0 0 0 7.67499 8.70666 0 0 0 8.70666 0 0 0 8.70666 10 0 0 0 10 0 0 0 10 7.10395 0 0 0 7.10395 0 0 0 7.10395 7.32513 0 0 0 7.32513 0 0 0 7.32513 11.2561 0 0 0 11.2561 0 0 0 11.2561 11.3923 0 0 0 11.3923 0 0 0 11.3923 8.01604 0 0 0 8.01604 0 0 0 8.01604 8.67378 0 0 0 8.67378 0 0 0 8.67378 7.57054 0 0 0 7.57054 0 0 0 7.57054 12.5415 0 0 0 12.5415 0 0 0 12.5415 7.90273 0 0 0 7.90273 0 0 0 7.90273 10.332 0 0 0 10.332 0 0 0 10.332 9.60041 0 0 0 9.60041 0 0 0 9.60041 12.1712 0 0 0 12.1712 0 0 0 12.1712 8.42653 0 0 0 8.42653 0 0 0 8.42653 10.352 0 0 0 10.352 0 0 0 10.352 8.52027 0 0 0 8.52027 0 0 0 8.52027 13.1553 0 0 0 13.1553 0 0 0 13.1553 10 0 0 0 10 0 0 0 10 8.83843 0 0 0 8.83843 0 0 0 8.83843 10.2406 0 0 0 10.2406 0 0 0 10.2406 10.7649 0 0 0 10.7649 0 0 0 10.7649 8.48991 0 0 0 8.48991 0 0 0 8.48991 12.9619 0 0 0 12.9619 0 0 0 12.9619 10 0 0 0 10 0 0 0 10 13.2213 0 0 0 13.2213 0 0 0 13.2213 10.9244 0 0 0 10.9244 0 0 0 10.9244 12.8266 0 0 0 12.8266 0 0 0 12.8266 12.0763 0 0 0 12.0763 0 0 0 12.0763 8.0169 0 0 0 8.0169 0 0 0 8.0169 12.3832 0 0 0 12.3832 0 0 0 12.3832 9.38736 0 0 0 9.38736 0 0 0 9.38736 11.2767 0 0 0 11.2767 0 0 0 11.2767 11.6444 0 0 0 11.6444 0 0 0 11.6444 10.2752 0 0 0 10.2752 0 0 0 10.2752 8.30431 0 0 0 8.30431 0 0 0 8.30431 9.54056 0 0 0 9.54056 0 0 0 9.54056 11.514 0 0 0 11.514 0 0 0 11.514 10.1535 0 0 0 10.1535 0 0 0 10.1535 7.87911 0 0 0 7.87911 0 0 0 7.87911 11.4498 0 0 0 11.4498 0 0 0 11.4498 10 0 0 0 10 0 0 0 10 10.9853 0 0 0 10.9853 0 0 0 10.9853 8.3791 0 0 0 8.3791 0 0 0 8.3791 10 0 0 0 10 0 0 0 10 11.9096 0 0 0 11.9096 0 0 0 11.9096 10.5042 0 0 0 10.5042 0 0 0 10.5042 8.98279 0 0 0 8.98279 0 0 0 8.98279 8.66973 0 0 0 8.66973 0 0 0 8.66973 8.31983 0 0 0 8.31983 0 0 0 8.31983 8.97121 0 0 0 8.97121 0 0 0 8.97121 8.5845 0 0 0 8.5845 0 0 0 8.5845 12.7851 0 0 0 12.7851 0 0 0 12.7851 9.99564 0 0 0 9.99564 0 0 0 9.99564 8.87818 0 0 0 8.87818 0 0 0 8.87818 8.02736 0 0 0 8.02736 0 0 0 8.02736 9.78495 0 0 0 9.78495 0 0 0 9.78495 8.24135 0 0 0 8.24135 0 0 0 8.24135 9.20998 0 0 0 9.20998 0 0 0 9.20998 10 0 0 0 10 0 0 0 10 12.6055 0 0 0 12.6055 0 0 0 12.6055 11.0955 0 0 0 11.0955 0 0 0 11.0955 13.2785 0 0 0 13.2785 0 0 0 13.2785 9.46817 0 0 0 9.46817 0 0 0 9.46817 7.69639 0 0 0 7.69639 0 0 0 7.69639 10.5786 0 0 0 10.5786 0 0 0 10.5786 12.0153 0 0 0 12.0153 0 0 0 12.0153 7.59751 0 0 0 7.59751 0 0 0 7.59751 11.9228 0 0 0 11.9228 0 0 0 11.9228 11.7682 0 0 0 11.7682 0 0 0 11.7682 11.8199 0 0 0 11.8199 0 0 0 11.8199 10.8305 0 0 0 10.8305 0 0 0 10.8305 11.0787 0 0 0 11.0787 0 0 0 11.0787 10 0 0 0 10 0 0 0 10 10.4519 0 0 0 10.4519 0 0 0 10.4519 12.7153 0 0 0 12.7153 0 0 0 12.7153 9.41742 0 0 0 9.41742 0 0 0 9.41742 11.3813 0 0 0 11.3813 0 0 0 11.3813 10.3166 0 0 0 10.3166 0 0 0 10.3166 7.64413 0 0 0 7.64413 0 0 0 7.64413 12.1277 0 0 0 12.1277 0 0 0 12.1277 11.9416 0 0 0 11.9416 0 0 0 11.9416 7.09207 0 0 0 7.09207 0 0 0 7.09207 11.7635 0 0 0 11.7635 0 0 0 11.7635 10.5177 0 0 0 10.5177 0 0 0 10.5177 7.20076 0 0 0 7.20076 0 0 0 7.20076 11.5311 0 0 0 11.5311 0 0 0 11.5311 10 0 0 0 10 0 0 0 10 8.62988 0 0 0 8.62988 0 0 0 8.62988 11.6915 0 0 0 11.6915 0 0 0 11.6915 9.14507 0 0 0 9.14507 0 0 0 9.14507 10.3761 0 0 0 10.3761 0 0 0 10.3761 11.0465 0 0 0 11.0465 0 0 0 11.0465 10.5396 0 0 0 10.5396 0 0 0 10.5396 11.608 0 0 0 11.608 0 0 0 11.608 12.5372 0 0 0 12.5372 0 0 0 12.5372 7.84924 0 0 0 7.84924 0 0 0 7.84924 10 0 0 0 10 0 0 0 10 7.71088 0 0 0 7.71088 0 0 0 7.71088 7.90278 0 0 0 7.90278 0 0 0 7.90278 12.5895 0 0 0 12.5895 0 0 0 12.5895 13.2054 0 0 0 13.2054 0 0 0 13.2054 10 0 0 0 10 0 0 0 10 11.6312 0 0 0 11.6312 0 0 0 11.6312 10 0 0 0 10 0 0 0 10 12.8232 0 0 0 12.8232 0 0 0 12.8232 10.7808 0 0 0 10.7808 0 0 0 10.7808 10.5883 0 0 0 10.5883 0 0 0 10.5883 11.6923 0 0 0 11.6923 0 0 0 11.6923 9.43211 0 0 0 9.43211 0 0 0 9.43211 13.0022 0 0 0 13.0022 0 0 0 13.0022 11.118 0 0 0 11.118 0 0 0 11.118 8.89471 0 0 0 8.89471 0 0 0 8.89471 7.85124 0 0 0 7.85124 0 0 0 7.85124 9.51426 0 0 0 9.51426 0 0 0 9.51426 8.87928 0 0 0 8.87928 0 0 0 8.87928 8.44101 0 0 0 8.44101 0 0 0 8.44101 9.98535 0 0 0 9.98535 0 0 0 9.98535 10.9972 0 0 0 10.9972 0 0 0 10.9972 10.3316 0 0 0 10.3316 0 0 0 10.3316 7.54076 0 0 0 7.54076 0 0 0 7.54076 8.6918 0 0 0 8.6918 0 0 0 8.6918 8.83567 0 0 0 8.83567 0 0 0 8.83567 10 0 0 0 10 0 0 0 10 12.2924 0 0 0 12.2924 0 0 0 12.2924 13.0872 0 0 0 13.0872 0 0 0 13.0872 11.9634 0 0 0 11.9634 0 0 0 11.9634 11.2022 0 0 0 11.2022 0 0 0 11.2022 10.1579 0 0 0 10.1579 0 0 0 10.1579 7.20678 0 0 0 7.20678 0 0 0 7.20678 7.55909 0 0 0 7.55909 0 0 0 7.55909 8.39584 0 0 0 8.39584 0 0 0 8.39584 8.61572 0 0 0 8.61572 0 0 0 8.61572 11.1066 0 0 0 11.1066 0 0 0 11.1066 11.8331 0 0 0 11.8331 0 0 0 11.8331 11.1248 0 0 0 11.1248 0 0 0 11.1248 10 0 0 0 10 0 0 0 10 10.9102 0 0 0 10.9102 0 0 0 10.9102 11.1936 0 0 0 11.1936 0 0 0 11.1936 10.4831 0 0 0 10.4831 0 0 0 10.4831 10 0 0 0 10 0 0 0 10 11.8195 0 0 0 11.8195 0 0 0 11.8195 12.5987 0 0 0 12.5987 0 0 0 12.5987 8.92521 0 0 0 8.92521 0 0 0 8.92521 9.29282 0 0 0 9.29282 0 0 0 9.29282 11.4858 0 0 0 11.4858 0 0 0 11.4858 9.36919 0 0 0 9.36919 0 0 0 9.36919 12.8356 0 0 0 12.8356 0 0 0 12.8356 8.73213 0 0 0 8.73213 0 0 0 8.73213 13.2652 0 0 0 13.2652 0 0 0 13.2652 12.1526 0 0 0 12.1526 0 0 0 12.1526 11.1146 0 0 0 11.1146 0 0 0 11.1146 10 0 0 0 10 0 0 0 10 8.15427 0 0 0 8.15427 0 0 0 8.15427 10.7362 0 0 0 10.7362 0 0 0 10.7362 9.58586 0 0 0 9.58586 0 0 0 9.58586 12.6189 0 0 0 12.6189 0 0 0 12.6189 8.61278 0 0 0 8.61278 0 0 0 8.61278 10.5728 0 0 0 10.5728 0 0 0 10.5728 11.7091 0 0 0 11.7091 0 0 0 11.7091 11.0283 0 0 0 11.0283 0 0 0 11.0283 12.3433 0 0 0 12.3433 0 0 0 12.3433 7.68584 0 0 0 7.68584 0 0 0 7.68584 11.3414 0 0 0 11.3414 0 0 0 11.3414 11.0732 0 0 0 11.0732 0 0 0 11.0732 11.5482 0 0 0 11.5482 0 0 0 11.5482 11.2902 0 0 0 11.2902 0 0 0 11.2902 7.49591 0 0 0 7.49591 0 0 0 7.49591 10 0 0 0 10 0 0 0 10 10 0 0 0 10 0 0 0 10 7.98267 0 0 0 7.98267 0 0 0 7.98267 9.452 0 0 0 9.452 0 0 0 9.452 10.3467 0 0 0 10.3467 0 0 0 10.3467 8.63631 0 0 0 8.63631 0 0 0 8.63631 10.8883 0 0 0 10.8883 0 0 0 10.8883 8.06842 0 0 0 8.06842 0 0 0 8.06842 8.21101 0 0 0 8.21101 0 0 0 8.21101 8.12705 0 0 0 8.12705 0 0 0 8.12705 12.5962 0 0 0 12.5962 0 0 0 12.5962 8.40972 0 0 0 8.40972 0 0 0 8.40972 12.1523 0 0 0 12.1523 0 0 0 12.1523 11.054 0 0 0 11.054 0 0 0 11.054 8.4507 0 0 0 8.4507 0 0 0 8.4507 10.9926 0 0 0 10.9926 0 0 0 10.9926 12.9654 0 0 0 12.9654 0 0 0 12.9654 12.029 0 0 0 12.029 0 0 0 12.029 11.3635 0 0 0 11.3635 0 0 0 11.3635 10.8616 0 0 0 10.8616 0 0 0 10.8616 10 0 0 0 10 0 0 0 10 11.409 0 0 0 11.409 0 0 0 11.409 10 0 0 0 10 0 0 0 10 10.1761 0 0 0 10.1761 0 0 0 10.1761 7.64512 0 0 0 7.64512 0 0 0 7.64512 11.3172 0 0 0 11.3172 0 0 0 11.3172 11.9623 0 0 0 11.9623 0 0 0 11.9623 7.43032 0 0 0 7.43032 0 0 0 7.43032 8.05804 0 0 0 8.05804 0 0 0 8.05804 7.33125 0 0 0 7.33125 0 0 0 7.33125 10 0 0 0 10 0 0 0 10 11.9902 0 0 0 11.9902 0 0 0 11.9902 9.04545 0 0 0 9.04545 0 0 0 9.04545 8.49308 0 0 0 8.49308 0 0 0 8.49308 11.1428 0 0 0 11.1428 0 0 0 11.1428 10.7485 0 0 0 10.7485 0 0 0 10.7485 10.6951 0 0 0 10.6951 0 0 0 10.6951 12.681 0 0 0 12.681 0 0 0 12.681 11.6561 0 0 0 11.6561 0 0 0 11.6561 9.51127 0 0 0 9.51127 0 0 0 9.51127 9.4398 0 0 0 9.4398 0 0 0 9.4398 10.9587 0 0 0 10.9587 0 0 0 10.9587 11.7139 0 0 0 11.7139 0 0 0 11.7139 11.9093 0 0 0 11.9093 0 0 0 11.9093 10.1698 0 0 0 10.1698 0 0 0 10.1698 9.38885 0 0 0 9.38885 0 0 0 9.38885 10.3081 0 0 0 10.3081 0 0 0 10.3081 7.1868 0 0 0 7.1868 0 0 0 7.1868 8.50261 0 0 0 8.50261 0 0 0 8.50261 10.3022 0 0 0 10.3022 0 0 0 10.3022 10 0 0 0 10 0 0 0 10 8.18424 0 0 0 8.18424 0 0 0 8.18424 10.3991 0 0 0 10.3991 0 0 0 10.3991 10.934 0 0 0 10.934 0 0 0 10.934 7.56322 0 0 0 7.56322 0 0 0 7.56322 8.47465 0 0 0 8.47465 0 0 0 8.47465 13.2759 0 0 0 13.2759 0 0 0 13.2759 9.58853 0 0 0 9.58853 0 0 0 9.58853 9.92469 0 0 0 9.92469 0 0 0 9.92469 7.95284 0 0 0 7.95284 0 0 0 7.95284 12.2441 0 0 0 12.2441 0 0 0 12.2441 11.4028 0 0 0 11.4028 0 0 0 11.4028 11.4722 0 0 0 11.4722 0 0 0 11.4722 10 0 0 0 10 0 0 0 10 10.5135 0 0 0 10.5135 0 0 0 10.5135 10 0 0 0 10 0 0 0 10 11.1943 0 0 0 11.1943 0 0 0 11.1943 11.1007 0 0 0 11.1007 0 0 0 11.1007 7.60907 0 0 0 7.60907 0 0 0 7.60907 11.6971 0 0 0 11.6971 0 0 0 11.6971 10.5025 0 0 0 10.5025 0 0 0 10.5025 9.15885 0 0 0 9.15885 0 0 0 9.15885 7.25026 0 0 0 7.25026 0 0 0 7.25026 9.89283 0 0 0 9.89283 0 0 0 9.89283 8.51608 0 0 0 8.51608 0 0 0 8.51608 10.3858 0 0 0 10.3858 0 0 0 10.3858 11.7022 0 0 0 11.7022 0 0 0 11.7022 9.66828 0 0 0 9.66828 0 0 0 9.66828 11.7926 0 0 0 11.7926 0 0 0 11.7926 8.66483 0 0 0 8.66483 0 0 0 8.66483 11.8005 0 0 0 11.8005 0 0 0 11.8005 8.81859 0 0 0 8.81859 0 0 0 8.81859 10 0 0 0 10 0 0 0 10 8.10708 0 0 0 8.10708 0 0 0 8.10708 7.3882 0 0 0 7.3882 0 0 0 7.3882 10.5018 0 0 0 10.5018 0 0 0 10.5018 12.4896 0 0 0 12.4896 0 0 0 12.4896 13.0891 0 0 0 13.0891 0 0 0 13.0891 8.58891 0 0 0 8.58891 0 0 0 8.58891 7.75585 0 0 0 7.75585 0 0 0 7.75585 8.69671 0 0 0 8.69671 0 0 0 8.69671 8.15219 0 0 0 8.15219 0 0 0 8.15219 8.79556 0 0 0 8.79556 0 0 0 8.79556 8.01152 0 0 0 8.01152 0 0 0 8.01152 12.9923 0 0 0 12.9923 0 0 0 12.9923 10 0 0 0 10 0 0 0 10 7.42584 0 0 0 7.42584 0 0 0 7.42584 9.95898 0 0 0 9.95898 0 0 0 9.95898 8.02315 0 0 0 8.02315 0 0 0 8.02315 9.87912 0 0 0 9.87912 0 0 0 9.87912 9.17592 0 0 0 9.17592 0 0 0 9.17592 11.4914 0 0 0 11.4914 0 0 0 11.4914 11.8021 0 0 0 11.8021 0 0 0 11.8021 11.3603 0 0 0 11.3603 0 0 0 11.3603 12.9285 0 0 0 12.9285 0 0 0 12.9285 9.83595 0 0 0 9.83595 0 0 0 9.83595 7.31808 0 0 0 7.31808 0 0 0 7.31808 10 0 0 0 10 0 0 0 10 10 0 0 0 10 0 0 0 10 12.8309 0 0 0 12.8309 0 0 0 12.8309 11.639 0 0 0 11.639 0 0 0 11.639 8.38232 0 0 0 8.38232 0 0 0 8.38232 12.1378 0 0 0 12.1378 0 0 0 12.1378 10 0 0 0 10 0 0 0 10 8.48236 0 0 0 8.48236 0 0 0 8.48236 11.4294 0 0 0 11.4294 0 0 0 11.4294 8.22885 0 0 0 8.22885 0 0 0 8.22885 9.59833 0 0 0 9.59833 0 0 0 9.59833 7.21012 0 0 0 7.21012 0 0 0 7.21012 10 0 0 0 10 0 0 0 10 11.0601 0 0 0 11.0601 0 0 0 11.0601 12.8725 0 0 0 12.8725 0 0 0 12.8725 11.9369 0 0 0 11.9369 0 0 0 11.9369 10 0 0 0 10 0 0 0 10 9.61083 0 0 0 9.61083 0 0 0 9.61083 11.1945 0 0 0 11.1945 0 0 0 11.1945 7.9322 0 0 0 7.9322 0 0 0 7.9322 10.7084 0 0 0 10.7084 0 0 0 10.7084 9.21431 0 0 0 9.21431 0 0 0 9.21431 10 0 0 0 10 0 0 0 10 7.95575 0 0 0 7.95575 0 0 0 7.95575 12.3921 0 0 0 12.3921 0 0 0 12.3921 11.2329 0 0 0 11.2329 0 0 0 11.2329 12.0966 0 0 0 12.0966 0 0 0 12.0966 10.7318 0 0 0 10.7318 0 0 0 10.7318 12.8156 0 0 0 12.8156 0 0 0 12.8156 8.47902 0 0 0 8.47902 0 0 0 8.47902 12.1344 0 0 0 12.1344 0 0 0 12.1344 10 0 0 0 10 0 0 0 10 9.0365 0 0 0 9.0365 0 0 0 9.0365 8.58063 0 0 0 8.58063 0 0 0 8.58063 10 0 0 0 10 0 0 0 10 11.0333 0 0 0 11.0333 0 0 0 11.0333 8.99127 0 0 0 8.99127 0 0 0 8.99127 13.1705 0 0 0 13.1705 0 0 0 13.1705 7.88595 0 0 0 7.88595 0 0 0 7.88595 7.65887 0 0 0 7.65887 0 0 0 7.65887 8.96576 0 0 0 8.96576 0 0 0 8.96576 11.0757 0 0 0 11.0757 0 0 0 11.0757 10.591 0 0 0 10.591 0 0 0 10.591 10 0 0 0 10 0 0 0 10 13.1517 0 0 0 13.1517 0 0 0 13.1517 10 0 0 0 10 0 0 0 10 9.60567 0 0 0 9.60567 0 0 0 9.60567 10.3145 0 0 0 10.3145 0 0 0 10.3145 7.40382 0 0 0 7.40382 0 0 0 7.40382 11.4752 0 0 0 11.4752 0 0 0 11.4752 9.96577 0 0 0 9.96577 0 0 0 9.96577 10.1036 0 0 0 10.1036 0 0 0 10.1036 10.6314 0 0 0 10.6314 0 0 0 10.6314 10.5555 0 0 0 10.5555 0 0 0 10.5555 11.0871 0 0 0 11.0871 0 0 0 11.0871 8.55802 0 0 0 8.55802 0 0 0 8.55802 8.90222 0 0 0 8.90222 0 0 0 8.90222 12.9731 0 0 0 12.9731 0 0 0 12.9731 10.9295 0 0 0 10.9295 0 0 0 10.9295 11.1214 0 0 0 11.1214 0 0 0 11.1214 9.77021 0 0 0 9.77021 0 0 0 9.77021 10 0 0 0 10 0 0 0 10 10.6177 0 0 0 10.6177 0 0 0 10.6177 10.4078 0 0 0 10.4078 0 0 0 10.4078 11.3946 0 0 0 11.3946 0 0 0 11.3946 7.88715 0 0 0 7.88715 0 0 0 7.88715 9.97106 0 0 0 9.97106 0 0 0 9.97106 10 0 0 0 10 0 0 0 10 9.41474 0 0 0 9.41474 0 0 0 9.41474 12.7739 0 0 0 12.7739 0 0 0 12.7739 13.0387 0 0 0 13.0387 0 0 0 13.0387 8.84222 0 0 0 8.84222 0 0 0 8.84222 7.45082 0 0 0 7.45082 0 0 0 7.45082 7.16134 0 0 0 7.16134 0 0 0 7.16134 12.2305 0 0 0 12.2305 0 0 0 12.2305 10.662 0 0 0 10.662 0 0 0 10.662 9.50573 0 0 0 9.50573 0 0 0 9.50573 8.00027 0 0 0 8.00027 0 0 0 8.00027 9.39835 0 0 0 9.39835 0 0 0 9.39835 9.99171 0 0 0 9.99171 0 0 0 9.99171 11.6586 0 0 0 11.6586 0 0 0 11.6586 10 0 0 0 10 0 0 0 10 12.6395 0 0 0 12.6395 0 0 0 12.6395 10 0 0 0 10 0 0 0 10 9.26394 0 0 0 9.26394 0 0 0 9.26394 11.3277 0 0 0 11.3277 0 0 0 11.3277 11.9196 0 0 0 11.9196 0 0 0 11.9196 10 0 0 0 10 0 0 0 10 7.67484 0 0 0 7.67484 0 0 0 7.67484 8.22954 0 0 0 8.22954 0 0 0 8.22954 7.59178 0 0 0 7.59178 0 0 0 7.59178 12.4842 0 0 0 12.4842 0 0 0 12.4842 10.4042 0 0 0 10.4042 0 0 0 10.4042 7.87202 0 0 0 7.87202 0 0 0 7.87202 13.0903 0 0 0 13.0903 0 0 0 13.0903 9.33266 0 0 0 9.33266 0 0 0 9.33266 12.4543 0 0 0 12.4543 0 0 0 12.4543 7.25888 0 0 0 7.25888 0 0 0 7.25888 7.88585 0 0 0 7.88585 0 0 0 7.88585 8.84362 0 0 0 8.84362 0 0 0 8.84362 12.1048 0 0 0 12.1048 0 0 0 12.1048 7.36987 0 0 0 7.36987 0 0 0 7.36987 9.15927 0 0 0 9.15927 0 0 0 9.15927 12.0242 0 0 0 12.0242 0 0 0 12.0242 10 0 0 0 10 0 0 0 10 7.99699 0 0 0 7.99699 0 0 0 7.99699 11.1131 0 0 0 11.1131 0 0 0 11.1131 8.62138 0 0 0 8.62138 0 0 0 8.62138 10 0 0 0 10 0 0 0 10 10.9219 0 0 0 10.9219 0 0 0 10.9219 12.0458 0 0 0 12.0458 0 0 0 12.0458 7.91379 0 0 0 7.91379 0 0 0 7.91379 11.0614 0 0 0 11.0614 0 0 0 11.0614 11.685 0 0 0 11.685 0 0 0 11.685 7.27761 0 0 0 7.27761 0 0 0 7.27761 13.0562 0 0 0 13.0562 0 0 0 13.0562 12.5103 0 0 0 12.5103 0 0 0 12.5103 12.2842 0 0 0 12.2842 0 0 0 12.2842 12.8581 0 0 0 12.8581 0 0 0 12.8581 8.75294 0 0 0 8.75294 0 0 0 8.75294 9.19689 0 0 0 9.19689 0 0 0 9.19689 9.05255 0 0 0 9.05255 0 0 0 9.05255 10 0 0 0 10 0 0 0 10 10 0 0 0 10 0 0 0 10 8.17694 0 0 0 8.17694 0 0 0 8.17694 10.3475 0 0 0 10.3475 0 0 0 10.3475 8.79743 0 0 0 8.79743 0 0 0 8.79743 11.6098 0 0 0 11.6098 0 0 0 11.6098 11.137 0 0 0 11.137 0 0 0 11.137 7.62176 0 0 0 7.62176 0 0 0 7.62176 12.4552 0 0 0 12.4552 0 0 0 12.4552 10 0 0 0 10 0 0 0 10 11.4582 0 0 0 11.4582 0 0 0 11.4582 8.60879 0 0 0 8.60879 0 0 0 8.60879 10.3758 0 0 0 10.3758 0 0 0 10.3758 10 0 0 0 10 0 0 0 10 11.8943 0 0 0 11.8943 0 0 0 11.8943 11.4362 0 0 0 11.4362 0 0 0 11.4362 11.9478 0 0 0 11.9478 0 0 0 11.9478 8.58961 0 0 0 8.58961 0 0 0 8.58961 10 0 0 0 10 0 0 0 10 8.46995 0 0 0 8.46995 0 0 0 8.46995 8.97062 0 0 0 8.97062 0 0 0 8.97062 8.30486 0 0 0 8.30486 0 0 0 8.30486 8.4164 0 0 0 8.4164 0 0 0 8.4164 8.72917 0 0 0 8.72917 0 0 0 8.72917 12.2273 0 0 0 12.2273 0 0 0 12.2273 13.1361 0 0 0 13.1361 0 0 0 13.1361 11.1193 0 0 0 11.1193 0 0 0 11.1193 12.1905 0 0 0 12.1905 0 0 0 12.1905 11.6975 0 0 0 11.6975 0 0 0 11.6975 12.111 0 0 0 12.111 0 0 0 12.111 9.0321 0 0 0 9.0321 0 0 0 9.0321 13.1479 0 0 0 13.1479 0 0 0 13.1479 12.5067 0 0 0 12.5067 0 0 0 12.5067 12.5224 0 0 0 12.5224 0 0 0 12.5224 8.98322 0 0 0 8.98322 0 0 0 8.98322 10.2312 0 0 0 10.2312 0 0 0 10.2312 7.5851 0 0 0 7.5851 0 0 0 7.5851 10.3648 0 0 0 10.3648 0 0 0 10.3648 10 0 0 0 10 0 0 0 10 10.9911 0 0 0 10.9911 0 0 0 10.9911 10.915 0 0 0 10.915 0 0 0 10.915 7.10369 0 0 0 7.10369 0 0 0 7.10369 10.6563 0 0 0 10.6563 0 0 0 10.6563 9.64675 0 0 0 9.64675 0 0 0 9.64675 8.4094 0 0 0 8.4094 0 0 0 8.4094 9.16067 0 0 0 9.16067 0 0 0 9.16067 8.39575 0 0 0 8.39575 0 0 0 8.39575 8.99535 0 0 0 8.99535 0 0 0 8.99535 7.59514 0 0 0 7.59514 0 0 0 7.59514 10 0 0 0 10 0 0 0 10 10 0 0 0 10 0 0 0 10 8.42329 0 0 0 8.42329 0 0 0 8.42329 12.2636 0 0 0 12.2636 0 0 0 12.2636 13.2335 0 0 0 13.2335 0 0 0 13.2335 10 0 0 0 10 0 0 0 10 10 0 0 0 10 0 0 0 10 11.3613 0 0 0 11.3613 0 0 0 11.3613 8.64926 0 0 0 8.64926 0 0 0 8.64926 11.0982 0 0 0 11.0982 0 0 0 11.0982 8.72752 0 0 0 8.72752 0 0 0 8.72752 10 0 0 0 10 0 0 0 10 8.02878 0 0 0 8.02878 0 0 0 8.02878 12.7073 0 0 0 12.7073 0 0 0 12.7073 11.1352 0 0 0 11.1352 0 0 0 11.1352 8.75945 0 0 0 8.75945 0 0 0 8.75945 10.2008 0 0 0 10.2008 0 0 0 10.2008 12.7688 0 0 0 12.7688 0 0 0 12.7688 9.50567 0 0 0 9.50567 0 0 0 9.50567 7.5145 0 0 0 7.5145 0 0 0 7.5145 8.40575 0 0 0 8.40575 0 0 0 8.40575 8.06026 0 0 0 8.06026 0 0 0 8.06026 13.1421 0 0 0 13.1421 0 0 0 13.1421 10 0 0 0 10 0 0 0 10 10.2726 0 0 0 10.2726 0 0 0 10.2726 8.99908 0 0 0 8.99908 0 0 0 8.99908 9.7024 0 0 0 9.7024 0 0 0 9.7024 8.70688 0 0 0 8.70688 0 0 0 8.70688 9.97218 0 0 0 9.97218 0 0 0 9.97218 12.7119 0 0 0 12.7119 0 0 0 12.7119 13.1347 0 0 0 13.1347 0 0 0 13.1347 8.8141 0 0 0 8.8141 0 0 0 8.8141 10 0 0 0 10 0 0 0 10 10.385 0 0 0 10.385 0 0 0 10.385 12.1956 0 0 0 12.1956 0 0 0 12.1956 7.88866 0 0 0 7.88866 0 0 0 7.88866 8.00803 0 0 0 8.00803 0 0 0 8.00803 9.04404 0 0 0 9.04404 0 0 0 9.04404 8.01723 0 0 0 8.01723 0 0 0 8.01723 8.60051 0 0 0 8.60051 0 0 0 8.60051 9.59685 0 0 0 9.59685 0 0 0 9.59685 12.233 0 0 0 12.233 0 0 0 12.233 7.8801 0 0 0 7.8801 0 0 0 7.8801 7.21773 0 0 0 7.21773 0 0 0 7.21773 9.74349 0 0 0 9.74349 0 0 0 9.74349 13.2551 0 0 0 13.2551 0 0 0 13.2551 8.64012 0 0 0 8.64012 0 0 0 8.64012 9.88858 0 0 0 9.88858 0 0 0 9.88858 10 0 0 0 10 0 0 0 10 12.1997 0 0 0 12.1997 0 0 0 12.1997 11.1094 0 0 0 11.1094 0 0 0 11.1094 11.0792 0 0 0 11.0792 0 0 0 11.0792 9.73885 0 0 0 9.73885 0 0 0 9.73885 10.2596 0 0 0 10.2596 0 0 0 10.2596 7.53812 0 0 0 7.53812 0 0 0 7.53812 10.6807 0 0 0 10.6807 0 0 0 10.6807 10 0 0 0 10 0 0 0 10 13.271 0 0 0 13.271 0 0 0 13.271 11.9835 0 0 0 11.9835 0 0 0 11.9835 11.6777 0 0 0 11.6777 0 0 0 11.6777 12.9577 0 0 0 12.9577 0 0 0 12.9577 11.1114 0 0 0 11.1114 0 0 0 11.1114 12.646 0 0 0 12.646 0 0 0 12.646 10 0 0 0 10 0 0 0 10 9.53848 0 0 0 9.53848 0 0 0 9.53848 12.1436 0 0 0 12.1436 0 0 0 12.1436 13.0557 0 0 0 13.0557 0 0 0 13.0557 10 0 0 0 10 0 0 0 10 12.4791 0 0 0 12.4791 0 0 0 12.4791 10.454 0 0 0 10.454 0 0 0 10.454 11.0089 0 0 0 11.0089 0 0 0 11.0089 7.25538 0 0 0 7.25538 0 0 0 7.25538 11.9428 0 0 0 11.9428 0 0 0 11.9428 10 0 0 0 10 0 0 0 10 12.5574 0 0 0 12.5574 0 0 0 12.5574 8.01974 0 0 0 8.01974 0 0 0 8.01974 10 0 0 0 10 0 0 0 10 13.0226 0 0 0 13.0226 0 0 0 13.0226 9.80408 0 0 0 9.80408 0 0 0 9.80408 8.02163 0 0 0 8.02163 0 0 0 8.02163 7.87656 0 0 0 7.87656 0 0 0 7.87656 10 0 0 0 10 0 0 0 10 7.87303 0 0 0 7.87303 0 0 0 7.87303 8.82078 0 0 0 8.82078 0 0 0 8.82078 10 0 0 0 10 0 0 0 10 11.8756 0 0 0 11.8756 0 0 0 11.8756 12.4525 0 0 0 12.4525 0 0 0 12.4525 9.47724 0 0 0 9.47724 0 0 0 9.47724 7.64557 0 0 0 7.64557 0 0 0 7.64557 7.92985 0 0 0 7.92985 0 0 0 7.92985 9.64678 0 0 0 9.64678 0 0 0 9.64678 12.0477 0 0 0 12.0477 0 0 0 12.0477 9.5079 0 0 0 9.5079 0 0 0 9.5079 8.03715 0 0 0 8.03715 0 0 0 8.03715 11.0822 0 0 0 11.0822 0 0 0 11.0822 7.92514 0 0 0 7.92514 0 0 0 7.92514 7.22052 0 0 0 7.22052 0 0 0 7.22052 12.0672 0 0 0 12.0672 0 0 0 12.0672 10.9076 0 0 0 10.9076 0 0 0 10.9076 7.97187 0 0 0 7.97187 0 0 0 7.97187 10 0 0 0 10 0 0 0 10 7.85396 0 0 0 7.85396 0 0 0 7.85396 11.0112 0 0 0 11.0112 0 0 0 11.0112 7.92111 0 0 0 7.92111 0 0 0 7.92111 8.58935 0 0 0 8.58935 0 0 0 8.58935 7.86107 0 0 0 7.86107 0 0 0 7.86107 12.713 0 0 0 12.713 0 0 0 12.713 10.5073 0 0 0 10.5073 0 0 0 10.5073 10.4561 0 0 0 10.4561 0 0 0 10.4561 7.54909 0 0 0 7.54909 0 0 0 7.54909 10.9109 0 0 0 10.9109 0 0 0 10.9109 11.44 0 0 0 11.44 0 0 0 11.44 12.4953 0 0 0 12.4953 0 0 0 12.4953 9.30449 0 0 0 9.30449 0 0 0 9.30449 9.5897 0 0 0 9.5897 0 0 0 9.5897 13.0231 0 0 0 13.0231 0 0 0 13.0231 7.29988 0 0 0 7.29988 0 0 0 7.29988 8.1463 0 0 0 8.1463 0 0 0 8.1463 11.7892 0 0 0 11.7892 0 0 0 11.7892 9.22618 0 0 0 9.22618 0 0 0 9.22618 8.79205 0 0 0 8.79205 0 0 0 8.79205 7.80621 0 0 0 7.80621 0 0 0 7.80621 8.44839 0 0 0 8.44839 0 0 0 8.44839 8.4735 0 0 0 8.4735 0 0 0 8.4735 9.05711 0 0 0 9.05711 0 0 0 9.05711 7.89033 0 0 0 7.89033 0 0 0 7.89033 8.31179 0 0 0 8.31179 0 0 0 8.31179 11.8705 0 0 0 11.8705 0 0 0 11.8705 8.74239 0 0 0 8.74239 0 0 0 8.74239 9.06519 0 0 0 9.06519 0 0 0 9.06519 9.62253 0 0 0 9.62253 0 0 0 9.62253 9.47072 0 0 0 9.47072 0 0 0 9.47072 9.92807 0 0 0 9.92807 0 0 0 9.92807 10.707 0 0 0 10.707 0 0 0 10.707 9.22781 0 0 0 9.22781 0 0 0 9.22781 7.45784 0 0 0 7.45784 0 0 0 7.45784 12.9442 0 0 0 12.9442 0 0 0 12.9442 8.15667 0 0 0 8.15667 0 0 0 8.15667 7.37946 0 0 0 7.37946 0 0 0 7.37946 13.1061 0 0 0 13.1061 0 0 0 13.1061 11.5582 0 0 0 11.5582 0 0 0 11.5582 10 0 0 0 10 0 0 0 10 8.04087 0 0 0 8.04087 0 0 0 8.04087 13.062 0 0 0 13.062 0 0 0 13.062 9.18495 0 0 0 9.18495 0 0 0 9.18495 11.7589 0 0 0 11.7589 0 0 0 11.7589 9.08505 0 0 0 9.08505 0 0 0 9.08505 10 0 0 0 10 0 0 0 10 13.0872 0 0 0 13.0872 0 0 0 13.0872 9.69498 0 0 0 9.69498 0 0 0 9.69498 9.52098 0 0 0 9.52098 0 0 0 9.52098 7.87111 0 0 0 7.87111 0 0 0 7.87111 7.91817 0 0 0 7.91817 0 0 0 7.91817 8.5284 0 0 0 8.5284 0 0 0 8.5284 12.7979 0 0 0 12.7979 0 0 0 12.7979 7.34833 0 0 0 7.34833 0 0 0 7.34833 7.66699 0 0 0 7.66699 0 0 0 7.66699 7.22626 0 0 0 7.22626 0 0 0 7.22626 7.86827 0 0 0 7.86827 0 0 0 7.86827 7.45801 0 0 0 7.45801 0 0 0 7.45801 10.6401 0 0 0 10.6401 0 0 0 10.6401 10 0 0 0 10 0 0 0 10 12.9309 0 0 0 12.9309 0 0 0 12.9309 8.65657 0 0 0 8.65657 0 0 0 8.65657 12.7643 0 0 0 12.7643 0 0 0 12.7643 10 0 0 0 10 0 0 0 10 8.63242 0 0 0 8.63242 0 0 0 8.63242 12.9807 0 0 0 12.9807 0 0 0 12.9807 10 0 0 0 10 0 0 0 10 8.25674 0 0 0 8.25674 0 0 0 8.25674 11.0324 0 0 0 11.0324 0 0 0 11.0324 8.47175 0 0 0 8.47175 0 0 0 8.47175 11.9325 0 0 0 11.9325 0 0 0 11.9325 11.7293 0 0 0 11.7293 0 0 0 11.7293 12.5226 0 0 0 12.5226 0 0 0 12.5226 8.10887 0 0 0 8.10887 0 0 0 8.10887 9.86066 0 0 0 9.86066 0 0 0 9.86066 12.1451 0 0 0 12.1451 0 0 0 12.1451 10 0 0 0 10 0 0 0 10 12.1377 0 0 0 12.1377 0 0 0 12.1377 12.635 0 0 0 12.635 0 0 0 12.635 9.27147 0 0 0 9.27147 0 0 0 9.27147 7.91393 0 0 0 7.91393 0 0 0 7.91393 12.5662 0 0 0 12.5662 0 0 0 12.5662 9.937 0 0 0 9.937 0 0 0 9.937 11.5196 0 0 0 11.5196 0 0 0 11.5196 8.03465 0 0 0 8.03465 0 0 0 8.03465 9.73391 0 0 0 9.73391 0 0 0 9.73391 8.43907 0 0 0 8.43907 0 0 0 8.43907 7.93898 0 0 0 7.93898 0 0 0 7.93898 12.5021 0 0 0 12.5021 0 0 0 12.5021 13.116 0 0 0 13.116 0 0 0 13.116 10 0 0 0 10 0 0 0 10 8.02964 0 0 0 8.02964 0 0 0 8.02964 7.8852 0 0 0 7.8852 0 0 0 7.8852 12.8696 0 0 0 12.8696 0 0 0 12.8696 7.87209 0 0 0 7.87209 0 0 0 7.87209 11.6688 0 0 0 11.6688 0 0 0 11.6688 8.55873 0 0 0 8.55873 0 0 0 8.55873 10 0 0 0 10 0 0 0 10 8.56022 0 0 0 8.56022 0 0 0 8.56022 13.2199 0 0 0 13.2199 0 0 0 13.2199 10 0 0 0 10 0 0 0 10 8.6984 0 0 0 8.6984 0 0 0 8.6984 8.5379 0 0 0 8.5379 0 0 0 8.5379 9.14294 0 0 0 9.14294 0 0 0 9.14294 9.98467 0 0 0 9.98467 0 0 0 9.98467 8.37918 0 0 0 8.37918 0 0 0 8.37918 7.79455 0 0 0 7.79455 0 0 0 7.79455 12.1888 0 0 0 12.1888 0 0 0 12.1888 10.417 0 0 0 10.417 0 0 0 10.417 9.69923 0 0 0 9.69923 0 0 0 9.69923 7.16714 0 0 0 7.16714 0 0 0 7.16714 10 0 0 0 10 0 0 0 10 10 0 0 0 10 0 0 0 10 11.4429 0 0 0 11.4429 0 0 0 11.4429 11.9332 0 0 0 11.9332 0 0 0 11.9332 8.3536 0 0 0 8.3536 0 0 0 8.3536 9.62633 0 0 0 9.62633 0 0 0 9.62633 12.4361 0 0 0 12.4361 0 0 0 12.4361 12.2997 0 0 0 12.2997 0 0 0 12.2997 10 0 0 0 10 0 0 0 10 9.79799 0 0 0 9.79799 0 0 0 9.79799 8.76897 0 0 0 8.76897 0 0 0 8.76897 8.04634 0 0 0 8.04634 0 0 0 8.04634 10 0 0 0 10 0 0 0 10 7.81957 0 0 0 7.81957 0 0 0 7.81957 12.7597 0 0 0 12.7597 0 0 0 12.7597 9.95508 0 0 0 9.95508 0 0 0 9.95508 12.8854 0 0 0 12.8854 0 0 0 12.8854 10 0 0 0 10 0 0 0 10 7.87612 0 0 0 7.87612 0 0 0 7.87612 11.4686 0 0 0 11.4686 0 0 0 11.4686 11.7698 0 0 0 11.7698 0 0 0 11.7698 10 0 0 0 10 0 0 0 10 9.00331 0 0 0 9.00331 0 0 0 9.00331 9.98992 0 0 0 9.98992 0 0 0 9.98992 11.8378 0 0 0 11.8378 0 0 0 11.8378 7.14911 0 0 0 7.14911 0 0 0 7.14911 8.51585 0 0 0 8.51585 0 0 0 8.51585 11.0594 0 0 0 11.0594 0 0 0 11.0594 10 0 0 0 10 0 0 0 10 9.30113 0 0 0 9.30113 0 0 0 9.30113 11.9077 0 0 0 11.9077 0 0 0 11.9077 10 0 0 0 10 0 0 0 10 8.8387 0 0 0 8.8387 0 0 0 8.8387 8.92959 0 0 0 8.92959 0 0 0 8.92959 11.3968 0 0 0 11.3968 0 0 0 11.3968 7.92268 0 0 0 7.92268 0 0 0 7.92268 7.82139 0 0 0 7.82139 0 0 0 7.82139 12.7876 0 0 0 12.7876 0 0 0 12.7876 8.13929 0 0 0 8.13929 0 0 0 8.13929 11.4752 0 0 0 11.4752 0 0 0 11.4752 9.87635 0 0 0 9.87635 0 0 0 9.87635 11.4504 0 0 0 11.4504 0 0 0 11.4504 8.6008 0 0 0 8.6008 0 0 0 8.6008 7.84866 0 0 0 7.84866 0 0 0 7.84866 8.23184 0 0 0 8.23184 0 0 0 8.23184 8.7341 0 0 0 8.7341 0 0 0 8.7341 8.93772 0 0 0 8.93772 0 0 0 8.93772 7.78428 0 0 0 7.78428 0 0 0 7.78428 9.20785 0 0 0 9.20785 0 0 0 9.20785 12.3158 0 0 0 12.3158 0 0 0 12.3158 7.45465 0 0 0 7.45465 0 0 0 7.45465 7.96264 0 0 0 7.96264 0 0 0 7.96264 8.54259 0 0 0 8.54259 0 0 0 8.54259 12.1265 0 0 0 12.1265 0 0 0 12.1265 7.37864 0 0 0 7.37864 0 0 0 7.37864 9.85163 0 0 0 9.85163 0 0 0 9.85163 9.25977 0 0 0 9.25977 0 0 0 9.25977 7.87943 0 0 0 7.87943 0 0 0 7.87943 8.92709 0 0 0 8.92709 0 0 0 8.92709 11.6028 0 0 0 11.6028 0 0 0 11.6028 12.5298 0 0 0 12.5298 0 0 0 12.5298 9.1743 0 0 0 9.1743 0 0 0 9.1743 8.90639 0 0 0 8.90639 0 0 0 8.90639 10 0 0 0 10 0 0 0 10 7.54994 0 0 0 7.54994 0 0 0 7.54994 9.94285 0 0 0 9.94285 0 0 0 9.94285 13.2721 0 0 0 13.2721 0 0 0 13.2721 10.4883 0 0 0 10.4883 0 0 0 10.4883 11.1089 0 0 0 11.1089 0 0 0 11.1089 10 0 0 0 10 0 0 0 10 12.4319 0 0 0 12.4319 0 0 0 12.4319 9.46444 0 0 0 9.46444 0 0 0 9.46444 12.2337 0 0 0 12.2337 0 0 0 12.2337 7.07525 0 0 0 7.07525 0 0 0 7.07525 7.14752 0 0 0 7.14752 0 0 0 7.14752 10 0 0 0 10 0 0 0 10 7.8013 0 0 0 7.8013 0 0 0 7.8013 7.8594 0 0 0 7.8594 0 0 0 7.8594 10 0 0 0 10 0 0 0 10 7.55681 0 0 0 7.55681 0 0 0 7.55681 8.40985 0 0 0 8.40985 0 0 0 8.40985 12.5737 0 0 0 12.5737 0 0 0 12.5737 7.90622 0 0 0 7.90622 0 0 0 7.90622 10 0 0 0 10 0 0 0 10 9.42356 0 0 0 9.42356 0 0 0 9.42356 8.59189 0 0 0 8.59189 0 0 0 8.59189 13.27 0 0 0 13.27 0 0 0 13.27 9.84875 0 0 0 9.84875 0 0 0 9.84875 8.22103 0 0 0 8.22103 0 0 0 8.22103 8.57962 0 0 0 8.57962 0 0 0 8.57962 9.50846 0 0 0 9.50846 0 0 0 9.50846 8.70929 0 0 0 8.70929 0 0 0 8.70929 8.77572 0 0 0 8.77572 0 0 0 8.77572 8.05956 0 0 0 8.05956 0 0 0 8.05956 10.9285 0 0 0 10.9285 0 0 0 10.9285 9.11739 0 0 0 9.11739 0 0 0 9.11739 12.1472 0 0 0 12.1472 0 0 0 12.1472 12.0724 0 0 0 12.0724 0 0 0 12.0724 11.7131 0 0 0 11.7131 0 0 0 11.7131 8.54425 0 0 0 8.54425 0 0 0 8.54425 7.88318 0 0 0 7.88318 0 0 0 7.88318 9.03689 0 0 0 9.03689 0 0 0 9.03689 9.16033 0 0 0 9.16033 0 0 0 9.16033 9.61446 0 0 0 9.61446 0 0 0 9.61446 12.2582 0 0 0 12.2582 0 0 0 12.2582 7.54371 0 0 0 7.54371 0 0 0 7.54371 8.54089 0 0 0 8.54089 0 0 0 8.54089 7.68144 0 0 0 7.68144 0 0 0 7.68144 13.261 0 0 0 13.261 0 0 0 13.261 12.0728 0 0 0 12.0728 0 0 0 12.0728 13.1451 0 0 0 13.1451 0 0 0 13.1451 9.07839 0 0 0 9.07839 0 0 0 9.07839 10 0 0 0 10 0 0 0 10 9.06707 0 0 0 9.06707 0 0 0 9.06707 9.39844 0 0 0 9.39844 0 0 0 9.39844 9.1001 0 0 0 9.1001 0 0 0 9.1001 9.18962 0 0 0 9.18962 0 0 0 9.18962 9.61952 0 0 0 9.61952 0 0 0 9.61952 12.4725 0 0 0 12.4725 0 0 0 12.4725 10 0 0 0 10 0 0 0 10 9.56235 0 0 0 9.56235 0 0 0 9.56235 7.85051 0 0 0 7.85051 0 0 0 7.85051 7.68882 0 0 0 7.68882 0 0 0 7.68882 7.85637 0 0 0 7.85637 0 0 0 7.85637 8.45546 0 0 0 8.45546 0 0 0 8.45546 8.31575 0 0 0 8.31575 0 0 0 8.31575 13.2509 0 0 0 13.2509 0 0 0 13.2509 10 0 0 0 10 0 0 0 10 11.7834 0 0 0 11.7834 0 0 0 11.7834 12.7116 0 0 0 12.7116 0 0 0 12.7116 11.8478 0 0 0 11.8478 0 0 0 11.8478 11.8781 0 0 0 11.8781 0 0 0 11.8781 11.0079 0 0 0 11.0079 0 0 0 11.0079 7.84306 0 0 0 7.84306 0 0 0 7.84306 7.86468 0 0 0 7.86468 0 0 0 7.86468 9.721 0 0 0 9.721 0 0 0 9.721 10 0 0 0 10 0 0 0 10 7.65938 0 0 0 7.65938 0 0 0 7.65938 9.95561 0 0 0 9.95561 0 0 0 9.95561 7.38296 0 0 0 7.38296 0 0 0 7.38296 11.6195 0 0 0 11.6195 0 0 0 11.6195 11.6228 0 0 0 11.6228 0 0 0 11.6228 10.6966 0 0 0 10.6966 0 0 0 10.6966 10.9132 0 0 0 10.9132 0 0 0 10.9132 8.54846 0 0 0 8.54846 0 0 0 8.54846 9.18542 0 0 0 9.18542 0 0 0 9.18542 8.54554 0 0 0 8.54554 0 0 0 8.54554 10 0 0 0 10 0 0 0 10 10 0 0 0 10 0 0 0 10 10 0 0 0 10 0 0 0 10 9.84612 0 0 0 9.84612 0 0 0 9.84612 10 0 0 0 10 0 0 0 10 12.7072 0 0 0 12.7072 0 0 0 12.7072 8.58455 0 0 0 8.58455 0 0 0 8.58455 9.28642 0 0 0 9.28642 0 0 0 9.28642 8.84435 0 0 0 8.84435 0 0 0 8.84435 9.40009 0 0 0 9.40009 0 0 0 9.40009 7.68806 0 0 0 7.68806 0 0 0 7.68806 11.724 0 0 0 11.724 0 0 0 11.724 10 0 0 0 10 0 0 0 10 8.91673 0 0 0 8.91673 0 0 0 8.91673 8.51481 0 0 0 8.51481 0 0 0 8.51481 9.19373 0 0 0 9.19373 0 0 0 9.19373 8.57159 0 0 0 8.57159 0 0 0 8.57159 10 0 0 0 10 0 0 0 10 12.2227 0 0 0 12.2227 0 0 0 12.2227 8.86978 0 0 0 8.86978 0 0 0 8.86978 9.00799 0 0 0 9.00799 0 0 0 9.00799 7.83824 0 0 0 7.83824 0 0 0 7.83824 7.62142 0 0 0 7.62142 0 0 0 7.62142 8.55981 0 0 0 8.55981 0 0 0 8.55981 8.91879 0 0 0 8.91879 0 0 0 8.91879 8.05805 0 0 0 8.05805 0 0 0 8.05805 8.65668 0 0 0 8.65668 0 0 0 8.65668 7.92698 0 0 0 7.92698 0 0 0 7.92698 8.97029 0 0 0 8.97029 0 0 0 8.97029 8.25888 0 0 0 8.25888 0 0 0 8.25888 10 0 0 0 10 0 0 0 10 8.33588 0 0 0 8.33588 0 0 0 8.33588 8.32984 0 0 0 8.32984 0 0 0 8.32984 9.98406 0 0 0 9.98406 0 0 0 9.98406 9.35788 0 0 0 9.35788 0 0 0 9.35788 11.7161 0 0 0 11.7161 0 0 0 11.7161 9.46331 0 0 0 9.46331 0 0 0 9.46331 8.87405 0 0 0 8.87405 0 0 0 8.87405 8.94583 0 0 0 8.94583 0 0 0 8.94583 9.32184 0 0 0 9.32184 0 0 0 9.32184 10 0 0 0 10 0 0 0 10 9.47112 0 0 0 9.47112 0 0 0 9.47112 8.61074 0 0 0 8.61074 0 0 0 8.61074 8.44832 0 0 0 8.44832 0 0 0 8.44832 8.25492 0 0 0 8.25492 0 0 0 8.25492 9.67734 0 0 0 9.67734 0 0 0 9.67734 9.28664 0 0 0 9.28664 0 0 0 9.28664 8.45184 0 0 0 8.45184 0 0 0 8.45184 12.2229 0 0 0 12.2229 0 0 0 12.2229 9.7992 0 0 0 9.7992 0 0 0 9.7992 9.9009 0 0 0 9.9009 0 0 0 9.9009 10 0 0 0 10 0 0 0 10 10.9825 0 0 0 10.9825 0 0 0 10.9825 8.91696 0 0 0 8.91696 0 0 0 8.91696 11.7174 0 0 0 11.7174 0 0 0 11.7174 10.9632 0 0 0 10.9632 0 0 0 10.9632 7.99311 0 0 0 7.99311 0 0 0 7.99311 10.468 0 0 0 10.468 0 0 0 10.468 11.0681 0 0 0 11.0681 0 0 0 11.0681 7.7483 0 0 0 7.7483 0 0 0 7.7483 10 0 0 0 10 0 0 0 10 7.9418 0 0 0 7.9418 0 0 0 7.9418 10 0 0 0 10 0 0 0 10 9.13693 0 0 0 9.13693 0 0 0 9.13693 10 0 0 0 10 0 0 0 10 9.70769 0 0 0 9.70769 0 0 0 9.70769 8.7928 0 0 0 8.7928 0 0 0 8.7928 9.89906 0 0 0 9.89906 0 0 0 9.89906 7.47401 0 0 0 7.47401 0 0 0 7.47401 9.18269 0 0 0 9.18269 0 0 0 9.18269 10 0 0 0 10 0 0 0 10 7.72925 0 0 0 7.72925 0 0 0 7.72925 9.53483 0 0 0 9.53483 0 0 0 9.53483 8.02185 0 0 0 8.02185 0 0 0 8.02185 9.08634 0 0 0 9.08634 0 0 0 9.08634 8.2333 0 0 0 8.2333 0 0 0 8.2333 9.16489 0 0 0 9.16489 0 0 0 9.16489 8.07967 0 0 0 8.07967 0 0 0 8.07967 10 0 0 0 10 0 0 0 10 7.60084 0 0 0 7.60084 0 0 0 7.60084 8.4308 0 0 0 8.4308 0 0 0 8.4308 10 0 0 0 10 0 0 0 10 8.60505 0 0 0 8.60505 0 0 0 8.60505 12.013 0 0 0 12.013 0 0 0 12.013 10 0 0 0 10 0 0 0 10 9.67122 0 0 0 9.67122 0 0 0 9.67122 8.84489 0 0 0 8.84489 0 0 0 8.84489 9.2648 0 0 0 9.2648 0 0 0 9.2648 9.9372 0 0 0 9.9372 0 0 0 9.9372 8.29891 0 0 0 8.29891 0 0 0 8.29891 7.77154 0 0 0 7.77154 0 0 0 7.77154 7.54879 0 0 0 7.54879 0 0 0 7.54879 9.46929 0 0 0 9.46929 0 0 0 9.46929 9.61764 0 0 0 9.61764 0 0 0 9.61764 8.66683 0 0 0 8.66683 0 0 0 8.66683 11.9051 0 0 0 11.9051 0 0 0 11.9051 7.88524 0 0 0 7.88524 0 0 0 7.88524 12.5153 0 0 0 12.5153 0 0 0 12.5153 11.0592 0 0 0 11.0592 0 0 0 11.0592 9.53299 0 0 0 9.53299 0 0 0 9.53299 10 0 0 0 10 0 0 0 10 12.1103 0 0 0 12.1103 0 0 0 12.1103 8.08539 0 0 0 8.08539 0 0 0 8.08539 9.08611 0 0 0 9.08611 0 0 0 9.08611 10 0 0 0 10 0 0 0 10 8.98621 0 0 0 8.98621 0 0 0 8.98621 12.911 0 0 0 12.911 0 0 0 12.911 7.04913 0 0 0 7.04913 0 0 0 7.04913 9.16115 0 0 0 9.16115 0 0 0 9.16115 9.00509 0 0 0 9.00509 0 0 0 9.00509 8.20979 0 0 0 8.20979 0 0 0 8.20979 8.75172 0 0 0 8.75172 0 0 0 8.75172 8.13286 0 0 0 8.13286 0 0 0 8.13286 10 0 0 0 10 0 0 0 10 8.80291 0 0 0 8.80291 0 0 0 8.80291 8.93924 0 0 0 8.93924 0 0 0 8.93924 10 0 0 0 10 0 0 0 10 8.9895 0 0 0 8.9895 0 0 0 8.9895 9.4765 0 0 0 9.4765 0 0 0 9.4765 8.89445 0 0 0 8.89445 0 0 0 8.89445 11.2823 0 0 0 11.2823 0 0 0 11.2823 8.10205 0 0 0 8.10205 0 0 0 8.10205 9.63233 0 0 0 9.63233 0 0 0 9.63233 8.00029 0 0 0 8.00029 0 0 0 8.00029 9.82229 0 0 0 9.82229 0 0 0 9.82229 12.6471 0 0 0 12.6471 0 0 0 12.6471 8.44504 0 0 0 8.44504 0 0 0 8.44504 8.10573 0 0 0 8.10573 0 0 0 8.10573 9.06192 0 0 0 9.06192 0 0 0 9.06192 8.12291 0 0 0 8.12291 0 0 0 8.12291 10 0 0 0 10 0 0 0 10 8.97332 0 0 0 8.97332 0 0 0 8.97332 7.13497 0 0 0 7.13497 0 0 0 7.13497 8.3816 0 0 0 8.3816 0 0 0 8.3816 8.6175 0 0 0 8.6175 0 0 0 8.6175 10.9841 0 0 0 10.9841 0 0 0 10.9841 8.00095 0 0 0 8.00095 0 0 0 8.00095 7.98386 0 0 0 7.98386 0 0 0 7.98386 8.90368 0 0 0 8.90368 0 0 0 8.90368 9.74574 0 0 0 9.74574 0 0 0 9.74574 7.94414 0 0 0 7.94414 0 0 0 7.94414 8.85661 0 0 0 8.85661 0 0 0 8.85661 7.98313 0 0 0 7.98313 0 0 0 7.98313 8.90822 0 0 0 8.90822 0 0 0 8.90822 7.25075 0 0 0 7.25075 0 0 0 7.25075 7.88395 0 0 0 7.88395 0 0 0 7.88395 8.74944 0 0 0 8.74944 0 0 0 8.74944 8.00457 0 0 0 8.00457 0 0 0 8.00457 7.85054 0 0 0 7.85054 0 0 0 7.85054 7.68799 0 0 0 7.68799 0 0 0 7.68799 7.99997 0 0 0 7.99997 0 0 0 7.99997 10 0 0 0 10 0 0 0 10 8.66826 0 0 0 8.66826 0 0 0 8.66826 8.05106 0 0 0 8.05106 0 0 0 8.05106 10 0 0 0 10 0 0 0 10 9.79397 0 0 0 9.79397 0 0 0 9.79397 11.3791 0 0 0 11.3791 0 0 0 11.3791 11.3436 0 0 0 11.3436 0 0 0 11.3436 10 0 0 0 10 0 0 0 10 7.37307 0 0 0 7.37307 0 0 0 7.37307 9.20241 0 0 0 9.20241 0 0 0 9.20241 8.05781 0 0 0 8.05781 0 0 0 8.05781 12.407 0 0 0 12.407 0 0 0 12.407 8.07225 0 0 0 8.07225 0 0 0 8.07225 10 0 0 0 10 0 0 0 10 9.06249 0 0 0 9.06249 0 0 0 9.06249 8.89602 0 0 0 8.89602 0 0 0 8.89602 10 0 0 0 10 0 0 0 10 7.94185 0 0 0 7.94185 0 0 0 7.94185 7.35353 0 0 0 7.35353 0 0 0 7.35353 8.89441 0 0 0 8.89441 0 0 0 8.89441 9.08872 0 0 0 9.08872 0 0 0 9.08872 8.32423 0 0 0 8.32423 0 0 0 8.32423 12.8072 0 0 0 12.8072 0 0 0 12.8072 10 0 0 0 10 0 0 0 10 8.0691 0 0 0 8.0691 0 0 0 8.0691 8.02835 0 0 0 8.02835 0 0 0 8.02835 8.43459 0 0 0 8.43459 0 0 0 8.43459 8.06887 0 0 0 8.06887 0 0 0 8.06887 9.18357 0 0 0 9.18357 0 0 0 9.18357 9.50411 0 0 0 9.50411 0 0 0 9.50411 8.28592 0 0 0 8.28592 0 0 0 8.28592 10 0 0 0 10 0 0 0 10 8.41755 0 0 0 8.41755 0 0 0 8.41755 8.28232 0 0 0 8.28232 0 0 0 8.28232 8.4291 0 0 0 8.4291 0 0 0 8.4291 9.63679 0 0 0 9.63679 0 0 0 9.63679 9.07481 0 0 0 9.07481 0 0 0 9.07481 9.30401 0 0 0 9.30401 0 0 0 9.30401 8.13283 0 0 0 8.13283 0 0 0 8.13283 8.62922 0 0 0 8.62922 0 0 0 8.62922 9.7499 0 0 0 9.7499 0 0 0 9.7499 7.35682 0 0 0 7.35682 0 0 0 7.35682 8.71656 0 0 0 8.71656 0 0 0 8.71656 9.34411 0 0 0 9.34411 0 0 0 9.34411 10 0 0 0 10 0 0 0 10 9.15422 0 0 0 9.15422 0 0 0 9.15422 9.88409 0 0 0 9.88409 0 0 0 9.88409 9.08282 0 0 0 9.08282 0 0 0 9.08282 8.69164 0 0 0 8.69164 0 0 0 8.69164 9.21885 0 0 0 9.21885 0 0 0 9.21885 9.11066 0 0 0 9.11066 0 0 0 9.11066 9.13755 0 0 0 9.13755 0 0 0 9.13755 7.6751 0 0 0 7.6751 0 0 0 7.6751 8.83211 0 0 0 8.83211 0 0 0 8.83211 10 0 0 0 10 0 0 0 10 9.50405 0 0 0 9.50405 0 0 0 9.50405 9.04062 0 0 0 9.04062 0 0 0 9.04062 10 0 0 0 10 0 0 0 10 10 0 0 0 10 0 0 0 10 8.90832 0 0 0 8.90832 0 0 0 8.90832 9.77113 0 0 0 9.77113 0 0 0 9.77113 10 0 0 0 10 0 0 0 10 10 0 0 0 10 0 0 0 10 9.09247 0 0 0 9.09247 0 0 0 9.09247 9.71156 0 0 0 9.71156 0 0 0 9.71156 10 0 0 0 10 0 0 0 10 7.83427 0 0 0 7.83427 0 0 0 7.83427 7.94883 0 0 0 7.94883 0 0 0 7.94883 7.16133 0 0 0 7.16133 0 0 0 7.16133 9.35577 0 0 0 9.35577 0 0 0 9.35577 9.25187 0 0 0 9.25187 0 0 0 9.25187 9.92777 0 0 0 9.92777 0 0 0 9.92777 10 0 0 0 10 0 0 0 10 10 0 0 0 10 0 0 0 10 10 0 0 0 10 0 0 0 10 7.99376 0 0 0 7.99376 0 0 0 7.99376 9.97677 0 0 0 9.97677 0 0 0 9.97677 7.81054 0 0 0 7.81054 0 0 0 7.81054 8.74491 0 0 0 8.74491 0 0 0 8.74491 8.37279 0 0 0 8.37279 0 0 0 8.37279 10 0 0 0 10 0 0 0 10 8.6449 0 0 0 8.6449 0 0 0 8.6449 7.19153 0 0 0 7.19153 0 0 0 7.19153 9.66111 0 0 0 9.66111 0 0 0 9.66111 8.94605 0 0 0 8.94605 0 0 0 8.94605 8.21722 0 0 0 8.21722 0 0 0 8.21722 8.06488 0 0 0 8.06488 0 0 0 8.06488 8.02287 0 0 0 8.02287 0 0 0 8.02287 8.83169 0 0 0 8.83169 0 0 0 8.83169 8.80064 0 0 0 8.80064 0 0 0 8.80064 8.14764 0 0 0 8.14764 0 0 0 8.14764 8.43418 0 0 0 8.43418 0 0 0 8.43418 7.89081 0 0 0 7.89081 0 0 0 7.89081 9.02777 0 0 0 9.02777 0 0 0 9.02777 9.95455 0 0 0 9.95455 0 0 0 9.95455 9.69719 0 0 0 9.69719 0 0 0 9.69719 8.58992 0 0 0 8.58992 0 0 0 8.58992 9.89301 0 0 0 9.89301 0 0 0 9.89301 8.65367 0 0 0 8.65367 0 0 0 8.65367 7.88243 0 0 0 7.88243 0 0 0 7.88243 7.95112 0 0 0 7.95112 0 0 0 7.95112 7.31305 0 0 0 7.31305 0 0 0 7.31305 7.2203 0 0 0 7.2203 0 0 0 7.2203 7.39229 0 0 0 7.39229 0 0 0 7.39229 7.95798 0 0 0 7.95798 0 0 0 7.95798 9.40655 0 0 0 9.40655 0 0 0 9.40655 10 0 0 0 10 0 0 0 10 8.23343 0 0 0 8.23343 0 0 0 8.23343 10 0 0 0 10 0 0 0 10 7.86187 0 0 0 7.86187 0 0 0 7.86187 8.5312 0 0 0 8.5312 0 0 0 8.5312 9.12838 0 0 0 9.12838 0 0 0 9.12838 9.78776 0 0 0 9.78776 0 0 0 9.78776 10 0 0 0 10 0 0 0 10 8.30859 0 0 0 8.30859 0 0 0 8.30859 9.46961 0 0 0 9.46961 0 0 0 9.46961 10 0 0 0 10 0 0 0 10 8.25938 0 0 0 8.25938 0 0 0 8.25938 9.41202 0 0 0 9.41202 0 0 0 9.41202 9.79575 0 0 0 9.79575 0 0 0 9.79575 8.17821 0 0 0 8.17821 0 0 0 8.17821 10 0 0 0 10 0 0 0 10 9.01194 0 0 0 9.01194 0 0 0 9.01194 8.33126 0 0 0 8.33126 0 0 0 8.33126 9.46215 0 0 0 9.46215 0 0 0 9.46215 10 0 0 0 10 0 0 0 10 8.0738 0 0 0 8.0738 0 0 0 8.0738 9.49584 0 0 0 9.49584 0 0 0 9.49584 8.99542 0 0 0 8.99542 0 0 0 8.99542 9.43758 0 0 0 9.43758 0 0 0 9.43758 9.14539 0 0 0 9.14539 0 0 0 9.14539 9.66707 0 0 0 9.66707 0 0 0 9.66707 7.12439 0 0 0 7.12439 0 0 0 7.12439 7.87863 0 0 0 7.87863 0 0 0 7.87863 7.1872 0 0 0 7.1872 0 0 0 7.1872 9.22614 0 0 0 9.22614 0 0 0 9.22614 8.76348 0 0 0 8.76348 0 0 0 8.76348 7.85546 0 0 0 7.85546 0 0 0 7.85546 8.87251 0 0 0 8.87251 0 0 0 8.87251 8.58692 0 0 0 8.58692 0 0 0 8.58692 9.62401 0 0 0 9.62401 0 0 0 9.62401 8.26082 0 0 0 8.26082 0 0 0 8.26082 8.63193 0 0 0 8.63193 0 0 0 8.63193 8.42247 0 0 0 8.42247 0 0 0 8.42247 9.20414 0 0 0 9.20414 0 0 0 9.20414 10 0 0 0 10 0 0 0 10 7.8369 0 0 0 7.8369 0 0 0 7.8369 9.57598 0 0 0 9.57598 0 0 0 9.57598 8.43848 0 0 0 8.43848 0 0 0 8.43848 7.74432 0 0 0 7.74432 0 0 0 7.74432 7.68886 0 0 0 7.68886 0 0 0 7.68886 8.35216 0 0 0 8.35216 0 0 0 8.35216 8.02361 0 0 0 8.02361 0 0 0 8.02361 9.2894 0 0 0 9.2894 0 0 0 9.2894 9.46654 0 0 0 9.46654 0 0 0 9.46654 8.61024 0 0 0 8.61024 0 0 0 8.61024 9.26151 0 0 0 9.26151 0 0 0 9.26151 9.66666 0 0 0 9.66666 0 0 0 9.66666 9.9617 0 0 0 9.9617 0 0 0 9.9617 10 0 0 0 10 0 0 0 10 7.25628 0 0 0 7.25628 0 0 0 7.25628 7.7575 0 0 0 7.7575 0 0 0 7.7575 7.67633 0 0 0 7.67633 0 0 0 7.67633 9.92777 0 0 0 9.92777 0 0 0 9.92777 8.16981 0 0 0 8.16981 0 0 0 8.16981 8.67899 0 0 0 8.67899 0 0 0 8.67899 8.82428 0 0 0 8.82428 0 0 0 8.82428 10 0 0 0 10 0 0 0 10 8.99042 0 0 0 8.99042 0 0 0 8.99042 7.95593 0 0 0 7.95593 0 0 0 7.95593 8.52376 0 0 0 8.52376 0 0 0 8.52376 7.35827 0 0 0 7.35827 0 0 0 7.35827 8.92678 0 0 0 8.92678 0 0 0 8.92678 7.99609 0 0 0 7.99609 0 0 0 7.99609 9.4775 0 0 0 9.4775 0 0 0 9.4775 8.34304 0 0 0 8.34304 0 0 0 8.34304 8.86471 0 0 0 8.86471 0 0 0 8.86471 9.28675 0 0 0 9.28675 0 0 0 9.28675 9.07981 0 0 0 9.07981 0 0 0 9.07981 8.52938 0 0 0 8.52938 0 0 0 8.52938 8.58704 0 0 0 8.58704 0 0 0 8.58704 8.58383 0 0 0 8.58383 0 0 0 8.58383 10 0 0 0 10 0 0 0 10 9.10934 0 0 0 9.10934 0 0 0 9.10934 9.22061 0 0 0 9.22061 0 0 0 9.22061 8.70683 0 0 0 8.70683 0 0 0 8.70683 8.9319 0 0 0 8.9319 0 0 0 8.9319 8.67967 0 0 0 8.67967 0 0 0 8.67967 10 0 0 0 10 0 0 0 10 9.65419 0 0 0 9.65419 0 0 0 9.65419
        </DataArray>
      </PointData>
      <Cells>
        <DataArray type="Int32" Name="offsets" NumberOfComponents="1" format="ascii">
 2269
        </DataArray>
        <DataArray type="Int32" Name="connectivity" NumberOfComponents="1" format="ascii">
 0 1 2 3 4 5 6 7 8 9 10 11 12 13 14 15 16 17 18 19 20 21 22 23 24 25 26 27 28 29 30 31 32 33 34 35 36 37 38 39 40 41 42 43 44 45 46 47 48 49 50 51 52 53 54 55 56 57 58 59 60 61 62 63 64 65 66 67 68 69 70 71 72 73 74 75 76 77 78 79 80 81 82 83 84 85 86 87 88 89 90 91 92 93 94 95 96 97 98 99 100 101 102 103 104 105 106 107 108 109 110 111 112 113 114 115 116 117 118 119 120 121 122 123 124 125 126 127 128 129 130 131 132 133 134 135 136 137 138 139 140 141 142 143 144 145 146 147 148 149 150 151 152 153 154 155 156 157 158 159 160 161 162 163 164 165 166 167 168 169 170 171 172 173 174 175 176 177 178 179 180 181 182 183 184 185 186 187 188 189 190 191 192 193 194 195 196 197 198 199 200 201 202 203 204 205 206 207 208 209 210 211 212 213 214 215 216 217 218 219 220 221 222 223 224 225 226 227 228 229 230 231 232 233 234 235 236 237 238 239 240 241 242 243 244 245 246 247 248 249 250 251 252 253 254 255 256 257 258 259 260 261 262 263 264 265 266 267 268 269 270 271 272 273 274 275 276 277 278 279 280 281 282 283 284 285 286 287 288 289 290 291 292 293 294 295 296 297 298 299 300 301 302 303 304 305 306 307 308 309 310 311 312 313 314 315 316 317 318 319 320 321 322 323 324 325 326 327 328 329 330 331 332 333 334 335 336 337 338 339 340 341 342 343 344 345 346 347 348 349 350 351 352 353 354 355 356 357 358 359 360 361 362 363 364 365 366 367 368 369 370 371 372 373 374 375 376 377 378 379 380 381 382 383 384 385 386 387 388 389 390 391 392 393 394 395 396 397 398 399 400 401 402 403 404 405 406 407 408 409 410 411 412 413 414 415 416 417 418 419 420 421 422 423 424 425 426 427 428 429 430 431 432 433 434 435 436 437 438 439 440 441 442 443 444 445 446 447 448 449 450 451 452 453 454 455 456 457 458 459 460 461 462 463 464 465 466 467 468 469 470 471 472 473 474 475 476 477 478 479 480 481 482 483 484 485 486 487 488 489 490 491 492 493 494 495 496 497 498 499 500 501 502 503 504 505 506 507 508 509 510 511 512 513 514 515 516 517 518 519 520 521 522 523 524 525 526 527 528 529 530 531 532 533 534 535 536 537 538 539 540 541 542 543 544 545 546 547 548 549 550 551 552 553 554 555 556 557 558 559 560 561 562 563 564 565 566 567 568 569 570 571 572 573 574 575 576 577 578 579 580 581 582 583 584 585 586 587 588 589 590 591 592 593 594 595 596 597 598 599 600 601 602 603 604 605 606 607 608 609 610 611 612 613 614 615 616 617 618 619 620 621 622 623 624 625 626 627 628 629 630 631 632 633 634 635 636 637 638 639 640 641 642 643 644 645 646 647 648 649 650 651 652 653 654 655 656 657 658 659 660 661 662 663 664 665 666 667 668 669 670 671 672 673 674 675 676 677 678 679 680 681 682 683 684 685 686 687 688 689 690 691 692 693 694 695 696 697 698 699 700 701 702 703 704 705 706 707 708 709 710 711 712 713 714 715 716 717 718 719 720 721 722 723 724 725 726 727 728 729 730 731 732 733 734 735 736 737 738 739 740 741 742 743 744 745 746 747 748 749 750 751 752 753 754 755 756 757 758 759 760 761 762 763 764 765 766 767 768 769 770 771 772 773 774 775 776 777 778 779 780 781 782 783 784 785 786 787 788 789 790 791 792 793 794 795 796 797 798 799 800 801 802 803 804 805 806 807 808 809 810 811 812 813 814 815 816 817 818 819 820 821 822 823 824 825 826 827 828 829 830 831 832 833 834 835 836 837 838 839 840 841 842 843 844 845 846 847 848 849 850 851 852 853 854 855 856 857 858 859 860 861 862 863 864 865 866 867 868 869 870 871 872 873 874 875 876 877 878 879 880 881 882 883 884 885 886 887 888 889 890 891 892 893 894 895 896 897 898 899 900 901 902 903 904 905 906 907 908 909 910 911 912 913 914 915 916 917 918 919 920 921 922 923 924 925 926 927 928 929 930 931 932 933 934 935 936 937 938 939 940 941 942 943 944 945 946 947 948 949 950 951 952 953 954 955 956 957 958 959 960 961 962 963 964 965 966 967 968 969 970 971 972 973 974 975 976 977 978 979 980 981 982 983 984 985 986 987 988 989 990 991 992 993 994 995 996 997 998 999 1000 1001 1002 1003 1004 1005 1006 1007 1008 1009 1010 1011 1012 1013 1014 1015 1016 1017 1018 1019 1020 1021 1022 1023 1024 1025 1026 1027 1028 1029 1030 1031 1032 1033 1034 1035 1036 1037 1038 1039 1040 1041 1042 1043 1044 1045 1046 1047 1048 1049 1050 1051 1052 1053 1054 1055 1056 1057 1058 1059 1060 1061 1062 1063 1064 1065 1066 1067 1068 1069 1070 1071 1072 1073 1074 1075 1076 1077 1078 1079 1080 1081 1082 1083 1084 1085 1086 1087 1088 1089 1090 1091 1092 1093 1094 1095 1096 1097 1098 1099 1100 1101 1102 1103 1104 1105 1106 1107 1108 1109 1110 1111 1112 1113 1114 1115 1116 1117 1118 1119 1120 1121 1122 1123 1124 1125 1126 1127 1128 1129 1130 1131 1132 1133 1134 1135 1136 1137 1138 1139 1140 1141 1142 1143 1144 1145 1146 1147 1148 1149 1150 1151 1152 1153 1154 1155 1156 1157 1158 1159 1160 1161 1162 1163 1164 1165 1166 1167 1168 1169 1170 1171 1172 1173 1174 1175 1176 1177 1178 1179 1180 1181 1182 1183 1184 1185 1186 1187 1188 1189 1190 1191 1192 1193 1194 1195 1196 1197 1198 1199 1200 1201 1202 1203 1204 1205 1206 1207 1208 1209 1210 1211 1212 1213 1214 1215 1216 1217 1218 1219 1220 1221 1222 1223 1224 1225 1226 1227 1228 1229 1230 1231 1232 1233 1234 1235 1236 1237 1238 1239 1240 1241 1242 1243 1244 1245 1246 1247 1248 1249 1250 1251 1252 1253 1254 1255 1256 1257 1258 1259 1260 1261 1262 1263 1264 1265 1266 1267 1268 1269 1270 1271 1272 1273 1274 1275 1276 1277 1278 1279 1280 1281 1282 1283 1284 1285 1286 1287 1288 1289 1290 1291 1292 1293 1294 1295 1296 1297 1298 1299 1300 1301 1302 1303 1304 1305 1306 1307 1308 1309 1310 1311 1312 1313 1314 1315 1316 1317 1318 1319 1320 1321 1322 1323 1324 1325 1326 1327 1328 1329 1330 1331 1332 1333 1334 1335 1336 1337 1338 1339 1340 1341 1342 1343 1344 1345 1346 1347 1348 1349 1350 1351 1352 1353 1354 1355 1356 1357 1358 1359 1360 1361 1362 1363 1364 1365 1366 1367 1368 1369 1370 1371 1372 1373 1374 1375 1376 1377 1378 1379 1380 1381 1382 1383 1384 1385 1386 1387 1388 1389 1390 1391 1392 1393 1394 1395 1396 1397 1398 1399 1400 1401 1402 1403 1404 1405 1406 1407 1408 1409 1410 1411 1412 1413 1414 1415 1416 1417 1418 1419 1420 1421 1422 1423 1424 1425 1426 1427 1428 1429 1430 1431 1432 1433 1434 1435 1436 1437 1438 1439 1440 1441 1442 1443 1444 1445 1446 1447 1448 1449 1450 1451 1452 1453 1454 1455 1456 1457 1458 1459 1460 1461 1462 1463 1464 1465 1466 1467 1468 1469 1470 1471 1472 1473 1474 1475 1476 1477 1478 1479 1480 1481 1482 1483 1484 1485 1486 1487 1488 1489 1490 1491 1492 1493 1494 1495 1496 1497 1498 1499 1500 1501 1502 1503 1504 1505 1506 1507 1508 1509 1510 1511 1512 1513 1514 1515 1516 1517 1518 1519 1520 1521 1522 1523 1524 1525 1526 1527 1528 1529 1530 1531 1532 1533 1534 1535 1536 1537 1538 1539 1540 1541 1542 1543 1544 1545 1546 1547 1548 1549 1550 1551 1552 1553 1554 1555 1556 1557 1558 1559 1560 1561 1562 1563 1564 1565 1566 1567 1568 1569 1570 1571 1572 1573 1574 1575 1576 1577 1578 1579 1580 1581 1582 1583 1584 1585 1586 1587 1588 1589 1590 1591 1592 1593 1594 1595 1596 1597 1598 1599 1600 1601 1602 1603 1604 1605 1606 1607 1608 1609 1610 1611 1612 1613 1614 1615 1616 1617 1618 1619 1620 1621 1622 1623 1624 1625 1626 1627 1628 1629 1630 1631 1632 1633 1634 1635 1636 1637 1638 1639 1640 1641 1642 1643 1644 1645 1646 1647 1648 1649 1650 1651 1652 1653 1654 1655 1656 1657 1658 1659 1660 1661 1662 1663 1664 1665 1666 1667 1668 1669 1670 1671 1672 1673 1674 1675 1676 1677 1678 1679 1680 1681 1682 1683 1684 1685 1686 1687 1688 1689 1690 1691 1692 1693 1694 1695 1696 1697 1698 1699 1700 1701 1702 1703 1704 1705 1706 1707 1708 1709 1710 1711 1712 1713 1714 1715 1716 1717 1718 1719 1720 1721 1722 1723 1724 1725 1726 1727 1728 1729 1730 1731 1732 1733 1734 1735 1736 1737 1738 1739 1740 1741 1742 1743 1744 1745 1746 1747 1748 1749 1750 1751 1752 1753 1754 1755 1756 1757 1758 1759 1760 1761 1762 1763 1764 1765 1766 1767 1768 1769 1770 1771 1772 1773 1774 1775 1776 1777 1778 1779 1780 1781 1782 1783 1784 1785 1786 1787 1788 1789 1790 1791 1792 1793 1794 1795 1796 1797 1798 1799 1800 1801 1802 1803 1804 1805 1806 1807 1808 1809 1810 1811 1812 1813 1814 1815 1816 1817 1818 1819 1820 1821 1822 1823 1824 1825 1826 1827 1828 1829 1830 1831 1832 1833 1834 1835 1836 1837 1838 1839 1840 1841 1842 1843 1844 1845 1846 1847 1848 1849 1850 1851 1852 1853 1854 1855 1856 1857 1858 1859 1860 1861 1862 1863 1864 1865 1866 1867 1868 1869 1870 1871 1872 1873 1874 1875 1876 1877 1878 1879 1880 1881 1882 1883 1884 1885 1886 1887 1888 1889 1890 1891 1892 1893 1894 1895 1896 1897 1898 1899 1900 1901 1902 1903 1904 1905 1906 1907 1908 1909 1910 1911 1912 1913 1914 1915 1916 1917 1918 1919 1920 1921 1922 1923 1924 1925 1926 1927 1928 1929 1930 1931 1932 1933 1934 1935 1936 1937 1938 1939 1940 1941 1942 1943 1944 1945 1946 1947 1948 1949 1950 1951 1952 1953 1954 1955 1956 1957 1958 1959 1960 1961 1962 1963 1964 1965 1966 1967 1968 1969 1970 1971 1972 1973 1974 1975 1976 1977 1978 1979 1980 1981 1982 1983 1984 1985 1986 1987 1988 1989 1990 1991 1992 1993 1994 1995 1996 1997 1998 1999 2000 2001 2002 2003 2004 2005 2006 2007 2008 2009 2010 2011 2012 2013 2014 2015 2016 2017 2018 2019 2020 2021 2022 2023 2024 2025 2026 2027 2028 2029 2030 2031 2032 2033 2034 2035 2036 2037 2038 2039 2040 2041 2042 2043 2044 2045 2046 2047 2048 2049 2050 2051 2052 2053 2054 2055 2056 2057 2058 2059 2060 2061 2062 2063 2064 2065 2066 2067 2068 2069 2070 2071 2072 2073 2074 2075 2076 2077 2078 2079 2080 2081 2082 2083 2084 2085 2086 2087 2088 2089 2090 2091 2092 2093 2094 2095 2096 2097 2098 2099 2100 2101 2102 2103 2104 2105 2106 2107 2108 2109 2110 2111 2112 2113 2114 2115 2116 2117 2118 2119 2120 2121 2122 2123 2124 2125 2126 2127 2128 2129 2130 2131 2132 2133 2134 2135 2136 2137 2138 2139 2140 2141 2142 2143 2144 2145 2146 2147 2148 2149 2150 2151 2152 2153 2154 2155 2156 2157 2158 2159 2160 2161 2162 2163 2164 2165 2166 2167 2168 2169 2170 2171 2172 2173 2174 2175 2176 2177 2178 2179 2180 2181 2182 2183 2184 2185 2186 2187 2188 2189 2190 2191 2192 2193 2194 2195 2196 2197 2198 2199 2200 2201 2202 2203 2204 2205 2206 2207 2208 2209 2210 2211 2212 2213 2214 2215 2216 2217 2218 2219 2220 2221 2222 2223 2224 2225 2226 2227 2228 2229 2230 2231 2232 2233 2234 2235 2236 2237 2238 2239 2240 2241 2242 2243 2244 2245 2246 2247 2248 2249 2250 2251 2252 2253 2254 2255 2256 2257 2258 2259 2260 2261 2262 2263 2264 2265 2266 2267 2268
        </DataArray>
        <DataArray type="Int32" Name="types" NumberOfComponents="1" format="ascii">
 2
        </DataArray>
      </Cells>
    </Piece>
  </UnstructuredGrid>
</VTKFile>
