<?xml version="1.0"?>
<VTKFile type="UnstructuredGrid" version="0.1" byte_order="LittleEndian">
  <UnstructuredGrid>
    <Piece NumberOfPoints="5531" NumberOfCells="1">
      <Points>
        <DataArray type="Float64" NumberOfComponents="3" format="ascii">
 -229.24 -428.369 1.98391e-20 -194.3 -446.091 -5.35732e-16 -277.093 -399.896 -5.43225e-16 -323.524 -352.325 -2.25548e-16 -300.633 -384.156 -2.08135e-16 -287.949 -358.435 -5.754e-16 -255.099 -413.235 -2.58228e-16 -230.296 -391.722 -2.5453e-16 -208.605 -427.407 -3.40988e-16 -256.534 -362.515 -6.44869e-16 -242.765 -364.464 -5.0252e-16 -208.678 -377.104 -4.44461e-16 -188.594 -386.582 -2.55538e-16 -359.454 -322.919 -9.4616e-16 -398.513 -285.132 -6.86047e-16 -378.919 -296.903 -6.71687e-16 -347.133 -306.604 -5.99718e-16 -371.504 -271.904 -5.5178e-16 -356.898 -267.867 -4.64049e-16 -411.428 -226.085 -5.68919e-16 -448.674 -196.989 -4.10228e-16 -410.516 -249.642 1.11296e-18 -390.171 -263.58 -2.59005e-16 -400.964 -244.755 -8.43516e-16 -352.342 -251.908 -6.60117e-16 -388.371 -239.345 -8.1677e-16 16.4709 -440.757 2.67063e-16 -410.467 -203.723 -6.05079e-16 -345.983 -222.658 -5.9687e-16 -372.694 -206.672 -2.2068e-16 -342.713 -343.052 -6.13865e-16 -328.203 -313.441 -6.65635e-16 -305.896 -331.43 -8.21823e-16 -268.033 -341.138 -7.8316e-16 -328.16 -287.586 -4.72216e-16 -301.532 -294.139 -1.03034e-15 -287 -311.729 -5.41836e-16 -282.007 -267.786 -8.88388e-16 -240.722 -340.838 -2.70288e-16 -239.314 -314.183 -3.16353e-16 -222.384 -345.955 -5.06641e-16 -201.688 -344.2 -2.97609e-16 -198.493 -337.184 -4.7419e-16 -178.632 -322.452 -3.64384e-16 -255.004 -314.119 -3.22398e-16 -264.573 -267.849 -4.95937e-16 -230 -302.166 -6.13826e-16 -210.33 -301.564 -3.24977e-16 -211.268 -265.819 -8.68659e-16 -337.897 -258.883 -6.17711e-16 -310.348 -272.816 -2.13335e-16 -286.755 -247.298 -2.45087e-16 -315.154 -242.825 -2.87756e-16 -338.278 -201.663 -5.87475e-16 -280.619 -211.75 -2.53274e-16 -305.31 -207.405 -6.27418e-16 -264.339 -242.119 -5.55181e-16 -238.701 -281.521 -5.49435e-16 -228.815 -231.495 -5.63902e-16 -224.555 -251.992 -5.9694e-16 -258.058 -216.603 -6.40762e-16 -234.464 -217.141 -5.31273e-16 -248.201 -221.625 -8.63778e-16 -191.125 -214.791 -5.57256e-16 -111.034 -472.722 -2.76905e-16 -160.517 -454.879 -4.82231e-16 -155.406 -445.05 -5.08436e-16 -150.443 -461.462 -3.74868e-16 -131.686 -450.915 -9.15919e-16 -130.579 -439.808 -5.55813e-16 -88.4785 -479.573 -1.87177e-16 -58.7177 -480.518 -4.29634e-16 -95.445 -468.874 -6.49675e-16 -60.9509 -458.912 -1.05492e-19 -113.226 -432.05 -6.70601e-16 -67.5243 -434.168 -2.52617e-16 -41.2215 -454.668 -2.29503e-16 -176.229 -421.063 -5.91387e-16 -184.525 -402.184 -7.31495e-16 -158.446 -395.697 -4.41937e-16 -145.219 -429.659 -4.6856e-16 -124.255 -407.962 -2.48039e-16 -155.086 -390.263 -7.45693e-16 -147.053 -365.568 -2.61124e-16 -113.789 -378.723 -9.81471e-16 -128.294 -357.951 -6.8543e-16 -100.7 -404.068 -5.56305e-16 -84.9096 -400.096 -2.92421e-16 -45.3487 -437.774 -2.48144e-16 -56.1498 -381.014 -7.52403e-16 -104.86 -375.003 -5.24707e-16 -381.04 -267.38 -2.63381e-17 -43.3836 -382.049 -4.65928e-16 -28.4617 -478.12 -4.99834e-16 -3.48924 -484.3 -4.95382e-16 40.0345 -485.268 -2.51201e-16 -29.0894 -464.027 -5.44359e-16 -19.6693 -415.78 -4.43547e-16 0.202972 -441.951 -3.43708e-16 19.271 -456.514 -8.27561e-16 35.4066 -476.677 -5.46732e-16 49.0535 -439.443 -2.28077e-16 59.4623 -485.994 -2.709e-16 74.8916 -474.508 -8.99214e-16 117.03 -470.029 -2.7465e-16 62.6284 -446.163 -8.16566e-16 111.631 -453.516 -4.8749e-16 78.4033 -428.578 -6.21113e-16 118.252 -457.26 -5.76518e-16 8.42981 -424.182 -5.3018e-16 -36.2757 -386.524 -4.87143e-16 23.2972 -440.262 -8.78975e-16 26.0106 -387.811 -2.46291e-16 51.2318 -420.506 -5.2245e-16 -7.35776 -399.078 -2.12967e-16 -20.5227 -363.447 -4.98303e-16 42.5679 -365.946 -5.92615e-16 17.9747 -368.995 -5.4015e-16 24.8497 -360.945 -4.531e-16 55.9047 -430.261 -5.44799e-16 60.0333 -389.744 -5.84499e-16 93.3608 -391.522 -5.51318e-16 99.6953 -414.161 -5.53393e-16 59.7962 -373.685 -5.63217e-16 92.0399 -352.487 -2.19917e-16 78.8971 -381.85 -5.48239e-16 138.496 -367.46 -4.16536e-16 122.499 -347.793 -6.51958e-16 -151.49 -333.128 -5.07442e-16 -155.635 -341.309 -6.74913e-16 -123.053 -311.012 -2.36029e-16 -121.357 -329.381 -5.61815e-16 -182.755 -293.539 -2.77399e-16 -142.072 -301.034 -5.91561e-16 -157.686 -292.738 -4.51995e-16 -118.405 -285.157 -8.44619e-16 -105.367 -349.469 -6.42248e-16 -75.3919 -327.568 -2.81351e-16 -96.0707 -329.074 -6.70671e-16 -81.2282 -302.272 -3.29001e-16 -47.186 -365.12 -5.54613e-16 -46.6804 -314.735 -2.03588e-16 -105.442 -299.635 -6.81452e-16 -92.2102 -282.963 -1.99447e-16 -64.0353 -285.592 -2.54046e-16 -31.7645 -306.979 -6.32241e-16 -34.6546 -281.131 -7.93285e-16 -175.886 -266.525 -4.27117e-16 -185.587 -259.824 -5.28665e-16 -158.666 -244.173 -7.4333e-16 -141.616 -266.586 -2.3177e-16 -129.334 -233.968 -2.43529e-16 -173.26 -221.023 -5.39547e-16 -151.695 -210.456 -2.72647e-16 -181.614 -182.017 -2.2447e-16 -140.71 -191.593 -4.29573e-19 175.118 456.215 -1.41593e-19 -95.6648 -226.254 -9.21862e-16 -74.4815 -251.142 -6.11478e-16 -66.5453 -258.764 -6.11225e-16 -54.2635 -263.455 -9.41968e-16 -77.5869 -232.962 -3.19561e-16 -105.478 -190.736 -3.03867e-16 -80.9674 -187.617 -2.80585e-16 -54.4605 -191.908 -1.88627e-16 -6.75293 -326.397 -5.90053e-16 -11.9795 -333.153 -6.11636e-16 4.94915 -317.038 -2.87143e-16 23.9155 -349.903 -6.25026e-16 48.8653 -323.057 -5.24245e-16 -7.80955 -299.761 -5.43292e-16 27.515 -293.489 -2.96638e-16 52.6337 -341.356 -6.97778e-16 75.1571 -321.917 -2.50958e-16 121.329 -308.049 -2.48764e-16 55.6676 -285.928 -2.96625e-16 94.6631 -282.341 -6.07929e-16 129.482 -280.466 -4.63991e-16 -12.6989 -246.71 -5.65274e-16 2.45132 -262.176 -8.07817e-16 -16.1186 -235.942 -5.07199e-16 42.6011 -272.458 -5.17067e-16 23.057 -239.19 -6.03405e-16 -34.2489 -231.657 -6.15226e-16 -18.0991 -214.22 -7.03349e-16 6.82908 -213.353 -5.06109e-16 41.7847 -207.954 -2.0641e-16 87.8704 -264.278 -2.70421e-16 59.2567 -234.487 -2.55594e-16 75.075 -231.779 -6.66285e-16 124.34 -266.293 -3.75724e-16 121.752 -248.26 -7.84187e-16 57.606 -227.603 -2.59189e-16 77.9592 -226.492 -8.92595e-16 91.2834 -214.386 -5.25596e-16 116.703 -228.286 -2.38659e-16 111.168 -193.822 -5.04522e-16 -442.424 -181.949 -4.29651e-16 -433.386 -181.099 -4.81636e-16 -470.474 -113.936 -6.48024e-16 -467.71 -145.695 -6.15725e-16 -435.752 -148.211 -5.81566e-16 -443.51 -111.277 -4.81049e-16 -385.78 -192.784 -3.04491e-16 -417.671 -169.619 -2.62537e-16 -357.183 -168.662 -2.77658e-16 -390.997 -152.977 -2.3777e-16 -399.575 -137.962 -5.74239e-16 -371.194 -137.773 -9.56167e-16 -395.252 -123.839 -8.4094e-16 -360.205 -117.974 -2.38582e-16 -475.682 -86.7625 -6.45971e-16 -467.554 -98.7856 -6.13831e-16 -427.272 -92.084 -3.32505e-16 -485.562 -60.7775 -1.00478e-19 -462.461 -74.1517 -2.36645e-16 -467.851 -52.7118 -6.67597e-16 -439.368 -32.0597 -6.92625e-16 -412.936 -112.477 -8.75212e-19 -399.737 -70.4906 -2.49341e-16 -381.279 -88.4872 -6.47645e-16 -349.888 -81.9409 -4.25787e-16 -413.549 -65.1424 -5.51169e-16 -386.64 -56.2904 -2.77519e-16 -359.742 -63.1361 -4.98452e-16 -374.229 -24.417 -6.08112e-16 -336.128 -171.511 -2.56194e-16 -308.313 -172.388 -5.89337e-16 -325.763 -132.709 -3.09445e-16 -280.455 -173.306 -2.57662e-16 -280.193 -156.296 -7.524e-16 -319.478 -111.502 -2.49972e-16 -325.753 -114.381 1.35034e-18 -310.479 -95.3123 -4.66572e-16 -281.935 -109.734 -3.29735e-16 -247.107 -181.39 -5.01185e-16 -266.61 -147.2 -7.81419e-16 -207.42 -187.847 -5.17228e-16 -194.846 -174.353 -4.20578e-16 -234.067 -145.345 -3.27134e-16 -190.673 -153.222 -5.22543e-16 -241.185 -126.691 -8.66502e-16 -208.133 -140.054 -7.76296e-16 -198.661 -142.493 -2.06125e-16 -342.907 -90.8041 -5.40517e-16 -315.02 -65.8529 -8.3728e-16 -298.69 -86.8412 -3.53542e-16 -310.637 -42.6417 -4.44262e-16 -351.931 -45.2899 -1.23379e-18 -284.026 -62.0023 -5.27851e-16 -287.871 -36.1506 -8.4335e-16 -260.012 -113.604 -4.32306e-16 -248.836 -96.6627 -1.18674e-15 -261.706 -85.2116 -8.09173e-16 -249.453 -63.9376 -2.66538e-16 -215.656 -107.797 -7.40518e-16 -190.579 -99.7554 -4.61756e-16 -215.498 -72.7897 -5.79647e-16 -235.466 -48.493 -5.8708e-16 -254.223 -49.2329 -7.97288e-16 -212.311 -78.4888 -5.2521e-16 -202.905 -51.8126 -7.94449e-16 -488.354 -20.6189 -6.01355e-16 -487.266 -10.5774 -2.67473e-16 -467.966 -18.6598 -3.52431e-16 -442.504 -30.8701 -5.42912e-16 -454.945 6.43328 -4.34008e-16 -488.313 20.5225 -7.52482e-16 -453.552 8.92733 -5.80999e-16 -448.968 27.4427 -6.7735e-16 -456.218 38.7611 -9.48478e-16 -438.029 33.2826 -6.44748e-16 -433.311 -25.5494 -5.60628e-16 -411.621 1.5491 -4.46277e-16 -368.976 -22.4229 -2.56044e-16 -382.225 0.1181 -6.31488e-16 -351.753 10.3755 -7.15246e-16 -420.126 27.1198 -2.37154e-16 -403.684 33.3469 -3.24782e-16 -375.956 37.1107 -5.83358e-16 -486.121 61.6247 -7.27134e-16 -468.852 101.86 -5.52024e-16 -459.053 66.6631 -1.88087e-19 -473.382 115.263 -2.37527e-16 -436.023 107.975 -5.23647e-16 -389.241 46.2249 -9.48311e-16 -422.948 66.9415 -2.24562e-16 -385.233 65.5169 -6.56922e-16 -389.18 69.3643 -6.04235e-16 -374.089 76.3911 -5.36855e-16 -414.158 99.1234 -2.75529e-16 -422.163 132.569 -6.7272e-16 -361.983 87.9265 -6.05436e-16 -392.664 129.039 -5.71973e-16 -367.324 119.292 -4.91266e-16 -335.863 -28.8619 -2.6521e-16 -319.524 -20.6923 -3.04095e-16 -327.225 -17.9305 -8.14609e-16 -287.807 -15.3799 -6.55654e-16 -275.018 -23.4959 -2.03661e-18 -310.964 -4.30156 -5.18578e-16 -287.834 18.7398 -5.24941e-16 -304.545 33.5966 -5.43115e-16 -323.78 20.8401 -2.92612e-16 -286.568 26.8292 -5.50085e-16 -251.587 -14.6579 -6.84061e-16 -238.728 -19.9834 -2.22312e-16 -267.365 7.84934 -5.23908e-16 -240.962 2.05126 -1.89224e-16 -203.185 1.2021 -5.18135e-16 -266.753 9.83137 -4.56569e-16 -248.366 21.5123 -1.24815e-18 -257.628 39.9673 -2.23433e-16 -221.357 12.8995 -2.90314e-16 -197.651 43.0922 -5.90881e-16 -230.002 49.4788 -4.75049e-16 -348.432 50.8618 -5.61704e-16 -323.706 56.1708 -3.06199e-16 -346.33 82.919 -8.55377e-16 -291.224 47.9106 -3.03488e-16 -307.587 64.2076 -8.18122e-16 -278.058 65.0295 -3.80269e-16 -334.103 109.44 -4.89412e-16 -306.561 94.7573 -5.43188e-16 -301.306 124.471 -2.66643e-16 -255.752 67.8593 -5.25518e-16 -207.562 72.6472 2.49096e-18 -208.607 77.085 -5.95214e-16 -263.414 100.584 -6.85275e-16 -240.088 98.9196 -5.09514e-16 -243.638 117.416 -2.49551e-18 -182.122 100.108 -6.78432e-16 -206.576 126.905 -5.65944e-16 -198.123 137.237 2.1102e-18 -163.123 -187.598 -6.59896e-16 -177.587 -166.391 -8.23016e-16 -156.105 -179.992 -3.20843e-16 -115.478 -167.34 -2.47792e-16 -149.18 -134.899 -9.52692e-16 -158.769 -103.639 -3.26183e-16 -155.573 -151.994 -7.03513e-16 -134.107 -126.803 -6.19409e-16 -95.0627 -190.007 -2.20451e-16 -84.7804 -158.431 -4.78754e-16 -48.3523 -164.486 -4.90499e-16 -101.579 -141.766 -7.5878e-16 -96.7761 -122.608 -8.80217e-16 -82.8767 -122.502 -5.378e-16 -72.3063 -150.017 -2.60975e-16 -41.2304 -139.054 -3.34698e-16 -47.9388 -115.178 -2.53801e-16 -158.481 -93.3884 -4.7458e-16 -185.053 -82.4436 -5.29291e-16 -154.788 -113.711 -4.79281e-16 -122.913 -104.695 -3.15348e-16 -136.614 -93.7473 -4.93903e-16 -175.127 -54.8271 -9.00108e-16 -172.732 -69.5127 -4.37335e-16 -152.846 -24.5225 -5.44577e-16 -138.225 -50.6117 -6.30352e-16 -128.625 -29.2756 -6.07407e-16 -83.7168 -109.148 -5.59779e-16 -101.402 -75.6401 -1.22935e-18 -61.1024 -102.272 -5.88093e-16 -35.1934 -94.3443 -2.73812e-16 -37.4059 -82.3947 -5.01747e-16 -281.86 -258.237 -2.69516e-16 -96.6321 -57.1871 -5.0972e-16 -58.0191 -68.9903 -2.3838e-16 -54.9169 -59.7113 -5.00323e-16 -43.2808 -50.6289 -2.37951e-16 -23.6515 -171.707 -3.05845e-16 -0.617544 -190.032 -5.2665e-16 -2.0177 -148.012 -9.35662e-16 17.8928 -178.829 -7.52448e-16 29.4743 -198.146 -2.70686e-16 42.5272 -175.95 -5.57627e-16 -23.9111 -126.62 -2.14336e-16 2.08696 -142.484 -2.81615e-16 22.1607 -135.925 1.10025e-20 13.5388 -116.55 -2.01408e-16 61.7668 -185.114 -4.71e-16 79.8346 -182.646 -4.04469e-19 82.6303 -152.113 -4.63655e-16 95.2222 -171.295 -5.96261e-16 59.0444 -132.604 -6.43824e-16 83.8223 -145.537 -9.09411e-16 116.225 -151.706 -2.6424e-16 105.478 -126.501 -6.77362e-16 -1.74905 -104.739 -8.19921e-16 -3.94478 -92.2514 -4.90897e-16 37.825 -106.945 -3.69615e-16 23.8826 -75.5951 -6.75205e-16 -18.4144 -40.7708 -4.85335e-16 6.95635 -67.0073 -2.27877e-16 4.5633 -32.3395 -7.75918e-16 33.8976 -58.5274 -4.44015e-16 15.1279 -40.4612 -2.6264e-16 34.5941 -31.3849 -4.92356e-16 83.9354 -96.1463 -2.03854e-16 56.7796 -93.4287 -6.01823e-16 76.667 -74.8589 -2.40667e-16 108.706 -76.7272 -1.00542e-15 50.1693 -43.7784 -2.86384e-16 128.99 -64.0035 -5.22725e-16 103.278 -51.3095 -3.56643e-16 -176.917 -33.8485 -4.62666e-16 -176.838 -18.4767 -3.83237e-16 -171.813 -4.55336 -4.0008e-16 -154.335 -4.88137 -4.0888e-16 -132.063 -26.0788 -5.18813e-16 -114.465 -18.9271 -2.67433e-16 -118.953 9.45182 -6.02348e-16 -162.538 37.518 -2.59099e-16 -147.214 37.9153 -7.3565e-16 -169.184 12.6651 -2.9473e-16 -123.433 30.9815 -2.6981e-16 -128.741 46.7541 -3.30623e-18 -86.2353 -37.8358 -5.17309e-16 -89.9759 -2.44239 -8.40639e-16 -77.1918 -14.8413 -2.35675e-16 -27.6583 -16.3667 -5.51177e-16 -44.2041 -0.256983 -5.05248e-16 -99.1849 19.7578 5.76028e-18 -88.4399 54.487 -7.01571e-16 -86.96 31.3375 -2.60406e-16 -76.845 7.97675 -4.16465e-16 -51.0144 25.8059 -3.16239e-16 -57.3031 41.0221 -2.91075e-16 -17.6689 45.3974 -5.92549e-16 -183.772 41.6438 -4.65686e-16 -173.995 80.6973 -8.47584e-16 -154.855 83.5835 -5.46154e-16 -134.628 62.7621 -5.46105e-16 -115.15 82.7387 6.63233e-19 -183.469 104.757 -5.84219e-16 -164.894 110.622 -5.28653e-16 -156.325 122.136 -6.44695e-16 -380.681 -295.111 -2.73131e-16 -119.485 112.678 -5.09021e-16 -77.9048 56.4587 -5.44197e-16 -98.5714 67.7405 -2.51354e-16 -32.8114 74.3087 -7.86807e-16 -58.4575 73.706 -5.23169e-16 -94.6635 91.9995 -8.92246e-16 -92.6753 77.8474 -5.35742e-16 -105.868 112.267 -2.46245e-16 -67.346 121.277 -7.24127e-16 -66.1285 111.447 2.30636e-18 -41.937 73.2503 -5.43799e-16 -48.6124 127.397 -2.45589e-16 -18.5209 -2.58803 -5.50881e-16 -12.7509 2.21839 -7.09375e-16 -1.14031 6.77267 -1.78007e-16 15.3317 -9.79763 -2.50632e-16 41.2371 17.126 -4.68891e-16 -30.0362 10.4676 -2.53563e-16 5.63881 15.4803 -3.35251e-16 21.9573 25.4139 -2.4869e-16 41.2779 21.2932 -6.69768e-16 40.4671 43.5154 -5.65068e-16 60.6743 1.3109 -4.21358e-16 68.5941 -20.3699 -2.41049e-16 78.9127 -3.12973 -2.72785e-16 96.7405 -24.7467 -9.13183e-16 114.909 -44.8011 -5.05113e-16 119.712 -3.43195 -4.97873e-16 71.0339 30.7117 -3.07592e-16 103.021 33.5602 -2.85917e-16 105.469 51.5734 -6.10754e-16 122.975 36.0102 -2.382e-16 -16.4261 53.9072 -5.38791e-16 4.04273 47.9666 -4.13319e-16 -16.9713 84.6117 -4.7157e-16 -10.0762 87.4214 -6.27194e-16 26.835 52.5431 -2.40179e-16 23.1775 84.7599 -5.03482e-16 61.1021 69.0911 -5.7803e-16 -6.87275 109.175 -4.51137e-16 6.08319 141.305 -6.11624e-16 30.2384 106.128 -4.06413e-16 41.341 96.1806 -4.27627e-16 39.304 126.726 -7.05918e-16 49.277 68.1805 -5.64281e-16 74.5731 45.6668 -8.67234e-16 62.1716 75.1516 -5.08928e-16 100.139 69.374 -5.37975e-16 118.795 54.0775 -6.85851e-16 87.6861 80.6865 -4.1826e-16 125.476 81.759 -2.45535e-16 80.3685 94.1832 -5.40968e-16 66.3784 104.293 -5.40181e-16 102.332 98.8147 -7.84234e-16 120.356 112.292 -5.46222e-16 143.252 -457.059 5.61763e-19 148.159 -423.527 -2.93674e-16 160.86 -456.379 -5.91896e-16 169.576 -429.262 -4.35707e-16 196.054 -446.933 -5.63342e-16 241.489 -425.384 -2.74615e-16 165.632 -408.947 -2.28201e-16 143.083 -410.039 -2.0811e-20 190.843 -424.247 -3.42759e-16 180.064 -401.995 -5.9133e-16 153.926 -388.411 -5.97381e-16 152.432 -372.162 -8.00264e-16 213.129 -372.985 3.50265e-20 159.393 -365.546 -3.38634e-16 230.758 -401.133 -3.502e-16 220.697 -412.781 -2.85138e-16 253.22 -419.515 -4.62801e-16 273.29 -396.94 -5.32341e-16 277.934 -397.407 -7.92104e-16 229.945 -389.756 -4.03556e-16 231.014 -357.508 -2.08651e-16 254.541 -381.663 -4.92473e-16 251.933 -363.887 -4.64307e-16 290.235 -355.82 -4.59078e-16 290.618 -379.584 -6.12356e-16 292.517 -367.286 -3.30871e-16 324.802 -364.572 -3.02598e-16 143.928 -353.744 -5.10687e-16 163.154 -313.847 -6.84651e-16 195.671 -348.082 -3.21553e-16 183.378 -329.567 -2.94411e-16 179.755 -309.227 -8.07568e-16 143.087 -314.471 -5.16907e-16 155.379 -275.298 -2.19361e-16 178.01 -286.367 -4.831e-16 202.297 -273.824 -5.28621e-16 180.459 -280.873 -4.46856e-16 234.901 -326.725 -4.72954e-16 251.659 -331.238 -2.20998e-16 292.811 -319.463 -9.47047e-16 270.05 -329.796 -5.34336e-16 245.582 -276.171 -7.86827e-16 283.098 -271.172 -6.39152e-16 140.524 -230.404 -8.47757e-16 163.936 -262.223 -3.06595e-16 191.927 -280.689 -2.80301e-16 196.085 -246.203 -6.538e-16 139.782 -211.252 -4.58075e-16 154.875 -209.131 -6.57832e-16 144.502 -201.419 -6.22906e-16 165.524 -243.33 -4.42548e-16 208.97 -228.052 -2.76065e-16 204.035 -200.754 -5.20695e-16 232.23 -260.006 -3.72474e-16 213.93 -240.882 -4.56927e-16 239.267 -237.847 -5.76416e-16 258.941 -254.912 -5.00961e-16 272.419 -267.393 -2.08445e-16 268.059 -231.521 -5.11475e-16 281.375 -245.477 -5.22147e-16 221.149 -213.737 -2.88507e-18 253.202 -224.242 -2.73867e-16 217.616 -192.534 -5.77159e-16 236.918 -201.137 -2.39338e-20 271.485 -219.327 -5.0307e-16 318.638 -349.961 -1.90121e-16 355.61 -333.372 -6.08814e-16 370.498 -310.859 -7.27754e-16 294.526 -320.586 -6.1055e-16 310.091 -296.794 -2.68863e-16 327.909 -307.345 -5.81275e-16 356.525 -285.807 -4.43083e-16 332.636 -273.756 -3.1763e-16 389.66 -296.073 -2.217e-16 398.597 -274.701 -5.15546e-16 306.107 -254.608 -4.17973e-16 327.314 -247.038 -7.97762e-16 379.2 -264.196 -4.63497e-16 343.43 -230.407 -2.46015e-16 370.897 -241.205 -6.60049e-16 290.392 -212.218 -6.12601e-16 318.022 -209.976 -1.84259e-16 289.228 -194.698 -7.03604e-16 351.068 -232.02 -4.64505e-16 348.387 -197.893 -5.8521e-16 388.349 -245.109 -4.72546e-16 423.716 -237.148 -7.12225e-16 372.75 -212.47 -6.27267e-16 -206.649 -304.378 1.28745e-16 393.98 -212.713 -7.66594e-16 427.761 -236.124 -8.51755e-16 436.841 -205.688 -5.58613e-16 139.801 -194.466 -5.81542e-16 146.767 -177.024 -2.74618e-16 134.633 -165.918 -2.25512e-16 155.336 -156.564 -9.28088e-16 196.182 -168.416 -9.53592e-16 191.553 -160.036 -6.16316e-16 199.647 -169.133 -3.10905e-16 165.625 -135.02 -6.43322e-16 137.71 -130.444 -2.18075e-16 157.725 -115.103 -5.87816e-16 182.168 -136.216 -5.05447e-16 208.557 -130.616 -2.48397e-16 197.581 -118.387 -5.00474e-16 220.207 -181.081 -5.14669e-16 238.332 -158.204 -2.83158e-16 277.482 -172.156 -4.67285e-16 272.218 -142.704 -8.59377e-16 225.495 -150.726 -5.03566e-16 234.575 -108.181 -2.69915e-16 261.604 -124.115 -1.80383e-16 143.123 -97.7646 -2.5347e-16 172.002 -76.9027 -5.93314e-16 194.851 -95.8633 -5.45747e-16 138.323 -55.7258 -8.68461e-16 168.217 -44.9382 -4.44322e-16 141.34 -32.8715 -8.37297e-16 191.063 -66.8907 -2.58848e-16 191.243 -40.7618 -7.54865e-16 220.743 -86.8144 -2.75059e-16 241.933 -119.361 -2.09179e-16 286.487 -109.258 -7.58971e-16 263.385 -67.6141 -3.20668e-16 288.227 -83.8464 -2.28994e-16 219.544 -33.5579 -5.46648e-16 238.316 -70.5061 -6.20892e-16 223.085 -27.21 -6.78129e-16 260.123 -31.3183 1.96791e-19 286.368 -34.9391 -2.69768e-16 315.97 -197.649 -5.36424e-16 301.57 -176.71 -4.3503e-16 312.846 -168.857 -5.97522e-16 359.742 -173.266 -6.09351e-16 284.656 -128.948 -4.58556e-16 312.434 -117.687 -8.91327e-16 350.305 -132.969 -4.47753e-16 367.235 -149.424 -5.15e-16 398.776 -169.674 -3.70742e-16 391.279 -155.545 -2.28022e-16 427.697 -163.933 -5.25336e-16 434.2 -155.124 -6.54392e-16 375.362 -132.21 -2.09761e-16 407.265 -126.131 -5.52251e-16 417.164 -149.118 -4.36306e-16 440.076 -130.44 -2.28969e-16 320.605 -96.0674 -2.74677e-16 329.552 -109.938 -4.55136e-16 320.675 -94.1791 -4.35946e-16 324.388 -77.5078 2.59045e-18 368.069 -107.608 -4.7109e-16 292.966 -54.2518 -5.48731e-16 330.694 -60.3726 -5.4371e-16 312.279 -30.2405 -5.12728e-16 359.699 -51.8123 -5.85031e-16 385.277 -85.0135 -5.52697e-16 415.233 -116.497 -5.84362e-16 405.781 -78.9328 -5.77864e-16 457.256 -74.8308 -7.0739e-16 390.615 -60.4115 -2.96147e-16 383.779 -43.2702 -2.58451e-16 417.039 -20.9175 -7.68042e-16 429.344 -30.9948 -8.53059e-16 130.338 -4.42789 -5.4108e-16 162.355 -0.000757642 -5.56527e-16 171.589 -21.0759 2.28852e-18 184.088 -11.0253 -4.60238e-16 175.842 6.89832 -2.61408e-16 193.373 13.3483 -3.25432e-16 130.906 19.0241 -2.43616e-16 154.473 24.3709 -2.28053e-16 123.715 33.9342 -7.17781e-16 187.146 15.2425 -5.51414e-16 251.245 -18.1643 -2.23051e-16 223.4 11.5313 -3.82209e-16 267.973 5.62715 -2.64407e-16 212.179 21.4825 -7.33043e-16 251.756 8.32735 -2.70633e-16 242.522 43.4179 -2.53902e-16 274.42 25.6949 -8.92372e-16 166.757 75.0362 -5.27344e-16 161.575 41.9186 -2.63719e-16 206.723 54.8571 -5.17764e-16 193.709 88.4105 -5.7398e-16 145.437 103.778 -5.30203e-16 164.955 111.48 -2.40164e-16 149.307 124.896 -9.38846e-16 191.021 97.8061 -2.98004e-16 164.838 133.115 -2.32319e-16 228.034 61.5382 9.46724e-19 201.921 86.9 -8.00245e-16 248.247 57.2889 -3.44303e-16 278.479 49.7363 -3.05134e-16 271.734 80.198 -2.45772e-16 252.296 113.703 -3.0047e-16 211.397 120.726 -4.94838e-16 262.171 92.2947 -2.85073e-16 261.594 121.59 -8.96427e-16 284.241 -5.17025 -4.73602e-16 327.574 -10.1444 -2.65381e-16 339.265 -16.3962 -2.86774e-16 346.785 -5.05334 -4.3926e-16 299.899 21.5016 -4.82644e-16 323.699 3.5074 -4.99533e-16 319.957 54.493 -5.60849e-16 352.809 24.735 -4.57022e-16 383.544 14.1779 -4.9035e-16 333.067 48.7402 -5.18191e-16 355.39 29.5735 -5.47865e-16 360.868 -18.1022 -5.35481e-16 392.354 -19.874 -2.74007e-16 424.478 -28.2762 -5.50382e-16 420.475 -13.5763 -7.6349e-16 456.107 0.794206 -5.13447e-16 405.919 14.5676 -4.32327e-16 374.102 35.3635 -1.97816e-16 394.48 59.621 -2.35083e-16 415.138 30.1295 -6.33956e-16 424.703 43.4539 -2.6194e-16 454.472 46.2901 -4.17198e-16 295.671 85.0471 -7.12454e-16 331.139 72.5312 -4.36901e-16 369.928 58.0151 -4.72967e-16 349.423 77.3919 -5.43704e-16 298.033 104.284 -4.0809e-16 298.787 114.191 -2.82775e-16 338.552 98.4301 -6.11133e-16 367.706 92.1463 -3.00471e-16 342.784 131.574 -4.81867e-16 383.32 57.0749 -4.15577e-16 377.031 87.415 -5.6166e-16 406.53 78.9598 -7.54386e-16 432.143 54.8252 -6.24422e-16 449.438 76.5035 -5.53744e-16 385.522 117.786 -2.28726e-16 406.48 84.8607 -6.5839e-16 435.344 116.515 -7.70696e-16 453.218 -179.271 -6.40219e-16 466.833 -146.908 -2.68586e-16 469.849 -113.935 -6.49547e-16 464.468 -131.519 -5.54118e-16 455.733 -94.2485 -4.83646e-16 479.103 -93.8332 -6.34356e-16 458.081 -61.5084 -5.63181e-16 477.208 -64.0383 -5.49567e-16 459.748 -46.5435 -5.70612e-16 451.083 3.29699 -4.06103e-16 488.28 -39.4802 -6.06633e-16 481.554 -1.43546 -6.0089e-16 461.752 19.6927 -4.55915e-16 478.009 26.7392 -2.6427e-16 464.694 47.4741 -8.72668e-16 457.036 77.3029 -4.5724e-16 479.18 61.328 -6.11174e-16 469.721 81.602 -4.76019e-16 451.387 85.2827 -5.65257e-16 464.705 126.621 -6.03572e-16 -468.543 143.444 -8.18755e-16 -447.907 117.937 -5.45459e-16 -441.851 148.453 -8.26701e-16 -459.18 162.669 -2.12615e-16 -444.939 201.412 -1.04661e-15 -414.373 145.899 -8.01252e-16 -401.919 145.624 -5.0996e-16 -372.403 144.053 -1.13516e-17 -345.88 133.44 -2.41247e-16 -383.759 174.035 -3.0169e-16 -408.209 167.067 -9.40067e-16 -408.52 190.458 -5.77272e-16 -415.854 210.055 -5.45988e-16 -346.28 177.38 -2.6887e-16 -374.376 188.846 -2.52564e-16 -420.533 237.393 -1.02793e-15 -375.939 242.756 -4.5892e-16 -394.203 216.183 -8.94317e-16 -374.306 230.321 -6.71403e-16 -359.908 249.102 -6.05029e-16 -423.251 242.025 -9.26363e-16 -402.85 271.306 -5.21415e-16 -369.596 277.112 -5.95054e-16 -333.974 136.118 -2.7823e-16 -305.456 150.754 -5.83827e-16 -271.783 157.422 -6.29233e-16 -327.828 180.465 -8.53741e-16 -330.832 204.115 -2.04854e-16 -320.962 208.826 -1.60345e-16 -280.348 182.075 -2.7962e-16 -265.135 137.563 -7.20693e-16 -220.06 139.395 -5.45215e-16 -191.222 165.899 -3.18348e-16 -248.189 174.75 5.29605e-19 -254.494 198.876 -2.32587e-16 -229.321 194.765 -5.58285e-16 -225.402 179.442 -4.27356e-16 -210.769 205.939 -8.3999e-16 -338.659 231.686 -2.81562e-16 -327.466 216.968 -5.42884e-16 -295.806 226.604 -4.82517e-16 -288.818 235.544 -1.99255e-16 -321.779 261.625 -2.47819e-16 -344.352 275.099 -3.34432e-16 -318.491 290.404 -2.6965e-16 -308.463 250.914 -2.62578e-16 -285.124 286.278 -2.81739e-16 -236.626 233.127 -2.27023e-16 -257.299 229.159 -2.29201e-16 -230.199 246.546 -4.51961e-16 -198.911 228.243 -2.39994e-16 -218.353 241.76 -4.39502e-16 -202.84 244.086 -5.60428e-16 -264.181 255.595 -2.29383e-16 -233.259 275.195 -2.51491e-16 -219.728 276.148 -5.32366e-16 -218.404 290.948 -5.91704e-16 -380.491 304.897 -3.01467e-18 -354.414 298.9 -5.7762e-16 -365.744 325.14 -5.34671e-16 -347.057 323.873 -4.80439e-16 -317.345 303.925 -5.62253e-16 -269.341 316.645 -8.80948e-16 -336.087 348.212 -8.01049e-16 -314.271 350.46 -5.49869e-16 -326.907 362.109 -2.79356e-16 -287.01 347.409 -1.97854e-16 -260.999 355.218 -4.53557e-16 -297.889 364.304 -5.92731e-16 -253.722 298.671 -2.36905e-16 -255.026 316.722 -2.62743e-16 -208.562 315.701 -3.16999e-16 -248.832 342.005 -4.63249e-16 -230.63 345.589 8.05753e-19 -253.878 368.183 -8.62161e-16 -227.831 338.957 -2.41102e-16 -214.592 353.278 -2.14819e-16 -304.214 377.58 -1.91844e-16 -275.189 374.141 -5.36059e-16 -284.725 391.303 -5.77134e-16 -227.672 366.111 -3.20879e-16 -242.466 401.963 -2.33325e-16 -231.113 400.029 -4.64554e-16 -211.158 381.272 -5.82622e-16 -251.439 416.516 -5.1517e-16 -206.777 408.372 -4.26707e-16 -226.896 428.183 -5.47201e-19 -189.991 455.715 -8.83533e-16 -170.026 161.296 -6.48728e-16 -143.453 130.607 -5.66448e-16 -332.734 -321.468 -4.27183e-16 -141.884 166.319 -5.37212e-16 -165.706 180.033 -9.11438e-16 -185.994 191.773 -2.55573e-16 -122.424 192.158 -2.70848e-16 -86.6604 145.806 -1.43757e-18 -49.8859 135.048 -8.78164e-16 -53.4663 149.725 -5.16336e-16 -50.3543 168.258 -4.6383e-16 -99.3717 169.909 -2.75302e-16 -94.5899 187.08 -3.51685e-16 -110.171 199.919 -6.04329e-16 -247.405 -344.273 9.88265e-17 -40.9574 192.922 -3.84295e-16 -158.592 207.211 -3.02125e-16 -168.355 235.194 -4.54778e-16 -114.452 218.091 4.58747e-20 -154.513 244.462 -9.41366e-16 -116.758 247.608 -6.34479e-16 -163.142 265.048 -7.35635e-16 -190.673 273.371 -5.02216e-16 -148.202 287.317 -4.23275e-16 -135.105 273.379 -4.46148e-16 -95.209 214.512 2.46209e-18 -80.2699 219.577 -9.35198e-19 -62.0945 241.263 -7.92014e-16 -48.1158 204.967 -4.33376e-16 -30.7827 226.863 -5.16588e-16 -78.0987 257.061 -6.88914e-16 -116.794 280.89 -7.77133e-16 -143.425 -355.423 -4.39014e-17 -58.9878 270.277 -1.72828e-16 -204.489 -332.491 2.21973e-16 -8.02783 158.131 -4.91988e-16 16.5724 155.294 7.98289e-20 36.8253 140.828 -2.58077e-16 -15.4669 175.05 -5.16198e-16 -6.4405 177.852 -3.23618e-16 -30.7614 202.44 -4.84257e-16 -15.5098 206.051 -2.02657e-16 43.5353 172.825 -2.74783e-16 13.1748 198.136 -9.20729e-16 55.9106 154.439 -8.35929e-16 83.0341 141.425 -3.0012e-18 68.3821 170.616 -2.4557e-16 124.488 132.716 -6.63536e-16 92.7249 183.019 -1.88492e-16 84.6852 177.13 -7.2528e-16 58.7494 177.206 -6.68746e-16 110.136 194.579 -5.3803e-16 -7.2775 227.312 -4.67252e-16 -29.5465 246.063 -2.55374e-16 14.3072 215.772 -2.26006e-16 54.4563 210.242 -5.90846e-16 36.4601 239.307 -2.45247e-16 9.69895 247.853 -4.51802e-16 -35.277 282.014 -5.69861e-16 24.3397 268.656 -5.60307e-16 80.2769 222.037 -5.50919e-16 68.5328 260.93 -4.74538e-16 118.456 237.776 -6.66317e-16 56.9278 271.195 -5.14434e-16 69.103 284.885 -5.1708e-16 101.198 274.194 -1.87324e-16 118.452 267.138 -6.34558e-16 -177.33 304.841 -6.58724e-16 -170.862 281.778 -8.16307e-16 -188.457 331.518 -6.16131e-16 -122.067 291.535 -2.24625e-16 -125.109 312.081 -2.86755e-16 -155.898 331.666 -6.30099e-16 -179.664 360.568 -7.94677e-16 -163.92 362.822 -2.628e-16 -123.683 354.214 -2.33875e-16 -120.877 332.773 1.4754e-19 -117.15 308.099 -6.60037e-16 -70.6368 300.099 -8.16531e-16 -83.0577 326.372 -6.1871e-16 -39.2282 301.159 -3.91981e-16 -65.8603 321.176 1.09783e-18 -46.9268 327.323 -2.70236e-16 -91.8405 360.545 -4.28839e-16 -36.5172 332.679 -4.58625e-16 -64.9893 355.369 -7.76082e-16 -175.778 391.317 -5.55096e-16 -132.67 371.594 -6.65575e-16 -160.862 388.647 -5.49401e-16 -119.793 397.378 -6.00935e-16 -165.344 415.163 -5.49832e-16 -170.256 435.239 -2.48667e-16 -159.922 440.222 -4.93427e-16 -142.848 427.226 -6.11328e-16 -120.116 433.074 -6.48142e-16 -112.816 378.479 -1.97757e-16 -79.5644 373.365 -2.93097e-16 -51.0661 386.305 -5.12318e-16 -45.1525 379.6 -5.14458e-16 -59.866 403.389 -5.49656e-16 -32.6077 394.405 -1.88763e-16 -101.615 405.953 -4.25556e-16 -77.6069 425.45 -6.28169e-16 -113.295 428.195 -5.27746e-16 -55.5391 435.727 -3.47549e-16 -10.4859 295.974 -5.3472e-16 -25.0849 302.803 -5.01151e-16 39.1509 299.122 -2.83347e-16 25.9339 332.135 -5.89149e-18 17.0379 314.666 -5.46851e-16 -8.85853 343.742 -4.99134e-16 -3.13315 354.415 -4.47185e-16 46.107 346.926 -9.33207e-16 22.0551 362.498 -5.50848e-16 62.933 293.663 -4.78668e-16 45.3664 326.567 -9.48314e-16 85.3906 320.421 -6.30188e-16 100.084 309.507 -4.69789e-16 138.494 290.656 -9.01865e-16 95.2068 336.902 -2.39773e-16 122.318 311.143 -4.25792e-16 80.3654 356.118 -8.92775e-16 56.8909 356.427 -5.09384e-16 70.5435 367.239 -4.79492e-16 -188.31 -323.815 5.06343e-17 92.6131 366.626 -6.02855e-16 -1.5452 393.255 -5.11944e-16 4.2931 407.293 -5.36199e-16 56.0387 397.736 -2.42926e-16 -27.1203 405.857 -8.05171e-16 28.8873 403.282 -1.78508e-16 3.14996 428.445 1.81563e-19 39.738 437.225 -2.95298e-16 65.7467 381.455 -2.48173e-16 80.5762 377.225 -6.18118e-16 76.1287 406.708 -5.62505e-16 117.381 390.525 -4.60705e-16 94.9786 399.359 -4.64985e-16 44.7716 426.29 -9.17294e-16 88.5788 417.852 -3.23917e-16 64.4259 451.676 -6.03465e-16 117.461 429.637 -4.50454e-16 107.038 451.068 -3.29218e-16 136.563 438.683 -1.9902e-16 -165.941 450.526 -3.45257e-16 -134.897 458.472 -2.69573e-16 -126.092 446.812 -5.21123e-16 -114.271 476.49 -6.00842e-20 -95.9348 456.721 -2.99591e-16 -70.5318 455.158 -2.6933e-16 -83.7244 477.496 -2.05206e-16 -38.3324 458.533 -2.67949e-16 -68.7953 478.08 -8.1801e-16 -7.50154 461.036 -5.73918e-16 -28.5698 477.469 -6.05251e-16 11.4003 463.157 -8.35553e-16 35.8802 459.231 -5.55903e-18 31.2279 488.409 -2.93679e-16 15.6417 486.71 -4.81587e-16 66.7627 476.386 -6.55736e-16 98.4701 475.07 -5.23982e-16 121.611 464.662 -3.61559e-16 153.332 165.368 -8.63499e-16 189.847 150.364 -7.88676e-16 191.73 154.487 -2.75069e-16 211.408 160.337 -6.36157e-16 133.177 183.792 -1.37078e-18 164.694 204.623 -2.77395e-16 169.645 173.896 -5.91995e-16 199.526 196.535 -2.5868e-16 214.675 212.385 -2.78823e-16 239.179 129.675 -5.52803e-16 220.81 141.156 -1.29517e-18 249.018 169.084 -2.39221e-17 278.319 158.167 -4.77097e-16 211.776 184.985 -5.73479e-16 243.485 186.214 -4.75971e-16 228.428 212.158 -6.00897e-16 274.38 172.974 -2.67014e-16 273.967 211.759 -4.03283e-16 276.531 200.442 -6.47125e-16 138.574 211.36 -3.42695e-16 166.191 234.063 -2.85437e-16 138.857 251.503 -2.90773e-16 185.575 200.827 -7.723e-16 47.0057 -461.985 7.19726e-17 191.422 224.216 -5.30867e-16 127.716 277.942 -2.71684e-16 176.725 258.532 -4.85062e-16 180.308 258.518 -2.58872e-16 167.998 275.42 -6.24185e-16 211.141 285.491 -6.00195e-16 246.056 230.634 -6.45895e-16 265.28 235.328 -3.8937e-16 275.92 221.678 -7.22919e-16 230.642 272.383 4.14292e-19 262.706 253.09 -2.34559e-16 294.261 263.294 -5.66897e-16 253.76 277.835 -4.31377e-16 275.948 274.169 -3.04111e-16 304.578 133.973 -5.85476e-16 326.946 149.841 -2.82484e-16 368.782 153.044 -5.8676e-16 306.618 192.352 -2.61481e-16 319.971 194.058 -3.34188e-16 317.633 218.131 -3.1079e-16 373.192 178.651 -2.92426e-16 350.903 206.968 -5.31019e-16 375.401 154.307 -5.62831e-16 405.586 129.369 -2.26183e-16 428.348 151.329 -3.31157e-16 421.65 162.776 -5.76831e-16 398.243 176.228 -2.65086e-16 381.934 196.261 -5.78701e-16 429.28 164.879 -5.48598e-16 416.718 188.524 -5.58667e-16 434.05 204.257 -7.42547e-16 335.261 209.945 -2.50783e-16 303.767 241.424 -6.68588e-16 339.851 236.535 -6.60108e-16 309.03 254.351 -3.37762e-16 301.196 292.549 -5.96021e-16 335.053 261.576 -3.07213e-16 350.174 267.578 -5.58204e-16 361.533 246.986 -6.02166e-16 347.9 291.77 -5.90039e-16 361.685 220.096 -5.14614e-16 392.998 226.126 -5.36667e-16 427.488 225.862 -8.02669e-16 377.304 252.512 -6.41926e-16 385.373 265.789 -2.97817e-16 402.993 277.396 -2.57956e-16 422.523 246.958 -2.34659e-16 158.834 296.125 -5.57558e-16 144.183 323.987 -5.58692e-16 165.413 334.676 -4.78593e-16 181.906 308.614 -5.54046e-16 147.883 347.454 -5.50308e-16 193.546 339.811 -8.15291e-16 211.011 333.76 -3.22791e-16 215.419 374.974 3.61221e-18 227.988 296.559 -9.27497e-16 244.075 284.911 -6.24072e-16 274.33 303.261 -5.45222e-16 251.815 326.158 -5.59186e-19 294.759 314.104 -4.78703e-16 229.363 331.329 -2.63434e-16 246.891 341.9 -5.21122e-16 227.86 349.162 -6.30907e-19 268.31 342.291 -5.95854e-16 156.838 382.085 -9.01098e-16 167.894 392.325 -3.85079e-16 170.931 365.302 -3.22129e-16 187.568 388.889 -4.69347e-16 137.448 411.376 -1.75047e-16 142.135 439.453 -4.3952e-16 162.725 416.439 -2.89938e-16 200.61 424.687 -3.15814e-16 197.402 447.48 -5.26624e-16 218.818 371.305 -4.10031e-16 -304.276 -339.622 5.75122e-17 259.459 377.524 -5.58231e-16 271.071 408.199 -2.82187e-16 225.009 427.14 -5.07264e-16 241.178 425.393 -7.75511e-16 315.801 298.355 -8.53725e-16 368.876 292.975 -5.39075e-16 327.663 314.339 -5.51784e-16 372.116 313.622 -2.77478e-16 311.989 330.399 -5.90477e-16 298.694 345.318 -5.08961e-16 324.195 361.898 -4.65063e-16 334.56 334.828 -5.29892e-16 381.845 298.723 -5.89167e-16 303.249 364.076 -5.69752e-16 452.602 158.505 -7.81837e-16 449.056 190.649 -2.95707e-16 153.91 460.622 -4.28587e-16 -298.892 -360.878 -1.15747e-16 -395.573 -252.357 -1.30616e-17 123.614 -371.642 -3.04127e-16 -114.298 -335.515 -2.1885e-16 -342.055 -83.9783 -1.69434e-17 -276.757 -74.2394 -4.91689e-17 82.3947 -134.526 -2.28056e-16 3.63356 6.25574 2.45274e-17 96.6497 81.4663 2.57149e-18 102.242 106.14 -6.64361e-16 361.768 -289.519 -3.13183e-16 403.879 -65.5775 -1.43003e-16 406.306 80.2791 -4.3593e-18 -61.5406 187.391 1.6162e-16 65.9055 114.914 -2.32751e-16 115.044 117.269 -1.17192e-16 65.3408 343.687 -1.70491e-16 74.0944 391.974 -5.41782e-16 19.6472 454.841 -3.56647e-16 218.581 430.673 -3.12785e-16 241.085 -380.141 -3.78616e-17 134.349 36.96 -4.04671e-17 -121.656 -104.188 -1.16591e-17 -317.194 10.7687 3.19962e-16 -301.638 83.3612 -6.59631e-16 481.995 57.4252 -1.97006e-16 -469.31 131.011 -9.85785e-18 119.179 -198.218 -3.61594e-17 59.0676 -349.412 -6.13917e-17 -53.4183 -217.338 -2.92007e-16 -70.7047 -401.106 -2.18594e-16 -53.4565 -485.854 -3.44281e-17 -338.555 -233.506 -2.35586e-16 -113.117 -467.445 -4.18936e-17 -106.215 -392.809 -5.15776e-16 -378.971 -146.743 -3.60228e-16 -245.06 -124.655 -2.11671e-16 -484.542 -36.9994 1.10518e-17 -478.633 30.4259 -3.39245e-16 -478.649 50.7607 -6.18181e-18 -248.652 -15.9534 -3.054e-16 -109.459 43.6891 2.73668e-18 10.2736 94.7964 -3.54987e-16 43.3607 100.064 -2.51918e-16 18.1885 119.339 -1.86836e-17 437.719 -2.00465 -2.28818e-16 -424.313 231.543 -2.1967e-16 -388.091 218.716 -1.21561e-16 -268.922 135.471 -2.78968e-16 -11.9523 414.278 -2.61877e-16 190.699 246.297 2.47391e-16 431.01 231.314 2.1487e-16 310.622 367.343 -3.74194e-16 140.654 427.498 -5.56051e-17 305.598 128.997 -1.25306e-16 437.026 -41.2702 -3.68788e-16 200.573 -41.3844 -5.81475e-17 -437.782 214.015 -2.2429e-17 16.2698 -89.5368 -4.158e-16 118.253 285.242 -3.25422e-17 -403.91 -0.166582 -5.32105e-17 307.697 -240.772 -3.7792e-16 -455.841 -31.7717 -3.11327e-17 -253.032 -196.167 -3.88908e-16 457.741 139.059 -4.76853e-17 -122.811 -445.456 -2.56883e-16 297.405 -131.611 -3.35097e-16 303.183 65.7784 3.2884e-19 351.836 40.9259 -5.58981e-17 397.017 -33.269 -4.53326e-16 -241.086 182.28 -3.15846e-16 -161.823 190.999 4.1645e-18 75.0762 188.281 9.42513e-17 168.705 331.862 -3.59042e-16 203.124 152.606 -3.84837e-16 141.081 89.8187 -5.7966e-17 169.212 -51.2203 -5.03946e-17 -92.1729 -11.5983 1.26294e-16 -102.818 196.503 1.67586e-16 -42.2058 175.504 1.72842e-16 -300.045 284.084 -6.31354e-17 263.5 -323.315 -3.72828e-16 248.865 224.393 -3.14318e-16 263.377 277.298 -3.1483e-17 -432.176 151.413 -1.11285e-16 -399.129 138.538 -3.42201e-16 -351.317 202.272 -5.08394e-17 73.2147 446.574 -9.33347e-17 -260.43 411.491 -3.66166e-16 77.7593 -208.114 -1.17477e-16 89.0274 -221.302 5.52484e-19 120.773 319.042 -3.34451e-16 -111 -357.972 -6.82922e-17 -284.955 -47.5488 2.43333e-16 -93.3033 -372.849 -3.68362e-16 -365.641 -248.058 -2.17024e-16 -103.888 -302.115 -2.74352e-16 -29.1046 -274.784 -4.27848e-16 -72.8928 -143.522 -2.57791e-16 -66.48 60.8778 -4.81934e-17 134.881 -177.347 -2.49365e-16 151.671 -151.138 1.54029e-16 247.606 -47.3106 -4.93126e-16 436.488 175.983 -4.56496e-16 453.457 0.97249 -2.68127e-16 485.982 -27.495 -3.89054e-17 -106.075 132.241 -2.59978e-16 98.3721 288.184 -4.93761e-16 194.89 194.861 -6.36621e-17 306.224 213.89 -2.86331e-16 353.446 275.032 -4.51515e-16 -199.591 411.586 2.04709e-16 261.148 123.894 -1.00258e-16 354.5 -11.8926 -3.49622e-16 401.739 48.0275 -3.599e-16 68.1037 334.942 -4.18048e-16 -103.471 309.051 -3.60848e-16 -112.718 278.52 -3.45314e-16 -47.6179 250.896 -1.57462e-16 -202.983 -243.292 -5.48426e-17 -265.741 302.696 -4.368e-17 243.958 -333.38 -3.15657e-16 296.215 -326.459 -3.65577e-16 450.729 -62.2702 -3.31832e-16 120.134 -268.225 -1.66438e-17 -457.647 -173.368 2.1512e-16 -338.314 -285.222 -3.20501e-16 -415.467 -220.861 -4.44083e-16 -326.876 -334.399 -2.32823e-16 -246.412 -258.06 -3.65495e-16 -109.907 -433.669 -2.31874e-16 -120.886 -276.529 -3.96465e-17 126.299 -287.604 2.16136e-16 -262.343 -114.176 -1.21793e-17 -375.706 80.4593 1.71961e-16 -210.923 23.2076 1.10567e-16 -237.549 38.2819 -3.42475e-16 -172.661 -171.992 -1.05037e-16 19.5054 -169.376 -3.74419e-17 93.377 -84.9091 -3.66808e-16 333.476 -209.721 -3.12648e-16 356.067 -185.031 -2.39224e-16 409.555 -252.369 -3.24979e-16 369.303 -92.321 -4.14769e-17 470.947 55.1348 -6.09985e-17 419.391 113.1 -3.5188e-17 -353.296 329.655 -3.58727e-16 -154.957 314.494 -5.73991e-17 -163.06 430.064 -4.61541e-17 94.7325 100.369 -2.26187e-16 358.623 -290.056 1.86383e-16 59.3344 369.361 -2.42622e-16 167.306 -449.274 -4.00946e-17 174.611 -439.186 -1.05991e-16 296.079 382.518 -4.08383e-16 196.763 -88.7433 -3.48394e-16 131.632 124.641 -1.2673e-16 -179.732 107.352 -1.06583e-16 389.099 -292.416 -3.01311e-17 289.436 -253.948 -3.05677e-16 225.287 198.319 -3.91129e-16 -199.608 384.042 -4.18553e-16 295.527 23.2928 -1.11318e-16 361.106 76.1942 -6.7969e-17 316.175 93.8966 -6.55878e-17 450.47 73.7412 2.71613e-18 -366.431 42.953 -3.57797e-16 -18.3003 -287.166 -1.5512e-16 -186.62 -403.696 -3.05378e-17 -276.879 -327.508 -1.65151e-16 -39.7235 -488.395 1.02134e-17 -9.92771 -355.4 -3.31696e-16 -20.609 -221.736 -7.93831e-17 -413.611 -122.644 1.07547e-16 -361.57 -28.0174 -2.2273e-16 -212.482 -124.942 -7.87586e-17 -93.4926 -84.206 -2.90522e-16 -70.8223 116.249 5.56141e-17 99.2326 -32.4697 3.47343e-16 -0.0216481 55.3667 2.01743e-16 80.4919 72.5295 -1.42909e-16 245.849 -351.141 -2.9329e-16 188.434 -302.443 -1.86916e-17 323.279 -161.695 -4.52561e-17 416.618 -147.761 -7.09321e-17 217.135 89.0723 -3.23054e-16 -284.652 323.448 2.09436e-16 -175.667 260.043 -6.22428e-17 -81.2267 238.103 -9.85233e-17 -142.168 399.699 -4.00426e-16 -15.8731 453.991 -7.25722e-17 8.36787 477.783 -6.1516e-16 152.583 252.203 -3.70056e-17 334.418 259.392 -2.21041e-16 264.97 402.117 -3.36443e-16 307.321 303.889 -2.2536e-16 432.917 -55.0402 1.0523e-16 -20.3284 397.908 -4.5883e-17 -285.582 78.5427 1.24709e-16 154.422 -55.8474 -4.48382e-17 -416.045 160.691 -1.1527e-16 347.407 7.0512 -3.47451e-17 281.801 225.213 1.08583e-16 143.172 66.5511 1.29472e-16 24.0911 244.234 -2.58074e-17 -49.5408 135.431 -4.52925e-17 -34.6534 341.548 -2.85615e-17 203.96 -322.739 -8.42037e-17 -8.63025 -154.603 -1.71416e-16 -95.57 -192.891 -2.85941e-16 12.999 -102.476 -1.97789e-17 464.24 34.9128 -3.89297e-17 -338.347 -230.74 1.35363e-16 -395.902 -251.562 -2.69226e-16 -171.793 -283.958 -3.13038e-16 -310.398 12.7616 2.4475e-16 -287.794 -272.84 -3.37158e-16 -447.206 -199.032 2.27542e-16 -358.44 -250.312 -3.62426e-17 -339.496 -209.521 -4.35649e-16 -120.39 -446.413 -6.05673e-17 -99.6743 -451.775 -3.07307e-16 -22.9451 -429.374 -1.08093e-16 8.94363 -355.024 1.23859e-16 -180.655 -195.327 -1.59417e-17 14.1528 -258.526 1.1766e-16 -259.725 27.8102 -4.34562e-17 121.708 -77.3284 -1.10725e-16 -46.2703 -3.25559 -3.84155e-17 256.065 -292.959 -2.0877e-16 307.197 -69.4706 -5.91866e-17 449.923 -99.4222 -4.84896e-16 -322.209 271.389 1.57288e-16 -142.572 179.533 -3.70018e-16 -61.4264 341.976 2.30304e-16 34.3121 428.823 -3.13041e-16 133.334 469.11 1.64783e-16 222.2 198.643 -4.21639e-16 314.131 237.654 -5.51071e-16 357.039 233.59 -3.14648e-16 316.002 373.371 -2.63259e-17 96.656 -212.016 -9.12877e-18 142.184 421.767 1.66601e-16 324.385 142.825 4.38677e-16 194.519 338.53 -2.99913e-17 408.532 173.512 -1.01036e-16 435.911 207.909 -4.53502e-16 441.143 213.336 -3.0582e-16 397.544 68.2994 -3.46328e-17 -89.1479 358.62 -3.10908e-16 169.257 -61.7855 2.87025e-16 404.02 -149.361 2.35053e-16 -70.5486 262.709 -3.14544e-16 -28.9935 183.499 -3.91277e-17 -145.014 79.1242 -1.23082e-16 -282.859 82.1058 -1.31796e-16 -109.02 -131.09 -6.30249e-17 -178.565 -16.7108 2.32063e-16 -157.695 1.83443 1.12015e-18 -445.711 -64.9336 -5.19771e-17 4.32827 -453.919 -5.70236e-17 98.1752 -405.113 -2.93326e-16 54.0489 -376.478 1.14573e-16 -294.732 -389.045 -7.18224e-17 -368.001 -213.292 2.1264e-16 -216.941 -268.209 2.54282e-16 -262.5 -253.658 -1.48904e-16 -0.878692 -306.409 -3.26358e-16 -460.383 35.1867 3.73343e-16 -148.324 -139.691 -7.90328e-17 -105.306 -109.794 3.13833e-16 57.7096 -150.214 -1.27105e-16 -150.33 39.4428 -5.73903e-17 -120.049 115.109 -8.95755e-17 -40.003 67.8348 -3.46212e-17 101.301 7.5308 -6.0616e-17 255.972 -417.832 -3.41418e-16 286.33 -290.184 -3.72915e-16 355.566 -172.923 -3.35571e-16 378.628 -172.469 1.70758e-16 399.166 -108.126 1.25251e-16 115.519 -355.56 1.84688e-17 341.002 72.5217 2.81513e-16 -449.802 152.362 2.29803e-16 -89.7124 420.102 -6.42038e-17 -62.649 441.236 -3.71959e-16 75.7936 364.339 -9.3734e-17 -77.2027 187.788 2.7921e-16 -259.171 -19.6048 1.22453e-16 -428.399 154.799 3.3507e-16 -398.037 135.088 -1.79041e-16 66.8118 462.806 4.9129e-16 67.0516 306.497 3.87033e-17 -30.7353 -253.843 2.78683e-16 452.034 161.679 2.28441e-16 -381.278 226.395 2.76844e-16 247.039 387.808 -2.61874e-16 262.632 378.299 -3.86872e-16 247.452 230.467 4.48932e-16 -168.512 345.535 -1.22749e-16 -289.056 379.972 -3.20138e-17 67.7394 409.712 1.16849e-16 -125.31 365.395 -2.65554e-16 29.9123 70.9989 -1.38428e-16 191.197 -17.1384 -3.78039e-16 379.936 49.1552 -3.20669e-17 -174.376 265.397 -3.24661e-16 -354.393 16.1733 2.47035e-16 -403.185 54.9744 -4.76876e-17 24.7719 -64.6726 -7.72999e-18 -188.624 -10.6098 -5.49247e-17 -163.513 -174.032 -2.69479e-16 -67.5441 -250.73 -3.18392e-16 -363.181 -133.932 2.34891e-16 -56.1482 -198.777 1.96132e-16 -276.83 -318.709 2.87694e-16 62.7444 57.8477 -3.52018e-16 210.287 -399.669 -3.77598e-16 363.79 -323.007 -9.15688e-17 272.288 -166.006 -1.76145e-16 436.292 92.5435 -2.57581e-17 467.94 95.2482 -3.07769e-16 -462.596 161.478 -3.10701e-16 -420.177 241.263 -2.18692e-16 -320.133 167.671 -2.47725e-16 -95.256 311.168 -2.64559e-16 -156.083 438.27 -1.36909e-16 264.757 204.771 1.79758e-16 356.495 147.919 -1.04219e-16 370.588 233.546 -2.67994e-17 281.757 336.426 -4.14029e-16 160.009 400.884 -3.09851e-17 404.011 -18.4355 2.93547e-16 269.923 125.04 5.45959e-18 -176.764 -162.848 3.57382e-16 250.347 -343.911 -1.62695e-16 -422.743 -229.646 -2.14566e-17 -106.494 240.973 -5.68829e-17 -41.9196 -229.332 1.89575e-16 -124.347 -383.882 2.08719e-16 164.604 223.461 -3.83032e-16 29.999 205.594 -2.56965e-16 165.29 -147.165 -1.35861e-16 -375.116 -222.701 4.44099e-17 -271.26 251.438 2.22046e-16 349.822 -119.93 -3.2176e-16 -182.386 -67.3834 -4.13972e-16 -143.727 -57.3419 -2.47222e-16 -363.792 -145.618 -5.32437e-17 -448.595 -84.7807 -4.17294e-17 -108.128 -244.302 -5.51925e-16 46.4092 -265.171 -4.13936e-17 55.8435 -204.116 -2.83907e-16 91.5857 -251.463 -1.44643e-16 123.846 -442.526 -3.33565e-16 -106.718 -352.586 -1.38054e-16 -228.368 -205.155 -3.59295e-16 -212.535 -227.428 -1.48487e-16 -298.518 -298.53 -4.42975e-16 -389.18 -287.124 -2.91808e-16 -396.631 -208.711 -1.34017e-17 -52.5237 -234.074 -2.60043e-16 27.2727 -341.492 -2.15514e-16 -261.435 -152.297 3.8e-16 -370.099 105.302 -1.24681e-16 -83.9893 -164.981 -3.52966e-17 0.685882 -184.587 -3.56021e-16 -7.88301 -11.3768 -1.04101e-16 -24.402 82.745 -1.84065e-17 28.1392 77.442 -3.99549e-17 183.949 -280.587 3.1969e-16 243.144 -248.164 -4.05428e-17 356.236 -223.611 -2.84472e-16 422.344 -220.237 1.23499e-16 452.328 -49.9436 -3.95629e-16 -383.416 185.774 -3.69135e-16 -286.398 305.714 -4.36264e-17 -10.4391 224.573 3.67308e-17 -66.3762 407.257 -1.21363e-16 347.814 199.461 -3.36183e-17 203.105 396.599 -6.41249e-16 134.6 418.438 -2.82407e-16 -391.859 -127.046 2.12318e-16 246.764 -315.617 -1.73713e-16 99.6607 287.138 1.61524e-16 301.32 48.5969 1.57156e-17 -81.8637 259.404 -7.51943e-18 -281.79 -50.5008 2.28634e-16 152.737 161.205 2.09055e-16 82.7399 203.091 2.64046e-16 180.19 332.959 1.4451e-16 -94.3642 -3.463 4.06905e-16 291.251 -102.452 -3.39853e-17 11.0067 111.992 -1.94173e-16 -175.533 417.334 -1.43743e-16 264.991 291.009 -4.35632e-16 56.1834 392.698 5.47603e-16 350.481 304.324 -4.43802e-17 -295.698 -361.322 5.5959e-16 448.736 34.1603 -3.35413e-17 -19.2402 276.042 -1.16646e-16 89.4136 285.915 -4.47728e-17 -165.982 -13.6152 3.3706e-16 174.256 27.2747 1.37266e-16 220.289 11.3537 -2.76142e-16 315.551 -302.066 1.18126e-16 368.061 -264.991 -2.98699e-16 -129.73 -254.849 -3.22186e-16 -325.125 30.9074 -7.29821e-17 -148.501 -453.68 -1.22808e-16 -69.4687 -76.1986 -3.89731e-16 -248.37 -84.1125 -2.38052e-16 -237.812 -57.0422 -4.98481e-17 -477.484 84.6561 1.18831e-17 -224.219 76.1738 -1.5451e-16 -115.474 -389.599 -6.72979e-17 -6.77523 -405.498 -1.92172e-16 -467.487 -48.6474 5.80257e-17 -410.107 -71.2914 2.58052e-16 -241.987 -167.801 -3.22073e-17 -322.787 71.8497 1.01913e-16 -1.89277 -75.8262 -5.20336e-17 -44.1098 102.275 -1.55542e-17 215.762 -237.913 -3.27105e-16 290.62 -164.655 -2.96845e-16 421.274 -35.756 5.94138e-17 176.029 8.50971 -4.16235e-17 -390.283 156.134 3.23911e-16 -414.232 228.915 -3.97236e-16 -215.302 183.923 -2.08169e-17 -26.3731 369.012 -3.61061e-17 232.33 177.31 -3.96183e-17 425.145 238.762 -5.39005e-16 142.249 330.842 -4.63231e-17 -475.024 32.2715 1.57039e-16 362.177 283.076 2.54137e-16 320.878 -214.312 -1.53252e-16 -340.196 -203.059 2.9012e-16 236.277 197.156 4.7064e-16 -105.76 177.691 -1.49759e-16 -254.412 374.304 -9.8542e-18 145.816 116.044 -2.43823e-17 -42.3774 263.429 -2.88567e-17 -24.6255 -420.122 2.43136e-16 -22.9209 -213.809 1.04369e-16 235.491 303.602 -3.07911e-17 276.997 319.43 -5.29621e-17 129.628 365.493 -2.35624e-16 337.986 122.536 2.44612e-16 389.025 81.4892 -7.71376e-18 369.937 246.542 -1.16254e-16 289.835 255.28 -1.24646e-16 -135.841 -439.867 3.79531e-16 134.914 53.4708 -5.83604e-16 123.775 -102.143 -3.48619e-16 -120.566 414.417 -5.78539e-17 61.2073 147.836 -5.5887e-16 -30.5073 428.838 3.17936e-16 487.193 49.1168 -7.12678e-17 179.754 -136.391 -3.54986e-16 -469.549 -128.276 1.17612e-16 78.7508 -325.44 -9.94417e-18 47.205 45.7434 1.62156e-16 -194.2 88.807 -1.3813e-16 -377.945 4.53557 -4.62485e-17 -34.3093 -381.214 -3.23842e-17 -255.072 -365.135 2.56548e-16 -140.452 -466.094 -5.35465e-17 -85.4416 -401.202 -2.08036e-16 25.5128 -414.577 -5.37318e-16 -150.078 -252.588 1.05539e-16 -437.45 -165.29 -1.26058e-17 -224.303 -47.0885 1.7279e-16 -424.416 122.347 3.01893e-16 -28.709 -155.031 1.08905e-16 24.8734 -97.661 -5.11864e-16 -36.4785 -16.2896 -3.62332e-17 -60.4669 59.9398 -2.15369e-17 -176.067 83.5439 2.88429e-16 50.0583 8.8245 -2.05305e-17 -166.463 -370.077 3.71803e-17 183.808 -180.997 -7.62421e-16 326.969 -119.937 -2.08957e-17 307.685 -58.4859 3.3907e-16 417.015 -12.8663 -5.59869e-16 435.574 126.633 -2.49649e-16 -386.424 213.868 -2.22956e-16 -302.216 223.487 -1.06236e-16 -261.67 326.457 -4.18812e-17 -85.5126 185.295 -4.40866e-16 -8.60374 156.035 -3.69872e-17 -143.015 433.562 -3.91852e-16 3.0992 -336.051 2.93839e-17 353.27 285.254 -1.06537e-16 61.8932 341.504 2.75485e-16 188.471 -105.246 -2.78994e-16 -91.2493 -100.743 1.76216e-16 90.3322 62.8431 2.71668e-16 -151.188 170.493 -1.43805e-16 292.659 227.532 1.72415e-16 90.7968 402.874 -2.66602e-17 122.718 382.441 -1.77723e-17 95.7094 415.319 -9.26925e-17 -140.407 404.434 2.65574e-16 427.265 -58.7386 4.09947e-16 99.2069 172.761 2.3186e-16 93.7866 195.95 -6.50036e-16 143.834 467.41 -3.98033e-17 313.473 211.665 1.65347e-17 -15.8395 59.2039 9.5344e-18 130.933 -38.8801 -1.72145e-17 299.26 -218.875 -6.86823e-17 -158.525 71.1773 -2.04649e-17 212.559 -202.776 -4.35676e-17 84.7336 -135.088 8.26308e-17 -141.785 233.781 -3.78437e-16 200.451 29.3358 2.39109e-16 -158.343 124.455 -2.46323e-16 166.624 284.411 -2.49671e-16 58.385 349.086 -6.16989e-17 -254.918 93.5412 -3.05115e-16 -434.711 1.1202 -2.35867e-17 -437.435 28.0684 -3.88008e-16 -328.989 -71.759 -2.60171e-17 101.216 -334.212 -2.30906e-16 -195.34 -306.217 -1.9655e-16 -153.592 -392.52 -2.38685e-17 -441.075 -44.4118 -2.47611e-16 -364.625 -82.7988 -3.12617e-17 -299.461 -215.419 -4.3937e-17 -276.148 -397.775 -1.05044e-16 -266.222 -361.987 -1.34524e-16 -103.967 -386.333 -1.66566e-16 90.8958 -366.055 -1.36267e-16 -51.971 -335.526 -3.59213e-16 -169.522 -228.599 1.66362e-16 61.9572 -330.547 -2.94317e-17 335.007 -315.956 -3.60148e-17 378.546 -250.753 -3.68888e-16 217.75 -29.1476 -1.03937e-16 407.073 -36.7418 1.11913e-16 424.576 27.8053 -2.02959e-16 466.87 -131.955 -3.38992e-16 -370.098 207.557 -3.60892e-16 -122.583 128.19 -4.30252e-16 -101.186 214.365 -6.51505e-16 211.457 180.187 -8.2211e-17 295.252 181.901 -1.32917e-16 -266.057 -84.3335 -1.53879e-16 115.081 146.456 2.67039e-16 -94.6455 299.642 1.98968e-16 299.986 379.477 4.11294e-16 213.226 -316.85 3.35217e-16 -10.6827 -158.701 2.31499e-16 -334.162 289.065 3.12831e-16 59.1295 -366.937 -2.00596e-18 -260.286 -257.246 6.33951e-17 9.53679 -321.408 2.73347e-16 159.028 -156.249 -9.61559e-18 7.35276 -252.221 -1.45108e-17 -207.666 381.833 1.46079e-16 -16.4801 -307.053 2.41792e-16 -112.141 304.813 4.86385e-17 219.172 298.82 -2.20381e-16 487.03 2.13742 8.60247e-17 469.739 105.868 -5.49524e-17 -113.492 -275.391 -1.94983e-16 35.797 481.175 -4.06213e-16 -167.864 232.239 -3.33019e-16 135.796 50.2642 1.37311e-16 293.553 363.027 -1.76233e-16 189.978 -199.54 -1.8717e-17 319.317 -339.542 -2.90878e-17 432.302 201.173 2.24384e-16 -78.291 369.05 1.49136e-16 -238.654 -310.664 -1.61779e-16 65.3237 94.1815 6.32641e-17 99.7211 120.747 -3.60418e-16 -186.585 265.771 2.33226e-16 196.141 150.073 1.83706e-16 -232.307 43.4192 -1.55419e-16 208.573 275.59 -1.53996e-16 -392.423 -7.03267 -4.18958e-16 74.2077 -231.645 -1.39002e-17 -370.56 120.423 -2.91017e-16 -144.481 -317.122 -2.48867e-17 -316.612 -341.304 -1.34545e-16 -252.817 -223.376 -9.67197e-18 -481.555 68.9086 -1.56569e-16 -220.038 -2.1372 -5.57139e-17 40.3329 -102.085 -2.41175e-16 107.223 52.2703 -2.42283e-16 312.695 -377.211 -2.39626e-16 284.929 -252.121 -5.85198e-17 308.062 -232.4 -2.25958e-16 305.825 -194.699 9.16212e-17 186.007 -27.9926 -2.51066e-16 370.03 -145.116 3.02468e-16 25.2008 -461.681 -1.60973e-16 427.195 64.015 -4.06922e-17 -273.861 217.613 2.9848e-16 -223.074 -95.6301 1.55709e-16 284.853 -272.51 4.00315e-16 48.0998 64.3711 3.52897e-16 -135.602 -365.294 -2.10062e-17 -280.027 -300.767 5.35687e-16 -226.987 75.8798 2.8902e-16 211.75 380.028 -4.85868e-17 334.509 -283.635 2.11386e-16 330.464 244.142 2.10995e-16 285.301 219.451 4.26301e-16 96.5321 -78.0583 2.30278e-16 239.73 -53.8408 4.83383e-16 328.45 36.4129 1.88208e-16 224.251 435.689 2.38702e-16 283.766 186.915 -3.52777e-17 -79.4677 298.522 -2.51909e-16 160.68 319.697 -5.53709e-16 -362.846 -145.074 5.40399e-18 154.416 113.673 -5.93345e-16 358.267 76.6893 -2.04715e-16 150.177 -154.835 -7.29187e-16 202.93 -136.317 2.42276e-16 211.836 -299.648 -3.58493e-16 161.345 -250.194 -3.50206e-16 -188.42 -27.1479 -6.46071e-17 -389.602 -288.202 2.28854e-16 -383.329 52.0523 -1.68246e-17 -198.544 -89.7041 -2.0189e-16 -205.422 -54.9494 -7.52932e-17 128.026 -283.951 -2.43378e-16 -359.926 -330.413 2.88303e-16 -345.126 -344.482 -9.83505e-17 -260.899 -318.587 -1.39595e-16 -302.759 -294.574 -2.99547e-17 -6.76909 -438.801 -1.11728e-16 8.62937 -212.136 -3.04571e-16 91.9105 -237.487 1.45228e-16 -478.855 -97.2274 6.94306e-18 -365.83 -78.3331 5.0675e-17 -292.102 -61.7633 -2.49504e-17 -297.878 -39.61 -2.44899e-16 -22.7832 -45.5089 -2.05738e-17 70.8736 63.5713 -1.75516e-16 264.053 -360.487 -1.6267e-17 181.947 -266.899 9.37264e-17 160.077 -215.176 -2.74877e-17 172.257 -234.181 2.04408e-16 268.056 -239.679 -2.37078e-16 413.507 -251.841 -2.41855e-16 -447.937 132.622 1.1712e-16 -255.664 125.737 -2.08651e-16 7.42983 174.454 -2.2942e-16 115.548 245.093 1.11108e-16 85.3968 470.002 -5.47227e-17 463.543 149.517 -6.94975e-16 -246.926 -118.465 -1.08572e-16 -243.495 -189.349 -1.72155e-16 123.631 320.643 2.02942e-16 -98.5603 -342.503 4.08691e-16 83.1929 99.7553 3.78619e-17 421.504 167.865 -3.40102e-17 272.516 378.886 2.25026e-16 -180.351 412.387 2.26082e-16 55.1331 148.417 2.5841e-16 -287.502 377.973 3.31545e-16 -221.827 416.174 -3.86599e-16 -207.482 442.255 -3.54307e-16 487.532 49.5083 4.78656e-16 152.688 298.446 -4.24555e-16 260.413 411.738 -2.53462e-16 397.143 10.1087 -2.01722e-16 259.508 60.4871 1.18686e-16 276.606 -101.08 -1.1058e-16 391.874 -256.042 1.81954e-16 -60.4573 -215.412 8.76597e-16 12.7953 194.625 5.11388e-16 -168.882 -57.2446 1.8356e-16 -88.2745 -239.027 2.58354e-16 475.425 -73.5281 -9.82576e-17 293.922 -69.5912 1.91288e-16 451.931 -134.503 3.67258e-16 -426.159 241.908 5.54766e-17 -68.4408 193.556 5.433e-16 -83.442 269.824 1.71331e-16 355.388 -206.164 2.97377e-16 458.787 -17.9111 1.11772e-16 -424.466 242.474 3.9207e-16 317.604 101.766 -1.64464e-16 105.378 -173.467 -1.07119e-16 -139.484 -78.4548 2.2326e-16 -138.936 -68.6424 -3.35694e-16 -234.474 -67.1986 1.50942e-16 -484.742 -32.5618 -3.03614e-16 -485.059 21.7199 -5.36926e-16 -292.496 -19.0201 1.11841e-16 -176.482 -245.522 2.57208e-16 -104.416 92.6406 2.82859e-16 -74.9131 122.119 -1.80576e-16 -157.208 -364.479 -4.65595e-17 -411.468 -237.911 -6.95797e-16 -113.042 -444.76 -2.99013e-16 -48.5919 -455.199 -3.56709e-17 66.5151 -456.78 -1.85108e-16 89.0308 -433.984 7.767e-17 108.914 -207.55 -4.17398e-16 -49.7416 -62.6243 -3.88932e-17 -98.8836 11.09 -3.24728e-16 -176.599 45.0966 -4.70127e-17 154.87 -351.477 2.41872e-16 209.293 -304.333 -3.69591e-16 381.794 -232.038 -1.42557e-16 427.683 -101.975 -2.41085e-16 -46.9136 221.645 -3.63607e-16 -29.5357 129.681 -2.66771e-17 -48.6265 392.214 -6.67115e-18 208.21 147.704 -2.48057e-16 121.226 270.056 -2.09254e-16 283.852 226.951 -4.16808e-16 294.053 278.094 -3.91666e-16 353.149 261.372 -1.36374e-16 182.047 379.177 -1.14042e-16 14.1989 468.458 -1.3137e-16 352.653 -9.80581 2.1362e-16 392.182 36.1626 2.12986e-16 -462.236 -65.5412 4.93939e-16 -392.867 218.932 6.11322e-16 -151.432 426.224 2.5051e-16 349.489 144.149 4.92029e-16 -479.48 34.2752 4.93212e-17 191.013 -95.053 4.31287e-16 -444.384 15.3397 -4.73454e-17 -75.0525 408.025 3.0989e-16 -126.957 -64.3084 1.86993e-16 -45.3748 475.737 -4.88632e-17 -166.521 307.959 5.14899e-16 204.549 84.1395 -1.12263e-16 -13.9383 459.967 1.37686e-16 -104.892 169.626 2.52611e-16 -265.322 362.543 5.48897e-16 367.965 261.098 2.68523e-16 -333.142 25.0614 3.4259e-16 -256.025 -97.4579 2.20779e-16 -197.421 355.351 -1.05771e-16 -45.1641 350.719 -1.97779e-16 -68.5198 354.427 4.79787e-17 178.881 -177.396 3.99276e-16 -449.962 193.382 -1.6316e-16 150.996 -211.877 -2.80111e-17 -250.98 209.877 -3.35199e-16 -201.77 207.854 -5.72655e-17 227.587 -391.863 2.36929e-16 272.609 -165.791 2.91312e-16 -270.458 15.5449 -2.13353e-16 -131.107 -127.535 1.36382e-16 -99.1609 -137.662 8.30467e-17 -84.8372 71.6498 -4.6193e-17 156.141 -379.045 1.50888e-16 -222.298 -138.002 -6.54851e-16 -389.018 -116.634 -1.50732e-16 14.7989 -167.622 -2.35944e-16 35.7454 -163.591 -3.77434e-16 -452.717 102.733 -3.33469e-16 56.872 -430.539 -3.84531e-17 -62.2959 -385.223 -3.45369e-16 -101.353 -366.13 -4.7388e-16 -220.437 -242.535 -5.93084e-17 -239.272 -286.517 2.83436e-16 105.505 -475.831 -4.81008e-17 -469.806 -114.219 1.29274e-16 -212.817 -193.328 -1.5362e-17 -325.268 -13.0475 -1.02074e-16 -307.45 102.276 -2.46569e-17 -240.055 74.1967 -2.35417e-17 -239.865 127.933 -1.91116e-16 -207.236 120.676 -2.59136e-17 158.666 -304.138 1.61432e-16 358.365 -39.1068 -1.18935e-16 242.948 29.9865 -6.51097e-17 473.871 -61.8819 -1.03519e-17 463.034 45.4467 -2.39715e-16 482.627 59.1875 -1.72987e-16 -274.306 157.942 -5.58359e-17 -169.463 153.963 1.0133e-16 -64.1674 133.535 -3.29089e-16 -150.618 337.448 -3.60657e-16 79.3588 342.098 -3.92486e-16 403.547 -72.4928 3.91008e-16 -195.97 -402.115 1.37175e-16 356.952 232.046 1.31871e-16 47.2674 317.329 9.30885e-16 -136.645 369.198 4.81845e-16 -421.426 -233.594 5.59424e-16 263.357 294.617 -1.26515e-16 463.112 27.1816 4.70953e-16 171.569 -142.103 -1.63759e-16 -466.292 -138.136 2.93472e-16 -194.106 97.8178 4.39253e-16 -314.005 229.421 2.9738e-16 -129.13 414.015 2.41311e-16 -87.2426 -89.7672 3.97311e-16 -201.581 381.605 5.72471e-16 69.4052 -231.572 2.97787e-16 -372.847 -221.518 1.84197e-16 -153.888 264.278 -1.41897e-16 12.5957 483.625 1.7177e-16 -156.699 -255.557 -1.07001e-17 -214.642 -36.4374 3.39788e-16 -143.916 -261.666 1.22307e-16 150.054 337.996 -3.00132e-17 37.5686 -74.6769 1.89663e-16 -142.018 -175.345 4.60381e-16 -233.563 362.561 1.21559e-16 -11.9952 327.693 1.24276e-16 3.64976 335.129 1.06335e-16 113.51 141.62 -2.1448e-16 58.6114 199.013 2.85592e-16 -170.153 260.352 -3.30951e-16 -135.806 276.161 -2.46522e-16 -287.872 84.1277 -1.10922e-16 285.391 145.291 -1.0773e-16 349.081 -129.827 -3.52341e-17 252.656 3.45538 -3.20282e-16 340.499 92.4591 4.51446e-17 -341.455 205.442 -1.38003e-16 343.373 -295.656 -2.22431e-16 110.237 7.38646 -2.77461e-16 -476.997 123.929 -3.46298e-16 118.862 -95.4419 2.26058e-17 -182.853 -151.794 -3.73042e-16 -361.623 155.185 2.50366e-16 -62.6295 -290.212 1.34616e-16 -352.018 -265.82 -4.29481e-17 -433.035 -229.389 -1.54281e-16 -311.125 -375.974 -3.44033e-16 -45.4407 -360.163 2.36013e-17 -30.608 -285.272 -1.17731e-16 -266.22 -86.1667 -1.76648e-18 -297.325 66.116 -3.91106e-16 -157.237 -111.457 2.75552e-16 -30.7367 -123.778 -3.81817e-17 -16.3272 -6.30419 1.53622e-16 259.265 -382.121 -2.94082e-16 266.789 -408.39 -5.11387e-17 238.298 -57.5012 -8.30404e-20 351.534 -37.0403 -2.15116e-16 463.006 -83.5285 5.34997e-17 299.127 12.6978 1.26692e-16 411.074 79.6625 -5.80935e-16 -419.275 150.072 -6.42035e-16 -396.204 183.643 -3.6373e-17 25.6458 374.145 -7.80681e-17 -100.538 448.531 -1.61817e-16 -58.0119 481.716 -2.37598e-16 336.824 220.032 2.65378e-16 -273.65 144.95 1.684e-16 278.326 -332.473 4.28885e-17 61.8909 365.592 5.69407e-16 243.878 -352.416 1.99816e-16 196.163 347.177 1.92637e-16 -259.424 -241.771 -1.52844e-16 -395.875 136.462 3.75921e-16 -88.3283 332.848 6.11297e-16 -212.784 -213.412 1.03997e-17 182.516 387.632 1.70038e-16 223.351 -238.056 -1.58614e-16 -81.8356 190.437 -5.25621e-17 359.391 288.125 3.1961e-16 -310.311 -332.758 4.72029e-16 454.888 -157.895 -3.44001e-17 65.6444 -146.259 5.14242e-16 239.607 402.062 4.2198e-16 -163.98 337.975 4.23831e-16 -326.769 -316.947 5.23238e-16 -244.994 -264.105 3.29449e-16 459.5 -54.2978 6.3383e-16 -140.817 168.38 4.18763e-16 208.228 -45.44 1.45958e-16 332.772 -238.764 4.00569e-16 452.019 171.54 -3.43076e-16 246.72 170.473 4.83283e-16 384.199 295.01 3.53889e-16 217.945 -26.7977 3.75061e-16 -374.383 215.489 2.3024e-16 -215.486 245.415 2.13994e-16 -189.443 232.482 2.46898e-16 -340.276 320.859 2.79105e-16 171.583 346.791 -2.78376e-16 377.047 -120.346 -1.96186e-17 261.552 -147.05 -1.50332e-16 264.221 -130.745 -2.2962e-17 71.495 262.769 -3.13024e-17 -92.9766 434.097 1.05336e-16 -50.2301 239.273 -4.04922e-17 -395.411 279.775 -2.09614e-16 315.532 22.7594 8.70848e-17 444.779 -170.835 1.25549e-16 483.6 -60.5448 -2.78257e-17 191.179 -438.055 -1.04087e-16 162.395 -384.717 -1.20365e-17 218.851 -305.592 -3.47265e-16 132.066 -220.065 2.89849e-16 -64.0085 13.1514 2.06441e-16 -18.2164 44.2643 -4.4075e-17 192.66 150.062 1.15964e-17 234.925 139.231 -3.24276e-16 372.785 -316.692 -2.35683e-16 -326.304 -7.77155 -3.74862e-16 -433.692 -150.929 -3.72335e-16 85.6361 -99.7131 1.84414e-16 71.3079 -51.4411 2.67428e-16 91.0576 -51.6724 1.41474e-16 -154.693 -47.8402 -5.21572e-17 -289.548 -141.967 2.11956e-16 -10.0993 -463.584 -1.02959e-16 60.3056 -402.863 1.09334e-16 83.3173 -414.886 -3.69524e-16 -133.911 -273.202 -5.65955e-16 -345.722 -252.135 -2.73041e-16 -239.29 -406.511 -1.46323e-17 -245.041 -389.752 -2.83968e-17 -221.465 -364.77 2.06217e-16 -301.264 -248.09 -5.77652e-17 36.9153 -360.566 -6.33921e-17 -328.178 -291.687 1.10193e-17 -374.871 79.7548 -3.37545e-16 -280.463 -2.04431 -3.56941e-17 -149.342 64.8636 1.217e-16 -53.4119 64.9786 -2.72341e-16 11.1557 85.5294 -5.57179e-17 49.9962 51.4081 2.71302e-16 38.3433 94.1305 5.48489e-17 346.236 -227.872 -5.13014e-16 186.175 -158.781 -1.9319e-16 -247.717 -211.413 -2.17342e-16 -184.497 296.065 -1.67161e-16 -171.891 302.848 -3.12978e-16 -134.401 354.057 -5.1386e-17 -19.7981 361.299 -5.09337e-17 207.755 228.239 9.36508e-17 126.424 -372.841 4.46337e-16 95.0207 -145.781 4.48364e-16 -108.575 273.575 1.69515e-16 -127.944 -457.686 2.1795e-16 -85.5739 -442.76 3.93487e-16 -292.709 -387.621 -1.31152e-16 -134.69 -368.036 6.02839e-16 427.982 -214.746 3.11912e-16 219.871 -2.48858 -1.29537e-16 328.972 -220.118 6.38439e-16 -153.866 244.373 6.91967e-17 406.792 -23.6099 5.74624e-16 45.2298 -384.373 5.1285e-16 77.1247 98.1149 1.63234e-17 446.091 -9.24111 1.82629e-16 95.796 -168.162 4.44766e-16 280.99 -268.631 5.91315e-16 -120.336 -367.078 8.34e-16 329.565 230.955 8.63426e-16 -277.553 -388.146 3.22158e-16 -259.234 -352.574 2.66204e-16 98.1593 -373.234 -2.75423e-18 465.737 146.599 4.39907e-16 77.6825 59.1345 1.59657e-16 -171.104 -65.2701 8.53755e-16 -134.92 35.4097 3.80724e-16 344.768 -162.476 2.54041e-16 176.156 237.438 -3.38177e-16 258.479 277.241 -2.39315e-16 319.15 186.481 -1.31285e-16 95.4186 -263.088 4.43178e-16 78.9113 369.331 -5.42118e-17 128.904 340.329 2.06836e-16 -341.259 341.221 3.11799e-17 -51.4292 155.834 2.18352e-16 -104.413 251.856 -1.4829e-16 13.5323 266.779 -3.44826e-17 88.8518 221.599 -2.89853e-17 303.22 -46.8272 1.50455e-16 157.571 74.1026 -1.40673e-16 -209.84 17.07 5.00778e-16 399.814 -278.76 -4.59542e-17 312.575 337.516 -1.04255e-16 41.2012 416.837 1.29698e-16 66.6009 110.681 -3.65937e-17 -357.698 28.5334 -2.13336e-16 -189.822 -130.139 -2.62e-17 59.3338 -175.307 -1.60203e-17 -46.627 -173.092 -4.39629e-17 -144.398 -291.11 1.99966e-16 -25.4789 -489.349 -2.90632e-16 -256.519 -207.858 -1.52549e-16 -84.8484 -464.69 -2.28378e-16 -181.151 -421.363 1.44936e-16 -182.957 -392.002 -3.95308e-16 90.3459 -343.644 2.30979e-16 -362.423 -58.7604 2.09097e-16 -225.931 -111.77 -2.01323e-16 -487.826 -12.5873 -2.22073e-16 -354.504 -14.6477 -9.94033e-17 -239.602 -16.6009 -5.21022e-16 37.997 -64.5891 1.90651e-18 -11.1396 127.42 2.79326e-16 46.554 57.5975 -1.39515e-16 196.855 -218.416 -4.69298e-17 250.795 -212.064 8.64773e-17 408.033 -207.444 1.48367e-16 446.319 -188.815 1.13864e-16 322.661 -160.238 -5.12371e-16 -404.966 142.533 5.21646e-17 -367.666 236.787 -3.70906e-16 -293.527 254.83 7.81142e-17 -194.059 200.263 -3.77257e-16 -34.3633 202.428 -3.3785e-16 96.3087 257.304 1.88028e-16 9.71066 313.757 -5.40515e-17 61.572 430.261 -1.42232e-16 186.08 201.405 -2.76906e-17 286.935 360.105 1.77654e-16 117.105 284.379 1.00962e-16 410.992 110.612 6.14923e-16 178.572 -435.83 4.38699e-16 213.139 200.623 5.62029e-16 281.452 330.577 3.84391e-16 158.78 221.797 5.78599e-16 430.648 227.352 2.09888e-16 38.0039 28.5928 4.22839e-16 182.08 274.607 4.10456e-16 -115.847 144.38 2.32264e-16 221.426 174.213 3.3803e-16 296.038 177.932 4.63176e-18 -230.024 40.3552 6.99684e-16 -381.513 5.5087 3.3687e-17 305.276 -383.287 6.89103e-16 -93.7979 283.915 1.64416e-16 -248.795 -200.975 9.08048e-16 293.998 281.657 5.73038e-16 173.705 373.316 2.98201e-16 -151.71 452.112 1.06784e-15 144.278 -369.371 3.59693e-16 -419.661 -215.619 8.42109e-17 -272.942 -33.0684 6.81379e-16 106.361 -353.376 4.54698e-16 -52.6639 -338.689 -1.18014e-16 -144.367 -135.321 3.13178e-16 51.2589 320.693 -3.52252e-16 97.2815 298.815 -1.74177e-17 320.48 145.961 3.01506e-16 -449.739 -44.5643 1.62969e-16 154.887 -154.749 3.96657e-16 217.238 47.077 -4.59612e-17 375.724 -21.3144 -2.02261e-17 459.285 47.826 -1.90369e-16 -29.6105 344.848 1.95961e-16 -217.449 -129.135 3.932e-16 17.0039 271.646 -1.45432e-16 -97.4255 339.05 -5.23083e-16 -225.884 205.291 4.27539e-17 463.25 74.434 4.30634e-17 391.403 261.885 2.88492e-16 203.357 -306.211 -4.84906e-16 385.455 -223.649 2.7045e-16 189.553 -252.638 4.93509e-16 26.3207 487.979 5.78529e-16 -5.14199 461.428 4.14203e-16 101.053 -239.269 -4.32563e-16 187.069 -184.102 6.87422e-16 -10.4793 -138.441 1.24653e-16 -182.302 -48.3193 1.22216e-17 -87.4224 -37.4092 -4.10366e-17 -374.511 -6.3435 3.58305e-17 -464.582 -154.255 -3.86759e-16 -447.692 -129.205 -3.55014e-16 -421.42 -161.171 -2.08692e-16 -29.5824 -317.528 9.8223e-17 59.3236 -350.098 -4.534e-16 87.7084 83.3201 -5.3507e-16 87.4946 -16.8861 -1.35781e-16 -169.758 -334.088 1.31325e-16 -441.909 -195.345 -5.16508e-16 -422.717 -202.345 -3.5545e-17 -184.462 -448.338 -1.00674e-16 -149.162 -415.652 2.18909e-16 -120.4 -367.623 -5.39182e-16 36.4162 -365.154 -2.99082e-17 141.363 -374.416 3.86178e-17 -243.265 -130.994 -1.26473e-16 -471.43 61.1087 1.79616e-17 -225.643 -21.3143 -3.18556e-17 -331.85 104.447 2.85915e-16 -50.4276 -125.568 -2.09669e-17 -181.37 89.2364 -6.81704e-16 31.0195 2.27424 -3.36131e-17 291.91 -328.124 -4.94622e-16 221.527 -267.496 -2.70156e-16 348.445 -193.644 -2.22604e-16 -415.454 171.223 -3.51214e-16 16.0675 454.508 -3.14805e-16 218.097 435.42 -2.69743e-16 -112.166 -388.417 2.19726e-16 -171.774 -170.289 5.06757e-16 418.893 -143.284 4.41447e-16 -361.641 -246.478 2.27178e-16 -59.056 0.374742 1.74959e-16 -164.148 71.5562 9.30378e-17 -444.4 168.073 4.79432e-16 -385.916 187.106 3.40978e-16 -441.757 -41.3094 5.5618e-16 88.3756 -244.529 3.27081e-16 151.779 299.114 2.5347e-16 270.684 -158.818 7.99357e-16 73.4824 340.384 5.62437e-17 -423.061 -232.807 2.54901e-16 462.224 160.594 1.55875e-17 -109.21 -351.201 8.39109e-16 -79.3692 -247.575 1.19328e-16 -120.389 123.23 1.8703e-16 -83.6206 399.869 1.228e-16 -242.848 -204.747 5.39062e-16 273.486 -323.638 -1.11808e-16 27.1418 -84.3864 4.1245e-16 325.413 299.16 4.83926e-16 -410.102 167.412 3.94325e-16 -472.836 -103.328 2.5787e-16 -318.565 -10.5351 -2.46059e-19 -487.099 41.0808 6.77559e-16 296.084 -175.174 4.39043e-16 -328.943 -280.086 -1.78987e-16 307.071 45.4309 -2.52401e-16 -366.032 -52.2501 6.02052e-16 -231.423 151.192 2.49141e-16 -320.338 217.099 -3.71889e-16 -331.316 -252.763 -1.4751e-16 72.6375 282.438 -1.11527e-16 -184.127 271.212 -3.00945e-16 -68.0972 235.589 -3.85169e-16 198.909 234.593 -2.63883e-16 355.24 240.602 3.07572e-17 304.172 75.423 -2.50889e-17 -147.748 465.699 -3.47059e-17 289.093 311.567 -4.69874e-16 150.227 436.695 -2.34762e-16 413.463 93.0196 4.65106e-16 244.249 -364.336 -5.42932e-16 202.533 -342.461 -1.33426e-16 183.781 -308.494 -6.23584e-16 46.1316 -404.408 2.23171e-16 288.694 -137.351 -5.81411e-16 -85.3198 72.72 2.55975e-16 -70.2004 -40.6176 -6.5263e-17 6.24138 -264.528 -3.8702e-16 -3.5195 -238.971 -5.26322e-17 -205.843 -267.755 -2.82084e-16 66.0651 -367.332 -1.18184e-16 -126.627 -320.102 -2.2003e-16 -93.0691 -328.186 2.61843e-18 34.5634 127.486 -5.37495e-16 158.848 -313.955 1.21414e-16 154.012 -259.002 8.4079e-17 312.998 -251.356 -5.61174e-16 132.888 -63.782 -2.40067e-16 314.207 -59.0802 -1.73153e-16 215.58 83.4301 -2.79156e-16 318.077 58.7698 -3.73414e-16 431.009 125.099 -4.75103e-16 -418.661 251.201 -1.28805e-16 -294.18 156.206 -1.30289e-16 -242.457 244.272 -1.479e-17 -133.523 114.655 -5.8255e-17 -78.0022 171.156 1.2074e-16 22.7488 186.67 -1.79138e-16 -32.3526 270.061 4.02165e-17 12.3256 406.806 -9.06478e-17 230.498 226.49 -3.24045e-16 -257.008 387.513 3.04696e-16 -34.5053 -273.013 7.66874e-17 345.929 79.8272 2.48579e-16 -64.2237 127.26 4.63514e-16 -308.733 318.875 2.17579e-16 193.008 33.1234 3.08591e-16 -60.4487 -95.9201 5.73902e-16 -123.36 -409.998 3.29621e-16 -8.68962 -409.461 2.68588e-16 -31.9217 -213.629 7.03117e-16 272.6 262.692 5.30184e-16 128.042 57.0145 5.53262e-16 258.522 -240.101 1.39642e-16 98.0507 108.259 7.37057e-16 -86.0328 265.738 4.47375e-16 -240.914 -207.66 -1.92494e-16 -444.923 26.3915 8.88839e-16 199.69 95.657 4.76625e-16 -301.425 -294.072 2.04592e-17 370.392 -34.5766 1.87517e-16 -168.7 257.045 4.92828e-16 29.5049 362.779 3.01158e-16 -269.115 -228.407 4.25157e-16 112.957 61.9159 2.78376e-16 287.611 -234.49 4.26336e-16 190.942 -44.9104 1.80008e-16 437.914 -161.977 7.9292e-16 -235.602 -270.315 4.78674e-16 -138.236 421.463 -1.33901e-16 127.982 -56.6558 2.1977e-16 223.125 203.432 6.72989e-17 -167.293 122.576 6.37854e-16 160.105 -142.103 7.60587e-16 41.3303 -352.464 4.39499e-16 -177.781 451.678 1.18911e-16 256.708 286.621 7.68508e-16 332.173 288.534 -1.23925e-16 150.944 -46.205 1.72392e-16 -117.486 131.75 4.84927e-16 192.763 191.6 1.45831e-16 -1.57241 290.718 -1.0147e-16 44.7836 338.871 -1.93611e-16 -488.071 -20.2916 3.4405e-16 -258.525 362.532 -1.97836e-16 120.555 -150.565 2.46042e-16 81.6816 1.87951 1.18985e-16 -10.6441 93.3022 -4.01644e-17 -312.033 39.5342 -1.43477e-16 285.844 96.087 -7.05045e-17 404.7 -118.372 -1.32191e-16 177.302 -6.16557 -2.99428e-16 152.326 12.3989 -3.39304e-16 432.621 -227.839 -2.49677e-16 -325.536 -188.217 6.79255e-17 -97.3651 -222.089 -1.45266e-16 -170.167 -456.139 -2.35773e-17 -375.235 -304.734 -1.81579e-16 -349.616 -297.652 1.13828e-16 -226.699 -334.843 1.37162e-16 -198.628 -103.078 -2.82453e-16 -276.483 73.7099 -2.17757e-16 -194.209 107.552 2.63485e-16 -182.269 -164.441 -6.69186e-16 -109.324 -37.4065 -2.35467e-17 -172.497 -25.2529 -9.78682e-17 -112.997 -9.79366 8.65367e-17 61.0657 80.5785 -5.89638e-17 132.933 60.2581 3.02432e-16 366.912 -239.415 4.12384e-17 310.721 -198.802 -3.37869e-16 272.943 -181.472 2.05151e-16 216.698 -55.7977 1.5331e-16 368.201 -110.308 -2.12622e-16 -374.756 228.218 -3.34983e-16 -367.198 279.417 -2.94804e-17 -219.3 263.458 -3.24454e-17 26.0107 160.343 -3.62219e-16 123.203 204.739 -2.00758e-16 -32.2062 378.673 3.6619e-17 -11.4053 380.433 -1.13818e-17 394.646 146.019 2.65378e-16 -61.6428 -137.319 2.11269e-16 -73.7136 61.8724 1.98118e-16 -93.8169 -440.689 4.36333e-16 -106.444 -131.871 2.0629e-16 -256.807 -12.9615 3.66443e-16 -287.24 390.725 4.32703e-16 -368.65 106.136 2.2128e-16 -236.981 -50.9901 5.34775e-16 105.331 -116.172 2.36452e-16 417.612 -13.0935 -9.24873e-17 459.816 -120.829 4.11106e-16 154.688 131.043 -6.30289e-18 146.732 -172.264 -1.88086e-16 -125.931 -63.671 6.2617e-16 452.003 -179.273 5.8819e-16 -188.174 316.225 -4.44691e-17 209.626 211.171 4.44738e-16 -150.137 31.8448 5.76059e-16 330.228 191.45 2.76496e-16 138.917 321.726 6.49174e-16 79.4914 193.227 -1.90934e-16 157.962 462.935 3.3387e-16 -95.8715 190.172 -1.58245e-16 265.186 -403.9 1.80649e-16 401.961 -117.011 5.77434e-16 38.5908 -109.368 5.0188e-16 433.614 -116.117 3.75204e-16 19.9857 453.316 5.43028e-16 -160.828 -156.322 5.64905e-16 181.098 -136.329 7.70944e-16 -95.4425 -87.7004 8.02509e-16 -2.72637 -460.022 2.37312e-16 63.6792 -395.367 5.20022e-16 68.2964 -396.851 2.17011e-16 -121.492 -280.406 4.04696e-16 -146.664 153.277 7.31723e-16 255.605 -336.082 4.38252e-16 104.749 290.773 6.46463e-16 349.497 316.636 3.6547e-16 -288.08 -303.495 -5.56634e-17 -403.481 -271.154 4.51303e-16 58.6113 120.917 4.08307e-16 51.4715 -342.014 4.44103e-16 -50.1384 -399.839 2.39314e-16 300.74 -139.855 1.28554e-16 -188.649 -36.5701 3.69141e-16 -5.08275 -438.149 3.01758e-16 -223.625 418.664 -1.5171e-17 -190.201 320.259 1.23914e-16 -110.717 312.055 2.08374e-16 454.784 -3.30042 -2.2677e-16 138.052 343.343 -3.76249e-16 216.246 333.279 -3.75661e-16 -126.514 449.937 -7.45009e-18 9.76954 482.974 -6.04045e-16 -180.046 95.425 -3.94392e-16 316.87 -110.713 4.56054e-17 181.179 -390.094 -2.53518e-17 263.964 -256.595 -4.37427e-18 271.054 -204.649 -5.15579e-17 -427.819 -20.3518 -4.33791e-17 -447.421 46.1966 -3.24002e-17 -305.773 60.8608 2.17022e-18 -191.757 -174.281 2.12212e-16 109.462 -219.895 -3.36375e-17 18.6429 -426.379 6.8257e-17 114.916 -138.991 -9.32536e-17 -284.925 -353.926 -1.69718e-16 -403.869 -277.199 -3.16041e-17 -78.8905 -319.722 1.49594e-16 23.619 -338.549 -1.53111e-16 92.4628 -288.579 -3.78305e-17 -420.645 -62.1147 -1.34211e-17 -242.126 -94.0073 -1.28023e-16 -210.272 -72.51 -1.24785e-16 -262.229 -31.9503 -1.72559e-16 -455.58 22.178 2.61001e-16 -303.148 24.3335 9.20258e-17 -195.352 33.555 5.79906e-17 -169.394 -87.1635 2.38081e-16 -0.0731886 -111.017 -3.91379e-16 -51.2 29.5655 3.29117e-16 107.347 -40.5089 5.3849e-17 102.559 43.0596 -2.40858e-16 226.143 -163.035 2.6295e-16 367.689 -150.025 -3.02178e-16 358.343 99.1073 1.36881e-16 -428.684 139.408 6.79993e-17 -268.61 318.275 -3.57733e-16 -148.027 244.743 -4.62867e-16 75.5098 246.594 1.07302e-16 191.499 257.096 2.49658e-16 478.699 54.2434 7.71313e-17 -341.759 -248.103 4.16886e-16 -238.427 -107.683 -6.8735e-17 408.354 -17.8188 7.26848e-17 -252.977 -210.795 3.08933e-17 224.528 -49.0775 1.38267e-16 250.54 -326.955 2.34883e-16 -353.364 339.321 3.32484e-16 82.8998 111.44 7.67371e-17 -185.286 118.071 3.53417e-16 -73.8529 427.971 4.08028e-16 -424.119 240.841 1.06017e-15 -29.1513 271.384 2.87163e-16 156.233 113.486 5.23123e-16 139.676 375.026 5.71761e-16 438.565 115.112 2.43659e-16 314.158 367.108 5.15157e-17 98.0413 101.958 4.01912e-16 -363.068 -136.903 5.58304e-16 83.4849 -443.369 4.76721e-16 -63.5585 196.835 1.4897e-16 -432.206 -143.507 1.62609e-16 93.4704 -141.576 8.60156e-16 52.1242 24.7907 7.78483e-16 -102.335 441.779 2.4055e-16 -56.752 476.182 4.84138e-16 12.7123 469.486 3.34597e-16 190.401 -79.7204 9.11732e-16 274.355 -110.543 5.6409e-16 308.306 371.056 -3.70526e-16 -0.248183 -2.89151 4.4556e-16 103.123 98.9197 -7.74457e-17 463.8 158.12 7.86412e-16 199.13 -7.97386 2.48865e-16 302.578 -204.615 3.0763e-16 176.783 202.764 2.79897e-16 89.1006 410.336 4.57987e-16 -159.415 73.5075 7.93571e-16 244.478 233.149 -7.11272e-18 -156.937 274.889 -1.32018e-16 -108.294 267.718 1.94118e-17 -98.9437 -195.179 4.83901e-16 16.9247 272.389 4.49156e-16 139.423 -165.99 2.6442e-16 -83.168 477.462 1.99079e-16 -26.7695 485.101 -4.64971e-17 268.936 -335.645 5.09982e-16 285.913 -85.8391 4.65499e-16 2.01189 100.402 5.38953e-16 -327.695 222.724 -4.25321e-17 -282.906 203.613 -3.43367e-16 -233.716 404.829 -2.50347e-16 -200.487 442.206 -2.01519e-16 140.747 -31.5787 6.64936e-17 238.085 -109.103 2.30286e-16 95.9227 136.475 4.64356e-16 0.105364 -147.88 -1.7945e-16 477.206 6.15626 -3.78111e-16 329.83 44.0667 1.48128e-16 -88.1474 107.58 -3.99077e-16 294.502 -279.826 -1.61988e-16 139.306 -252.602 -2.65496e-16 -421.616 73.9587 2.20813e-16 102.041 -458.549 8.07597e-17 -28.9038 -363.211 -2.44189e-16 -139.796 -238.843 -9.84023e-17 -59.8816 -264.4 2.81792e-16 2.23946 -330.287 2.75819e-16 -259.261 -106.775 -1.97279e-16 -315.244 -200.308 -3.8948e-16 -204.006 -226.469 -1.72444e-16 -10.4132 -480.457 1.39101e-16 -10.7354 -417.483 -1.14698e-16 -109.279 -302.048 -2.05313e-16 29.7973 -218.791 -5.86301e-17 -425.819 -33.3884 -2.24116e-17 -110.969 -49.4856 8.2591e-17 72.0154 -70.8686 -3.63584e-17 -109.536 4.59086 9.35656e-17 -143.947 23.5101 -3.17225e-17 284.97 -100.792 -3.74411e-16 203.77 35.9147 -3.69929e-16 -409.645 210.308 -3.69153e-17 -208.406 277.405 2.9249e-16 -328.517 -326.439 1.21453e-17 252.086 178.62 -4.20342e-17 180.373 310.738 2.73028e-16 -108.936 195.295 4.81373e-16 282.513 -247.388 4.39156e-16 -360.102 39.4807 4.06907e-16 -269.624 -321.509 9.22424e-17 -176.159 -275.365 1.75357e-16 -407.18 69.6276 5.85578e-16 -343.482 -191.785 4.15838e-16 -271.022 101.493 1.31413e-16 480.325 -1.85502 4.79927e-16 35.1138 452.174 6.77868e-16 -164.784 244.163 4.5111e-16 102.347 -88.1398 4.22943e-16 -456.392 123.093 3.14991e-16 -482.261 -32.9529 1.43682e-16 53.3858 -444.282 5.09956e-16 -80.6847 405.071 5.37531e-16 -270.48 220.491 2.06055e-16 -413.214 -232.552 1.24487e-15 -350.252 195.934 4.34648e-16 -198.797 -215.943 1.97912e-16 96.2441 -365.524 7.70753e-16 74.4237 58.1296 1.06026e-15 259.878 284.145 7.21922e-18 -289.877 253.408 2.18213e-16 295.865 45.449 3.51826e-16 240.017 -347.697 4.81629e-19 195.239 -336.14 2.01704e-16 284.929 -147.104 3.08455e-16 -141.274 -259.02 7.43793e-16 -11.7363 330.22 3.25808e-16 54.1959 -167.973 2.17927e-16 -310.295 96.9017 4.92592e-16 -22.4302 -6.3505 5.64448e-16 273.601 -154.878 1.63018e-17 -386.513 297.936 -5.33652e-18 -373.446 -246.994 1.38429e-16 150.667 -238.916 2.29234e-17 140.012 289.94 6.71153e-16 150.653 246.945 4.47669e-16 429.121 -57.7618 3.18041e-16 -292.158 86.7648 7.35016e-16 462.222 -114.965 -6.0899e-17 86.3234 -214.507 4.31444e-16 402.717 -9.82913 2.56934e-16 273.325 96.1777 1.19359e-16 367.807 1.65322 -5.33519e-17 411.411 -30.8541 -3.16574e-17 -135.668 -386.816 1.05048e-15 -147.691 250.277 8.9517e-16 -22.5657 418.298 6.28483e-16 -35.1591 309.245 8.39977e-17 74.9131 70.4334 3.66948e-17 -448.001 -194.389 2.44376e-17 -197.226 -444.808 2.44543e-16 428.732 220.972 2.71588e-16 -94.5674 295.275 8.13747e-16 377.651 137.883 -2.4256e-17 156.772 -269.844 -3.06247e-17 63.2439 -24.6928 -2.29021e-17 86.8014 411.047 2.17548e-16 307.518 221.588 7.87154e-16 -246.074 346.677 -5.251e-17 166.759 426.091 2.6805e-16 -162.851 -385.078 -1.90263e-16 -43.6259 -242.562 1.90369e-16 6.19737 -21.1861 5.63346e-16 -327.135 -66.9607 4.85735e-17 -216.096 -46.327 -4.24411e-16 -357.687 -146.747 -3.19257e-16 -318.423 38.1833 -5.80521e-17 -127.47 -409.191 -2.83101e-17 -353.425 -270.373 -2.15154e-16 103.04 -471.754 -3.08271e-16 68.4532 -461.067 -2.49203e-16 -41.3155 -402.3 -6.15641e-17 -77.1127 -241.207 1.88632e-17 -2.13659 -210.343 4.32095e-17 119.717 -198.759 2.62933e-17 -379.815 -158.598 2.64046e-16 -304.195 -106.607 2.10586e-16 -264.456 106.52 -2.43312e-16 -53.7418 -49.9721 -3.86643e-17 233.552 -415.266 1.36662e-16 342.126 -350.363 2.66874e-16 195.165 -132.484 -3.5112e-16 418.542 -33.1637 -1.47859e-16 307.443 -16.7318 -5.64871e-17 456.064 98.2843 1.295e-16 -455.864 123.337 -3.97829e-16 -214.503 201.699 6.49951e-17 -262.166 411.541 2.43753e-16 43.3327 227.874 -2.40828e-16 -104.126 357.969 -4.06181e-16 -148.974 418.294 -5.02901e-16 84.5023 429.855 -1.29777e-16 313.071 300.687 4.31235e-17 350.284 342.577 -1.22432e-16 42.9109 94.7375 5.19335e-16 94.3607 -64.8805 2.03026e-16 -25.316 -380.177 2.08778e-16 8.33107 489.956 2.48831e-16 244.268 -284.274 4.88851e-16 164.802 396.7 1.427e-16 -2.63203 -180.145 2.31119e-16 125.732 48.1278 -2.99134e-17 42.0438 29.6368 3.13392e-16 -82.3212 -414.866 4.20144e-16 190.577 -93.1788 1.12571e-16 313.366 231.364 6.31712e-16 203.241 385.093 4.14282e-16 -289.727 169.469 3.54322e-16 293.89 160.943 2.33087e-16 -342.906 -270.169 4.38526e-16 -155.245 -33.3257 5.24245e-16 -344.417 -24.4263 4.70096e-16 202.838 -309.931 8.32528e-17 -180.918 91.5002 1.68752e-16 228.757 -267.707 3.68734e-16 177.693 -303.056 5.50956e-19 -63.8739 -42.1461 3.19182e-16 358.071 269.399 -3.16826e-17 -210.531 -128.155 -5.05975e-16 1.80468 297.476 3.06357e-16 228.824 -60.548 6.32509e-16 281.424 200.765 4.3974e-16 -177.667 -103.065 2.58194e-16 -206.133 -63.6737 3.5153e-16 -108.842 244.523 4.64431e-16 82.8563 361.908 3.53779e-16 56.7851 310.469 2.09109e-16 378.14 55.8041 2.0173e-16 -261.946 141.933 5.06441e-16 305.547 330.508 2.84706e-16 -67.8521 256.021 5.52551e-16 271.672 291.522 2.92621e-16 174.426 4.62154 2.3165e-16 -79.4999 -244.157 7.71711e-16 -258.662 398.633 4.53759e-16 344.446 -17.3185 -1.76436e-16 57.9008 364.118 5.70595e-17 166.996 175.524 1.35955e-16 -408.093 -3.19421 1.54902e-16 -228.354 178.475 4.21528e-16 369.772 -305.306 -9.50823e-17 50.5087 403.174 9.27462e-17 15.1657 457.949 -6.43723e-17 415.269 166.965 4.1305e-17 -58.618 284.628 1.79895e-16 173.07 343.679 1.55948e-16 -89.4368 448.057 3.23444e-16 222.961 -308.191 2.06825e-16 89.2858 -412.537 5.76121e-16 214.182 17.9316 3.07095e-17 268.132 49.7028 -2.9354e-16 185.081 81.3875 -3.97084e-16 331.224 77.3992 2.70654e-16 445.427 -89.0634 3.02556e-16 429.148 -170.78 -1.19642e-17 444.829 -120.182 2.03883e-16 389.878 -239.309 2.02533e-16 199.225 -167.799 -1.14561e-16 -363.599 301.124 -6.16688e-17 -447.355 -31.9194 -2.22491e-16 -394.847 -48.6267 9.52091e-17 -230.135 -54.5523 7.13702e-18 -470.514 -29.1564 1.47508e-16 116.138 -63.043 1.23993e-16 -153.666 -27.4068 2.56834e-16 -17.3742 -10.1236 9.08662e-17 -148.209 -85.333 -2.73504e-16 -79.4634 -233.403 1.19747e-16 -22.0577 -248.221 8.55869e-17 56.6676 -266.393 1.96243e-17 -191.574 -325.701 1.71126e-16 -359.612 -317.317 -1.91074e-16 -313.133 -228.979 9.29446e-17 -117.034 -218.409 -2.97059e-17 -408.536 -132.384 -1.53817e-16 -432.939 -78.6344 1.12592e-16 -87.5389 -114.664 -1.71691e-16 -152.685 -112.318 -8.55465e-17 -129.29 -56.9384 3.88953e-18 -10.4585 -27.0321 -1.54429e-16 114.557 98.468 2.59842e-16 157.513 -211.575 -3.38439e-16 165.774 -228.207 4.46413e-17 293.916 -59.6443 -1.53526e-16 259.523 71.4866 -4.61964e-17 274.901 125.728 -1.51157e-16 463.618 -109.241 -1.62613e-16 -327.157 167.076 -1.89606e-16 -292.291 198.117 -2.32493e-17 -230.755 165.856 1.87349e-17 -180.52 363.721 -1.15638e-16 -174.719 395.076 -1.10821e-16 -27.0799 423.617 -2.26189e-16 280.137 158.146 -3.36947e-16 253.94 273.665 1.88303e-16 59.9687 456.558 3.12715e-16 -99.8318 -380.114 5.04684e-16 20.1822 -170.334 2.00421e-16 60.1547 363.942 1.61644e-16 -71.9983 240.656 3.90814e-16 434.347 200.888 7.97512e-17 -147.978 -467.135 1.29215e-16 291.703 -314.295 4.22203e-16 185.133 -179.67 6.14737e-17 47.4467 -331.647 2.35923e-16 -343.097 -349.854 5.05454e-16 -199.853 442.242 5.59455e-16 -380.206 -123.301 1.97303e-16 -103.688 -372.916 2.32086e-16 81.0536 -473.057 2.18995e-16 -384.95 -229.578 6.39943e-16 -157.357 -246.329 4.57693e-16 -245.824 359.377 5.20632e-16 118.767 127.524 -5.18833e-17 249.195 401.476 6.24096e-16 -335.32 -5.80667 1.04722e-16 -351.16 -245.668 1.18691e-16 463.229 144.359 9.39568e-16 -233.336 -126.021 2.21138e-16 -359.839 252.402 4.11483e-16 7.59058 314.849 1.51285e-16 -3.46774 -265.156 2.75667e-16 -261.741 -230.809 6.09148e-16 -184.883 453.476 2.86697e-16 327.229 280.292 2.70361e-16 119.663 190.839 5.62785e-16 354.491 314.116 5.14066e-16 -460.133 -153.54 -1.76232e-16 -114.971 112.523 9.13504e-16 -316.979 -17.4178 4.48345e-16 -364.299 95.8287 4.02477e-16 463.086 -121.814 7.8561e-16 8.59512 480.058 1.93882e-16 -454.768 -17.0036 3.58648e-16 -206.495 384.857 9.84507e-16 -259.968 369.838 7.58343e-16 21.8042 254.41 5.61635e-16 295.324 16.9382 5.30026e-16 280.489 261.472 2.0418e-16 -86.0677 173.914 2.88559e-16 -321.48 -188.872 2.56879e-16 -354.755 -291.756 4.73875e-16 -299.905 80.9031 3.40957e-16 57.995 416.669 2.50657e-16 -165.009 -166.03 -8.45638e-17 357.983 -324.771 1.58176e-16 471.58 92.4258 1.96257e-16 285.181 -65.199 6.14889e-16 -94.2119 -80.5864 1.13004e-16 -338.715 -194.033 2.58048e-16 -4.34188 -358.566 5.22208e-16 -459.089 148.211 -1.25342e-17 -341.614 179.173 -2.21169e-17 429.439 -27.9715 3.53042e-16 366.336 38.5498 -1.93249e-17 442.231 207.081 -2.93216e-16 -456.123 -93.5377 4.0944e-16 49.5034 -196.569 1.71525e-16 -133.594 -263.506 -1.99553e-16 -243.587 -100.114 -4.18526e-17 -223.775 79.0498 9.57993e-17 449.304 187.561 1.12746e-16 -139.116 70.7683 2.90703e-16 203.733 -156.677 6.6803e-16 127.663 42.9214 -1.63888e-16 72.8601 141.016 2.64202e-16 244.77 -382.924 4.03819e-16 -119.149 -473.574 5.31336e-16 227.18 287.804 -1.55543e-16 232.665 335.605 -3.03058e-17 -148.752 203.258 -1.54695e-16 -223.114 278.91 -7.71031e-17 -364.373 325.753 -2.94364e-17 -325.431 338.477 -4.62097e-17 157.917 -366.674 -1.29399e-16 228.321 -346.704 2.07053e-16 278.906 -351.445 -1.15431e-16 316.231 -363.683 2.84199e-16 -85.8022 -101.561 -2.50175e-16 -33.7951 -168.09 2.8043e-16 13.7978 -198.337 -5.66703e-17 -157.317 7.78799 -2.42284e-16 -15.4266 317.675 -1.1846e-16 65.0578 287.051 1.35099e-16 32.1445 14.5851 -1.54717e-16 -338.69 -169.228 2.61129e-16 -328.36 -149.903 2.9632e-16 -281.17 -152.164 4.8657e-17 -279.43 -125.115 1.62606e-16 -265.941 -158.634 -1.54865e-16 -234.491 -152.634 1.53712e-16 11.1117 -217.665 4.98488e-17 -35.3786 -351.798 -2.96078e-16 -196.369 -420.547 3.40546e-16 -128.56 -426.26 -1.44365e-16 -114.266 -428.923 -1.64909e-16 52.0777 -385.356 -1.67318e-16 90.0382 -405.163 1.43355e-17 124.269 -319.907 -4.73128e-17 -377.463 -93.8717 -1.42066e-16 -335.547 72.4605 1.17403e-17 -295.689 124.828 -4.51913e-17 -51.9081 -76.2609 -2.63648e-16 -145.117 45.8722 -1.00926e-16 -25.853 60.996 4.29331e-17 251.304 -371.974 -4.37975e-17 264.819 -241.248 5.11928e-17 232.942 -30.2733 -1.80694e-16 399.643 -11.1514 -1.40567e-16 400.124 7.90774 -2.93381e-16 -312.106 363.891 2.80977e-16 -215.993 324.038 9.75171e-17 121.192 284.002 5.64727e-18 -146.848 315.8 1.31316e-16 -35.8049 299.407 -3.87036e-17 134.731 286.683 -2.99955e-16 218.148 182.172 -1.55205e-16 381.043 191.564 1.24151e-16 444.012 9.67813 1.82463e-16 -237.266 38.8981 -7.39508e-17 259.967 398.778 9.6818e-17 -71.8226 139.294 5.29652e-16 -374.1 -227.345 5.35297e-16 -98.0876 -234.017 3.21594e-16 221.66 -1.21442 2.81658e-16 85.3689 -370.133 3.73064e-16 359.521 -229.501 4.082e-16 -371.322 216.5 -1.44689e-16 -264.454 -75.3824 4.98605e-16 -228.022 -109.596 8.265e-16 -300.947 -45.3 1.80775e-16 -249.337 -120.399 7.09178e-16 -416.993 245.674 1.11679e-15 -148.592 -72.2454 4.45262e-16 -401.698 -245.755 1.2332e-16 -118.742 -439.968 3.61811e-16 101.189 -212.498 1.47343e-16 -190.46 216.884 6.28008e-16 366.287 241.797 6.6779e-16 -203.137 -33.6819 5.45631e-16 411.964 -76.7156 1.3164e-16 -121.927 -381.834 -8.00235e-17 -384.15 191.196 4.93638e-16 277.556 305.784 3.56506e-16 258.6 -243.774 7.42978e-16 93.2841 70.7541 4.78294e-16 -375.709 236.275 -9.12157e-17 110.092 44.5739 3.98766e-16 -141.946 234.604 2.59108e-16 -338.788 -247.607 8.88042e-16 -156.863 284.376 4.89418e-16 480.149 -3.99667 2.73447e-16 -54.4045 214.754 2.24135e-16 -445.279 102.489 -1.26208e-16 297.893 358.59 6.24209e-16 396.215 -281.831 2.2264e-16 -342.983 -272.847 7.05302e-16 -291.517 159.729 4.55943e-16 188.553 192.188 4.94101e-16 88.7442 -8.23611 2.66072e-16 -7.80894 82.2641 6.2494e-16 347.559 -223.713 4.26414e-16 344.682 209.185 5.50911e-16 193.366 387.576 -8.22098e-17 -391.182 -128.561 5.67207e-16 -279.094 -360.219 -3.23796e-17 -292.271 28.9928 4.3559e-16 419.262 -118.813 7.65456e-16 -48.4386 -226.771 6.59233e-17 208.18 164.885 4.66895e-17 69.7475 316.266 2.83186e-16 -248.134 -262.705 8.21054e-18 45.4749 -64.0388 2.49208e-16 0.297421 328.34 4.94363e-16 85.5118 391.12 -2.41924e-16 218.152 -411.411 -1.23397e-16 -461.563 151.957 1.5852e-16 257.293 264.578 2.61869e-16 363.971 171.955 2.69525e-16 149.126 374.199 -1.56348e-16 158.785 121.959 -6.18653e-16 419.514 165.226 4.55849e-16 -181.284 401.097 6.27292e-16 -187.945 -301.448 6.21954e-16 -283.238 -397.78 3.88702e-16 15.3485 -94.2056 9.66202e-17 317.444 -120.765 2.26358e-16 137.663 -222.866 -2.77331e-16 14.8057 -241.441 6.87103e-16 211.326 272.224 2.45434e-16 -300.238 -253.083 2.48743e-16 -21.0417 177.477 1.02853e-17 82.4624 221.492 -2.61719e-16 47.4838 81.1653 -1.40739e-16 -205.364 128.96 6.95977e-17 103.603 -168.327 -3.12032e-16 -62.7936 157.083 1.14723e-16 -421.729 30.3717 -1.62763e-17 -480.956 46.6546 -4.48588e-16 -395.998 44.3723 -1.70709e-16 -367.552 66.736 -4.20393e-16 -152.036 -292.935 -2.35933e-16 -121.288 -369.987 -9.53365e-16 -99.8248 -417.313 -3.76418e-16 -43.5288 -382.461 5.61854e-17 -376.286 -285.386 -1.41822e-16 -143.621 -451.318 1.2991e-16 73.0567 -425.884 -1.67593e-16 46.0295 -317.559 -2.72548e-16 -360.047 8.71235 4.77166e-18 -316.595 84.9413 -3.45874e-16 -80.94 -46.0689 3.11533e-16 57.4379 -157.21 -5.8396e-17 -38.5937 -10.3491 4.39744e-17 32.6495 66.9201 2.28147e-17 173.231 -270.766 5.67309e-17 243.458 -279.248 -1.56728e-16 418.884 -254.283 -5.0569e-16 375.005 -202.799 -1.50687e-16 397.544 -207.803 -1.4276e-16 171.072 -171.381 -3.16274e-16 174.959 -140.752 -1.67336e-16 312.958 -84.0327 -2.39672e-16 212.476 123.786 -4.58008e-19 336.864 -9.54691 -2.60747e-16 -241.876 235.088 -5.77676e-17 5.16158 248.915 -9.53123e-17 144.198 147.718 -2.2683e-16 359.367 329.805 -2.98345e-17 454.57 178.568 2.49639e-16 -393.818 224.686 3.64471e-16 368.48 -84.8705 4.47526e-16 308.695 235.333 -8.35252e-17 251.487 389.237 1.53222e-16 -126.007 367.49 1.91214e-16 -368.064 20.0888 4.04806e-16 -132.798 171.695 3.53663e-16 -153.984 396.779 7.58645e-16 -23.8621 -297.966 4.93703e-16 26.971 489.268 2.5911e-16 417.484 51.8419 4.37698e-16 209.403 -280.083 5.21685e-16 55.0427 -419.36 1.85298e-16 -236.079 109.92 4.77567e-16 -121.986 267.343 5.95759e-16 248.759 3.44959 5.6319e-16 424.954 194.746 8.25787e-16 355.388 -237.817 2.93003e-16 360.133 -166.62 7.70654e-16 178.461 249.62 3.13783e-16 123.443 282.291 3.14022e-16 -436.53 -121.374 1.8487e-16 92.8079 -27.4561 3.02528e-16 144.48 58.3672 1.01905e-15 328.425 113.036 6.59228e-16 62.3003 -339.788 5.62338e-16 363.205 104.461 5.26251e-16 140.242 87.7083 4.96024e-16 -488.994 -31.8935 3.63524e-16 -207.122 -227.016 1.05009e-15 155.569 -381.18 7.89688e-16 478.686 48.3659 -4.75791e-17 268.762 -399.114 5.87608e-16 45.8943 332.572 2.05363e-16 278.955 103.256 3.53662e-16 -95.1287 -335.503 4.39314e-16 20.2496 129.271 2.97501e-16 154.513 -250.103 2.35125e-16 310.322 -250.251 3.73507e-16 15.596 180.865 2.35486e-16 153.598 -227.84 4.26962e-16 -400.807 3.22526 -5.83482e-17 38.4902 -464.569 -3.83794e-17 200.447 -337.789 5.16479e-16 -2.99014 167.216 5.08082e-16 431.073 17.1019 4.42295e-16 207.82 177.931 4.06023e-16 206.963 338.091 2.1051e-16 -94.2648 109.27 2.19359e-16 -426.052 239.07 -8.25908e-16 -397.384 218.499 -6.85121e-16 -322.159 203.498 1.68495e-16 363.79 46.999 4.00704e-17 -284.986 -13.7067 5.16296e-16 429.339 234.219 -1.76715e-16 145.569 342.928 3.00099e-17 256.312 287.352 -2.91349e-16 -36.8674 -335.394 5.5255e-16 -70.1332 312.875 -1.74537e-16 -169.62 410.904 -2.87917e-16 -126.104 425.007 -1.67378e-16 -41.219 209.319 -2.8631e-16 -429.117 -236.592 5.86845e-16 -44.3094 -239.242 4.82572e-16 232.473 -103.302 -3.46223e-17 317.896 -266.712 -2.14853e-16 -171.838 -422.043 6.32581e-16 251.675 -209.376 2.46647e-16 405.307 -199.348 2.92452e-16 -187.936 214.02 2.20338e-16 59.1257 103.265 5.25453e-16 450.708 -14.7602 9.68674e-16 -166.614 -140.066 -2.96859e-16 -149.526 -140.463 -1.09046e-16 436.015 -74.719 4.27715e-16 -110.975 -333.851 5.44978e-16 166.343 27.1122 2.44616e-16 -212.278 -5.62067 -2.74216e-16 282.074 -393.103 5.19266e-17 -52.0761 79.0325 -3.5232e-17 -77.652 124.043 -1.51513e-16 -19.9606 -439.838 3.10898e-16 -16.6221 -230.319 2.97411e-16 -48.9336 -306.572 -3.23869e-16 -229.435 -372.619 3.64336e-17 -407.582 -239.834 -6.20772e-16 131.361 -440.288 -1.23845e-16 -153.194 -300.033 -1.67798e-16 5.02293 -328.441 6.49818e-17 -382.08 69.2221 6.8404e-17 -433.311 122.72 8.92088e-18 -80.428 -125.079 1.33731e-16 64.3133 115.228 -1.49815e-16 291.894 78.9297 -1.43585e-16 385.964 65.2377 -2.21998e-16 -323.443 361.45 -1.74173e-17 -223.04 357.228 2.06255e-16 -274.044 406.207 -3.02585e-17 60.7277 164.628 -2.32865e-17 65.1684 188.536 -9.10649e-17 -105.608 373.103 2.09228e-16 -91.6594 406.164 -2.63887e-16 77.8341 371.915 -4.54885e-17 -65.394 476.063 -2.57729e-16 426.378 125.416 2.32368e-16 443.436 150.92 3.33106e-16 147.053 392.722 -1.98518e-16 363.1 281.41 -4.09149e-16 254.009 230.076 -5.42555e-17 415.169 -250.22 4.79661e-16 318.662 257.555 -6.33116e-17 319.422 302.189 1.36449e-16 -141.558 163.72 2.33179e-16 -88.2649 365.967 2.34194e-16 -192.712 -60.7046 8.06615e-17 -237.272 -169.172 3.41164e-16 -5.35089 -77.4787 5.06746e-16 172.868 -124.848 2.39329e-16 26.3921 -407.945 3.12533e-16 -33.8165 -148.807 5.15948e-16 168.549 291.485 -3.61225e-16 47.7748 342.061 6.0575e-16 -442.006 22.8486 2.91822e-16 -294.856 -215.239 4.50271e-16 224.82 312.059 3.99284e-16 157.133 329.471 1.63549e-16 161.302 297.738 2.96296e-16 -294.72 55.8494 -1.8796e-16 188.812 -448.882 4.57238e-16 221.906 -12.16 6.31223e-16 -488.555 3.30161 3.66256e-16 -27.0866 208.647 3.84484e-16 -6.13497 -136.881 5.35278e-16 222.246 429.884 1.52204e-16 -424.583 165.087 7.33257e-16 435.64 125.482 1.99182e-16 265.765 -407.212 4.77115e-16 7.39384 474.556 6.98877e-16 268.508 94.4106 2.74343e-16 -283.835 155.725 5.47635e-16 213.029 -165.998 4.82565e-16 -387.337 -58.6457 4.70594e-16 -25.2111 -254.614 2.25287e-16 154.506 441.682 3.15629e-16 -299.706 326.176 7.01537e-16 371.454 -27.7669 6.39977e-16 36.7725 370.265 7.74236e-16 -262.518 142.548 7.02456e-16 -379.137 130.224 7.021e-16 -87.4895 108.021 1.867e-16 266.97 -353.228 4.8356e-16 106.533 254.929 5.18995e-16 146.181 109.32 1.04453e-15 -321.67 -204.764 2.34769e-16 143.682 -247.486 5.58547e-16 -167.395 -345.885 2.88097e-16 -417.771 -182.599 1.41729e-16 51.886 255.564 -1.3652e-16 310.104 235.662 3.67896e-18 351.404 247.977 -1.38397e-16 -194.562 369.389 7.3101e-17 -306.12 238.217 3.87649e-16 296.108 -172.272 2.39119e-16 -425.249 238.826 1.55288e-16 238.985 296.736 6.29737e-16 -279.968 -332.514 7.64559e-16 51.2276 59.335 5.97218e-16 169.979 229.932 3.11239e-16 -208.721 399.312 7.53469e-16 -131.628 451.71 6.69008e-16 -178.135 -176.595 -1.70621e-16 350.228 -313.533 5.62052e-16 331.213 -276.494 3.81227e-16 193.26 200.098 -1.74508e-16 18.4698 363.408 -1.18806e-16 104.458 313.908 -8.9472e-17 471.724 118.639 1.50169e-17 -22.1134 423.229 1.2497e-16 124.88 -370.931 3.31891e-17 407.674 -82.7983 4.12875e-16 -169.477 -94.2162 3.73678e-17 351.661 -242.355 -2.90118e-17 443.876 -203.162 5.73732e-17 -263.143 -6.08803 2.36586e-16 -264.975 41.4289 2.33733e-16 -353.776 37.8798 2.58092e-16 -292.646 -29.2504 -1.90151e-16 348.689 269.256 3.10887e-16 -223.224 -257.853 5.89678e-16 -260.47 320.679 5.48283e-16 306.719 -354.671 3.07456e-16 67.344 -248.409 3.20201e-17 -454.619 -178.981 3.42082e-17 -172.218 -257.969 3.86597e-17 -241.571 -265.51 8.1931e-17 -158.668 -403.134 5.72988e-17 -159.036 -336.596 -9.1938e-17 54.778 -291.809 -9.76747e-18 125.916 -258.369 5.65244e-17 -317.288 -175.249 3.79855e-17 -220.324 -194.184 -2.71619e-16 -471.78 88.2032 -3.02358e-16 -389.658 110.849 1.30647e-16 -418.487 -213.818 6.60024e-16 -157.544 -135.575 6.06928e-16 -101.257 4.56611 -6.34045e-16 -20.8408 -0.347264 -1.32255e-16 301.023 -199.803 -3.99332e-16 236.522 102.856 1.17611e-16 334.577 -0.74079 8.59218e-17 298.426 23.825 -3.25566e-16 396.537 104.528 -1.6736e-16 -239.714 253.923 -1.24197e-16 -200.807 236.605 -2.97876e-16 -59.4148 181.814 -7.07787e-16 279.019 200.464 9.65858e-18 163.789 247.645 -1.23722e-16 370.597 264.113 -5.75313e-17 264.43 336.422 -1.30758e-16 114.586 125.746 3.90049e-16 -9.18212 -215.691 3.64638e-16 -416.09 -126.691 5.06052e-16 178.735 -298.046 2.04808e-16 322.181 -167.061 2.3786e-16 351.751 234.074 -7.24196e-17 310.082 363.021 2.15761e-16 388.186 66.0809 1.73827e-16 128.4 -455.914 4.29958e-16 -7.28866 -415.314 2.07657e-16 -158.11 -387.159 2.21125e-16 -146.594 -308.401 2.45222e-16 18.7978 -222.58 5.02273e-16 362.235 252.506 7.79459e-16 268.581 -340.597 7.16526e-16 216.244 -231.836 5.87673e-16 243.694 129.927 2.42349e-16 61.3909 -355.32 -9.12158e-18 -243.305 -20.7255 2.05151e-16 285.804 -227.33 8.43888e-16 195.863 -49.9621 4.82182e-16 -145.211 412.993 5.17199e-16 204.957 -50.5118 3.05093e-16 36.9427 167.195 3.99019e-16 -403.541 -275.829 6.48091e-16 -187.316 -47.4093 7.77446e-16 -186.359 318.736 2.99161e-16 -318.131 66.3831 6.64081e-16 193.47 -83.3451 1.33069e-15 -12.1096 -486.76 5.36749e-16 -43.6956 -47.0155 5.00915e-16 200.328 -135.077 2.16387e-16 37.4848 219.426 3.79495e-16 176.8 347.547 3.52344e-16 -131.513 -272.13 2.85532e-16 146.815 20.324 3.49648e-16 72.9159 257.012 2.55291e-16 263.719 -332.811 9.04183e-16 -50.0969 -169.14 3.64686e-16 -180.711 -399.439 3.6515e-16 -238.156 -18.2878 2.93484e-16 434.701 -225.184 1.33978e-15 -362.096 248.394 5.74603e-16 21.5577 319.452 7.06268e-16 275.002 -326.473 3.80554e-16 28.5356 -87.5296 9.17556e-16 9.04096 397.143 5.53464e-16 334.962 1.99062 1.90232e-16 -339.209 -239.659 2.79311e-16 466.484 60.9168 1.55791e-16 480.302 -31.083 4.16661e-16 -98.1794 133.035 -7.66269e-17 304.081 194.661 3.12578e-16 -261.814 -267.211 8.6647e-16 126.628 428.307 1.72656e-16 314.008 44.2787 7.96651e-16 114.803 426.353 2.64911e-16 355.016 155.67 -1.22766e-16 352.437 212.598 3.89046e-17 307.986 283.004 -1.90975e-16 9.82607 -167.978 3.55365e-16 -213.164 -198.967 5.28763e-16 -133.505 -75.284 1.43192e-16 -309.366 -233.166 4.71478e-16 -89.3417 -118.53 1.29392e-18 259.341 76.2759 2.21559e-16 -242.244 -12.5806 2.27838e-16 291.95 359.746 -5.90047e-17 196.181 393.467 -2.27679e-16 -347.559 -154.743 2.07712e-16 68.1373 -439.176 6.68665e-17 -262.366 130.155 -4.89481e-16 -471.423 110.681 3.36688e-16 -316.201 -372.949 3.71206e-16 99.029 185.204 -5.22843e-16 -123.232 406.217 -6.18318e-17 -61.4944 424.422 -3.15689e-16 384.114 85.6148 -1.36521e-16 168.843 -14.6622 -2.72674e-16 -282.307 -266.054 4.24224e-16 55.1076 -182.713 2.79361e-17 -208.272 -64.3834 -1.47814e-16 -483.486 27.7747 -4.11944e-16 -231.815 102.434 -3.34251e-16 -31.8949 -452.101 -2.77699e-16 37.3672 -442.81 2.46513e-16 -357.35 -303.31 -1.632e-16 -418.646 -221.903 -3.88607e-16 42.4594 -378.146 -4.94436e-16 98.5985 -403.999 -1.67792e-16 -98.1167 -354.672 -2.05318e-16 -91.5401 -286.84 2.17623e-16 -440.032 -122.447 4.7089e-17 -249.329 -173.768 4.59634e-17 -50.7395 -3.28113 1.9377e-17 -61.8335 19.2773 -2.28722e-16 -15.4016 81.3207 -2.51262e-16 -8.30229 101.621 -1.89257e-16 -3.13981 112.365 -9.74181e-17 129.82 -310.875 -3.60525e-16 138.374 -215.578 -1.8185e-16 196.053 -112.275 -1.4126e-16 191.953 0.931075 1.41597e-16 340.882 125.039 1.16755e-17 -392.254 178.769 -3.20383e-16 -358.505 262.552 -1.46671e-16 47.5797 152.182 1.0595e-16 -12.1803 220.748 2.68498e-17 72.6275 303.436 2.85602e-16 183.585 146.242 -7.02876e-18 403.211 214.437 2.54036e-16 324.559 364.243 3.63556e-17 89.674 -138.978 1.71334e-16 -256.058 -193.378 -8.8533e-17 458.941 -2.21031 -6.34597e-17 -130.476 274.385 5.16181e-17 -50.5458 243.437 3.28308e-16 -320.98 -319.517 1.70252e-16 -360.061 -35.0553 -6.91564e-17 105.303 -75.0646 3.90096e-16 262.909 128.503 4.56872e-16 344.168 -116.026 4.45268e-16 -169.965 419.504 3.16495e-16 209.447 148.84 7.52647e-16 -292.809 -279.92 5.66211e-16 -255.95 -88.4607 7.26094e-16 226.38 -404.237 9.48429e-16 -124.34 -124.53 4.6698e-16 3.07715 -395.685 1.93888e-16 447.108 -147.586 5.24725e-16 326.198 -233.556 5.70809e-16 300.358 184.788 6.93469e-16 -44.9195 2.97229 7.60079e-16 3.69673 -224.285 6.0639e-16 -134.362 -340.16 2.81652e-16 154.799 -175.259 3.76064e-16 -184.891 310.531 4.27169e-16 1.53353 -109.824 2.70259e-16 235.8 252.574 2.7956e-16 -339.634 236.557 3.96614e-16 -181.963 -273.326 5.73632e-16 283.444 203.512 5.9021e-16 353.819 -13.9608 3.3956e-16 147.122 -205.024 1.78191e-16 452.434 -109.879 2.25265e-16 392.456 -15.7281 2.03178e-16 106.264 131.357 4.38942e-16 -187.668 449.625 8.77964e-16 -464.642 -150.567 4.33693e-16 90.9211 112.896 6.32566e-16 -357.438 -144.603 1.21402e-15 -111.838 -49.3294 2.44116e-16 365.995 -319.112 1.66012e-16 281.401 330.164 8.60461e-16 -8.08214 465.35 5.80188e-16 65.5284 119.427 6.2394e-16 286.351 -133.868 7.26263e-16 -263.282 66.8938 2.89992e-16 -226.668 270.442 4.67187e-16 246.733 399.631 6.37138e-16 212.378 -405.125 5.20121e-16 -365.58 67.0029 2.6216e-16 -122.774 -390.33 -2.46336e-16 -314.363 177.05 4.14751e-16 -270.07 -257.289 3.7911e-16 -36.1918 68.4887 4.93057e-16 199.376 -315.503 8.46973e-16 -367.109 -317.037 2.18149e-16 -94.613 -243.789 7.14075e-16 286.238 -75.9428 6.3636e-16 -151.839 338.169 1.47591e-16 406.315 92.8546 1.92838e-16 -160.476 254.54 -3.90019e-16 103.891 249.661 -2.12293e-16 -163.887 358.033 2.6649e-16 197.373 -242.339 -6.15651e-17 -133.327 435.592 2.85308e-16 79.5141 185.738 -1.08499e-16 -426.889 165.775 7.67269e-16 -74.1566 -174.604 1.84352e-16 60.0006 338.324 5.94045e-17 -101.68 44.9799 4.63315e-16 253.77 181.971 4.7269e-17 273.536 226.618 3.85049e-17 197.473 62.8619 4.40289e-17 -281.825 240.957 2.19006e-16 -308.635 288.87 2.65267e-16 427.459 84.3758 5.27975e-17 474.05 -121.483 2.49986e-17 487.238 -29.5198 -4.79055e-18 471.526 91.3674 -2.88199e-16 192.966 -433.385 5.05052e-17 157.592 -412.203 -1.17889e-17 160.527 -376.531 -3.76784e-16 -167.545 -186.318 3.34343e-17 16.6745 -76.4279 -2.61507e-16 41.5904 -39.0708 2.39405e-16 -163.451 129.386 1.47936e-17 -96.6147 84.8641 -2.8203e-16 38.4737 7.35005 3.35903e-16 -424.736 -28.7848 -1.17137e-16 -60.9467 -252.075 -4.59926e-16 18.9457 -392.713 2.72194e-16 -225.743 -349.359 -9.92351e-17 -197.321 -341.939 -1.81887e-17 -354.069 -227.742 7.15952e-17 -53.7712 -429.076 -2.1502e-17 -190.893 -264.035 6.52082e-17 -13.1715 -236.081 -1.09904e-16 -354.518 -171.674 -4.44909e-17 -339.092 -89.5506 1.60658e-16 -250.591 -86.911 -5.59021e-17 -285.213 11.2019 -1.25865e-16 46.3191 -166.489 -1.89616e-16 -97.9881 43.7435 1.65152e-17 38.7752 100.753 2.18064e-17 122.469 87.6484 2.29007e-16 74.0468 84.6579 -1.38909e-16 330.762 -316.277 -1.89994e-16 253.933 -167.22 2.99773e-16 354.275 -156.906 -1.94589e-16 411.329 63.7582 2.2099e-17 2.27837 398.167 -1.40559e-16 44.8337 -469.452 4.11233e-16 201.847 436.973 3.47081e-16 111.12 -206.975 5.13429e-16 -488.616 37.1511 2.10563e-16 -426.68 237.875 2.82381e-16 130.687 330.141 2.32644e-16 -184.777 98.6534 1.19114e-16 -392.556 120.064 2.81063e-16 -423.014 247.348 3.37254e-16 350.464 138.81 3.27228e-16 365.799 225.703 5.20114e-16 275.656 330.845 8.51372e-17 93.0139 289.152 6.75235e-16 141.52 160.167 6.00912e-16 137.951 376.719 1.33158e-16 483.232 60.9334 5.0065e-16 137.232 -35.8999 3.96747e-16 -383.308 -82.9102 6.35949e-16 351.016 -199.93 7.60674e-16 -41.4755 -455.994 4.67558e-16 -44.8342 -72.2887 3.55061e-16 380.034 -238.338 3.47165e-16 -150.918 -175.583 8.75296e-16 357.21 295.371 8.21295e-16 -315.693 -315.077 8.66156e-16 -363.628 73.7394 5.42783e-16 -198.118 -130.849 4.72604e-16 304.171 -166.442 1.99237e-16 -30.2882 341.044 5.9323e-16 -488.416 21.9596 1.40035e-15 -35.2718 -271.582 6.61497e-16 -369.161 294.218 4.01974e-16 -265.84 321.992 2.11203e-16 -73.6771 432.09 7.84516e-16 -422.198 -134.397 7.85327e-16 282.103 -283.918 2.47547e-16 -106.48 7.17138 4.97927e-16 -140.814 5.50428 6.28654e-16 -6.17861 318.754 7.97612e-16 145.167 292.09 1.10527e-15 -200.645 -444.169 7.51436e-16 430.584 224.863 7.56888e-16 74.8508 426.358 2.22879e-16 343.589 343.799 5.23572e-16 -193.493 86.8382 5.86439e-16 -10.2292 -8.08653 5.0723e-16 -422.266 -85.4339 5.1025e-16 -109.784 -365.534 3.46112e-16 95.4828 -462.936 6.82372e-16 -383.858 -228.087 1.01299e-15 275.639 -353.485 2.31719e-16 -93.125 -111.449 1.701e-16 -105.321 -425.752 2.27428e-16 108.342 64.654 9.03378e-16 177.369 251.501 4.5266e-16 471.23 54.4438 1.68118e-16 -64.2804 -42.8888 4.63151e-16 365.376 64.9122 5.78476e-16 -92.6333 57.4988 5.19861e-16 148.628 465.333 8.58088e-16 -250.125 -126.619 3.01693e-16 -177.473 361.493 5.0571e-17 287.661 -315.264 8.13737e-16 275.159 279.454 7.28696e-16 -275.957 -332.851 6.59776e-16 -287.422 263.916 6.27113e-16 -45.3987 388.023 5.17628e-16 135.955 270.119 5.30458e-16 284.015 226.856 9.43987e-17 468.624 53.4099 3.8786e-16 -165.477 148.547 4.96648e-16 -72.4321 142.945 1.15428e-16 -132.59 417.523 7.31589e-16 -81.3428 -101.154 9.22562e-16 105.445 -286.075 6.12154e-16 311.474 375.308 8.50234e-17 247 381.422 2.86281e-16 185.197 -23.6771 1.21497e-16 -193.688 -26.964 3.37059e-16 20.7067 426.508 1.94341e-16 14.0061 -446.026 6.20128e-16 -255.486 -197.83 5.50127e-16 262.318 375.68 7.42535e-16 271.786 -107.855 3.60393e-16 -77.941 306.73 1.64054e-16 -43.9587 -324.937 2.39235e-17 -1.45601 -150.577 8.06722e-16 -419.934 143.754 3.0952e-16 50.4715 -55.4936 8.61003e-16 430.42 174.537 9.39036e-16 422.116 -206.612 4.93545e-16 345.195 -16.7709 3.89914e-16 162.271 124.19 2.85255e-16 -144.469 -345.216 4.2235e-16 -9.03244 339.236 -1.35707e-16 59.8608 486.339 8.9427e-17 184.946 141.676 -1.62935e-16 348.381 287.98 -4.01541e-16 391.618 279.177 -2.80392e-17 432.557 -55.366 2.49705e-17 298.509 -138.674 2.23901e-16 -302.979 282.295 3.90188e-16 -344.294 -73.7402 4.4945e-16 254.17 -357.915 2.53308e-16 46.2857 -2.87619 -1.02558e-16 106.86 -34.5441 6.57718e-17 79.1655 33.2414 1.46429e-16 307.416 -380.921 -2.0193e-16 167.554 -118.675 2.69636e-16 -162.396 -166.417 2.62241e-16 -61.1901 -172.459 3.21912e-17 -186.21 -98.0603 -2.68227e-16 -435.794 98.3972 -2.61446e-16 -365.693 130.15 1.15979e-17 328.742 -107.036 3.77195e-17 -305.365 304.221 2.2092e-17 -268.97 356.465 2.00236e-16 -162.026 -208.545 2.78395e-16 -390.083 -128.715 -2.73135e-16 -465.105 -103.446 -1.39934e-16 -439.546 43.6282 -1.6917e-16 50.9239 -119.341 -1.67781e-16 -20.1397 -29.6685 -8.97863e-17 -87.6521 55.33 -1.17e-16 -49.0639 88.5294 -1.34302e-16 172.58 -415.576 6.28891e-17 303.199 -324.797 -1.42521e-16 370.763 -277.708 4.20298e-17 313.019 -195.75 2.78639e-16 417.37 -137.992 2.03532e-17 -387.765 243.118 2.6413e-16 -332.303 144.897 3.07866e-16 -215.161 384.422 9.65003e-18 -72.5224 260.685 -2.81645e-16 -29.5868 210.38 -3.58242e-16 101.738 339.968 2.2537e-16 -259.348 394.003 4.03969e-17 444.799 35.0487 1.86853e-16 277.995 -156.559 3.28972e-16 440.486 90.5598 5.54818e-16 173.908 332.104 3.83365e-16 -49.9547 256.718 4.54283e-16 -127.127 408.782 4.54826e-16 55.0892 145.972 -9.38535e-17 124.309 373.622 4.62625e-16 285.598 -224.56 3.90529e-16 224.021 -204.312 3.95177e-16 -365.529 126.867 4.56828e-16 -5.31255 -444.133 1.09422e-16 -258.015 217.249 2.94151e-16 -263.212 19.324 1.92692e-16 -89.1173 82.3308 5.45463e-16 -249.413 77.3308 5.45815e-16 314.723 26.8251 5.79355e-16 -294.147 -378.838 5.93545e-16 -425.347 -172.971 5.61437e-16 -98.9809 412.902 5.27042e-16 -319.497 224.675 1.15013e-16 185.889 237.385 3.43009e-17 142.822 -68.7033 8.63776e-16 223.953 195.309 4.68619e-16 34.615 -348.496 8.3515e-16 -102.704 -430.802 8.67519e-16 -114.123 -59.0503 8.00795e-16 -68.805 203.764 7.39309e-16 -412.831 196.771 5.40513e-16 -266.018 206.982 8.19099e-16 158.44 -279.56 4.93985e-16 -217.074 -47.6902 9.49207e-17 0.279799 301.24 8.00247e-16 163.462 177.167 4.79466e-16 292.858 -72.8578 1.90861e-16 -164.221 387.196 4.35182e-16 177.029 -187.315 4.58259e-16 478.077 87.0596 7.51347e-16 387.649 190.649 4.71289e-16 445.052 -3.18492 6.69302e-16 -363.237 215.493 4.77184e-16 -243.7 -267.318 4.83532e-16 135.315 -208.206 2.79919e-16 415.936 63.8944 6.06766e-16 170.238 329.609 5.29131e-16 86.3396 224.946 2.17856e-16 97.6906 -174.023 1.87582e-16 -65.6451 161.505 2.80208e-16 65.1345 -426.207 2.27964e-16 67.6983 -161.753 5.92208e-16 -59.341 202.772 7.01976e-16 -440.642 101.743 4.96947e-16 -299.842 -241.181 5.05432e-16 39.877 -364.173 1.66656e-16 82.1046 54.7862 8.23435e-16 198.286 329.683 6.69386e-16 -107.227 350.689 2.97827e-16 -138.414 425.582 2.52492e-16 -13.37 -366.773 8.35238e-16 -79.6802 -413.628 8.37998e-16 -72.3458 -234.349 5.02668e-16 -215.074 118.874 2.11735e-16 -193.789 96.5285 9.34208e-16 -169.224 257.325 4.73264e-16 -447.777 25.3263 3.03339e-16 -336.372 22.5225 8.13153e-16 117.87 469.231 3.49772e-16 419.177 171.555 3.25015e-16 142.94 117.554 3.54927e-16 -4.6109 179.625 6.87004e-16 467.124 142.879 -3.03656e-16 97.4421 100.164 8.22316e-16 405.447 3.57007 1.79336e-16 -132.982 114.525 -1.8809e-16 144.11 -240.676 1.27978e-15 -407.867 -184.446 5.29165e-16 319.883 -291.668 5.78225e-16 2.56733 489.252 3.81428e-16 -262.812 366.506 1.25152e-15 -159.9 201.836 2.29884e-16 -141.043 7.89487 -1.94857e-17 319.884 43.1818 -2.05673e-16 -138.88 127.439 5.54293e-16 352.46 -51.0611 2.80236e-16 -384.568 190.981 6.04768e-16 196.897 349.97 4.82577e-16 101.642 135.395 7.01775e-16 107.979 -459.254 4.6032e-16 24.6515 -230.427 5.88256e-16 94.9829 196.368 4.44973e-16 -48.1874 -397.007 9.1829e-16 300.188 -337.867 3.74361e-16 97.9669 -243.524 5.44621e-16 -107.096 -398.621 4.36526e-16 -220.543 189.327 5.77068e-16 -395.885 284.776 8.4777e-16 -154.387 253.756 1.161e-15 176.507 270.26 1.19331e-17 214.439 279.384 -3.19245e-16 299.571 266.14 -3.76696e-16 -177.286 217.466 -2.53266e-16 -151.416 295.618 -9.71874e-17 -140.247 266.842 -9.09476e-17 310.866 -234.377 1.86895e-16 344.637 32.7801 6.57405e-16 391.811 -54.3364 2.73543e-16 138.4 -7.89461 2.58629e-16 -91.4127 -307.915 1.6181e-16 384.388 43.141 7.78003e-17 -72.6501 -392.077 -6.64295e-17 -82.7749 -13.7389 2.62046e-16 96.1759 441.844 1.243e-16 -120.559 292.898 2.31358e-16 224.245 -145.126 1.24689e-16 249.768 -245.708 -1.92204e-16 -240.902 -325.309 1.15521e-16 -309.93 -258.297 2.29353e-16 -287.996 -218.544 8.76943e-17 45.5269 -402.084 -2.68995e-16 -84.5918 -192.716 2.96894e-16 -7.91481 -306.586 5.21828e-17 34.8234 -307.681 3.02247e-16 38.899 -232.475 -1.72732e-16 -159.632 -455.934 -9.94768e-17 -121.842 -328.086 -1.22993e-16 -78.9061 -334.829 2.70721e-16 -418.15 -81.6961 -1.52287e-16 -424.367 -33.6592 -1.60188e-16 -245.75 65.1694 -1.38439e-16 -219.813 81.7585 1.84311e-17 77.1757 -144.119 -4.70159e-16 158.292 -326.317 -1.73169e-16 214.083 -277.907 2.73311e-17 437.464 51.3093 1.22139e-16 296.835 110.867 -2.02654e-16 461.241 -148.956 2.50648e-16 -404.302 274.22 2.67209e-17 -274.961 151.596 -2.53035e-18 -334.18 -318.41 6.23409e-17 -156.414 153.644 2.70865e-17 61.9777 250.211 -3.14774e-16 -185.327 299.374 3.06438e-18 -128.19 447.682 -1.15159e-16 -72.2312 464.791 2.90323e-16 396.283 170.937 -3.38026e-17 410.555 201.127 1.21136e-17 327.584 320.929 1.61559e-17 303.024 341.602 -3.15738e-16 11.8223 -81.7538 2.94778e-16 433.56 164.662 -2.53954e-16 -409.7 -229.101 1.54789e-16 -359.399 31.224 3.17023e-16 -24.2138 -303.275 2.97148e-16 223.406 82.7854 2.65675e-16 84.6137 -224.342 5.29976e-16 -375.782 191.571 -5.72666e-17 347.85 265.645 5.63926e-16 285.709 310.785 5.02392e-16 380.925 90.3465 5.8607e-16 -57.7818 -473.247 2.11275e-17 -98.4427 311.376 4.45169e-16 329.143 -328.506 1.62289e-16 144.448 -150.917 -4.32238e-16 -487.531 23.0878 2.80667e-16 -80.0466 -27.9872 3.2143e-16 -196.88 -445.34 3.73317e-16 -191.482 270.946 1.07661e-16 -210.083 -275.219 1.54727e-16 5.48875 281.209 3.76739e-16 -142.757 32.7123 1.0735e-15 115.165 -229.934 5.14132e-16 -258.443 -45.3395 2.30389e-16 7.80414 105.611 9.66763e-16 451.491 96.6395 5.36347e-16 244.66 -286.721 6.46591e-16 130.641 54.7423 5.45463e-16 112.1 -62.8343 5.42041e-16 -312.838 -28.038 9.79242e-16 -38.0233 -345.583 1.69645e-16 -364.528 -284.112 2.12713e-16 165.805 -138.258 2.52059e-16 66.0359 -338.338 1.06851e-15 -401.516 217.939 -4.08239e-16 256.527 336.308 2.70714e-17 40.9809 158.767 7.79584e-16 -20.1364 -453.1 3.93245e-16 -102.995 -307.577 3.58443e-16 57.2012 -73.9058 3.9993e-16 288.571 -99.1721 -1.50988e-16 -229.063 -110.287 3.7281e-16 401.164 -114.093 5.24683e-16 -110.222 -13.2138 4.45436e-16 141.228 19.9151 7.10758e-16 352.814 277.594 4.62305e-16 -206.518 -138.653 9.62184e-17 175.509 19.6528 7.06706e-16 79.7437 -206.105 7.97477e-16 87.3593 416.502 5.9081e-16 -10.9563 -467.918 3.16102e-16 -91.5923 448.674 2.8837e-16 167.429 -305.448 5.2187e-16 122.669 -71.8829 4.20287e-16 43.9638 -11.6327 5.62088e-16 28.675 463.172 9.96233e-17 -82.0526 176.791 7.8123e-16 53.0929 412.293 6.7858e-16 162.005 -299.008 5.554e-16 373.91 -26.7432 4.96309e-17 -133.544 369.704 8.96838e-16 -320.455 238.752 7.67789e-16 428.016 -109.376 1.50915e-16 -388.636 221.495 1.15211e-15 -469.954 39.8225 5.43306e-16 263.802 287.324 2.10235e-16 -30.4772 -324.647 9.38257e-16 -77.4684 313.661 2.25164e-16 -233.658 103.732 9.05688e-16 351.861 -163.992 1.20297e-15 334.595 0.994025 4.9456e-16 174.746 276.636 4.22682e-16 -27.9061 213.927 8.31478e-16 -81.5436 112.568 5.10532e-16 81.829 223.935 5.6475e-16 -256.516 -203.227 2.33176e-16 148.749 -368.227 8.77535e-16 -84.8737 327.727 3.75333e-16 95.8286 -220.233 4.20779e-16 80.985 192.511 7.93646e-16 257.514 -332.775 4.60208e-16 51.7957 -137.336 3.61454e-16 -337.006 -240.737 1.58157e-16 340.498 244.152 6.86838e-16 -227.834 410.455 2.1254e-16 250.647 410.871 3.55888e-16 -26.4898 407.768 1.49198e-16 6.5822 -97.6848 4.33986e-16 -262.029 -119.955 1.54941e-16 332.548 -213.914 -8.86166e-17 -347.701 333.814 2.70602e-16 208.707 194.433 8.29709e-17 -421.632 163.502 -6.83152e-16 295.817 -11.2223 -1.39846e-16 316.808 11.8921 -3.39133e-16 202.711 -200.391 -1.01835e-16 185.5 -32.5897 -2.04467e-16 255.497 -67.2813 1.12856e-16 95.0698 475.825 -1.53663e-16 -109.262 438.593 -1.39406e-16 119.697 300.893 3.62229e-17 -370.393 -61.2315 7.87604e-18 -278.957 -55.7983 3.22225e-16 161.232 -359.982 3.20397e-16 22.8091 -464.883 -4.33288e-16 121.276 -472.348 2.51419e-16 -5.4208 -415.618 3.80822e-17 -47.1261 -389.897 1.45521e-17 81.4768 -384.084 -1.48958e-16 -25.8569 -328.322 3.51399e-18 -185.43 -53.8232 -4.71384e-16 -169.161 -62.3971 1.64001e-17 -126.525 -37.4178 -1.65738e-16 -347.383 -338.554 -1.74573e-16 -88.0153 -337.42 2.33861e-17 -74.4814 -251.762 3.81211e-17 -128.032 38.131 2.85546e-16 -380.814 -306.902 2.45436e-16 100.961 66.4304 -2.95928e-16 312.704 -96.9168 2.70953e-16 371.683 -10.8457 6.01667e-17 429.339 -30.9288 2.75699e-17 -434.702 214.657 -3.09858e-16 40.6041 219.75 5.06306e-18 -174.066 287.221 -2.18016e-16 -116.108 306.291 -1.6083e-16 59.9344 299.924 -1.14343e-16 63.2992 431.434 -2.52089e-16 65.4768 446.476 -2.39444e-17 257.334 240.892 -2.31128e-16 -480.549 56.4048 4.54126e-16 -439.099 204.438 4.38986e-16 300.273 213.486 1.25613e-16 281.963 -319.046 3.23079e-16 110.735 -266.799 3.947e-16 -409.045 164.818 3.63255e-16 -1.35579 -154.513 2.92776e-16 -160.309 17.1232 1.88736e-16 100.423 -397.359 3.30881e-16 104.855 -2.31361 4.79843e-16 -168.29 -159.584 8.45036e-16 168.822 -145.067 3.42244e-16 254.202 -317.452 4.76913e-16 14.65 103.917 4.00188e-16 72.3819 283.817 5.61625e-16 372.568 -277.471 -6.04176e-17 -432.987 -1.31115 4.52136e-16 -123.951 -364.574 5.44645e-16 262.809 63.9694 5.15067e-16 472.757 -72.2287 2.87015e-16 -143.917 434.005 6.65583e-16 -52.0101 461.57 5.48757e-16 269.538 298.498 5.83339e-16 157.183 332.924 2.6664e-16 178.119 393.351 7.42095e-16 -161.775 347.54 9.14031e-16 -194.05 287.691 3.00902e-16 -131.497 -462.817 3.96086e-16 -90.4704 -458.46 3.1407e-16 62.406 421.953 2.48505e-16 94.0307 76.2871 -1.06121e-16 -90.9858 -224.668 3.05694e-17 -89.2091 202.357 4.07869e-16 30.4693 457.368 1.19682e-15 113.614 279.999 1.13404e-15 374.245 -135.382 -1.29772e-16 298.849 368.842 4.76796e-16 -202.172 445.868 1.8704e-16 143.922 -233.928 3.58215e-16 369.062 11.1637 3.12599e-16 -11.4246 -185.444 8.5184e-16 -81.8047 251.538 1.13466e-15 -161.305 -168.15 4.54804e-16 376.558 52.3786 1.83917e-16 -443.541 -95.4756 5.47114e-16 -246.4 -97.5438 5.96899e-16 442.413 186.362 6.32546e-16 365.944 -235.211 8.20172e-16 -265.939 -86.0765 1.23801e-15 -300.08 -48.6023 5.67964e-16 84.7084 403.043 1.67804e-16 314.385 -116.559 7.10335e-16 -480.812 -37.4816 8.25923e-16 184.489 198.678 2.88532e-16 -193.515 243.412 3.64469e-16 -313.414 -368.887 6.96951e-16 -352.178 -293.402 2.27129e-16 36.7493 -373.358 1.7969e-16 -88.7094 -347.779 1.8557e-16 -284.961 218.076 1.20922e-16 410.447 80.7811 5.85813e-16 -103.517 52.0507 8.79381e-16 58.3057 395.752 5.03046e-16 405.752 -267.996 6.49278e-16 198.624 152.676 1.97592e-16 36.6225 8.64877 2.26943e-16 -58.9214 -169.181 6.76994e-16 198.64 -107.181 2.06239e-16 50.9846 154.801 4.68461e-16 -366.678 31.159 8.19241e-16 99.9047 -86.3767 8.06735e-16 243.189 -95.4449 5.63082e-16 -137.95 -448.054 5.30287e-16 128.259 -370.817 4.28335e-16 63.6362 -282.141 6.53014e-16 236.168 107.842 5.06591e-16 -187.134 -61.8796 4.90231e-16 -301.783 53.2796 3.79178e-16 226.012 433.898 5.99068e-16 -435.908 164.857 1.14122e-15 8.21062 471.387 1.11364e-15 -348.07 -244.31 9.0493e-16 49.1952 337.535 1.99045e-16 -226.634 -63.8354 3.18204e-16 -342.51 293.95 7.86713e-16 -145.603 -64.9539 -9.41703e-17 -401.934 -195.589 5.13747e-16 -8.14853 -186.625 7.64483e-17 -12.4792 -14.2165 4.26976e-16 243.824 -258.582 5.66399e-16 278.839 -299.001 2.78864e-16 -63.4253 431.815 2.96016e-16 -357.59 18.0962 4.58657e-16 441.293 124.967 1.32447e-16 290.395 224.353 6.79098e-16 460.411 -13.1637 2.66382e-16 -441.628 55.5583 6.24532e-16 -104.073 -50.8346 4.55255e-16 168.835 329.496 2.13067e-16 -110.306 -100.745 6.51e-16 -48.9544 -297.034 4.39138e-16 -43.1875 -347.825 2.67924e-16 17.6552 374.984 4.04896e-16 -66.7404 481.864 1.19753e-16 -221.281 -141.003 -2.62062e-16 -99.2374 -358.045 -6.47722e-17 -89.8539 -459.515 -6.97641e-17 211.742 203.583 8.92908e-17 353.079 -193.448 1.52917e-16 368.822 222.874 6.1005e-18 377.312 262.663 -1.81624e-16 278.695 314.725 -1.62046e-16 246.673 349.255 4.18612e-17 -2.34733 -413.107 7.00009e-16 82.8692 110.597 1.41111e-15 453.196 -63.8965 -1.42515e-16 142.208 -85.9152 2.4852e-16 160.612 -82.9068 -1.43158e-16 -362.054 324.565 4.65089e-17 484.858 -54.343 1.89652e-17 462.184 21.6125 3.98002e-17 479.877 30.4214 2.97974e-16 475.639 42.1967 -2.04165e-16 66.8471 268.357 3.3339e-16 261.286 -240.136 -1.06978e-16 240.63 -318.835 -1.24662e-16 290.787 -329.465 -4.46352e-16 -34.411 75.2642 -3.63098e-16 0.568924 -7.365 -3.75271e-17 85.683 -29.2562 -5.55095e-16 86.614 29.4772 -5.43646e-17 -125.903 375.341 -1.7044e-16 -179.658 440.631 2.60073e-16 -53.492 408.231 -1.37855e-16 -7.75079 299.904 -1.38652e-16 12.2123 298.337 -1.38473e-16 55.1305 338.779 -2.7468e-16 65.201 149.484 -3.98932e-16 7.78726 -181.366 -3.54247e-16 11.1157 -27.9889 2.80169e-16 114.178 -80.8316 -4.80634e-16 -222.545 21.9604 1.18151e-16 -337.412 113.474 -1.07516e-16 -198.268 -151.747 -1.28126e-16 -211.844 -137.237 -2.79194e-16 -468.385 19.9389 -1.6358e-16 -187.611 -393.476 2.71587e-16 -24.8202 -289.774 -5.95486e-16 -302.292 8.91495 2.76914e-17 -249.593 -21.1026 -1.54822e-16 -174.93 33.9764 2.14985e-17 -183.227 84.8761 -2.34938e-16 -133.42 69.9637 -1.55489e-16 103.715 102.899 -1.42898e-16 175.468 -443.413 2.0552e-17 197.167 -417.678 3.25769e-16 340.063 -342.599 8.43907e-18 317.749 -272.757 1.20169e-16 437.442 -173.176 -1.94683e-16 -26.0035 227.782 1.97456e-17 139.575 446.643 2.36882e-16 419.326 252.369 2.38337e-16 192.302 299.111 5.36027e-17 66.2494 120.041 1.72249e-16 -291.905 84.7638 -8.34789e-17 -371.509 -133.734 2.40158e-16 -401.46 134.452 -6.94249e-17 -106.893 -385.512 2.51652e-16 139.442 -188.469 2.02123e-16 197.099 -100.273 2.41613e-16 385.641 -286.101 4.62783e-16 -287.554 -264.314 1.18785e-16 35.1745 63.5876 3.56777e-16 -241.998 -210.878 9.59699e-17 -76.8991 252.635 5.86903e-16 412.326 -52.6695 8.08801e-16 -156.637 65.0334 3.86303e-16 96.6067 115.192 -2.38499e-17 30.0327 -100.441 1.62668e-16 305.334 -383.24 6.58523e-17 404.806 -66.4724 9.00798e-16 171.066 -129.833 4.93591e-16 -160.593 -246.329 5.29277e-16 -283.655 6.13744 5.41354e-16 -46.1629 73.297 3.3309e-16 -356.167 31.8494 2.14219e-16 212.011 -223.053 5.1167e-16 -223.886 -131.258 8.54794e-16 19.3056 276.48 6.36842e-17 107.427 -248.783 8.91815e-17 -445.274 -204.553 8.50926e-17 40.4293 -374.394 5.59729e-16 -474.919 -107.293 7.17156e-16 -343.884 -285.525 4.47589e-16 291.171 315.297 -6.21303e-17 37.2806 -403.556 8.23318e-16 158.951 -56.2182 5.57852e-16 -90.4437 -97.0511 1.30377e-15 94.7987 41.9738 1.40277e-16 341.151 44.381 5.33122e-16 85.6107 73.6639 6.36569e-16 171.39 -305.308 6.68938e-16 -231.506 52.309 2.36825e-16 -99.2248 -338.127 8.28645e-16 143.97 -222.716 8.32426e-16 38.495 -462.676 4.70967e-16 -423.983 242.264 -2.5705e-16 -165.509 -165.783 4.31196e-16 347.895 -238.542 5.78252e-16 278.617 -319.082 7.70421e-16 263.341 121.427 1.01332e-15 -102.952 -236.478 1.12076e-15 -152.534 260.498 -3.56986e-17 -49.4511 -325.275 4.05921e-16 118.745 -324.448 5.19874e-16 125.242 290.818 1.29386e-16 -188.225 -272.593 8.92066e-16 149.803 -197.842 3.83129e-16 -6.51833 463.905 1.10711e-15 -340.704 -85.1192 5.377e-16 -244.156 -72.9853 5.8329e-16 -278.943 11.216 2.35135e-16 -53.2692 78.4292 3.89289e-16 -397.284 -234.929 -2.23171e-17 131.296 -442.029 2.57438e-16 -312.628 362.493 6.27093e-16 -137.87 180.688 7.72247e-16 186.624 272.996 8.26672e-16 -458.499 -44.873 6.56966e-16 -82.6346 -239.423 5.62203e-16 293 22.7661 1.24049e-16 -160.646 -388.718 4.56598e-16 309.945 283.61 2.26258e-16 -349.651 -163.906 6.04809e-16 -256.88 140.152 -2.36876e-16 483.345 52.38 4.43137e-16 -62.4295 -42.847 6.80213e-16 360.628 74.4306 9.78825e-16 -438.501 80.4212 3.59147e-16 -149.695 -259.085 1.00051e-15 -358.548 100.042 7.57121e-16 -446.334 -14.1648 7.19505e-16 -272.346 108.511 3.42667e-16 82.5407 -9.07988 7.00311e-16 190.231 408.459 3.72689e-16 446.607 133.201 3.75179e-16 342.841 -291.081 3.12194e-16 -429.681 -224.032 3.20682e-16 -200.324 367.159 3.35391e-16 -444.296 188.715 -1.78009e-17 35.991 -177.158 2.71007e-16 -265.831 -82.3841 1.3457e-16 217.317 438.093 8.05603e-16 -378.959 223.099 9.04497e-16 225.903 -305.598 2.70774e-16 183.756 32.0936 7.73434e-16 -36.2482 252.082 -6.03585e-17 -260.073 302.344 2.64319e-16 482.242 -82.1658 4.50259e-17 251.752 -245.952 6.28364e-16 -107.777 454.779 4.15649e-16 246.438 39.9344 2.83013e-16 138.651 101.788 2.87924e-17 157.234 104.208 2.34082e-16 209.052 79.3248 -3.62646e-16 269.289 -182.576 1.96662e-17 280.155 -143.571 -4.83862e-16 8.43721 98.9013 1.54691e-16 441.961 0.187803 -9.69275e-17 313.475 -246.062 3.17447e-16 -230.337 170.898 2.19153e-16 278.745 399.369 2.95331e-16 339.604 333.902 -1.37397e-16 457.346 148.323 -3.2589e-16 -295.331 83.4715 4.14446e-16 -18.6764 12.4235 2.73532e-16 -307.611 -84.459 1.22781e-16 -367.415 -16.8064 2.60768e-16 66.4139 -236.006 2.48783e-16 -462.297 -123.492 1.15938e-17 -176.474 -169.715 -3.62616e-16 -144.254 -117.63 3.63238e-17 -94.5855 -163.636 2.49117e-17 -194.051 -449.953 -1.18322e-16 -297.721 -344.36 -4.0849e-16 -76.9392 -439.475 2.75736e-16 -180.836 -392.409 -2.00788e-16 -285.458 -167.222 2.65449e-16 -309.879 -48.0917 6.0587e-17 -12.0086 -147.166 -4.78978e-16 -181.335 113.376 -1.69691e-16 -65.6943 73.3633 4.94849e-17 -103.956 96.8422 -2.46253e-16 262.003 -386.171 1.45687e-17 147.358 -163.587 -3.79578e-16 150.129 -128.883 2.2946e-16 157.875 -37.9536 4.41562e-19 388.529 -83.1433 -1.60351e-16 423.023 -111.122 1.86163e-17 268.48 7.58589 2.9142e-16 186.775 102.077 2.67128e-16 -438.946 156.381 -4.43953e-16 -205.761 288.704 4.91152e-17 -337.124 319.121 2.66725e-17 18.8398 199.009 -7.28097e-16 -53.3171 424.593 1.28002e-16 -6.04467 364.115 3.27842e-17 75.8765 372.179 -1.30781e-16 279.083 212.646 -2.60652e-16 227.776 342.417 1.0992e-16 388.076 296.632 -1.70859e-16 27.8842 124.74 4.59277e-16 -275.964 129.998 2.39341e-16 452.154 -73.0294 2.28306e-16 -330.868 -286.03 2.51107e-16 263.095 412.713 2.72601e-16 152.477 61.8559 5.23168e-16 -387.584 -247.749 3.75631e-16 -154.365 -141.824 3.79913e-16 -124.225 -379.638 7.47229e-16 50.3678 -263.318 5.23893e-16 55.7419 -197.863 2.24874e-16 -477.755 98.7881 3.9626e-16 -319.7 72.9257 4.99065e-16 -36.2408 99.2289 5.57093e-16 -80.0566 187.748 3.51234e-17 425.02 30.6882 1.99342e-16 160.686 -147.071 5.18111e-16 189.665 -188.712 5.39123e-16 -193.495 -89.5089 1.74023e-16 128.649 -291.509 1.50165e-16 -295.666 -52.3297 4.51657e-16 -73.3149 205.087 1.04911e-15 198.321 160.628 6.47709e-16 -245.431 -411.497 5.79582e-16 310.618 -53.0666 5.44895e-16 220.062 57.8576 5.15531e-16 191.731 -183.157 1.17435e-15 251.738 -361.785 8.53498e-17 193.032 -304.845 5.83772e-17 -311.199 -286.806 2.364e-16 -137.487 159.034 1.1984e-15 113.958 -43.7315 5.79665e-16 -1.96319 -149.248 -4.85012e-17 246.192 175.307 5.76726e-16 469.701 -114.482 5.19774e-16 -143.808 65.3002 7.83641e-16 62.1191 135.776 9.32006e-16 -273.6 -123.774 3.2835e-16 -241.019 -113.51 1.18916e-15 -144.265 -287.206 1.21787e-17 187.096 -169.931 1.7932e-16 -236.207 231.214 4.45727e-16 -224.602 -199.862 3.61791e-16 -111.931 10.662 -3.89015e-16 257.197 64.9613 6.7392e-16 175.151 143.976 6.13303e-16 249.359 241.743 9.67624e-16 67.0786 432.877 6.83586e-16 301.611 -386.184 2.29361e-16 -87.2134 57.8751 2.4519e-16 301.88 -317.972 2.57601e-16 91.0236 -181.319 5.57615e-16 -455.831 27.4956 4.5716e-16 371.094 -318.049 3.4548e-16 287.709 -80.3224 1.05325e-15 -403.801 -214.812 8.97402e-17 131.686 -214.57 2.31493e-16 -396.145 195.735 1.76846e-16 192.494 -11.9049 9.45999e-16 -233.716 416.296 3.15857e-16 -168.144 99.8411 8.97564e-17 322.869 275.108 7.42271e-16 -98.9354 447.388 8.33023e-16 188.154 92.2092 9.51617e-17 394.275 74.6745 6.92001e-16 207.979 -229.944 9.47493e-16 64.3627 -344.735 4.82682e-16 -382.103 133.705 1.18972e-15 -172.667 -344.629 7.54248e-16 -40.083 -306.151 3.61596e-16 -2.52818 -329.458 4.12901e-16 375.287 62.733 3.24687e-16 -102.401 398.501 2.88254e-16 159.5 396.11 2.75103e-16 291.624 115.692 7.46585e-16 -298.164 -260.967 8.68661e-16 -378.371 -86.8665 2.56581e-16 -219.207 323.588 4.88184e-16 -139.292 310.635 2.86515e-16 274.98 320.665 5.16971e-16 266.398 370.416 1.15392e-15 59.9881 483.097 4.91125e-16 184.38 206.123 3.90491e-16 208.615 172.098 8.25607e-16 -389.672 -3.55927 6.4491e-16 -128.21 -371.143 4.78571e-17 -63.3028 -120.002 2.21049e-16 -156.275 73.7038 4.85646e-16 -189.902 -222.128 8.06893e-16 297.282 -10.6326 6.06752e-16 289.949 155.892 6.84586e-16 -102.656 280.104 7.45763e-16 208.651 -33.2412 7.06639e-16 -157.435 265.079 2.56624e-16 350.692 -131.984 4.20418e-16 328.224 -286.183 9.89979e-16 -120.196 402.273 8.5739e-16 -92.776 413.645 8.7613e-16 17.9015 -343.185 1.79792e-16 -164.317 342.278 3.59095e-16 475.031 86.4329 2.62437e-16 -95.6308 173.071 3.34673e-16 103.887 -335.552 1.63218e-16 355.587 77.4619 8.06454e-16 71.3676 85.8511 3.19907e-16 301.245 -212.62 3.56819e-16 367.349 -119.447 3.4907e-16 91.246 474.281 5.36293e-16 455.052 -138.433 7.6067e-16 -321.313 -338.169 3.02424e-16 -104.248 -325.701 3.53407e-16 -468.157 135.686 6.15568e-16 116.227 394.08 5.4758e-17 5.02177 456.773 -6.24982e-17 -29.8475 489.118 -1.65627e-16 178.746 173.599 -1.17422e-16 152.07 286.142 1.2781e-18 -276.79 374.54 -1.34267e-16 355.803 -133.749 2.2464e-17 415.417 -111.118 4.63712e-17 237.72 -268.842 5.01022e-17 -186.746 182.073 3.40472e-16 123.554 28.7304 2.70167e-16 -98.5612 -133.071 -1.74005e-16 48.201 -85.1258 2.30559e-17 -169.906 39.4854 2.56419e-16 -78.4069 35.0858 7.50374e-17 -454.193 14.8213 5.13966e-17 75.5218 -230.753 -4.97992e-16 -389.085 -184.988 3.15657e-16 51.1581 -438.982 2.1782e-18 -256.92 -264.926 2.21704e-17 -232.715 -355.598 5.1661e-17 -380.291 -309.026 -1.26047e-16 -138.698 -361.53 2.88217e-16 -370.449 -273.177 6.14688e-16 -320.9 -63.7559 -2.047e-16 -260.261 2.38328 -1.38195e-16 -279.023 57.996 2.85516e-16 -199.615 93.1209 -7.39584e-17 38.2339 41.8769 -1.557e-16 52.4795 67.8277 3.04116e-17 118.058 104.249 4.51851e-17 190.17 -276.838 3.01336e-16 214.266 -229.474 9.63276e-18 279.168 -237.396 -1.08438e-16 282.343 -221.078 -1.21761e-16 133.702 -62.6542 -1.97584e-16 351.063 -9.77935 3.48282e-17 429.236 23.2139 -1.5361e-16 -302.305 154.696 -1.52332e-16 -225.662 152.112 -1.6874e-16 -60.8681 159.012 -1.40094e-16 -41.7973 188.05 3.60358e-17 -150.82 256.235 -5.25496e-16 -47.6115 382.668 -1.20463e-16 247.066 136.329 3.13141e-17 -101.025 -180.514 2.59961e-16 370.739 -172.474 3.20755e-16 -289.152 -295.682 -1.0929e-17 -377.233 101.397 2.96709e-16 68.2333 336.249 4.47602e-16 6.93581 -324.616 9.19728e-16 404.692 -261.609 1.38398e-16 -200.065 439.791 2.92217e-16 -92.3947 7.05535 1.51971e-16 349.748 -13.2909 7.46439e-16 212.533 85.3093 5.48776e-16 -108.566 174.111 6.95978e-16 77.556 339.487 6.35355e-17 -126.17 275.2 1.31494e-16 -213.205 -202.935 5.59711e-16 258.117 -137.306 4.2074e-16 -41.9607 233.51 5.00799e-16 -166.915 313.477 3.00104e-16 -150.451 240.548 4.58171e-16 283.67 -275.13 1.15334e-15 -182.514 85.4183 4.82422e-17 -436.677 -31.8917 1.03419e-15 -428.077 -226.687 7.44933e-16 -327.05 -22.9876 5.61026e-16 -302.234 155.712 3.08888e-16 -118.765 -406.368 7.98623e-16 265.411 -237.657 6.44614e-16 202.385 87.9123 1.22156e-15 -209.314 266.554 5.22763e-16 -71.3458 -144.039 7.16094e-16 417.355 -6.11455 3.91237e-16 391.91 -6.74858 9.16245e-16 312.323 211.948 1.20745e-15 192.287 -318.342 7.19991e-16 -210.748 -50.2733 8.13723e-16 274.119 126.284 2.60731e-16 -286.636 188.218 6.11979e-16 249.849 270.611 6.63245e-16 -140.502 -462.261 6.18163e-16 71.8247 286.55 5.66816e-16 -225.987 -155.84 5.43311e-16 102.894 -218.162 4.78453e-16 294.154 355.642 1.00199e-15 -272.367 -365.465 4.05107e-16 416.45 -242.738 1.30917e-16 298.155 72.6692 2.0865e-16 264.837 83.7231 7.08463e-16 -189.878 374.842 4.66494e-16 -237.885 255.632 2.11125e-16 375.91 269.571 5.9856e-16 316.085 368.762 6.40822e-16 -468.914 109.732 7.0063e-16 102.145 -398.976 2.05203e-16 355.588 -156.72 2.22618e-16 -44.5928 -76.6587 7.2034e-16 -371.481 293.364 8.02726e-16 345.246 -16.3248 8.17139e-16 402.351 274.946 5.57862e-16 429.775 -49.0097 4.03186e-16 218.043 -201.302 8.03763e-16 -289.06 -388.743 9.26887e-16 220.677 189.514 7.73262e-16 88.1484 231.176 6.03815e-16 104.21 148.199 1.3012e-15 102.352 -236.385 1.11277e-15 141.689 -160.503 2.24511e-17 -191.833 274.242 5.04256e-16 -45.1296 -337.922 5.63811e-16 -396.957 221.336 2.47388e-16 -194.689 -334.65 4.4954e-16 41.2153 -165.625 -4.30733e-17 -249.879 -196.541 5.9396e-16 466.413 -5.64856 4.85674e-16 332.949 -225.637 1.03968e-15 -114.992 -207.463 5.3511e-16 41.8272 -203.961 6.94741e-16 67.0523 162.632 5.54054e-16 -487.305 0.312984 7.40879e-16 -435.982 -131.16 8.04196e-16 -23.5047 99.995 5.75435e-16 136.611 424.03 6.85053e-16 -160.012 -142.052 1.08398e-15 -447.704 45.5873 2.31052e-16 -43.1116 83.2246 2.42299e-16 -248.317 396.769 4.43081e-16 456.843 37.728 8.13036e-16 289.797 -233.001 8.05325e-16 28.7344 -364.584 7.52592e-16 205.005 325.815 1.05776e-15 -212.933 112.043 8.71302e-16 -413.114 -76.8401 2.29753e-16 -249.103 64.1531 2.26233e-16 351.473 273.552 1.05955e-15 -471.892 42.7447 9.37192e-16 122.722 13.5608 3.19336e-16 -171.491 -155.078 2.81043e-16 100.883 -55.5992 5.3882e-16 -130.484 -270.284 -1.59573e-16 190.336 -338.252 3.55392e-16 380.358 -218.624 7.46028e-16 -29.106 -312.59 4.88301e-16 368.483 251.188 3.38477e-16 -41.1331 -375.388 4.61037e-16 -55.3173 67.1293 6.45929e-16 -370.881 -148.82 4.53565e-16 206.283 -294.136 2.62542e-16 -389.455 -293.517 6.84164e-16 16.9384 193.54 9.04443e-16 -424.948 235.124 6.38849e-16 -159.176 -360.585 4.26439e-16 112.891 -205.163 -7.02613e-17 92.8006 -77.5566 2.4433e-16 455.223 65.2987 4.56669e-16 -176.187 -276.325 -7.74694e-17 -180.175 -187.613 4.85712e-16 154.104 432.608 7.11945e-16 -390.563 -243.383 5.72452e-16 99.2037 117.316 -4.20834e-17 -157.649 187.335 4.19984e-16 71.81 -210.872 3.20744e-16 -359.293 -264.441 3.23246e-16 -268.593 109.667 2.7426e-16 234.569 -405.075 5.29493e-16 158.951 397.331 6.25795e-16 41.2936 34.2523 7.8973e-16 -73.0851 406.317 1.12789e-15 -30.4572 269.119 7.096e-16 17.5612 478.217 7.81186e-16 100.424 101.818 5.51508e-16 462.384 161.213 1.15125e-15 90.0273 357.587 -2.0698e-16 310.114 264.279 3.15895e-16 236.882 -425.088 2.61017e-16 263.096 -398.445 1.32203e-17 -23.3507 32.3306 2.63519e-17 -104.813 106.054 2.28313e-16 26.2175 74.4325 4.70177e-16 1.00145 224.41 4.30823e-16 448.289 -177.023 4.67927e-17 360.085 -48.7678 -1.4807e-16 239.668 -19.6759 2.46253e-16 222.546 2.55596 3.93399e-17 -438.268 -188.906 5.07617e-17 -364.556 -145.862 -3.9104e-16 -460.915 -52.3921 -1.58911e-16 -148.421 -335.421 -1.41186e-16 -145.494 -242.747 -5.26814e-16 -349.955 -198.211 2.02143e-17 -237.176 -232.26 8.42231e-18 -223.231 -242.281 2.75626e-17 -307.345 -297.802 -2.58277e-16 37.1307 -464.198 1.58489e-17 -16.0823 -239.188 4.58963e-17 57.5258 -218.482 2.53053e-16 -338.043 56.6399 -1.49568e-16 -301.622 59.5878 -3.30753e-16 -259.084 106.786 -1.77159e-16 -123.681 -162.693 2.52325e-16 -129.891 -29.7863 4.71677e-17 160.557 -447.177 2.67841e-17 415.558 -10.7808 -5.4475e-16 459.894 -92.1941 -1.01745e-16 -283.532 310.585 -2.34947e-16 -318.094 340.498 2.96453e-17 -109.374 280.858 -2.2633e-16 -17.1441 195 1.90615e-16 57.5323 319.534 -3.1465e-16 70.1199 405.969 4.74722e-17 132.985 219.622 3.28585e-16 336.175 155.673 2.78998e-16 386.595 159.252 3.57393e-17 266.363 371.543 -2.81931e-18 -128.091 -270.697 5.35334e-16 444.762 204.632 2.31631e-16 -27.1633 -266.723 7.6094e-16 -185.593 266.384 2.49565e-16 54.744 65.9136 1.45754e-16 -74.4304 406.743 3.27277e-16 -397.772 -137.85 6.25965e-16 -24.8137 -418.299 6.55554e-16 -201.504 -304.323 -3.9028e-17 294.927 374.879 8.04594e-16 50.4412 -371.625 5.32618e-16 -265.633 -259.677 6.1031e-16 18.0333 -248.232 4.81206e-16 -219.06 77.6715 7.18926e-16 281.17 231.012 8.7438e-16 156.096 329.603 6.99852e-17 -213.574 -62.2996 4.05119e-16 -340.829 -348.064 3.12512e-16 13.9172 -223.333 2.88175e-16 -149.514 -66.2417 2.4145e-16 63.7604 -465.308 1.54055e-16 -445.603 96.4084 2.87663e-16 -60.491 -390.676 1.0625e-16 213.91 -237.156 4.80609e-16 -181.675 -392.269 -2.12731e-17 -204.921 194.954 2.94033e-16 -230.665 -335.111 5.1286e-16 -229.104 414.17 3.55051e-16 207.663 337.077 2.9206e-16 3.33415 485.742 7.04006e-17 270.295 -209.722 5.03402e-16 -262.026 -109.414 3.11249e-16 44.3315 -163.867 6.72569e-16 271.785 -147.746 5.07541e-16 421.276 -49.1586 7.96629e-16 -30.3485 412.289 1.09569e-15 -438.381 -207.111 6.04378e-16 17.825 -162.854 7.61971e-16 -136.644 -254.515 2.50364e-16 -120.59 -371.098 5.13748e-16 304.395 -82.0509 2.96759e-16 -119.39 419.867 2.37118e-16 -57.365 -236.072 7.23068e-16 62.0238 94.1811 1.10779e-15 267.128 -409.709 1.13391e-15 -28.4982 -257.787 6.60509e-16 -293.255 332.474 1.08982e-15 271.397 -328.522 1.1586e-15 242.979 144.49 8.50851e-16 170.786 347.809 8.37868e-16 -172.518 -214.83 -1.50926e-16 -315.399 177.531 8.10008e-16 58.1108 328.705 5.621e-16 -395.741 128.686 6.8737e-16 133.186 -31.6056 7.01788e-16 410.792 -203.459 1.06821e-15 81.5167 29.4391 5.36382e-16 51.2486 -131.381 2.21698e-16 -60.8889 197.307 1.1458e-15 -444.044 110.523 1.17129e-15 342.474 40.4716 1.04457e-15 69.2442 254.539 1.4e-16 -199.394 -135.331 7.17435e-16 89.8392 415.109 1.08446e-15 -345.474 -341.609 2.34705e-16 428.303 -28.9273 3.29012e-16 -144.856 -67.9586 3.91091e-16 -17.8724 -191.109 2.47785e-16 -467.408 12.4998 2.183e-16 -397.058 114.576 5.17267e-16 480.61 -36.5198 8.02988e-16 364.097 156.561 2.71552e-16 -84.6323 -122.333 4.77562e-16 -33.5675 -356.256 9.09294e-16 277.258 311.67 2.01766e-16 3.80453 -410.158 1.06809e-15 317.943 55.4754 3.83901e-16 -180.94 224.548 2.91528e-16 57.2506 -317.17 3.50738e-16 229.577 -30.9033 2.17872e-16 -146.504 239.788 4.58767e-17 376.332 8.47776 6.55822e-16 0.177156 -105.836 8.75785e-16 -441.243 -140.669 2.96387e-16 -89.9577 255.428 1.04379e-15 -234.365 -206.412 1.61068e-16 -237.681 -262.238 7.17971e-16 329.305 280.325 6.05268e-17 -452.564 125.34 8.10385e-17 194.532 35.8574 9.68525e-17 255.59 278.61 4.33435e-16 -76.9574 50.8908 1.1828e-15 -129.134 -78.2146 4.01006e-16 158.189 -201.008 5.90566e-16 -473.957 -83.4108 6.67364e-16 420.488 173.855 3.55738e-16 64.3295 142.983 6.3838e-16 200.778 -329.875 1.06023e-15 -304.451 -225.773 8.26067e-16 -329.577 226.44 7.9112e-16 152.499 -378.123 1.0779e-16 -54.5077 -250.572 -2.93378e-16 -38.9773 -427.348 5.51271e-16 -358.997 -178.342 3.74862e-16 327.445 -313.111 2.08588e-16 -13.6588 -363.039 2.40998e-16 2.50702 -310.752 3.34069e-16 229.67 428.627 2.21469e-16 -111.045 -387 -1.61294e-17 16.1286 314.081 6.07693e-16 -297.022 86.8189 8.15207e-16 -413.219 -0.640567 7.22196e-16 7.39623 452.533 5.90934e-16 264.913 41.6525 1.51189e-16 -469.987 -20.6224 5.49817e-16 91.8666 314.023 2.27011e-16 213.59 -305.309 1.10838e-16 62.8768 -220.155 9.5333e-16 -372.133 -219.591 6.9416e-16 410.351 -26.4946 7.50065e-16 84.7307 -249.804 2.6757e-16 -388.943 -290.548 1.2464e-16 -67.6946 -84.4591 2.7482e-16 -34.3994 365.468 4.92577e-16 149.694 459.83 4.37706e-16 -143.039 245.131 2.78036e-16 -212.364 369.364 5.79941e-16 220.365 291.399 1.57877e-16 -89.3065 369.591 6.75691e-16 286.242 -249.772 4.45608e-16 120.158 441.352 -1.11088e-16 203.374 129.001 -2.43032e-16 -249.897 420.411 4.28475e-17 134.797 -345.894 4.50889e-17 274.507 -321.729 -7.71617e-18 156.154 -183.122 8.12062e-17 177.064 -133.287 1.27597e-17 -315.274 -114.421 2.45992e-16 -351.764 88.1992 6.27703e-18 -41.9367 121.457 2.64066e-16 6.42067 -4.03976 2.50118e-16 -7.93822 17.929 1.18186e-16 -8.29477 -104.255 -4.01808e-16 -103.453 -472.691 -2.99595e-16 -270.694 -403.548 -1.43469e-16 -285.703 -305.002 3.58818e-17 -51.3073 -382.949 -2.70413e-16 -1.17098 -267.836 -4.12704e-16 -215.245 -108.367 -3.73149e-16 -251.379 -45.6365 -4.08307e-16 -451.538 37.148 -5.57731e-16 -99.2866 -49.424 -1.24913e-16 -64.4871 -60.8886 2.33771e-16 378.099 -243.156 2.3568e-17 185.992 -146.27 4.02468e-17 205.304 -127.145 2.3869e-16 263.811 25.1708 -2.1429e-16 173.515 45.614 2.77531e-16 -471.005 132.405 -5.87531e-16 -55.8532 163.085 3.23453e-17 -245.639 -346.084 4.49046e-16 -165.865 200.983 2.95978e-16 -182.845 353.807 -6.13594e-16 -126.475 403.425 -1.36491e-17 -158.39 431.279 -1.65764e-17 217.418 378.732 3.08287e-17 37.7245 91.4055 2.32293e-16 -344.346 -198.468 5.9609e-17 78.6858 358.566 3.88074e-16 137.281 426.258 9.03595e-17 282.86 255.16 3.38809e-16 -196.961 94.385 3.60424e-16 -91.187 -394.401 1.78961e-16 -38.4263 -22.3492 5.38501e-16 -110.257 -390.143 2.52645e-16 -97.7885 208.305 -1.01537e-16 155.646 117.496 -7.30696e-17 -178.667 55.3663 4.50589e-16 -51.225 212.737 2.89292e-16 24.261 465.386 3.55407e-16 -326.691 -24.5342 3.51732e-16 188.359 -156.38 1.97435e-16 447.857 -9.04649 3.38599e-16 -252.635 -349.441 7.16985e-16 105.185 -371.229 3.77104e-16 89.7961 375.742 3.46841e-16 184.898 377.458 7.83437e-16 320.284 301.517 8.88299e-16 -178.914 258.045 1.09345e-15 259.167 287.211 1.21091e-15 156.839 122.027 4.89562e-16 47.7529 -111.334 8.81919e-16 -291.074 -303.816 3.89455e-16 -364.696 -145.876 1.29919e-15 -336.042 -320.664 4.90629e-16 -110.4 201.415 9.75584e-16 -337.186 -200.708 9.33849e-16 299.503 30.9959 9.74564e-16 191.071 -132.786 8.51886e-17 -329.229 171.999 2.00665e-16 -349.232 172.782 5.78626e-16 -225.79 68.9772 5.94332e-16 -212.252 278.947 3.38018e-16 -387.471 236.188 3.80587e-16 -370.441 62.3168 6.64059e-17 363.154 324.881 6.00445e-16 -164.832 407.325 3.37145e-16 306.516 -263.699 3.16976e-16 -167.073 -149.753 3.77701e-16 -162.871 -293.91 2.2938e-16 -62.585 190.975 -2.45418e-16 360.689 232.441 4.94261e-16 -399.139 -280.705 1.09199e-15 33.0852 215.29 7.67597e-16 378.253 87.7323 3.92345e-17 -76.3409 17.3315 3.06328e-16 -367.954 257.875 2.38992e-16 -118.762 272.223 4.1307e-16 -37.6624 335.717 9.47552e-16 -461.496 -101.019 2.60085e-16 -80.648 265.235 2.82083e-16 -425.547 -27.5217 2.39251e-16 -418.693 173.43 -1.48013e-16 247.401 -64.5391 5.01782e-16 480.214 -70.4578 7.60576e-16 -215.499 -147.083 7.71904e-17 242.564 -323.304 2.08321e-16 9.89013 305.808 2.04358e-16 132.544 298.652 5.35716e-16 181.273 -29.1147 5.24653e-16 -193.792 -23.2659 7.04653e-16 291.979 -195.289 2.69768e-17 -363.877 235.751 9.99524e-16 -96.3185 139.568 4.05618e-16 -132.512 -79.5736 5.25232e-16 302.223 364.991 6.07908e-16 67.3792 -450.994 7.3545e-16 -136.963 404.071 2.22845e-16 -390.514 -130.723 9.71951e-16 22.0339 -197.408 3.61665e-16 297.737 269.131 9.61926e-17 -60.442 -390.838 4.13595e-16 104.872 444.517 5.11888e-16 -247.262 -328.366 4.99898e-16 40.2941 -406.241 3.70396e-16 -51.0051 250.685 1.00383e-15 197.158 226.039 7.16073e-16 -127.649 -57.8961 1.35454e-15 -249.75 129.964 4.45934e-16 -362.613 105.08 1.09493e-15 -441.977 183.127 4.46116e-16 -274.411 -79.4751 5.62751e-16 -37.6764 260.883 5.23832e-16 6.54783 -188.669 2.20177e-17 440.173 -166.799 2.03188e-16 102.365 -84.2408 1.13499e-15 -445.554 201.862 8.90467e-16 285.382 -94.9088 4.12044e-16 26.6286 469.361 4.98868e-16 243.803 221.74 2.24594e-16 434.196 18.3696 8.3535e-16 231.304 -52.3517 1.10049e-15 -186.153 -105.267 8.97705e-16 92.2536 354.318 8.30006e-16 55.8618 -337.494 8.60241e-16 85.7942 -402.082 2.81551e-16 -233.154 -387.423 5.4844e-16 5.28266 82.2543 5.69331e-16 -374.362 243.884 2.80884e-16 150.588 -231.745 4.20848e-16 -334.318 38.3763 3.36649e-16 -129.594 -412.721 5.05651e-16 -161.164 286.314 2.82891e-16 181.123 -399.607 5.91606e-16 -80.4301 -313.498 5.37954e-16 117.075 197.821 1.76511e-16 -113.512 -140.091 7.70917e-16 487.685 46.4762 9.77432e-16 -343.782 212.58 5.16608e-16 266.659 -386.271 2.95276e-16 256.467 -404.975 4.82572e-16 -26.5624 276.473 3.08424e-16 -316.89 31.3794 4.13953e-16 423.074 230.854 5.24259e-17 312.662 -208.353 4.26608e-16 -262.67 91.0725 2.04129e-16 340.604 -117.315 2.24546e-16 -24.5884 190.355 4.99787e-16 260.067 -412.434 2.41317e-16 -152.059 461.263 3.8753e-16 -249.912 245.271 4.54838e-16 -213.415 202.428 -4.59646e-16 -191.803 306.623 9.85851e-16 374.13 193.251 5.87077e-17 67.7988 388.494 -1.51358e-16 282.948 -101.471 -2.90116e-16 222.767 -39.7177 -1.51795e-16 316.84 -32.9745 -1.25677e-16 190.608 -257.202 -1.74337e-18 10.8483 58.6577 5.9338e-17 461.652 103.085 5.8316e-16 441.922 205.211 7.67496e-16 -485.911 61.9868 5.99886e-16 -228.314 -97.6593 6.02804e-16 289.257 -260.041 2.19937e-16 82.2815 69.5668 3.50196e-16 -433.903 160.407 3.33439e-16 244.258 -55.3626 -3.63101e-17 -421.382 90.0512 8.46372e-17 -476.321 -91.5497 4.0227e-17 -369.499 -28.2908 6.29504e-18 -272.308 -156.98 -3.19275e-16 -210.445 -279.881 -2.44615e-16 -254.789 -372.048 -1.67064e-18 -343.032 -255.919 -2.31548e-16 30.7142 -355.766 3.97779e-17 -34.1543 -223.724 1.77919e-17 -245.22 -102.741 -2.88856e-16 -172.436 -107.737 3.39474e-16 -100.567 -117.085 -4.8368e-16 -156.448 -30.2305 1.24511e-17 232.629 -383.487 2.23104e-18 188.412 -311.847 -3.26696e-16 145.99 -240.432 -2.38272e-16 131.603 -161.471 2.18734e-16 150.501 -27.5357 -1.80101e-16 304.405 -172.417 -1.77576e-17 306.091 -117.199 -2.08555e-16 345.415 20.6944 1.06402e-17 -355.843 238.515 -1.8657e-17 -413.045 251.633 -3.53014e-16 -330.532 261.604 2.41222e-16 -58.2433 136.366 -2.44338e-16 -60.8779 234.671 -3.20289e-16 -154.33 397.011 1.21942e-17 39.0579 305.944 2.62681e-16 72.8902 312.583 1.27976e-17 148.481 297.46 -2.37052e-16 72.7424 348.858 -2.31881e-16 309.314 129.51 -5.13696e-18 196.512 444.618 -1.3306e-16 102.104 86.0517 4.19311e-16 291.921 73.1652 6.82284e-16 -24.4038 54.0302 5.57225e-16 -233.6 -313.398 2.26203e-16 -241.945 49.7974 4.35355e-16 55.2971 70.5574 8.45863e-16 -260.844 134.078 3.3339e-16 117.974 311.766 7.21277e-16 379.335 -253.917 7.40902e-16 350.777 -199.574 7.87905e-16 308.279 96.2974 4.65314e-16 -19.7493 454.301 5.41378e-16 -40.0813 345.306 3.1884e-16 -223.727 -234.61 5.3885e-16 -37.156 -120.554 4.62197e-16 -426.863 153.507 -6.09389e-18 347.705 -234.753 7.38577e-17 -14.4905 351.891 4.37049e-16 -357.339 -18.4309 3.24163e-16 -26.1506 212.49 3.08724e-16 30.4068 135.808 6.89733e-17 316.426 -247.416 -1.39931e-16 211.322 91.7759 3.24025e-16 -188.809 -172.632 -1.02844e-16 23.2279 171.024 3.1595e-16 23.9263 -330.513 2.34058e-16 370.282 125.765 5.07207e-16 73.2879 -25.1115 5.30968e-16 99.8626 -477.735 3.61183e-16 206.218 -164.258 3.42226e-16 402.516 -7.157 2.84712e-16 392.716 7.42141 1.27615e-16 -36.5483 298.732 3.97528e-16 252.223 399.715 5.1296e-16 -376.411 191.808 9.40535e-16 -191.048 204.298 8.73251e-16 -212.177 6.58444 3.47956e-16 223.87 308.389 7.95371e-16 160.998 245.209 2.06999e-16 -478.993 24.165 -3.56472e-17 -18.1522 91.5174 2.79858e-16 -8.92835 95.1728 2.05835e-16 129.675 -303.032 1.00912e-16 197.615 8.40337 5.28774e-16 208.948 -243.635 5.2146e-16 305.965 -160.701 5.82232e-16 -34.4683 220.688 9.8609e-17 465.239 144.019 4.92276e-17 342.528 -62.3336 9.35822e-16 430.728 157.924 2.82757e-16 -371.707 196.495 6.25831e-16 -87.7209 -23.7974 6.46021e-16 316.801 22.1165 1.17217e-16 -94.1217 -225.867 5.12309e-16 160.008 -88.3962 2.44554e-16 255.829 -233.086 3.51996e-16 297.397 -328.888 -4.34151e-17 96.4466 32.2408 5.85815e-16 -122.661 378.599 2.21256e-16 -312.926 -81.9601 5.08562e-16 -401.003 198.383 5.64757e-16 195.329 410.416 7.59085e-16 -478.608 100.959 7.40895e-16 -1.47052 -154.057 4.33908e-16 -132.305 -265.825 7.19113e-16 457.404 53.2957 6.7453e-16 -412.316 126.773 5.6219e-16 -291.177 -260.033 5.10744e-16 -148.699 60.0132 7.2157e-16 23.4846 274.313 5.52438e-16 114.018 46.8351 7.7864e-16 193.088 186.577 9.17365e-16 39.7724 -73.5296 6.35631e-16 49.9429 -421.589 8.00375e-16 127.143 292.917 7.8456e-16 323.688 111.108 1.06974e-15 71.9034 -409.696 8.66599e-16 -10.5612 -433.279 7.49863e-16 -35.6991 476.155 5.82536e-16 278.856 273.64 1.11572e-15 -70.9009 151.579 5.06241e-16 -130.806 424.032 1.12154e-15 45.3646 -60.4203 1.25612e-15 -58.4242 159.556 7.475e-16 323.847 -289.746 1.36129e-15 -109.234 134.346 8.69669e-16 187.59 199.454 6.02699e-16 -488.643 -27.55 8.81483e-16 -163.244 -458.599 6.0304e-16 -192.007 -108.593 1.34566e-16 181.692 246.698 2.31388e-16 -104.247 252.569 2.4673e-16 239.612 337.001 5.18206e-16 -316.274 340.199 5.41745e-16 -305.859 135.197 5.3496e-16 293.201 157.958 8.58932e-17 431.794 195.366 4.65706e-16 246.379 393.088 1.09543e-15 95.1448 -78.3395 8.48348e-16 -104.624 241.408 8.56424e-16 51.6793 308.053 6.90967e-16 310.728 324.347 6.78749e-16 -352.65 201.491 1.07054e-15 -332.498 -260.234 2.45592e-16 277.693 -137.94 4.59787e-17 374.343 -14.8687 5.38424e-16 451.001 46.9262 3.08543e-16 109.98 -163.836 2.90564e-16 -404.996 -236.607 -1.40117e-16 -37.0346 134.114 4.01397e-16 354.248 75.5434 3.26986e-16 150.384 -248.883 2.67903e-16 -373.326 48.3619 6.46464e-16 -111.629 -354.472 3.11831e-16 -206.459 -228.231 3.31724e-16 145.567 59.1415 1.81788e-17 84.4315 -332.543 5.3372e-16 -262.252 -348.855 3.31073e-16 473.547 -125.981 3.12291e-16 -53.8047 -478.587 4.27671e-16 161.662 371.386 -2.3028e-16 -74.8835 -124.81 5.21491e-16 -125.355 -444.091 3.56294e-16 103.163 198.578 5.44931e-17 22.6338 218.472 2.4352e-16 383.697 36.8535 4.65746e-16 -481.016 93.4599 3.44176e-16 325.034 67.7465 -9.47117e-17 403.393 67.7737 -1.7654e-16 463.005 -51.6637 3.88255e-17 454.415 87.9053 -1.70584e-16 -192.632 230.405 2.24145e-16 -340.848 340.286 -2.10918e-16 -266.459 325.024 2.3816e-16 258.647 -249.318 -1.37173e-16 365.144 -315.927 -1.80856e-16 0.65304 131.59 1.62381e-17 75.3784 48.938 -4.77612e-16 76.5088 -148.126 -1.11259e-16 0.73773 -95.0745 2.13502e-17 -87.8306 -27.5548 -1.7381e-17 -201.772 -168.992 3.97434e-17 -250.858 -125.6 -2.62074e-16 -348.741 -92.384 -1.33648e-16 -332.248 -11.7274 -3.23676e-16 -238.72 50.3232 -7.30744e-18 -342.035 87.6434 -4.6787e-16 -157.391 -458.321 3.71953e-17 -86.7477 -477.376 1.79009e-16 -141 -424.963 3.4198e-17 -368.995 -321.777 -2.81232e-16 -393.471 -234.461 -2.04523e-16 37.3196 -477.66 2.72878e-16 70.643 -438.295 -2.16203e-16 116.298 -448.98 -1.30609e-16 117.32 -244.324 -3.12464e-16 -428.023 -143.327 3.92734e-17 -394.763 56.6372 -2.68651e-16 -387.942 124.903 -1.65376e-16 5.91528 -196.441 1.55803e-17 253.487 -279.451 -2.98556e-16 431.806 -173.049 3.77166e-17 446.915 6.17217 -2.27395e-17 430.833 110.888 -3.75902e-16 -215.702 267.442 1.86611e-17 -311.941 364.515 2.55475e-17 -261.162 369.53 -4.05873e-16 -38.2586 293.05 3.59103e-17 17.7998 468.618 -2.53758e-16 56.9013 471.233 8.97242e-18 157.212 161.285 -3.79007e-16 213.007 172.121 2.2506e-17 394.323 215.562 4.43348e-17 225.127 311.577 -2.61056e-16 -102.159 -436.425 1.52818e-16 416.577 -255.281 2.16633e-16 248.591 -288.469 1.74844e-16 302.56 241.735 8.17799e-18 196.09 405 4.17768e-19 425.754 -22.2074 -5.55897e-17 179.112 -107.993 1.66356e-16 -175.188 227.348 2.35502e-16 -227.962 -0.690187 3.63266e-16 99.3647 52.4193 7.94442e-17 -238.165 -107.222 5.89065e-16 -308.624 -367.382 2.70465e-16 400.585 81.4357 9.14603e-17 -395.162 143.772 8.1697e-16 -141.711 354.913 4.66472e-16 291.756 185.813 4.98369e-16 219.207 -257.586 2.00267e-16 20.1129 405.12 3.69543e-16 -56.8361 -397.415 7.1939e-16 433.887 121.168 9.01827e-16 -425.769 -149.804 6.44643e-16 171.713 204.858 7.16596e-16 -306.669 95.7363 8.89705e-16 -105.638 354.803 -7.68701e-17 195.597 -98.0384 5.85383e-16 314.32 237.34 1.11578e-15 221.369 -402.158 3.51771e-16 -30.8628 -301.463 1.02406e-15 139.689 93.6614 9.20485e-16 -280.375 399.854 5.54532e-16 69.1115 383.362 6.05876e-16 360.944 290.682 6.64948e-17 -274.265 158.417 1.05282e-15 -238.176 -260.443 4.84207e-16 170.926 -1.43061 4.04065e-16 284.066 196.459 1.06521e-15 110.72 252.007 1.76042e-16 -175.348 101.657 6.53678e-16 349.244 -194.268 1.24179e-15 -383.979 -218.184 1.32577e-15 344.653 293.13 9.63221e-17 -191.452 -88.2035 3.45843e-16 -143.951 420.991 6.39493e-16 127.59 468.781 8.07665e-16 -128.746 124.446 3.60982e-16 433.057 50.8065 4.59444e-16 323.405 -336.265 7.03842e-16 -216.69 -273.391 5.3701e-16 -25.6107 398.278 6.78764e-16 207.024 190.04 4.74361e-16 -450.375 -102.607 1.02735e-15 80.7599 394.987 5.16598e-16 310.259 -120.005 1.07336e-15 405.324 -274.26 1.03557e-15 60.6443 273.046 6.67804e-16 90.7424 -23.0208 1.09392e-16 -26.1856 -281.904 -5.84275e-17 -57.8186 73.3611 7.59764e-16 -263.922 108.795 9.36868e-16 -61.7879 423.866 5.14712e-16 -57.6542 -120.97 8.71522e-16 -151.475 76.635 8.23097e-16 184.396 175.951 2.66581e-16 405.162 -258.353 4.7677e-16 -167.115 -273.133 5.4703e-16 -159.723 185.94 7.71177e-16 -421.3 -188.189 6.03687e-16 365.449 -45.3731 2.352e-16 -150.701 -237.608 1.38799e-17 361.888 314.293 9.49561e-16 366.616 -322.576 7.22761e-16 442.552 198.376 3.02389e-16 -365.443 225.108 3.25135e-16 -213.111 -32.2696 1.07375e-15 108.288 -46.9932 7.76685e-16 -103.225 9.95475 2.68355e-16 260.582 70.457 1.07114e-15 -116.37 456.443 9.2753e-16 472.239 82.5419 2.63642e-16 163.547 -414.791 5.24912e-16 -429.712 -27.7701 2.37687e-16 -432.371 170.104 1.48754e-15 41.7015 339.444 5.85516e-16 -221.293 -57.2173 7.857e-16 166.064 -55.126 8.85801e-16 -85.8433 -301.923 6.62982e-16 242.823 -244.629 2.05996e-16 164.739 -329.696 2.11908e-16 183.197 17.9497 1.10232e-15 -481.163 56.2894 1.22205e-16 -97.1976 -414.07 9.8034e-17 381.083 -205.507 2.3425e-16 217.729 127.703 5.06775e-16 316.229 233.013 3.83102e-16 -148.028 389.969 1.09988e-15 -312.847 -203.954 7.51694e-17 -41.7942 313.464 4.11977e-16 -46.005 -395.551 4.60012e-16 -76.0407 39.8078 3.9837e-16 428.935 28.1818 2.40649e-16 -53.5086 377.786 2.021e-16 -157.84 10.4832 6.97458e-16 366.925 -271.444 5.67103e-16 392.784 26.9336 8.1519e-16 142.041 335.021 7.5349e-17 0.380567 -100.629 9.77516e-17 -7.82276 386.884 5.34332e-16 418.663 62.1033 1.07915e-15 169.405 244.618 8.67087e-16 152.857 115.524 9.31056e-16 190.041 -434.721 3.20431e-16 238.863 129.05 3.0776e-16 67.7268 102.205 5.80482e-16 325.467 182.818 3.38902e-16 33.5119 421.665 6.36636e-16 250.196 421.035 -1.8959e-16 -95.3996 -306.889 2.18291e-16 -237.406 -9.77427 7.79637e-16 -181.539 321.017 7.39065e-16 82.7028 258.393 6.92168e-16 341.598 -7.11831 7.68323e-16 -346.911 -238.991 7.16958e-16 -263.026 391.908 8.87033e-16 -31.741 -49.57 6.38435e-16 -446.107 -49.1592 1.43322e-16 374.08 -240.422 3.18224e-16 -115.27 -241.795 -1.61871e-16 131.273 -434.794 3.20676e-16 461.298 -41.784 2.64768e-16 -35.149 259.87 5.15609e-16 -25.4496 425.153 7.89674e-16 128.666 45.8249 -1.16903e-17 140.134 -428.367 2.78142e-16 124.996 -68.8556 -1.2812e-16 -164.965 -3.8438 3.90298e-17 -108.662 15.0753 9.65392e-18 238.031 237.437 2.65498e-17 16.2072 -260.034 7.10265e-17 429.423 118.438 -7.40014e-17 111.646 -350.126 8.4213e-16 151.03 -162.852 8.58192e-16 -427.902 -158.287 1.57516e-16 64.8579 -346.387 2.92916e-17 -160.341 188.042 -2.88113e-16 -129.827 199.39 2.69819e-16 344.011 26.6522 2.78315e-18 -423.653 210.561 1.47528e-17 431.161 -228.116 -3.8009e-16 140.706 -185.715 1.34133e-18 164.563 -122.35 2.35547e-17 227.14 -89.191 2.58438e-16 -161.807 -137.003 -2.9643e-16 -302.054 -92.685 2.6819e-17 -202.923 -47.4771 -3.12602e-16 -102.538 -197.165 2.49989e-16 -416.696 -197.095 2.05625e-17 -204.6 -341.282 4.79664e-17 -262.635 -305.428 3.29045e-16 -5.99637 -489.983 -1.09906e-16 86.687 -470.437 -2.5552e-16 24.1808 -426.649 -2.02117e-16 -400.222 24.8394 3.24279e-16 -382.686 74.9414 -1.2608e-16 -278.792 24.5921 1.87429e-17 -30.0944 -86.3276 2.93736e-16 13.0973 -122.21 2.01316e-16 -1.97361 -36.0086 -3.15584e-16 41.3652 -33.7824 4.12384e-17 13.4225 26.6941 2.51051e-16 101.802 43.0417 -6.82521e-18 319.44 -247.375 -4.20854e-16 -199.636 -307.453 5.1428e-16 395.071 -220.113 -3.0449e-16 -162.451 168.776 1.83999e-17 -154.783 135.327 1.86854e-17 -189.763 320.906 3.85179e-17 -74.7216 304.879 -4.31908e-16 -61.1961 346.882 -1.96508e-16 -84.299 381.554 2.6159e-16 -69.1091 484.077 -2.05612e-16 155.841 200.107 2.60532e-16 109.549 287.973 5.32683e-16 404.074 -24.0876 7.35918e-17 -29.2533 -267.04 1.25871e-16 177.486 -444.656 5.9366e-16 305.063 383.475 2.6992e-16 -30.2052 -486.287 5.23433e-16 -218.905 -127.154 3.96643e-16 -78.3729 257.1 2.29169e-16 30.7379 198.415 1.30223e-16 -13.4665 -209.695 6.17783e-16 131.264 -109.052 2.9441e-16 312.563 206.616 4.23131e-16 -175.366 -222.472 5.53624e-16 208.529 -26.6475 3.3764e-16 210.885 140.653 2.89815e-16 127.023 275.566 1.53325e-16 183.689 386.353 3.63402e-16 247.2 18.6483 5.47895e-16 481.302 -66.546 5.74234e-16 -137.077 174.465 8.53488e-16 447.797 176.473 1.63846e-16 -398.127 283.595 1.33602e-16 474.431 -53.6295 5.29766e-16 -28.1109 40.1853 5.69694e-16 319.379 338.376 3.09477e-16 -32.7682 -482.731 3.01403e-16 -43.6658 -331.552 4.90262e-16 -448.512 -121.109 2.37093e-16 -62.3674 230.394 9.14199e-17 296.071 74.9081 5.35734e-16 236.439 218.655 3.52861e-16 -379.772 -297.856 3.33452e-16 -263.429 -20.0299 9.42779e-16 113.145 -122.999 8.90603e-16 470.96 56.7282 5.71194e-16 -348.704 335.23 6.7359e-16 -190.392 113.6 8.25472e-16 475.33 1.1106 7.31004e-17 -82.728 102.564 6.29248e-17 -19.6729 -367.497 3.22339e-16 90.8765 405.737 6.78435e-16 48.5586 228.972 1.44445e-16 86.8968 436.626 2.99791e-16 215.292 -306.988 7.83336e-16 438.1 -167.691 5.3318e-16 342.26 -13.9205 1.3057e-16 -58.3564 483.652 3.23373e-16 -232.262 -165.94 6.72449e-16 186.952 392.012 3.23408e-16 359.339 -7.48657 7.63899e-16 395.766 -8.33119 6.21645e-16 443.079 -7.27634 1.01913e-15 -413.97 -190.635 1.00924e-15 5.16507 485.593 7.88501e-16 401.469 163.498 5.70003e-16 -101.429 319.965 9.83881e-16 -255.061 -117.193 6.37237e-16 90.6659 471.467 1.78861e-16 -121.338 -38.7851 2.18805e-16 365.635 -141.802 3.69257e-16 33.3369 -369.179 5.68384e-16 145.094 -193.571 8.5228e-16 -67.7793 -51.6318 1.17809e-15 440.225 127.263 8.42889e-16 -441.392 160.464 -6.19679e-17 29.811 200.437 -2.585e-16 226.543 337.736 4.3772e-16 128.46 -299.07 5.03424e-16 68.4262 84.1757 6.64457e-16 -27.6623 484.922 2.24444e-16 311 370.516 9.87031e-16 46.9841 -169.604 1.0561e-15 -50.2302 -227.596 1.33567e-15 213.151 129.034 3.56135e-16 -1.04879 20.6642 5.02048e-16 -105.241 -468.617 1.47968e-17 238.637 -285.606 1.12296e-15 265.526 339.056 5.01651e-16 84.5613 -203.599 1.11986e-15 365.376 -32.4701 5.36544e-16 220.416 290.296 3.55823e-16 220.957 -138.241 5.07888e-16 -230.534 94.1074 1.33974e-16 231.447 -354.94 6.00525e-16 -388.058 294.358 3.79693e-16 124.967 54.754 3.82168e-16 339.481 -8.58799 2.57239e-16 -257.798 148.483 1.09562e-15 -155.992 -312.354 9.12653e-16 204.812 -59.7612 7.70974e-16 -265.85 -223.202 1.08484e-15 -13.903 -448.173 6.72749e-16 -257.733 15.9988 5.19384e-16 -104.244 -360.997 7.85564e-16 93.5357 -469.845 1.06563e-15 -178.703 369.692 5.06408e-16 -460.4 161.656 6.70189e-16 145.197 375.313 2.28251e-16 212.769 279.78 6.97229e-16 -388.392 40.178 2.13026e-16 -312.348 90.5441 1.23754e-16 247.422 -213.527 6.63299e-16 -275.752 -127.756 7.86654e-16 181.688 -170.955 5.61404e-16 -451.133 31.7023 8.58042e-16 -84.3107 -449.061 5.20415e-16 -362.136 122.205 2.37304e-16 4.47097 177.405 1.57258e-16 -372.36 67.8559 3.03803e-16 -296.243 -390.336 4.99028e-16 53.4848 -386.239 1.07077e-15 -482.061 -10.82 1.47759e-16 -229.832 -15.0293 6.1076e-17 322.959 -152.964 -1.21062e-16 -86.2387 281.335 6.39252e-16 301.644 -196.453 7.15658e-16 148.002 -171.257 9.55629e-16 -195.255 311.402 4.96735e-16 324.588 187.211 7.47081e-16 1.53913 -454.43 6.44026e-16 265.042 -333.071 1.0666e-15 -429.876 -165.274 5.01112e-16 190.191 -180.715 -3.62991e-16 352.542 -218.859 2.16241e-16 250.061 276.879 7.77518e-16 -131.389 -69.1914 9.5037e-16 426.156 176.921 6.65646e-16 254.678 120.376 3.23812e-16 -60.8948 -252.587 2.73072e-16 8.91065 488.649 -1.89762e-17 455.861 -105.238 -2.54045e-17 -337.248 50.5208 2.14711e-16 146.853 -164.172 4.67154e-16 -200.248 -337.618 8.389e-16 345.458 274.847 1.41815e-15 -141.1 415.475 3.4812e-16 296.377 41.8419 4.00979e-16 -259.448 -3.15977 2.02136e-16 -229.505 148.729 1.91006e-16 63.4442 340.785 9.38143e-16 -240.06 42.8262 9.06751e-16 170.907 133.047 2.53481e-16 374.597 14.9631 2.29061e-17 326.959 48.39 -1.28931e-16 300.76 83.5321 -3.53793e-16 -379.664 243.534 -1.18332e-16 -371.56 234.587 -2.44495e-16 -320.954 182.548 -4.66197e-16 -225.596 239.703 4.3193e-17 -364.43 297.87 6.3002e-18 70.5466 375.818 1.30184e-17 433.918 157.02 1.43006e-17 345.13 227.95 -1.69876e-16 183.747 344.493 -2.04925e-16 -3.50625 155.216 2.46166e-17 322.151 -205.396 6.23808e-17 251.056 -415.95 2.27624e-17 283.819 -397.286 -1.96231e-16 -97.7813 -305.348 -1.72422e-16 -107.76 -227.458 -2.51629e-16 86.4019 -277.869 2.35019e-17 -120.907 101.164 3.66871e-17 -288.475 -150.098 -1.85631e-16 -266.13 -77.1996 -2.5434e-16 -231.145 -280.114 -1.60604e-16 -175.616 -416.415 -1.95228e-16 -264.752 -334.202 -3.11566e-16 -272.117 -263.927 -2.33385e-16 62.773 -477.849 2.67414e-16 16.6168 -362.889 -1.56621e-16 -118.08 -305.383 2.24376e-16 -382.777 73.6229 2.60564e-17 -289.861 -25.946 6.8668e-18 110.267 -131.033 -2.71775e-16 14.1141 -69.9527 2.46217e-16 -146.596 44.7839 -3.05823e-16 34.624 119.393 -1.72537e-16 150.544 -364.866 -3.2944e-16 394.954 -266.766 2.30424e-17 295.304 -197.034 -3.0405e-16 189.709 -177.043 -2.87502e-16 216.841 -172.211 6.64509e-17 225.891 -156.961 -1.19084e-16 209.856 16.3895 -3.88074e-16 256.502 125.216 -4.88349e-16 -409.161 149.332 -4.15497e-16 61.12 184.003 -2.26711e-16 -8.99287 387.898 5.15784e-17 51.7016 391.797 2.11642e-16 441.011 199.284 -2.09913e-16 359.526 -298.24 6.88398e-16 30.4266 250.61 5.24561e-16 210.712 -318.919 3.93128e-16 -257.309 20.7324 4.1432e-16 -463.158 153.035 2.1159e-16 -315.092 171.369 1.36107e-16 -101.53 311.096 1.21996e-16 -154.781 427.994 4.97214e-16 276.955 129.276 5.09853e-16 -89.4841 2.37996 8.6942e-16 -252.98 322.875 5.34543e-16 -155.42 129.977 1.35821e-16 -444.798 24.8228 1.05443e-16 -320.546 -74.6251 5.19891e-16 -194.417 269.783 7.71739e-16 214.163 271.14 2.84843e-16 -173.446 -51.3509 6.38669e-16 482.617 -76.0797 3.71864e-16 -476.594 27.6995 1.03384e-16 -239.036 121.732 1.92045e-16 -192.423 -409.778 6.53691e-16 -471.118 -132.308 7.56052e-16 250.412 -347.071 7.11658e-16 222.342 -20.9593 8.18749e-16 379.46 -127.818 4.61377e-16 -271.345 -383.957 7.81306e-16 52.6753 -179.339 4.60094e-16 -91.172 338.89 -1.39353e-16 -426.115 -69.36 5.42117e-16 -273.432 312.868 8.6595e-17 408.324 -9.19976 6.01292e-16 -419.243 -39.8553 5.43685e-16 -452.28 129.641 7.71207e-16 -155.124 417.365 -1.14761e-16 342.766 343.768 3.43786e-16 -218.82 -133.975 1.16035e-16 -172.721 388.677 2.99909e-16 -21.7001 426.834 1.66427e-16 231.162 292.623 2.27332e-16 -355.538 323.839 5.20563e-16 -42.2181 -76.6313 3.31087e-16 259.557 -370.654 4.6684e-16 -426.392 23.2321 5.05109e-16 152.063 -257.308 7.00291e-16 -45.2046 203.963 1.23364e-16 174.687 285.098 1.8199e-16 49.6986 260.642 2.01969e-16 174.332 -306.163 7.68426e-16 311.2 -166.332 9.09995e-16 122.751 -454.432 7.85751e-16 47.8863 -375.017 -1.03915e-16 -362.885 -41.9449 3.87124e-16 -89.3016 91.4045 3.18848e-16 -292.594 -216.373 3.98308e-16 38.3047 -238.695 2.10148e-16 302.797 105.191 3.01515e-16 296.4 333.063 3.46234e-16 338.588 -207.229 4.63967e-16 197.568 -202.89 2.44026e-16 165.299 339.695 9.12008e-16 -123.954 -460.433 8.79708e-16 92.0148 70.3647 2.77146e-16 369.892 46.7001 7.19782e-16 371.423 264.761 2.02443e-16 -33.6583 81.0262 -6.49623e-18 113.276 -87.004 -9.64548e-17 -217.881 18.4627 4.74136e-16 -168.65 -394.633 1.06224e-15 477.665 60.5274 1.0465e-15 -145.731 307.2 7.32914e-16 -10.3353 -192.473 7.16535e-16 151.138 -181.096 4.11241e-16 -466.768 141.167 1.19267e-17 -189.088 357.928 -1.55025e-16 141.916 428.488 4.07467e-16 -126.137 402.625 8.90971e-16 25.1936 -202.799 7.43087e-16 252.341 227.451 8.517e-16 -438.129 110.51 5.33048e-16 -152.708 -281.863 6.24392e-16 368.916 -324.553 7.59658e-16 438.549 5.68621 3.03486e-16 -490.311 27.9254 1.7376e-15 -112.447 -42.1484 6.84386e-16 58.3015 116.471 1.09219e-15 -69.868 -166.254 7.58966e-16 -370.757 25.7199 7.86932e-16 326.11 255.202 4.15202e-16 204.662 155.844 6.13281e-16 322.097 -277.243 5.02582e-16 -241.492 -217.066 4.76635e-16 19.7132 469.672 7.36165e-16 452.207 -3.33045 7.76857e-16 100.011 -369.359 7.12381e-16 84.787 371.969 7.27372e-16 384.499 83.6025 4.92841e-16 -243.238 -267.623 1.18684e-15 323.175 287.206 6.25402e-16 -54.3442 -258.209 1.75292e-16 -362.275 -183.638 7.56306e-16 267.29 35.877 5.3333e-16 97.3004 305.016 8.70188e-16 -306.44 287.511 7.71593e-16 183.685 328.264 1.02586e-15 -140.024 17.6945 5.86235e-16 206.1 344.634 1.13188e-15 106.745 58.8046 2.91846e-16 251.706 234.842 2.75025e-16 54.9881 -68.0627 7.82356e-16 287.632 -332.631 -1.0797e-16 -411.606 176.471 5.11687e-17 74.7903 333.157 5.0568e-16 450.503 -191.967 4.34304e-16 401.387 100.586 2.1553e-16 -60.4828 434.348 3.05778e-16 -320.282 -181.81 6.94865e-16 416.221 -2.70766 -4.35824e-17 59.0679 70.415 5.27223e-16 -207.702 -308.662 4.25455e-16 39.8166 -172.6 3.94224e-16 76.537 60.9003 2.09262e-16 283.339 279.314 2.70654e-16 365.671 -296.65 4.919e-16 -373.404 299.375 5.48203e-16 -447.463 -38.1704 1.60281e-16 172.008 -2.23449 1.04831e-16 143.749 6.61515 2.94618e-16 -328.128 38.2407 7.15203e-16 -147.514 456.957 7.70089e-16 -417.713 94.2863 4.27248e-16 284.954 -216.419 2.07883e-16 -297.856 150.306 2.35342e-16 -64.8622 -140.681 2.69218e-16 319.977 293.72 -4.59934e-16 212.491 2.5983 4.21757e-16 283.483 151.944 3.15657e-16 246.301 11.2994 2.98591e-16 -473.256 114.936 2.50263e-16 350.928 -43.2714 1.6781e-16 280.741 -326.69 4.27675e-16 306.16 41.042 5.65141e-16 31.3106 474.64 8.00036e-17 29.9034 -410.121 -1.52104e-16 198.244 -61.9779 2.74538e-16 405.536 -169.082 4.49014e-17 139.645 -2.98326 3.62025e-17 450.318 -48.1675 1.79182e-17 176.678 -335.854 2.69399e-16 221.576 -201.53 2.51732e-17 -159.665 87.5424 -1.59486e-16 35.6925 14.2372 -8.37515e-17 22.8498 277.685 2.19555e-18 -172.609 400.02 1.28557e-17 -267.469 359.729 3.08443e-17 -285.1 401.273 3.8031e-17 -201.29 413.301 2.66302e-17 -183.029 448.764 -2.78389e-16 -157.608 -145.336 -2.72448e-16 -89.0807 -123.373 -1.48983e-16 -62.2043 -92.793 -2.53613e-18 -61.9373 -54.7493 2.81799e-17 -283.09 -68.164 -1.42716e-16 -439.733 29.3553 -8.9248e-17 -355.787 17.6828 -2.02759e-16
        </DataArray>
      </Points>
      <PointData>
        <DataArray type="Int32" Name="phenotype" NumberOfComponents="1" format="ascii">
 2 2 2 2 2 2 2 2 2 2 2 2 2 2 2 2 2 2 2 2 2 2 2 2 2 2 2 2 2 2 2 2 2 2 2 2 2 2 2 2 2 2 2 2 2 2 2 2 2 2 2 2 2 2 2 2 2 2 2 2 2 2 2 2 2 2 2 2 2 2 2 2 2 2 2 2 2 2 2 2 2 2 2 2 2 2 2 2 2 2 2 2 2 2 2 2 2 2 2 2 2 2 2 2 2 2 2 2 2 2 2 2 2 2 2 2 2 2 2 2 2 2 2 2 2 2 2 2 2 2 2 2 2 2 2 2 2 2 2 2 2 2 2 2 2 2 2 2 2 2 2 2 2 2 2 2 2 2 2 2 2 2 2 2 2 2 2 2 2 2 2 2 2 2 2 2 2 2 2 2 2 2 2 2 2 2 2 2 2 2 2 2 2 2 2 2 2 2 2 2 2 2 2 2 2 2 2 2 2 2 2 2 2 2 2 2 2 2 2 2 2 2 2 2 2 2 2 2 2 2 2 2 2 2 2 2 2 2 2 2 2 2 2 2 2 2 2 2 2 2 2 2 2 2 2 2 2 2 2 2 2 2 2 2 2 2 2 2 2 2 2 2 2 2 2 2 2 2 2 2 2 2 2 2 2 2 2 2 2 2 2 2 2 2 2 2 2 2 2 2 2 2 2 2 2 2 2 2 2 2 2 2 2 2 2 2 2 2 2 2 2 2 2 2 2 2 2 2 2 2 2 2 2 2 2 2 2 2 2 2 2 2 2 2 2 2 2 2 2 2 2 2 2 2 2 2 2 2 2 2 2 2 2 2 2 2 2 2 2 2 2 2 2 2 2 2 2 2 2 2 2 2 2 2 2 2 2 2 2 2 2 2 2 2 2 2 2 2 2 2 2 2 2 2 2 2 2 2 2 2 2 2 2 2 2 2 2 2 2 2 2 2 2 2 2 2 2 2 2 2 2 2 2 2 2 2 2 2 2 2 2 2 2 2 2 2 2 2 2 2 2 2 2 2 2 2 2 2 2 2 2 2 2 2 2 2 2 2 2 2 2 2 2 2 2 2 2 2 2 2 2 2 2 2 2 2 2 2 2 2 2 2 2 2 2 2 2 2 2 2 2 2 2 2 2 2 2 2 2 2 2 2 2 2 2 2 2 2 2 2 2 2 2 2 2 2 2 2 2 2 2 2 2 2 2 2 2 2 2 2 2 2 2 2 2 2 2 2 2 2 2 2 2 2 2 2 2 2 2 2 2 2 2 2 2 2 2 2 2 2 2 2 2 2 2 2 2 2 2 2 2 2 2 2 2 2 2 2 2 2 2 2 2 2 2 2 2 2 2 2 2 2 2 2 2 2 2 2 2 2 2 2 2 2 2 2 2 2 2 2 2 2 2 2 2 2 2 2 2 2 2 2 2 2 2 2 2 2 2 2 2 2 2 2 2 2 2 2 2 2 2 2 2 2 2 2 2 2 2 2 2 2 2 2 2 2 2 2 2 2 2 2 2 2 2 2 2 2 2 2 2 2 2 2 2 2 2 2 2 2 2 2 2 2 2 2 2 2 2 2 2 2 2 2 2 2 2 2 2 2 2 2 2 2 2 2 2 2 2 2 2 2 2 2 2 2 2 2 2 2 2 2 2 2 2 2 2 2 2 2 2 2 2 2 2 2 2 2 2 2 2 2 2 2 2 2 2 2 2 2 2 2 2 2 2 2 2 2 2 2 2 2 2 2 2 2 2 2 2 2 2 2 2 2 2 2 2 2 2 2 2 2 2 2 2 2 2 2 2 2 2 2 2 2 2 2 2 2 2 2 2 2 2 2 2 2 2 2 2 2 2 2 2 2 2 2 2 2 2 2 2 2 2 2 2 2 2 2 2 2 2 2 2 2 2 2 2 2 2 2 2 2 2 2 2 2 2 2 2 2 2 2 2 2 2 2 2 2 2 2 2 2 2 2 2 2 2 2 2 2 2 2 2 2 2 2 2 2 2 2 2 2 2 2 2 2 2 2 2 2 2 2 2 2 2 2 2 2 2 2 2 2 2 2 2 2 2 2 2 2 2 2 2 2 2 2 2 2 2 2 2 2 2 2 2 2 2 2 2 2 2 2 2 2 2 2 2 2 2 2 2 2 2 2 2 2 2 2 2 2 2 2 2 2 2 2 2 2 2 2 2 2 2 2 2 2 2 2 2 2 2 2 2 2 2 2 2 2 2 2 2 2 2 2 2 2 2 2 2 2 2 2 2 2 2 2 2 2 2 2 2 2 2 2 2 2 2 2 2 2 2 2 2 2 2 2 2 2 2 2 2 2 2 2 2 2 2 2 2 2 2 2 2 2 2 2 2 2 2 2 2 2 2 2 2 2 2 2 2 2 2 2 2 2 2 2 2 2 2 2 2 2 2 2 2 2 2 2 2 2 2 2 2 2 2 2 2 2 2 2 2 2 2 2 2 2 2 2 2 2 2 2 2 2 2 2 2 2 2 2 2 2 2 2 2 2 2 2 2 2 2 2 2 2 2 2 2 2 2 2 2 2 2 2 2 2 2 2 2 2 2 2 2 2 2 2 2 2 2 2 2 2 2 2 2 2 2 2 2 2 2 2 2 2 2 2 2 2 2 2 2 2 2 2 2 2 2 2 2 2 2 2 2 2 2 2 2 2 2 2 2 2 2 2 2 2 2 2 2 2 2 2 2 2 2 2 2 2 2 2 2 2 2 2 2 2 2 2 2 2 2 2 2 2 2 2 2 2 2 2 2 2 2 2 2 2 2 2 2 2 2 2 2 2 2 2 2 2 2 2 2 2 2 2 2 2 2 2 2 2 2 2 2 2 2 2 2 2 2 2 2 2 2 2 2 2 2 2 2 2 2 2 2 2 2 2 2 2 2 2 2 2 2 2 2 2 2 2 2 2 2 2 2 2 2 2 2 2 2 2 2 2 2 2 2 2 2 2 2 2 2 2 2 2 2 2 2 2 2 2 2 2 2 2 2 2 2 2 2 2 2 2 2 2 2 2 2 2 2 2 2 2 2 2 2 2 2 2 2 2 2 2 2 2 2 2 2 2 2 2 2 2 2 2 2 2 2 2 2 2 2 2 2 2 2 2 2 2 2 2 2 2 2 2 2 2 2 2 2 2 2 2 2 2 2 2 2 2 2 2 2 2 2 2 2 2 2 2 2 2 2 2 2 2 2 2 2 2 2 2 2 2 2 2 2 2 2 2 2 2 2 2 2 2 2 2 2 2 2 2 2 2 2 2 2 2 2 2 2 2 2 2 2 2 2 2 2 2 2 2 2 2 2 2 2 2 2 2 2 2 2 2 2 2 2 2 2 2 2 2 2 2 2 2 2 2 2 2 2 2 2 2 2 2 2 2 2 2 2 2 2 2 2 2 2 2 2 2 2 2 2 2 2 2 2 2 2 2 2 2 2 2 2 2 2 2 2 2 2 2 2 2 2 2 2 2 2 2 2 2 2 2 2 2 2 2 2 2 2 2 2 2 2 2 2 2 2 2 2 2 2 2 2 2 2 2 2 2 2 2 2 2 2 2 2 2 2 2 2 2 2 2 2 2 2 2 2 2 2 2 2 2 2 2 2 2 2 2 2 2 2 2 2 2 2 2 2 2 2 2 2 2 2 2 2 2 2 2 2 2 2 2 2 2 2 2 2 2 2 2 2 2 2 2 2 2 2 2 2 2 2 2 2 2 2 2 2 2 2 2 2 2 2 2 2 2 2 2 2 2 2 2 2 2 2 2 2 2 2 2 2 2 2 2 2 2 2 2 2 2 2 2 2 2 2 2 2 2 2 2 2 2 2 2 2 2 2 2 2 2 2 2 2 2 2 2 2 2 2 2 2 2 2 2 2 2 2 2 2 2 2 2 2 2 2 2 2 2 2 2 2 2 2 2 2 2 2 2 2 2 2 2 2 2 2 2 2 2 2 2 2 2 2 2 2 2 2 2 2 2 2 2 2 2 2 2 2 2 2 2 2 2 2 2 2 2 2 2 2 2 2 2 2 2 2 2 2 2 2 2 2 2 2 2 2 2 2 2 2 2 2 2 2 2 2 2 2 2 2 2 2 2 2 2 2 2 2 2 2 2 2 2 2 2 2 2 2 2 2 2 2 2 2 2 2 2 2 2 2 2 2 2 2 2 2 2 2 2 2 2 2 2 2 2 2 2 2 2 2 2 2 2 2 2 2 2 2 2 2 2 2 2 2 2 2 2 2 2 2 2 2 2 2 2 2 2 2 2 2 2 2 2 2 2 2 2 2 2 2 2 2 2 2 2 2 2 2 2 2 2 2 2 2 2 2 2 2 2 2 2 2 2 2 2 2 2 2 2 2 2 2 2 2 2 2 2 2 2 2 2 2 2 2 2 2 2 2 2 2 2 2 2 2 2 2 2 2 2 2 2 2 2 2 2 2 2 2 2 2 2 2 2 2 2 2 2 2 2 2 2 2 2 2 2 2 2 2 2 2 2 2 2 2 2 2 2 2 2 2 2 2 2 2 2 2 2 2 2 2 2 2 2 2 2 2 2 2 2 2 2 2 2 2 2 2 2 2 2 2 2 2 2 2 2 2 2 2 2 2 2 2 2 2 2 2 2 2 2 2 2 2 2 2 2 2 2 2 2 2 2 2 2 2 2 2 2 2 2 2 2 2 2 2 2 2 2 2 2 2 2 2 2 2 2 2 2 2 2 2 2 2 2 2 2 2 2 2 2 2 2 2 2 2 2 2 2 2 2 2 2 2 2 2 2 2 2 2 2 2 2 2 2 2 2 2 2 2 2 2 2 2 2 2 2 2 2 2 2 2 2 2 2 2 2 2 2 2 2 2 2 2 2 2 2 2 2 2 2 2 2 2 2 2 2 2 2 2 2 2 2 2 2 2 2 2 2 2 2 2 2 2 2 2 2 2 2 2 2 2 2 2 2 2 2 2 2 2 2 2 2 2 2 2 2 2 2 2 2 2 2 2 2 2 2 2 2 2 2 2 2 2 2 2 2 2 2 2 2 2 2 2 2 2 2 2 2 2 2 2 2 2 2 2 2 2 2 2 2 2 2 2 2 2 2 2 2 2 2 2 2 2 2 2 2 2 2 2 2 2 2 2 2 2 2 2 2 2 2 2 2 2 2 2 2 2 2 2 2 2 2 2 2 2 2 2 2 2 2 2 2 2 2 2 2 2 2 2 2 2 2 2 2 2 2 2 2 2 2 2 2 2 2 2 2 2 2 2 2 2 2 2 2 2 2 2 2 2 2 2 2 2 2 2 2 2 2 2 2 2 2 2 2 2 2 2 2 2 2 2 2 2 2 2 2 2 2 2 2 2 2 2 2 2 2 2 2 2 2 2 2 2 2 2 2 2 2 2 2 2 2 2 2 2 2 2 2 2 2 2 2 2 2 2 2 2 2 2 2 2 2 2 2 2 2 2 2 2 2 2 2 2 2 2 2 2 2 2 2 2 2 2 2 2 2 2 2 2 2 2 2 2 2 2 2 2 2 2 2 2 2 2 2 2 2 2 2 2 2 2 2 2 2 2 2 2 2 2 2 2 2 2 2 2 2 2 2 2 2 2 2 2 2 2 2 2 2 2 2 2 2 2 2 2 2 2 2 2 2 2 2 2 2 2 2 2 2 2 2 2 2 2 2 2 2 2 2 2 2 2 2 2 2 2 2 2 2 2 2 2 2 2 2 2 2 2 2 2 2 2 2 2 2 2 2 2 2 2 2 2 2 2 2 2 2 2 2 2 2 2 2 2 2 2 2 2 2 2 2 2 2 2 2 2 2 2 2 2 2 2 2 2 2 2 2 2 2 2 2 2 2 2 2 2 2 2 2 2 2 2 2 2 2 2 2 2 2 2 2 2 2 2 2 2 2 2 2 2 2 2 2 2 2 2 2 2 2 2 2 2 2 2 2 2 2 2 2 2 2 2 2 2 2 2 2 2 2 2 2 2 2 2 2 2 2 2 2 2 2 2 2 2 2 2 2 2 2 2 2 2 2 2 2 2 2 2 2 2 2 2 2 2 2 2 2 2 2 2 2 2 2 2 2 2 2 2 2 2 2 2 2 2 2 2 2 2 2 2 2 2 2 2 2 2 2 2 2 2 2 2 2 2 2 2 2 2 2 2 2 2 2 2 2 2 2 2 2 2 2 2 2 2 2 2 2 2 2 2 2 2 2 2 2 2 2 2 2 2 2 2 2 2 2 2 2 2 2 2 2 2 2 2 2 2 2 2 2 2 2 2 2 2 2 2 2 2 2 2 2 2 2 2 2 2 2 2 2 2 2 2 2 2 2 2 2 2 2 2 2 2 2 2 2 2 2 2 2 2 2 2 2 2 2 2 2 2 2 2 2 2 2 2 2 2 2 2 2 2 2 2 2 2 2 2 2 2 2 2 2 2 2 2 2 2 2 2 2 2 2 2 2 2 2 2 2 2 2 2 2 2 2 2 2 2 2 2 2 2 2 2 2 2 2 2 2 2 2 2 2 2 2 2 2 2 2 2 2 2 2 2 2 2 2 2 2 2 2 2 2 2 2 2 2 2 2 2 2 2 2 2 2 2 2 2 2 2 2 2 2 2 2 2 2 2 2 2 2 2 2 2 2 2 2 2 2 2 2 2 2 2 2 2 2 2 2 2 2 2 2 2 2 2 2 2 2 2 2 2 2 2 2 2 2 2 2 2 2 2 2 2 2 2 2 2 2 2 2 2 2 2 2 2 2 2 2 2 2 2 2 2 2 2 2 2 2 2 2 2 2 2 2 2 2 2 2 2 2 2 2 2 2 2 2 2 2 2 2 2 2 2 2 2 2 2 2 2 2 2 2 2 2 2 2 2 2 2 2 2 2 2 2 2 2 2 2 2 2 2 2 2 2 2 2 2 2 2 2 2 2 2 2 2 2 2 2 2 2 2 2 2 2 2 2 2 2 2 2 2 2 2 2 2 2 2 2 2 2 2 2 2 2 2 2 2 2 2 2 2 2 2 2 2 2 2 2 2 2 2 2 2 2 2 2 2 2 2 2 2 2 2 2 2 2 2 2 2 2 2 2 2 2 2 2 2 2 2 2 2 2 2 2 2 2 2 2 2 2 2 2 2 2 2 2 2 2 2 2 2 2 2 2 2 2 2 2 2 2 2 2 2 2 2 2 2 2 2 2 2 2 2 2 2 2 2 2 2 2 2 2 2 2 2 2 2 2 2 2 2 2 2 2 2 2 2 2 2 2 2 2 2 2 2 2 2 2 2 2 2 2 2 2 2 2 2 2 2 2 2 2 2 2 2 2 2 2 2 2 2 2 2 2 2 2 2 2 2 2 2 2 2 2 2 2 2 2 2 2 2 2 2 2 2 2 2 2 2 2 2 2 2 2 2 2 2 2 2 2 2 2 2 2 2 2 2 2 2 2 2 2 2 2 2 2 2 2 2 2 2 2 2 2 2 2 2 2 2 2 2 2 2 2 2 2 2 2 2 2 2 2 2 2 2 2 2 2 2 2 2 2 2 2 2 2 2 2 2 2 2 2 2 2 2 2 2 2 2 2 2 2 2 2 2 2 2 2 2 2 2 2 2 2 2 2 2 2 2 2 2 2 2 2 2 2 2 2 2 2 2 2 2 2 2 2 2 2 2 2 2 2 2 2 2 2 2 2 2 2 2 2 2 2 2 2 2 2 2 2 2 2 2 2 2 2 2 2 2 2 2 2 2 2 2 2 2 2 2 2 2 2 2 2 2 2 2 2 2 2 2 2 2 2 2 2 2 2 2 2 2 2 2 2 2 2 2 2 2 2 2 2 2 2 2 2 2 2 2 2 2 2 2 2 2 2 2 2 2 2 2 2 2 2 2 2 2 2 2 2 2 2 2 2 2 2 2 2 2 2 2 2 2 2 2 2 2 2 2 2 2 2 2 2 2 2 2 2 2 2 2 2 2 2 2 2 2 2 2 2 2 2 2 2 2 2 2 2 2 2 2 2 2 2 2 2 2 2 2 2 2 2 2 2 2 2 2 2 2 2 2 2 2 2 2 2 2 2 2 2 2 2 2 2 2 2 2 2 2 2 2 2 2 2 2 2 2 2 2 2 2 2 2 2 2 2 2 2 2 2 2 2 2 2 2 2 2 2 2 2 2 2 2 2 2 2 2 2 2 2 2 2 2 2 2 2 2 2 2 2 2 2 2 2 2 2 2 2 2 2 2 2 2 2 2 2 2 2 2 2 2 2 2 2 2 2 2 2 2 2 2 2 2 2 2 2 2 2 2 2 2 2 2 2 2 2 2 2 2 2 2 2 2 2 2 2 2 2 2 2 2 2 2 2 2 2 2 2 2 2 2 2 2 2 2 2 2 2 2 2 2 2 2 2 2 2 2 2 2 2 2 2 2 2 2 2 2 2 2 2 2 2 2 2 2 2 2 2 2 2 2 2 2 2 2 2 2 2 2 2 2 2 2 2 2 2 2 2 2 2 2 2 2 2 2 2 2 2 2 2 2 2 2 2 2 2 2 2 2 2 2 2 2 2 2 2 2 2 2 2 2 2 2 2 2 2 2 2 2 2 2 2 2 2 2 2 2 2 2 2 2 2 2 2 2 2 2 2 2 2 2 2 2 2 2 2 2 2 2 2 2 2 2 2 2 2 2 2 2 2 2 2 2 2 2 2 2 2 2 2 2 2 2 2 2 2 2 2 2 2 2 2 2 2 2 2 2 2 2 2 2 2 2 2 2 2 2 2 2 2 2 2 2 2 2 2 2 2 2 2 2 2 2 2 2 2 2 2 2 2 2 2 2 2 2 2 2 2 2 2 2 2 2 2 2 2 2 2 2 2 2 2 2 2 2 2 2 2 2 2 2 2 2 2 2 2 2 2 2 2 2 2 2 2 2 2 2 2 2 2 2 2 2 2 2 2 2 2 2 2 2 2 2 2 2 2 2 2 2 2 2 2 2 2 2 2 2 2 2 2 2 2 2 2 2 2 2 2 2 2 2 2 2 2 2 2 2 2 2 2 2 2 2 2 2 2 2 2 2 2 2 2 2 2 2 2 2 2 2 2 2 2 2 2 2 2 2 2 2 2 2 2 2 2 2 2 2 2 2 2 2 2 2 2 2 2 2 2 2 2 2 2 2 2 2 2 2 2 2 2 2 2 2 2 2 2 2 2 2 2 2 2 2 2 2 2 2 2 2 2 2 2 2 2 2 2 2 2 2 2 2 2 2 2 2 2 2 2 2 2 2 2 2 2 2 2 2 2 2 2 2 2 2 2 2 2 2 2 2 2 2 2 2 2 2 2 2 2 2 2 2 2 2 2 2 2 2 2 2 2 2 2 2 2 2 2 2 2 2 2 2 2 2 2 2 2 2 2 2 2 2 2 2 2 2 2 2 2 2 2 2 2 2 2 2 2 2 2 2 2 2 2 2 2 2 2 2 2 2 2 2 2 2 2 2 2 2 2 2 2 2 2 2 2 2 2 2 2 2 2 2 2 2 2 2 2 2 2 2 2 2 2 2 2 2 2 2 2 2 2 2 2 2 2 2 2 2 2 2 2 2 2 2 2 2 2 2 2 2 2 2 2 2 2 2 2 2 2 2 2 2 2 2 2 2 2 2 2 2 2 2 2 2 2 2 2 2 2 2 2 2 2 2 2 2 2 2 2 2 2 2 2 2 2 2 2 2 2 2 2 2 2 2 2 2 2 2 2 2 2 2 2 2 2 2 2 2 2 2 2 2 2 2 2 2 2 2 2 2 2 2 2 2 2 2 2 2 2 2 2 2 2 2 2 2 2 2 2 2 2 2 2 2 2 2 2 2 2 2 2 2 2 2 2 2 2 2 2 2 2 2 2 2 2 2 2 2 2 2 2 2 2 2 2 2 2 2 2 2 2 2 2 2 2 2 2 2 2 2 2 2 2 2 2 2 2 2 2 2 2 2 2 2 2 2 2 2 2 2 2 2 2 2 2 2 2 2 2 2 2 2 2 2 2 2 2 2 2 2 2 2 2 2 2 2 2 2 2 2 2 2 2 2 2 2 2 2 2 2 2 2 2 2 2 2 2 2 2 2 2 2 2 2 2 2 2 2 2 2 2 2 2 2 2 2 2 2 2 2 2 2 2 2 2 2 2 2 2 2 2 2 2 2 2 2 2 2 2 2 2 2 2 2 2 2 2 2 2 2 2 2 2 2 2 2 2 2 2 2 2 2 2 2 2 2 2 2 2 2 2 2 2 2 2 2 2 2 2 2 2 2 2 2 2 2 2 2 2 2 2 2 2 2 2 2 2 2 2 2 2 2 2 2 2 2 2 2 2 2 2 2 2 2 2 2 2 2 2 2 2 2 2 2 2 2 2 2 2 2 2 2 2 2 2 2 2 2 2 2 2 2 2 2 2 2 2 2 2 2 2 2 2 2 2 2 2 2 2 2 2 2 2 2 2 2 2 2 2 2 2 2 2 2 2 2 2 2 2 2 2 2 2 2 2 2 2 2 2 2 2 2 2 2 2 2 2 2 2 2 2 2 2 2 2 2 2 2 2 2 2 2 2 2 2 2 2 2 2 2 2 2 2 2 2 2 2 2 2 2 2 2 2 2 2 2 2 2 2 2 2 2 2 2 2 2 2 2 2 2 2 2 2 2 2 2 2 2 2 2 2 2 2 2 2 2 2 2 2 2 2 2 2 2 2 2 2 2 2 2 2 2 2 2 2 2 2 2 2 2 2 2 2 2 2 2 2 2 2 2 2 2 2 2 2 2 2 2 2 2 2 2 2 2 2 2 2 2 2 2 2 2 2 2 2 2 2 2 2 2 2 2 2 2 2 2 2 2 2 2 2 2 2 2 2 2 2 2 2 2 2 2 2 2 2 2 2 2 2 2 2 2 2 2 2 2 2 2 2 2 2 2 2 2 2 2 2 2 2 2 2 2 2 2 2 2 2 2 2 2 2 2 2 2 2 2 2 2 2 2 2 2 2 2 2 2 2 2 2 2 2 2 2 2 2 2 2 2 2 2 2 2 2 2 2 2 2 2 2 2 2 2 2 2 2 2 2 2 2 2 2 2 2 2 2 2 2 2 2 2 2 2 2 2 2 2 2 2 2 2 2 2 2 2 2 2 2 2 2 2 2 2 2 2 2 2 2 2 2 2 2 2 2 2 2 2 2 2 2 2 2 2 2 2 2 2 2 2 2 2 2 2 2 2 2 2 2 2 2 2 2 2 2 2 2 2 2 2 2 2 2 2 2 2 2 2 2 2 2 2 2 2 2 2 2 2 2 2 2 2 2 2 2 2 2 2 2 2 2 2 2 2 2 2 2 2 2 2 2 2 2 2 2 2 2 2 2 2 2 2 2 2 2 2 2 2 2 2 2 2 2 2 2 2 2 2 2 2 2 2 2 2 2 2 2 2 2 2 2 2 2 2 2 2 2 2 2 2 2 2 2 2 2 2 2 2 2 2 2 2 2 2 2 2 2 2 2 2 2 2 2 2 2 2 2 2 2 2 2 2 2 2 2 2 2 2 2 2 2 2 2 2 2 2 2 2 2 2 2 2 2 2 2 2 2 2 2 2 2 2 2 2 2 2 2 2 2 2 2 2 2 2 2 2 2 2 2 2 2 2 2 2 2 2 2 2 2 2 2 2 2 2 2 2 2 2 2 2 2 2 2 2 2 2 2 2 2 2 2 2 2 2 2 2 2 2 2 2 2 2 2 2 2 2 2 2 2 2 2 2 2 2 2 2 2 2 2 2 2 2 2 2 2 2 2 2 2 2 2 2 2 2 2 2 2 2 2 2 2 2 2 2 2 2 2 2 2 2 2 2 2 2 2 2 2 2 2 2 2 2 2 2 2 2 2 2 2 2 2 2 2 2 2 2 2 2 2 2 2 2 2 2 2 2 2 2 2 2 2 2 2 2 2 2 2 2 2 2 2 2 2 2 2 2 2 2 2 2 2 2 2 2 2 2 2 2 2 2 2 2 2 2 2 2 2 2 2 2 2 2 2 2 2 2 2 2 2 2 2 2 2 2 2 2 2 2 2 2 2 2 2 2 2 2 2 2 2 2 2 2 2 2 2 2 2 2 2 2 2 2 2 2 2 2 2 2 2 2 2 2 2 2 2 2 2 2 2 2 2 2 2 2 2 2 2 2 2 2 2 2 2 2 2 2 2 2 2 2 2 2 2 2 2 2 2 2 2 2 2 2 2 2 2 2 2 2 2 2 2 2 2 2 2 2 2 2 2 2 2 2 2 2 2 2 2 2 2 2 2 2 2 2 2 2 2 2 2 2 2 2 2 2 2 2 2 2 2 2 2 2 2 2 2 2 2 2 2 2 2 2 2 2 2 2 2 2 2 2 2 2 2 2 2 2 2 2 2 2 2 2 2 2 2 2 2 2 2 2 2 2 2 2 2 2 2 2
        </DataArray>
        <DataArray type="Int32" Name="phase" NumberOfComponents="1" format="ascii">
 2 2 2 2 2 2 2 2 2 2 2 2 2 2 2 2 2 2 2 2 2 2 2 2 2 2 2 2 2 2 2 2 2 4 2 2 2 4 2 2 2 2 2 2 2 2 2 2 2 2 2 2 2 2 2 2 2 2 2 2 2 2 2 2 2 2 2 2 2 2 2 4 2 2 2 2 2 2 1 2 2 2 2 2 2 2 2 2 2 1 2 2 2 2 2 2 2 2 2 2 2 2 4 2 2 2 2 2 2 2 2 2 2 2 2 2 2 4 2 2 1 2 2 2 2 1 2 2 2 2 4 2 2 2 2 2 2 2 2 2 2 2 2 2 2 2 2 2 1 2 2 2 4 2 2 -1 -1 2 2 2 2 2 2 2 1 2 2 2 2 2 2 2 2 2 2 2 2 2 2 2 2 2 2 2 2 2 2 2 2 2 2 1 2 2 2 2 2 2 2 2 2 2 2 2 2 2 2 2 2 1 2 2 2 2 2 2 2 2 2 2 2 2 2 2 2 1 2 2 2 2 2 2 -1 2 2 2 2 2 1 2 2 2 2 2 2 2 2 2 -1 4 2 2 2 2 2 2 2 2 1 2 2 2 2 2 2 1 2 2 2 4 2 2 2 2 2 2 4 2 2 2 2 2 -1 2 2 2 1 2 2 4 2 2 1 2 2 2 2 2 4 2 2 2 2 2 2 2 2 2 2 2 2 2 2 2 2 2 2 2 2 2 2 2 2 2 2 2 -1 2 2 2 -1 2 2 -1 2 2 2 2 2 2 4 2 2 2 2 1 2 4 2 2 2 2 2 2 2 2 2 2 2 2 2 2 2 4 2 2 2 2 2 4 2 2 1 2 2 2 2 2 2 2 2 2 2 2 2 2 2 2 4 2 2 2 2 2 4 2 2 2 2 2 2 2 2 2 2 2 2 2 2 2 2 2 1 2 4 2 2 -1 1 2 1 2 2 2 2 2 2 2 2 2 2 2 4 2 2 1 2 2 2 2 2 2 1 2 2 2 2 2 -1 2 2 2 2 2 2 4 2 2 2 2 2 2 2 2 2 2 2 2 2 2 2 2 2 2 2 2 2 1 2 2 2 2 4 2 2 2 2 2 2 2 2 2 2 2 2 2 2 2 2 1 2 -1 2 2 2 4 -1 2 2 2 2 2 2 2 2 2 2 2 2 2 2 2 2 2 4 2 2 2 2 2 2 2 2 2 2 2 2 2 2 2 2 2 2 2 1 2 2 2 2 1 2 2 2 1 2 2 4 2 2 2 2 2 2 2 2 2 2 2 4 2 2 2 2 2 2 2 4 2 2 2 2 2 2 2 2 2 2 2 2 1 4 2 2 2 2 2 2 2 2 4 2 2 2 4 2 2 2 2 2 2 2 2 4 2 2 2 2 2 2 1 2 2 -1 2 2 2 2 2 1 2 2 2 4 2 2 2 2 2 2 2 2 2 2 2 1 2 2 2 2 2 2 2 2 2 2 2 2 4 2 2 2 2 2 2 2 2 2 1 2 2 4 2 2 2 2 2 2 2 2 2 2 2 2 -1 2 2 2 2 2 2 2 4 2 2 2 2 2 2 2 1 2 2 2 2 2 2 2 1 2 2 2 2 2 2 2 2 2 2 2 2 2 2 2 2 2 2 2 2 2 2 2 2 1 2 2 2 2 2 2 4 2 2 2 2 2 2 2 2 2 2 2 2 2 2 2 2 4 2 -1 2 2 2 2 2 2 2 2 2 2 2 2 1 2 2 2 2 2 2 2 2 2 2 2 2 -1 2 2 2 2 2 2 2 2 2 2 2 2 2 2 2 2 2 2 2 2 2 2 2 -1 2 2 2 2 2 2 2 2 2 4 2 2 1 2 2 -1 2 2 2 2 2 4 2 2 2 2 2 4 2 4 2 2 2 2 2 2 2 -1 2 2 2 2 2 2 2 2 2 2 2 2 2 2 2 2 2 -1 -1 2 2 2 2 2 2 2 2 2 -1 2 2 2 2 1 2 2 2 -1 2 2 2 2 4 2 2 2 2 2 2 2 2 4 2 2 2 2 2 2 2 2 2 2 2 2 2 2 2 2 2 2 2 2 2 -1 2 2 2 2 4 2 2 2 2 2 2 2 2 2 2 2 2 2 2 2 2 2 2 2 2 2 -1 2 2 2 2 1 2 2 2 2 2 2 2 2 2 1 1 2 4 2 4 2 2 2 2 2 2 2 2 2 2 2 2 2 2 2 2 2 2 -1 2 2 2 2 2 2 1 2 2 2 1 2 2 2 2 2 2 2 2 2 2 2 2 2 -1 2 2 2 2 2 2 2 2 2 2 2 2 2 2 2 2 2 2 2 2 2 2 -1 2 2 2 2 2 2 2 2 2 2 2 2 2 2 2 2 2 2 2 2 4 2 2 2 2 2 2 2 2 2 2 2 2 2 2 2 2 2 2 2 2 2 2 2 2 2 2 2 2 2 2 2 2 2 2 2 2 2 2 2 2 2 2 1 2 2 2 2 2 4 2 2 2 2 2 2 2 2 2 2 2 2 2 2 2 2 2 2 2 2 2 2 2 2 2 2 2 2 2 2 2 2 2 1 2 2 2 2 2 2 2 2 2 2 2 2 1 2 2 2 2 2 2 2 2 2 2 2 2 2 2 2 2 2 2 2 2 2 2 2 2 2 2 2 2 2 2 2 2 2 2 2 2 2 2 2 2 2 2 2 2 2 2 2 2 2 2 2 2 2 2 2 2 2 2 1 2 2 2 2 4 2 2 2 2 2 2 2 2 2 2 2 2 2 2 2 2 2 2 2 2 2 1 2 2 2 2 2 2 2 2 2 2 2 2 2 2 2 2 2 2 2 2 2 1 2 2 2 2 2 2 2 4 2 2 2 2 2 2 2 2 2 2 2 2 2 2 2 2 2 2 1 2 2 2 2 2 2 2 2 2 2 1 2 2 2 2 2 2 2 2 2 2 2 2 2 2 2 2 2 2 2 2 2 2 2 4 2 2 4 2 2 2 2 2 2 2 2 2 2 2 2 2 2 2 2 2 2 4 2 2 2 2 2 2 2 2 2 2 2 2 2 2 2 2 2 2 2 2 2 2 2 2 2 2 2 2 2 2 2 2 2 2 2 2 2 2 2 2 2 2 2 2 1 2 2 2 2 2 2 2 2 2 2 2 2 2 2 2 2 2 2 2 2 2 2 2 2 2 2 2 2 2 2 2 2 2 2 2 2 2 2 2 2 2 2 1 2 2 2 2 1 2 2 4 2 4 4 4 2 2 2 2 2 2 4 2 2 2 2 2 2 2 2 1 2 2 2 2 2 2 2 2 2 2 2 2 2 2 1 2 2 1 2 2 2 2 2 2 2 2 2 2 2 2 2 2 2 2 2 2 2 2 2 2 2 2 4 2 2 2 2 2 4 2 2 2 2 2 2 2 2 2 2 2 2 2 2 2 2 2 2 2 2 2 2 2 2 2 2 2 2 2 2 2 2 2 2 2 2 2 2 2 2 2 2 2 2 2 2 2 2 2 2 2 2 2 2 2 2 2 2 2 2 2 2 2 2 1 2 2 2 2 2 2 2 2 2 2 2 2 4 2 2 2 2 2 2 2 2 2 2 2 2 2 2 2 2 2 2 4 2 2 2 2 2 2 2 2 2 2 2 2 2 2 2 2 2 2 2 2 2 2 2 2 2 2 2 2 4 2 2 2 2 4 4 2 2 2 1 2 2 2 2 2 2 2 2 2 2 2 2 2 2 2 2 1 2 2 2 2 2 2 2 2 2 2 2 2 2 2 2 2 2 2 2 2 2 2 4 1 2 2 2 2 1 2 2 2 2 4 2 1 4 2 2 2 2 2 2 2 2 1 1 2 2 2 2 2 2 2 2 2 2 2 2 2 2 2 2 2 2 2 2 2 2 2 2 2 2 2 2 2 2 2 2 2 2 2 2 2 2 2 2 2 2 2 2 2 2 2 2 2 2 2 4 2 2 2 2 2 2 2 1 2 2 2 2 2 2 2 2 2 2 2 2 2 2 2 2 2 2 2 2 2 2 2 2 2 4 2 4 2 2 2 2 2 2 2 2 2 2 2 2 2 2 4 2 2 2 2 2 2 2 2 2 2 2 2 2 2 2 2 2 2 2 2 2 2 2 2 4 2 2 2 2 2 2 2 2 2 2 2 2 2 2 2 2 2 2 2 2 2 2 2 1 2 2 2 2 2 2 2 2 2 2 2 2 1 2 2 2 2 2 2 2 2 2 2 2 2 2 2 2 2 2 4 2 2 2 2 2 2 2 2 2 2 2 2 2 4 2 2 2 2 2 2 2 4 2 2 2 2 2 2 2 2 2 2 2 2 2 2 2 2 1 2 2 2 2 2 2 4 2 4 2 2 2 2 4 2 2 2 2 2 2 2 2 2 2 1 2 2 2 2 2 2 4 2 2 2 2 2 2 2 2 2 1 4 2 4 2 2 2 2 2 2 2 2 2 2 2 2 2 2 2 2 2 2 2 2 2 2 2 4 2 2 2 2 2 4 2 1 2 2 2 2 2 2 2 2 2 2 2 2 2 2 2 2 2 2 2 2 2 2 2 2 2 2 2 2 2 2 2 2 2 2 2 2 2 2 2 2 2 2 2 2 2 2 2 2 2 2 2 2 2 2 2 2 2 4 2 2 2 2 2 2 2 2 2 2 4 2 2 2 2 2 2 2 2 2 2 2 2 2 2 2 2 2 2 2 2 2 2 2 2 2 2 2 4 2 2 2 2 2 2 2 2 2 2 2 2 2 2 2 2 2 2 2 4 2 2 2 2 2 2 2 2 2 2 2 2 2 2 2 2 2 2 2 2 2 2 2 2 2 2 2 2 2 2 2 2 2 2 2 2 2 2 2 2 2 2 2 2 2 2 2 2 4 2 2 2 2 1 2 2 2 2 2 2 2 2 2 2 2 2 2 2 2 2 2 2 2 2 1 2 2 2 2 2 1 2 2 2 2 4 2 2 4 2 2 2 2 2 2 2 2 2 2 2 2 2 2 4 2 2 2 1 2 2 2 2 2 2 1 2 2 2 2 2 2 2 2 2 2 2 2 2 2 2 2 2 2 2 2 2 2 2 1 2 2 2 2 2 2 2 2 2 2 2 2 2 2 2 2 2 2 2 2 2 2 2 2 2 2 2 2 2 2 2 2 2 2 2 2 2 2 2 2 2 2 2 2 2 2 2 2 2 2 2 2 2 2 2 2 2 2 2 2 2 2 2 2 2 2 2 1 2 2 2 2 2 2 2 2 2 4 4 2 2 2 2 2 2 2 1 2 2 2 2 2 2 2 2 2 2 2 2 2 2 2 2 2 2 2 2 2 1 2 2 2 2 2 2 2 2 2 2 2 2 2 2 2 2 2 2 2 2 2 2 2 2 2 2 2 2 2 2 2 2 2 2 2 2 2 2 2 2 2 2 2 2 2 2 2 2 2 2 2 2 2 2 2 2 2 2 1 2 2 2 2 2 2 2 2 2 2 2 2 4 2 2 2 2 2 2 2 2 2 2 2 2 2 2 2 4 2 2 2 2 2 2 4 2 2 2 2 2 2 2 2 1 2 2 2 2 2 2 2 2 2 2 2 2 2 2 2 2 2 2 2 2 2 2 2 2 2 2 2 2 2 2 2 2 2 2 2 2 2 2 2 2 2 2 2 2 2 2 2 2 2 2 2 2 2 2 2 2 2 2 2 2 2 2 4 1 2 2 2 2 2 2 2 2 2 2 2 2 2 2 2 2 2 2 2 2 2 2 4 2 2 2 2 2 2 2 2 2 2 2 2 2 2 2 2 2 2 2 2 2 2 2 1 2 2 2 2 2 1 2 2 2 2 2 2 2 2 2 2 2 2 2 2 2 2 2 2 2 2 2 2 2 2 2 2 2 2 2 2 2 2 2 2 2 2 2 2 2 2 2 2 2 2 2 1 2 2 2 2 4 2 2 4 2 2 2 2 2 2 2 2 2 2 2 2 2 2 2 2 2 2 2 2 2 2 2 2 4 2 2 2 2 2 2 2 2 2 2 2 2 2 2 2 2 2 2 2 2 2 4 2 2 2 2 2 2 2 2 2 2 2 2 2 2 2 2 2 4 4 2 2 2 2 2 2 2 2 2 2 2 2 2 2 2 2 2 2 2 2 2 2 2 2 2 2 2 2 2 2 2 4 4 2 1 2 2 2 2 2 2 1 2 2 2 2 2 2 1 2 2 2 2 2 2 2 2 2 2 2 2 2 2 2 2 2 2 2 2 2 2 2 2 2 2 2 2 2 2 2 4 2 2 2 2 2 2 2 2 2 2 2 2 2 2 2 2 2 2 2 2 2 2 2 2 2 2 2 4 2 2 2 4 2 2 2 2 2 2 2 2 2 2 2 2 2 2 2 2 2 2 2 2 2 2 2 1 2 2 2 2 2 4 2 2 4 2 2 2 2 2 2 2 2 2 2 2 2 2 1 2 2 2 2 2 2 2 2 2 2 2 2 2 2 2 2 2 2 2 2 2 2 2 2 2 2 2 2 2 1 2 2 2 4 2 2 2 2 2 2 2 2 2 2 2 2 2 2 2 2 2 2 2 1 1 2 2 2 2 2 2 2 2 2 2 2 2 2 2 2 2 2 2 2 2 2 2 4 1 2 2 2 2 2 2 2 2 2 2 2 2 2 2 2 2 2 2 2 2 2 2 2 2 1 2 2 2 2 2 2 2 2 2 2 2 4 2 1 2 2 2 2 2 2 2 2 2 2 2 2 2 2 2 2 2 2 2 2 2 2 2 2 2 2 2 2 2 4 2 2 2 2 2 2 2 2 2 2 2 2 2 2 2 2 2 2 2 2 2 2 2 4 2 2 2 1 2 2 2 2 2 2 2 2 2 2 2 2 2 2 2 2 2 2 2 2 2 2 2 1 2 2 2 2 2 2 2 2 2 2 2 2 2 2 2 2 2 1 2 2 4 2 2 2 2 2 2 2 2 1 4 2 2 1 2 2 2 2 2 2 2 2 2 2 2 2 2 1 2 1 2 2 2 2 1 2 2 2 2 2 2 2 2 2 2 2 2 4 2 2 2 2 2 2 2 2 2 2 2 2 2 2 2 2 2 1 2 2 2 2 2 2 2 2 2 2 2 2 2 2 2 2 2 2 2 2 2 2 2 2 2 2 2 2 2 2 2 1 2 2 2 4 2 2 2 2 2 2 2 1 2 2 4 4 2 2 2 4 2 2 2 2 2 2 2 2 2 2 2 2 2 2 2 2 2 2 2 2 2 2 2 2 2 1 2 2 2 2 1 2 2 2 2 2 2 2 2 2 1 1 2 2 2 2 2 2 2 2 2 2 2 2 2 2 2 2 2 2 2 2 2 2 2 2 2 4 2 2 2 2 2 2 2 2 2 1 1 4 2 2 2 2 2 2 2 2 2 2 1 2 1 1 2 2 2 2 2 2 2 2 2 2 2 2 2 2 2 4 2 2 2 2 2 2 2 2 2 2 2 2 2 2 2 2 2 2 2 2 2 2 2 2 2 2 2 2 2 2 2 2 4 2 2 2 4 2 2 2 2 2 2 2 2 2 2 2 2 2 2 2 2 2 2 2 2 2 2 2 4 2 2 2 2 2 1 2 2 2 2 1 2 2 1 2 2 2 2 4 2 2 1 2 2 2 2 1 2 2 2 2 2 2 1 2 2 1 2 2 1 2 2 2 2 2 2 2 2 2 2 2 2 2 2 2 2 2 2 2 2 2 2 2 2 2 2 2 1 2 2 2 2 4 2 2 1 2 2 2 2 2 2 2 2 2 1 2 1 2 2 2 2 2 2 2 2 2 2 2 2 2 2 2 2 2 2 2 2 2 2 2 2 2 2 2 1 1 2 2 2 2 2 2 2 2 2 2 2 2 2 2 2 2 2 2 2 2 2 2 2 2 2 2 2 4 2 2 2 2 2 2 2 2 2 2 2 2 2 2 2 2 2 2 2 2 2 2 2 2 2 2 2 2 2 2 2 2 2 2 1 2 2 2 4 1 2 2 2 2 2 2 2 2 2 2 2 2 2 2 2 2 2 2 2 2 2 2 2 2 2 2 2 2 2 2 2 2 2 2 2 2 2 2 2 2 2 2 2 2 2 2 2 1 2 2 2 2 2 2 2 2 2 2 2 2 2 2 2 2 2 2 2 2 2 2 2 1 2 1 2 4 2 2 2 2 4 2 2 2 2 2 2 2 2 2 2 2 2 2 2 2 2 2 2 2 2 2 2 2 2 2 1 2 2 2 2 2 4 2 2 2 2 4 2 2 2 2 2 2 2 1 2 2 2 4 2 2 1 2 2 2 2 2 2 2 2 2 4 2 2 2 2 2 2 2 2 2 2 2 0 2 2 2 2 2 2 2 2 2 2 2 2 2 2 2 2 2 1 2 2 2 2 2 2 2 2 2 4 2 2 2 2 2 2 2 2 2 2 2 2 1 2 2 2 2 2 2 2 2 2 2 2 2 2 2 2 2 2 2 2 2 2 2 2 2 2 2 2 2 1 2 2 2 2 1 2 2 4 2 2 2 2 2 4 2 2 2 2 2 2 2 2 2 2 2 2 2 2 2 2 2 2 2 2 2 2 4 2 1 2 2 2 2 1 1 2 2 4 2 2 2 2 2 2 2 2 2 1 2 2 2 2 2 2 2 2 2 2 2 2 2 4 2 2 2 4 2 2 4 2 2 2 2 2 2 2 2 2 2 2 2 4 2 2 2 2 2 2 2 2 2 1 2 2 2 2 2 2 2 2 2 2 4 2 2 2 2 2 2 2 2 2 2 2 1 2 2 2 2 2 1 2 2 2 2 2 1 2 2 2 2 2 2 2 2 2 2 2 2 2 2 2 2 2 2 1 2 2 4 2 2 2 2 2 2 2 2 2 2 2 2 2 2 2 2 4 2 2 2 2 2 2 2 1 2 2 2 2 4 4 2 2 2 2 2 2 2 1 2 2 2 2 2 2 2 4 2 2 2 2 2 2 2 2 2 2 2 2 2 2 1 4 2 2 2 2 2 2 2 2 1 2 2 2 2 2 2 2 2 2 2 2 2 2 2 2 2 2 2 2 2 2 2 2 2 2 2 2 2 2 2 2 2 2 1 2 2 2 2 2 2 2 2 2 2 2 2 1 2 4 2 2 2 4 2 2 2 2 2 2 2 2 2 2 2 2 2 2 2 2 2 2 2 1 2 1 2 2 2 2 1 2 2 2 2 2 4 2 2 2 2 2 2 2 1 2 2 2 2 2 2 1 2 2 2 2 2 2 2 2 2 2 2 2 2 2 2 2 2 2 2 2 2 2 2 2 2 2 2 2 2 2 2 1 2 2 2 2 2 2 2 2 1 2 2 2 1 2 2 2 2 2 2 2 2 2 2 2 2 2 2 2 2 2 2 2 2 2 4 2 2 2 2 2 2 2 2 2 2 2 2 2 4 2 2 2 2 2 2 1 2 2 2 2 2 2 2 2 2 2 2 2 1 1 2 2 2 4 2 2 2 2 2 2 2 2 2 2 2 2 1 2 2 2 2 2 2 2 2 1 2 2 2 2 2 2 2 2 2 2 1 2 2 2 2 1 2 1 2 2 2 2 2 2 2 2 2 2 2 2 2 2 2 2 2 2 2 2 2 2 2 2 2 2 2 4 2 2 2 4 2 2 2 2 2 2 2 2 2 2 2 2 1 2 2 2 2 2 2 2 2 2 2 2 2 2 2 1 2 2 2 2 2 2 2 1 2 2 2 2 2 2 2 2 2 2 2 2 2 2 2 1 2 1 2 2 2 2 2 2 2 2 2 2 2 2 2 2 2 2 2 2 2 2 2 2 4 2 1 2 2 2 2 2 2 2 2 1 2 2 2 2 2 2 2 2 2 2 2 2 2 2 2 2 2 2 2 2 2 2 2 2 2 2 1 2 2 2 2 2 2 2 2 2 2 2 2 2 2 2 2 2 2 2 2 2 2 2 2 2 2 2 2 2 2 2 2 2 2 2 2 2 2 2 2 2 2 2 2 2 2 2 2 2 2 2 4 2 2 2 2 2 2 2 2 2 2 2 2 2 2 2 4 2 2 2 4 2 2 2 2 2 2 2 2 2 2 2 2 2 2 2 1 2 2 2 2 2 2 2 2 2 2 2 2 2 2 2 1 2 2 2 2 2 2 1 2 1 0 2 1 2 2 1 2 2 2 2 2 2 2 2 2 2 2 4 2 2 2 2 2 2 2 2 2 2 2 2 2 2 1 2 2 2 4 4 1 2 2 2 2 2 2 2 2 2 2 1 2 4 2 4 2 2 2 2 2 2 2 2 2 4 2 4 2 2 2 2 2 2 2 2 2 2 2 2 2 2 2 2 2 2 2 4 2 2 2 1 2 2 2 2 1 2 2 2 2 2 2 2 2 2 2 2 2 2 4 2 2 2 4 1 2 2 2 2 2 4 2 2 2 2 2 2 2 2 2 4 2 1 4 2 4 4 2 2 2 2 2 2 2 2 2 2 2 2 2 2 2 2 2 2 2 2 2 2 2 2 2 2 2 1 4 2 1 2 1 2 2 2 2 2 1 2 2 2 2 2 2 2 2 2 2 2 2 4 2 4 2 2 2 2 1 1 2 2 2 2 2 2 2 1 2 2 2 2 2 4 2 2 2 2 2 2 2 2 2 2 4 2 2 2 2 2 2 2 2 2 2 2 2 2 2 1 2 2 2 4 2 2 2 2 2 2 2 2 2 2 2 2 2 2 1 2 2 2 4 2 2 2 2 2 2 2 2 1 2 2 2 2 2 2 2 2 2 2 1 2 2 2 2 2 2 2 2 2 2 2 2 2 2 1 2 2 2 2 2 2 2 2 2 2 2 1 2 2 1 2 2 2 2 2 2 2 2 2 2 2 2 2 1 2 2 2 2 2 2 2 2 2 2 2 2 2 1 2 2 2 2 2 1 2 2 2 2 2 2 2 1 2 2 2 2 2 2 2 2 1 2 2 2 2 2 2 2 2 2 2 1 2 1 2 1 2 1 2 1 2 2 2 2 2 2 2 2 2 2 2 2 2 2 2 2 2 2 2 1 2 2 2 2 2 2 2 2 2 2 2 1 2 2 2 2 2 2 2 2 2 2 2 2 2 2 2 2 2 2 2 2 1 2 2 2 1 2 2 2 2 2 2 2 2 2 2 2 2 2 1 2 2 2 2 2 2 2 2 2 2 2 1 2 2 2 2 2 1 2 2 2 1 2 2 2 2 2 2 2 2 2 1 2 2 2 2 2 2 2 2 2 2 2 2 2 2 2 2 2 2 1 2 1 2 2 2 2 2 2 2 2 2 2 2 2 2 2 1 2 2 2 1 2 2 2 2 1 2 2 2 2 2 2 2 2 2 2 2 1 2 2 2 2 2 2 2 2 2 2 2 2 2 2 2 2 2 2 2 2 2 2 2 1 2 2 2 2 2 2 2 2 1 2 2 2 2 2 2 2 2 2 2 2 2 2 2 2 2 2 2 2 2 2 2 2 1 2 2 2 2 2 2 2 1 2 2 2 2 2 1 2 2 2 2 1 1 2 2 2 1 2 2 2 2 2 2 2 2 2 2 2 2 2 2 2 2 2 2 2 2 2 2 2 2 2 2 2 2 2 2 2 2 2 2 2 2 2 2 2 2 2 2 2 2 2 2 2 2 2 2 2 2 2 2 2 2 2 2 2 2 2 2 2 2 2 2 2 2 2 2 2 2 2 2 2 2 2 2 2 2 2 2 2 2 2 2 2 2 2 2 2 2 2 2 2 2 2 2 2 2 2 2 2 2 2 2 2 2 2 2 2 2 2 2 2 2 2 2 2 2 2 2 2 2 2 2 2 2 2 2 2 2 2 2 2 2 2 2 2 2 2 2 2 2 2 2 2 2 2 2 2 2 2 2 2 2 2 2 2 2 2 2 2 2 2 2 2 2 2 2 2 2 2 2 2 2 2 2 2 2 2 2 2 2 2 2 2 2 2 2 2 2 0 0 0 0 0 0 0 0 0 0 0 0 0 0 0 0 0 0 0 0 0 0 0 0 0 0 0 0 0 0 0 0 0 0 0 0 0 0 0 0 0 0 0 0 0 0 0 0 0 0 0 0 0 0 0 0 0 0 0 0 0 0 0 0 0 0 0 0 0 0 0 0 0 0 0 0 0 0 0 0 0 0 0 0 0 0 0 0 0 0 0 0 0 0 0 0 0 0 0 0 0 0 0 0 0 0 0 0 0 0 0 0 0 0 0 0 0 0 0 0 0 0 0 0 0 0 0 0 0 0 0 0 0 0 0 0 0 0 0 0 0 0 0 0 0 0 0 0 0 0 0 0 0 0 0 0 0 0 0 0 0 0 0 0 0 0 0 0 0 0 0 0 0 0 0 0 0 0 0 0 0 0 0 0 0 0 0 0
        </DataArray>
        <DataArray type="Int32" Name="age" NumberOfComponents="1" format="ascii">
 49 8 5 28 38 22 27 27 18 4 7 16 9 3 22 7 14 17 20 14 26 49 45 16 4 3 32 2 13 38 10 28 8 1 19 6 5 1 11 12 14 14 2 11 2 8 18 33 5 8 12 27 19 7 12 21 11 2 7 7 9 10 7 21 44 11 5 4 9 18 4 1 6 49 18 8 30 2 8 15 4 21 2 7 18 25 18 34 13 5 30 7 18 27 2 3 15 21 31 11 6 15 1 2 11 3 3 17 16 11 11 2 14 12 10 22 14 1 4 8 18 18 14 24 26 11 25 4 15 7 1 11 34 16 18 10 14 11 10 22 19 33 2 14 29 17 9 16 13 7 36 19 1 12 39 1 1 2 20 10 14 20 3 12 3 3 11 16 22 17 12 12 26 35 18 15 2 32 6 5 13 20 12 4 20 19 37 37 9 16 15 3 6 8 30 23 20 16 7 9 26 3 14 8 26 13 20 19 7 12 38 5 12 19 49 39 7 20 49 35 18 31 11 20 11 5 19 15 19 8 2 6 1 3 19 14 5 15 4 19 10 4 10 27 4 7 9 8 1 1 16 22 4 2 13 5 23 22 20 5 15 3 31 26 20 14 8 15 10 1 5 12 11 33 9 26 1 18 2 27 18 15 1 29 13 3 22 18 2 1 5 16 6 3 13 26 29 4 1 49 9 13 24 21 2 9 25 7 32 17 30 49 16 10 22 4 6 23 4 7 6 23 10 17 18 11 1 11 6 15 1 7 18 1 14 9 13 6 3 4 1 9 40 9 13 8 4 1 42 34 25 16 13 19 45 20 11 11 4 19 11 19 49 1 2 18 15 5 5 1 20 19 3 8 10 19 13 28 26 49 2 15 49 4 18 12 11 24 1 6 4 32 14 12 1 2 26 10 2 28 8 41 10 28 3 28 23 36 3 19 6 23 3 8 1 21 10 1 4 15 12 17 14 49 13 8 14 22 34 7 9 9 1 9 49 8 23 14 10 2 12 25 10 8 8 14 7 17 1 12 6 15 10 45 6 1 9 6 2 19 7 13 21 24 10 13 29 13 10 2 8 18 5 14 14 27 17 18 14 4 13 27 1 26 4 7 10 3 26 13 13 16 9 7 49 3 6 9 14 7 14 1 9 12 14 1 1 11 20 37 2 7 2 4 19 8 25 19 13 16 19 6 11 25 1 4 14 21 25 11 17 10 42 10 6 3 22 4 24 7 5 18 14 19 19 26 11 8 7 12 4 32 18 7 49 26 1 49 7 33 9 4 12 36 13 29 9 41 1 17 2 12 16 23 23 41 1 27 25 5 17 17 2 2 3 16 3 6 4 8 1 5 20 17 8 3 6 5 20 1 13 9 9 1 17 28 10 10 14 7 8 4 1 11 3 22 5 11 36 5 28 18 1 43 2 4 26 13 25 4 8 22 1 39 3 9 28 8 12 20 10 13 17 49 23 19 24 5 7 8 8 27 10 12 29 21 20 1 15 49 24 35 14 24 17 19 21 7 7 8 1 29 9 5 27 5 14 20 9 9 18 8 2 1 9 31 43 19 15 6 21 1 11 15 17 7 15 11 24 4 2 2 3 10 18 10 6 3 18 19 42 7 11 26 2 4 17 32 11 24 29 22 14 16 15 4 13 14 21 15 3 7 11 19 14 6 9 4 10 1 23 14 22 10 10 10 26 29 14 4 16 5 20 8 37 10 1 26 1 29 35 11 14 3 19 36 17 2 17 2 4 4 11 14 12 7 11 2 43 17 19 15 7 8 1 30 26 19 5 22 25 22 14 4 39 14 26 43 17 42 15 4 2 15 37 19 3 8 1 2 10 8 13 6 4 6 16 40 1 3 9 4 18 21 1 3 25 16 38 8 1 29 43 22 12 6 1 49 1 2 2 11 11 3 26 3 1 4 7 5 35 24 33 5 7 5 12 49 7 27 14 25 12 12 1 1 4 17 9 12 6 13 20 15 2 1 14 18 31 12 6 23 8 10 1 16 29 34 15 1 4 14 9 4 10 40 17 24 1 18 11 14 16 25 26 18 11 10 2 12 18 29 5 14 27 49 10 2 26 3 1 21 20 30 2 1 10 4 5 17 10 5 20 17 16 2 7 23 10 40 16 15 11 8 10 19 4 1 10 13 8 10 16 10 6 4 16 4 12 11 4 20 8 11 7 1 13 1 19 39 49 33 45 2 6 8 18 10 20 10 6 12 9 24 25 11 1 28 11 22 30 2 8 8 3 49 33 23 3 11 39 3 13 14 3 49 2 8 42 41 7 1 49 19 18 14 24 21 14 15 6 37 40 16 13 25 30 15 22 12 12 3 10 8 1 18 12 27 34 4 6 15 33 27 42 18 15 6 16 16 20 11 5 2 11 1 28 16 2 7 15 40 30 16 13 10 3 17 10 15 13 9 8 23 32 9 17 2 23 49 3 17 10 49 25 8 10 49 15 4 16 30 15 36 25 21 21 4 5 23 6 9 25 3 1 16 11 17 11 33 14 9 8 22 9 17 34 36 7 16 8 13 33 14 22 4 7 20 16 25 38 9 15 14 5 20 6 19 33 10 45 9 22 8 13 23 18 12 4 11 19 6 9 22 24 13 10 15 14 9 5 8 9 13 17 8 16 44 44 15 39 26 13 28 10 11 2 20 9 26 14 27 9 13 4 32 2 9 7 36 10 18 22 24 36 21 43 13 25 16 19 5 9 29 19 12 7 11 13 31 43 9 21 3 2 1 23 9 26 5 11 14 15 15 26 24 10 16 42 2 20 12 18 23 14 14 16 16 22 10 8 10 42 8 11 14 18 3 6 41 11 41 27 18 25 19 7 11 10 3 17 15 26 11 30 37 22 1 19 2 26 2 9 12 13 9 5 11 16 25 24 31 7 11 11 29 21 2 6 15 15 14 2 19 24 40 40 5 13 15 15 25 11 40 29 19 24 30 2 21 16 8 16 21 11 21 24 10 15 32 8 1 18 26 1 10 7 11 12 15 8 7 40 9 40 25 5 4 10 17 19 7 33 1 14 25 3 31 2 33 16 39 13 12 10 3 15 15 11 7 39 28 12 19 6 15 16 39 39 2 5 25 9 23 39 10 30 13 10 33 27 38 38 14 6 38 8 38 11 27 25 14 10 5 10 7 38 23 4 38 38 25 10 5 31 23 25 13 38 20 6 22 30 17 13 38 8 23 19 17 9 13 20 6 10 21 29 13 19 2 38 3 16 6 18 19 12 12 8 1 13 1 1 1 37 13 13 13 20 6 1 10 11 17 20 17 8 16 2 10 18 37 5 16 10 32 19 3 8 8 6 3 4 9 4 7 6 10 21 8 36 7 14 10 10 18 7 36 10 2 27 3 11 24 7 6 18 3 5 6 10 13 1 9 26 13 11 12 1 22 10 14 20 36 23 36 29 5 10 36 24 18 32 10 19 5 5 6 19 23 8 19 12 15 35 35 16 8 16 8 14 16 35 20 35 16 12 6 28 5 23 30 11 5 21 35 8 30 13 3 6 2 16 11 13 35 11 7 5 27 4 2 12 12 3 13 16 29 4 20 5 17 7 34 19 5 1 29 2 29 34 16 18 5 7 34 26 16 2 18 34 3 10 34 16 1 8 17 14 3 11 7 3 29 27 17 10 21 12 22 17 9 34 14 6 2 4 13 12 9 12 34 6 34 1 16 16 5 10 1 1 8 6 15 3 13 16 18 4 5 18 13 2 19 16 3 2 27 8 4 18 12 5 17 15 9 22 11 6 14 13 10 6 6 7 8 6 6 17 33 6 21 5 10 1 3 24 22 8 11 5 6 4 27 9 1 14 4 1 17 29 2 15 8 24 5 3 9 3 9 6 12 22 24 32 17 17 32 5 27 4 10 32 6 20 16 11 6 21 20 12 9 20 13 6 7 5 4 11 32 7 4 23 7 4 8 6 8 31 6 31 14 12 6 25 6 31 8 18 3 1 16 26 17 31 10 7 21 4 2 16 8 12 3 13 4 25 12 6 13 18 6 31 11 7 5 16 11 12 10 13 4 31 7 1 14 1 14 8 7 8 24 4 27 18 4 4 31 6 10 21 1 17 31 31 16 7 4 18 13 6 22 7 13 7 5 30 26 13 11 5 4 13 2 2 13 1 20 2 5 7 3 30 11 10 30 11 22 12 21 6 10 30 7 4 7 19 15 12 14 9 4 30 26 9 6 12 18 14 25 12 14 30 12 26 10 19 15 9 6 17 6 10 4 29 19 25 15 5 21 12 1 12 11 11 2 2 13 17 20 13 13 14 7 9 1 18 29 11 21 10 29 9 1 12 11 13 13 19 6 6 12 22 9 18 21 10 18 13 19 21 18 19 29 8 7 14 1 8 1 29 5 9 7 1 29 7 29 10 20 9 3 10 28 28 16 28 4 21 5 5 28 1 28 19 3 4 12 10 11 10 28 20 1 28 1 12 11 3 28 7 10 6 22 13 28 14 28 19 10 13 24 28 2 8 14 2 28 28 1 9 28 28 28 20 1 21 7 10 20 7 2 12 23 2 3 17 9 28 28 2 8 3 14 19 6 28 28 7 20 28 11 23 5 7 19 8 5 27 12 12 19 2 9 19 9 5 27 27 4 5 7 10 7 3 4 23 27 22 8 10 27 2 21 15 1 27 7 27 2 3 5 27 7 27 27 1 5 5 19 12 27 23 17 4 21 3 27 5 27 27 27 4 19 11 8 27 27 18 2 3 23 9 13 1 15 27 2 11 10 17 6 26 26 19 2 4 2 26 26 26 9 17 17 1 2 26 5 21 6 4 26 19 10 8 18 17 26 26 26 14 26 21 22 9 26 8 3 26 8 26 2 26 26 5 26 11 15 26 3 2 15 10 6 26 9 3 8 4 4 13 9 9 1 26 26 26 6 7 26 26 14 9 8 16 26 11 26 19 2 3 7 3 10 17 16 9 16 11 25 8 9 25 13 25 15 25 8 7 11 1 3 25 1 11 16 25 25 25 10 14 8 16 18 7 12 21 25 1 7 25 25 9 19 12 25 15 15 5 14 9 7 13 25 9 2 25 25 12 4 25 11 2 12 25 2 5 9 16 25 8 7 8 9 4 25 20 3 14 11 24 14 17 4 11 17 4 11 24 4 12 3 24 7 5 12 19 17 24 3 2 20 13 8 24 16 9 24 7 10 24 24 17 7 10 6 6 24 7 8 16 5 16 19 18 15 15 24 6 2 12 12 24 24 12 19 5 6 9 4 4 11 17 4 24 24 18 7 24 17 11 1 1 24 19 10 4 2 19 6 4 14 23 4 10 23 11 8 23 23 8 23 15 8 18 13 7 4 5 23 3 23 7 13 12 5 2 23 19 23 2 7 19 5 14 12 23 2 23 11 2 23 12 13 10 16 23 5 18 10 23 23 9 2 23 4 23 8 2 10 19 5 15 14 17 3 14 15 4 6 15 23 10 3 6 16 6 8 23 5 9 6 19 10 15 23 11 23 23 18 22 5 4 13 1 22 22 11 22 18 22 22 3 22 8 9 22 10 17 22 1 6 15 22 2 18 11 1 9 22 22 2 14 2 13 22 7 16 22 3 10 22 5 22 12 3 22 22 9 22 7 15 22 13 22 7 7 8 2 3 22 22 14 5 22 22 22 2 22 4 15 22 11 14 10 8 10 22 22 12 8 2 9 2 13 10 22 12 2 22 22 22 6 3 21 15 21 11 12 1 14 11 13 13 11 6 12 21 5 8 21 5 21 10 13 14 21 5 9 21 21 21 10 1 17 21 7 12 21 4 8 21 21 6 13 5 2 17 21 21 13 6 3 21 6 2 21 5 13 21 6 21 8 11 7 16 10 21 21 12 6 3 9 6 13 13 21 4 12 4 2 7 21 21 2 21 21 21 12 15 5 5 7 4 15 3 20 20 20 20 20 7 15 7 20 5 20 8 11 6 20 20 2 3 1 2 20 1 20 4 12 20 11 7 10 2 7 12 3 3 20 16 8 20 20 20 7 13 20 9 13 11 1 12 5 14 5 7 4 5 4 13 16 4 10 20 11 20 3 2 20 12 6 20 1 10 6 20 20 15 8 2 20 20 6 8 20 20 2 20 20 4 1 1 16 20 6 11 20 13 15 12 16 20 20 14 15 7 19 13 15 19 19 19 19 14 19 12 15 7 14 5 7 19 13 1 1 4 7 19 19 6 19 19 4 7 13 12 5 19 19 19 13 13 13 9 19 14 4 19 19 19 19 15 6 19 2 14 8 19 3 14 19 11 9 19 12 9 19 12 19 19 13 11 1 19 6 11 10 3 12 19 19 19 19 19 5 19 10 3 10 7 6 10 5 10 8 19 19 8 19 19 1 4 12 5 1 4 19 19 13 19 13 19 5 12 19 7 10 19 19 19 8 19 7 19 11 18 18 13 18 18 9 8 18 4 1 18 18 1 18 6 4 4 18 8 18 8 4 9 18 12 12 9 4 18 18 18 18 18 10 3 10 18 10 8 18 18 18 18 7 18 18 3 18 6 4 18 18 13 5 4 18 18 18 18 12 1 7 10 18 18 4 9 18 18 18 9 5 7 18 18 18 10 18 12 4 18 10 3 2 18 18 2 18 13 18 18 18 18 10 12 18 2 8 18 12 18 18 12 12 1 3 2 5 8 14 3 18 11 10 12 6 17 2 17 12 17 17 17 17 7 3 17 8 11 6 3 2 8 17 17 5 17 17 17 3 17 17 1 9 3 3 17 12 17 4 11 17 17 17 17 11 13 4 7 17 17 4 11 17 3 10 17 17 13 17 17 8 9 17 1 17 17 9 17 9 6 17 5 17 12 17 9 11 17 17 17 17 17 11 11 11 5 6 1 17 6 10 5 17 2 13 4 6 17 5 17 17 17 17 4 17 9 17 17 17 8 16 9 9 5 8 16 16 4 16 7 8 9 16 3 7 16 16 8 3 2 16 16 8 3 5 16 1 16 16 16 10 2 16 16 16 16 1 16 16 6 4 12 16 10 16 16 7 11 16 10 10 9 6 10 7 3 16 16 6 16 6 16 16 2 8 11 16 16 16 16 12 8 3 1 16 16 7 16 16 16 16 16 16 16 16 16 9 16 12 10 16 16 16 16 10 16 16 9 16 16 16 16 16 16 16 16 16 16 16 16 3 15 15 10 15 15 8 4 6 15 7 8 15 5 10 11 9 1 7 10 5 15 4 7 11 15 15 15 1 1 5 7 8 1 15 9 2 15 15 6 8 6 8 3 15 15 15 2 11 5 15 3 15 15 15 15 15 5 6 4 11 3 15 10 15 15 15 5 15 9 15 15 3 3 4 6 5 15 15 7 15 15 6 15 9 15 15 5 15 6 8 15 5 2 9 5 9 7 10 6 5 1 5 3 15 15 15 4 2 11 15 10 8 1 7 10 14 14 14 14 5 4 4 14 4 8 10 4 14 8 5 10 14 14 8 14 14 14 7 7 5 14 14 1 14 9 14 14 14 14 14 14 14 10 14 7 14 14 14 14 14 5 14 8 6 9 3 2 9 14 2 14 14 14 14 14 1 8 14 9 1 14 14 14 14 14 14 14 6 14 14 14 14 9 8 14 10 9 3 14 4 14 14 14 1 6 10 14 14 14 14 14 14 14 14 3 14 3 6 14 14 14 14 1 14 3 6 14 14 7 13 6 13 13 6 9 9 9 7 13 13 13 13 6 13 7 13 13 13 13 13 13 13 13 3 6 13 13 13 8 13 13 13 13 6 13 3 13 7 13 13 13 13 13 13 4 5 1 13 7 13 13 13 13 13 13 13 13 13 13 8 13 13 13 13 2 2 3 13 13 13 13 3 9 9 9 6 13 13 2 13 4 13 13 13 13 13 13 13 4 4 13 13 13 13 5 5 13 13 13 8 13 13 9 13 13 4 13 6 7 3 13 13 8 13 3 7 7 13 1 13 13 13 13 6 8 13 13 13 3 9 13 13 13 13 12 12 5 7 6 12 8 7 12 8 12 12 12 12 12 12 5 4 12 7 7 12 12 1 5 8 12 12 7 7 12 2 12 2 12 12 12 7 12 8 12 5 12 7 12 12 5 12 12 12 12 12 12 12 12 12 12 12 12 2 12 12 12 3 12 7 8 4 12 12 6 6 12 7 12 7 12 3 12 12 12 7 12 12 8 12 3 12 12 12 4 12 12 3 12 2 8 2 12 12 1 6 12 4 12 1 7 12 12 12 12 12 7 12 12 12 12 12 2 5 6 12 12 12 6 12 12 3 4 5 12 5 12 2 3 5 12 1 5 12 12 12 1 11 11 11 7 5 7 11 11 3 11 3 1 11 11 11 11 11 6 11 11 11 2 11 11 1 11 4 11 11 11 11 11 4 7 11 11 1 2 3 7 11 4 11 7 3 11 11 11 11 11 11 2 11 11 11 7 11 11 11 7 2 11 11 11 1 5 11 11 11 11 11 6 3 2 6 11 11 11 11 11 5 11 11 11 2 11 11 11 11 7 11 11 11 11 11 11 11 11 11 11 11 11 11 11 11 11 11 11 11 11 11 3 6 2 1 11 3 5 11 4 1 11 5 2 11 11 11 11 11 11 11 11 11 11 11 11 11 2 6 10 10 10 10 1 10 10 6 10 10 10 10 10 10 10 1 10 5 10 10 10 10 10 3 10 10 10 10 10 10 10 3 10 10 10 5 10 10 10 1 10 10 10 1 10 10 1 4 10 10 10 2 10 10 10 6 10 10 10 1 3 10 10 10 10 10 3 3 10 10 10 10 10 2 10 10 10 10 10 3 1 10 10 10 10 10 5 10 10 10 10 10 10 10 10 3 10 10 3 3 10 6 10 6 10 10 10 10 10 10 10 10 10 10 10 10 10 6 10 10 5 10 2 10 10 10 1 6 10 6 10 10 10 4 10 10 10 10 10 3 4 5 4 1 10 3 4 4 10 10 10 5 10 10 5 10 1 1 10 10 10 6 9 3 9 9 9 9 9 9 9 9 9 1 5 9 9 9 9 9 9 9 4 9 9 9 9 4 9 1 9 9 4 9 9 9 9 9 9 9 9 9 9 9 4 9 9 9 9 9 9 9 3 9 9 9 9 9 2 9 9 9 9 9 9 9 9 9 9 9 9 5 9 2 9 9 9 9 3 9 9 9 9 9 9 9 9 1 9 9 5 1 2 9 9 9 5 9 3 9 4 2 9 9 9 5 9 5 9 9 9 9 5 9 9 9 3 9 9 9 9 9 9 9 1 9 9 9 9 9 9 9 4 9 9 9 9 9 9 8 8 8 8 8 8 8 8 8 8 8 8 8 8 8 8 8 8 2 8 8 2 3 8 8 8 2 8 8 8 8 8 8 8 8 8 8 8 8 4 8 8 8 8 8 8 8 2 8 8 8 8 8 8 8 8 8 8 8 3 4 8 8 8 8 2 8 1 2 8 8 3 3 8 8 8 8 8 8 8 2 1 8 8 8 4 8 8 8 8 8 8 8 8 8 8 8 8 8 8 8 8 8 8 8 8 1 8 8 8 8 8 8 8 3 3 8 8 8 8 8 8 8 4 8 8 8 8 8 8 8 8 2 8 8 8 8 8 8 8 8 8 2 3 8 8 8 8 8 8 8 8 8 8 3 8 8 8 8 8 7 7 7 7 7 2 7 7 7 7 7 7 7 7 1 7 7 3 1 2 7 7 7 3 7 7 7 7 7 2 7 3 7 7 7 7 7 7 7 7 7 7 7 7 7 7 7 7 7 7 7 7 7 7 7 7 7 7 7 7 7 7 7 7 7 7 7 7 7 7 7 7 7 7 7 2 7 7 7 7 7 7 7 7 7 7 7 7 7 7 2 7 7 7 2 1 7 7 7 7 7 7 7 7 7 7 7 7 7 7 7 7 7 7 7 7 7 2 7 7 7 7 7 7 7 7 7 7 7 7 7 7 7 7 7 7 7 7 3 7 7 7 7 3 7 7 7 7 7 7 7 7 7 7 7 7 7 7 7 7 7 7 7 7 3 7 7 7 7 7 7 3 7 7 7 6 6 6 6 2 6 6 6 6 6 1 6 6 6 6 6 6 6 6 6 6 6 6 6 6 6 1 6 6 6 1 6 6 6 6 6 6 6 6 6 6 6 6 6 6 6 6 6 6 6 6 6 6 6 2 6 6 6 6 6 6 6 6 6 2 6 6 6 6 6 6 6 1 6 6 6 6 6 6 6 6 6 6 6 6 6 6 6 6 1 6 6 6 6 6 6 6 6 6 6 6 6 6 6 6 6 6 6 1 1 6 6 2 6 2 6 6 2 6 6 6 6 6 1 6 1 6 6 6 6 6 6 6 6 6 1 6 1 6 6 6 6 6 6 6 6 6 6 6 6 6 6 6 2 6 6 6 1 6 6 6 6 6 2 6 2 5 5 5 5 5 5 5 5 5 5 5 5 5 5 1 5 5 5 1 5 5 5 5 5 5 1 5 5 5 5 5 5 5 5 5 1 5 5 1 5 1 1 5 5 5 5 5 5 5 5 5 5 5 5 5 5 5 5 5 5 5 5 5 5 5 5 5 5 5 5 1 5 5 5 5 5 5 5 5 5 5 5 5 5 5 5 5 5 5 5 5 5 5 1 5 1 5 5 5 5 5 5 5 5 5 5 5 5 5 5 5 5 5 5 5 1 5 5 5 5 5 5 5 5 5 5 1 5 5 5 5 5 5 5 5 5 5 5 5 5 5 5 5 5 5 1 5 5 5 5 5 5 5 5 5 5 5 5 5 5 5 5 5 5 1 5 5 5 5 4 4 4 4 4 4 4 4 4 4 4 4 4 4 4 4 4 4 4 4 4 4 4 4 4 4 4 4 4 4 4 4 4 4 4 4 4 4 4 4 4 4 4 4 4 4 4 4 4 4 4 4 4 4 4 4 4 4 4 4 4 4 4 4 4 4 4 4 4 4 4 4 4 4 4 4 4 4 4 4 4 4 4 4 4 4 4 4 4 4 4 4 4 4 4 4 4 4 4 4 4 4 4 4 4 4 4 4 4 4 4 4 4 4 4 4 4 4 4 4 4 4 4 4 4 4 4 4 4 4 4 4 4 4 4 4 4 4 4 4 4 4 4 4 4 4 4 4 4 4 4 4 4 4 4 4 4 4 4 4 4 4 4 4 4 4 4 4 4 4 4 4 4 4 4 4 4 4 3 3 3 3 3 3 3 3 3 3 3 3 3 3 3 3 3 3 3 3 3 3 3 3 3 3 3 3 3 3 3 3 3 3 3 3 3 3 3 3 3 3 3 3 3 3 3 3 3 3 3 3 3 3 3 3 3 3 3 3 3 3 3 3 3 3 3 3 3 3 3 3 3 3 3 3 3 3 3 3 3 3 3 3 3 3 3 3 3 3 3 3 3 3 3 3 3 3 3 3 3 3 3 3 3 3 3 3 3 3 3 3 3 3 3 3 3 3 3 3 3 3 3 3 3 3 3 3 3 3 3 3 3 3 3 3 3 3 3 3 3 3 3 3 3 3 3 3 3 3 3 3 3 3 3 3 3 3 3 3 3 3 3 3 3 3 3 3 3 3 3 3 3 3 3 3 3 3 3 2 2 2 2 2 2 2 2 2 2 2 2 2 2 2 2 2 2 2 2 2 2 2 2 2 2 2 2 2 2 2 2 2 2 2 2 2 2 2 2 2 2 2 2 2 2 2 2 2 2 2 2 2 2 2 2 2 2 2 2 2 2 2 2 2 2 2 2 2 2 2 2 2 2 2 2 2 2 2 2 2 2 2 2 2 2 2 2 2 2 2 2 2 2 2 2 2 2 2 2 2 2 2 2 2 2 2 2 2 2 2 2 2 2 2 2 2 2 2 2 2 2 2 2 2 2 2 2 2 2 2 2 2 2 2 2 2 2 2 2 2 2 2 2 2 2 2 2 2 2 2 2 2 2 2 2 2 2 2 2 2 2 2 2 2 2 2 2 2 2 2 2 2 2 2 2 2 2 2 2 2 2 2 2 2 2 2 2 2 2 2 2 1 1 1 1 1 1 1 1 1 1 1 1 1 1 1 1 1 1 1 1 1 1 1 1 1 1 1 1 1 1 1 1 1 1 1 1 1 1 1 1 1 1 1 1 1 1 1 1 1 1 1 1 1 1 1 1 1 1 1 1 1 1 1 1 1 1 1 1 1 1 1 1 1 1 1 1 1 1 1 1 1 1 1 1 1 1 1 1 1 1 1 1 1 1 1 1 1 1 1 1 1 1 1 1 1 1 1 1 1 1 1 1 1 1 1 1 1 1 1 1 1 1 1 1 1 1 1 1 1 1 1 1 1 1 1 1 1 1 1 1 1 1 1 1 1 1 1 1 1 1 1 1 1 1 1 1 1 1 1 1 1 1 1 1 1 1 1 1 1 1 1 1 1 1 1 1 1 1 1 1 1 1 1 1 1 1 1 1
        </DataArray>
        <DataArray type="Float64" Name="diameter" NumberOfComponents="1" format="ascii">
 21.2079 22.189 16.0745 23.6343 21.6859 25.1997 25.198 24.5978 20 20 19.2972 24.2869 18.1247 20 20 18.3102 20 25.73 23.7801 22.0711 22.842 24.8545 24.4013 23.8916 16.5302 19.9169 24.4135 20 20 16.3916 19.7182 20 15.6512 17.7634 23.022 20 19.4799 20 25.2962 20 21.9215 20 18.6082 22.7948 20 24.5224 20 26.5199 26.3509 20 23.5455 23.7791 25.5057 19.4631 24.3322 20 15.8177 15.8397 25.5051 20 20 24.9603 20 22.2673 23.673 21.0871 22.4021 16.2082 20 22.2629 15.2104 17.2768 18.0426 23.0327 20 25.38 22.2617 15.8562 24.4169 24.5358 17.9852 23.8347 19.0037 18.9958 15.6672 20 22.0826 25.8195 24.7419 24.2646 24.5905 25.9128 23.9919 24.7117 16.0761 18.519 20 20.5691 26.3199 22.3886 19.1086 24.1013 18.7842 20 18.135 19.5172 15.038 20 20 25.7173 24.2329 20 25.082 25.4023 16.0898 24.6112 20 16.0176 17.9716 18.3844 22.2055 25.2975 25.4302 21.8267 23.331 22.0302 22.848 20 16.1428 24.7386 17.1774 22.2195 25.6941 26.3014 23.9838 20 26.1415 18.7525 20 20 25.712 21.621 18.2261 22.4207 24.9346 20 17.4878 23.5286 26.3102 17.0584 21.7435 24.1773 15.7753 25.4673 16.9231 22.6926 17.2908 20 18.4593 20 20 25.8777 18.7989 26.1006 22.2321 20 20 17.8058 20 25.725 26.3944 26.403 20 17.6299 24.2564 20 20 24.0365 20 22.1381 21.2975 18.7117 20 20 20 25.0169 21.0726 24.6212 17.7306 19.8448 23.1048 23.7942 24.6701 22.3362 22.545 23.4428 24.8398 23.5112 25.1245 20 22.2688 20 18.7217 20 25.0069 25.3638 24.7924 21.8891 20 25.7825 23.2819 20 20 20 22.4215 22.7225 18.1376 26.4954 14.1727 24.2988 20 23.5065 19.2948 24.7165 24.2708 26.2639 24.6455 20 26.3191 24.9654 19.2046 17.9302 22.1367 17.6849 20 25.3546 17.1905 25.1982 23.9117 20 15.9198 26.2281 24.459 22.9825 15.9211 20 20 24.4747 23.6718 16.0009 19.9874 22.7589 17.4912 19.0768 25.752 15.3317 14.4299 22.2339 24.0445 21.8745 22.1899 17.7129 24.5362 24.127 20 25.927 24.2135 25.1676 26.1596 19.3149 21.8742 20 25.9946 23.8806 18.1819 20 18.4966 17.4945 20 26.1345 24.7963 25.6425 25.5485 23.6566 25.0317 20 22.5645 20 17.6589 19.0134 24.9896 20 26.1477 15.6368 16.6695 25.6537 26.1627 24.16 20 23.3001 25.1299 25.9364 21.9853 24.6218 19.1055 18.0169 22.71 19.3376 20.3985 25.9607 23.4915 23.7909 17.1624 19.4436 20 17.2481 20 19.9482 22.1948 25.9094 17.2911 22.4708 14.986 22.0974 23.9935 19.4615 20.6544 26.3527 17.6684 22.2739 24.7618 26.274 26.4515 23.4635 20 23.4956 25.3952 18.1556 20 20 16.7419 20 15.4689 17.816 24.8014 25.6763 15.9074 15.9626 21.2051 26.5674 25.0007 24.0888 18.8752 20.5439 26.3386 18.1688 21.8903 23.8851 18.9536 20 20 24.9378 23.2579 19.7377 19.5146 25.2338 20 15.7114 23.8727 18.8456 17.5521 25.7222 25.1572 21.8742 25.5284 24.707 25.3682 22.6796 25.8005 10.2251 16.233 23.9926 12.0567 21.4498 19.4134 20 15.9532 17.8274 16.5292 22.0574 18.4489 26.4491 22.3171 22.3724 17.866 17.2389 24.0743 25.5176 18.9553 21.5997 19.9369 24.2174 20 25.2803 16.055 20 20.3314 20 16.7564 23.2827 25.2013 24.8443 26.5153 18.1239 16.6193 26.2367 25.6991 20.7923 24.5826 23.9683 24.5409 26.2056 23.113 17.8769 20 17.8429 23.6146 20 25.8979 20 24.027 26.5543 15.9188 22.0178 22.0696 22.3283 22.3852 20 24.4433 19.0822 18.8246 23.8917 25.7454 25.7121 20 25.1122 17.3455 25.1125 23.9892 26.2522 18.4008 21.9278 20 20.6914 24.5313 15.9149 18.5071 20 18.1451 26.3166 15.8243 20.5935 24.1751 25.5284 20 25.3798 24.6828 20 25.1989 19.4525 18.3671 25.847 17.8349 23.2808 26.1831 24.7509 24.1471 22.1346 20.7405 20 22.8143 23.1021 18.588 20.6114 16.0141 18.4495 24.4774 20 16.6076 23.6482 21.9372 14.8314 25.1965 26.3317 25.1208 19.206 20 23.938 20 24.1935 24.1639 21.5924 20 20 22.0451 17.4371 24.0483 20 20 24.8889 17.7619 18.9545 19.3847 16.0612 22.6405 17.7884 23.3624 24.5541 20 20 25.6181 19.1184 20 20 19.091 17.2996 22.3429 23.2265 24.1097 18.9275 23.8579 24.789 21.7559 20 17.4905 17.7226 26.5671 20 25.6953 26.0715 20 23.0662 20 25.8988 23.9778 23.4705 26.2553 22.9467 23.8171 26.1278 15.0621 22.375 25.5207 22.3485 24.2275 24.9586 20 23.665 18.9852 22.2688 19.9366 18.6837 20 24.8116 25.7073 22.9491 20 22.4343 19.0897 23.7707 15.8455 24.381 24.2612 20 20 20.5523 15.9357 22.3461 22.2332 17.7269 24.81 20 15.8435 17.4285 17.721 20 19.4346 24.508 16.9596 23.7879 20 20 25.7418 20 17.1947 20 17.7185 17.6922 25.1809 19.8633 26.2372 23.7843 22.3158 15.949 25.034 21.544 24.4848 20 24.2477 20 22.9778 20 18.9787 24.8922 18.529 22.2641 17.4373 26.4634 22.4019 22.0024 20 20 23.4112 25.2228 20 16.0994 26.1219 26.4705 23.4474 20 16.7497 20.6114 16.6014 23.5367 19.0648 20 22.673 26.0731 23.023 21.9207 18.6565 23.8323 23.4747 23.1773 24.3692 25.7426 22.0487 15.9209 26.4956 22.1126 19.4891 21.965 25.7254 25.41 24.1331 20 26.2775 19.2408 26.4665 24.2531 20.9508 24.6722 20 23.8762 24.076 25.0507 22.2509 24.2069 22.9366 18.9986 14.905 23.341 25.4433 20 22.096 19.0225 25.6594 22.0024 25.3297 23.8779 22.3148 18.7993 18.1007 23.9011 20.906 20 20 24.2793 20 25.2852 25.8353 15.9158 21.0384 25.532 24.6742 24.094 21.5129 16.146 22.1502 23.5132 18.2465 15.7195 18.8338 19.6603 24.5558 26.4911 16.9653 24.0406 21.173 22.4018 23.504 20 25.5885 22.8799 15.3674 14.553 24.3021 23.2938 23.2651 24.7775 26.3058 20 24.766 23.3022 26.5854 19.2082 20 26.3438 23.5002 20 15.4233 20 24.5082 26.5069 25.461 21.8545 20 20 25.1789 19.6906 22.9678 26.0701 26.5283 24.3958 19.2353 20 23.7845 25.8991 24.0163 15.8294 26.3448 18.1213 22.1386 25.7492 20.8333 20 16.0401 24.7761 22.4199 24.39 26.0721 16.0749 20 18.9188 25.3595 23.4465 22.0171 14.4894 23.7244 16.5215 18.8574 24.1064 25.431 20 19.8805 26.5645 25.6984 15.7422 22.6344 20.4231 25.7791 24.4262 25.6021 20 25.1922 23.3997 25.8735 22.5956 22.3073 25.2966 22.0648 21.6774 23.0875 24.2367 20 24.9271 24.713 24.961 21.8429 23.8388 17.6131 17.2541 17.9088 25.5135 22.8554 25.1451 18.802 20 22.6291 19.4005 25.7089 18.2718 25.966 19.9772 19.6769 19.4054 25.977 22.6067 17.8493 20 18.0882 24.3585 26.0783 20.5476 22.0911 17.7375 23.8702 16.2332 21.6401 22.1869 19.7675 20 23.1922 24.359 25.539 18.8447 17.506 20.8025 19.7096 20 19.5167 23.5619 18.1069 20 24.7814 18.826 22.4708 20 15.8699 17.8636 24.688 20 22.0484 14.7843 22.6081 19.7091 24.0113 23.9463 15.0679 20 24.5599 23.6962 20.5374 21.0666 25.6254 20.2425 17.6787 20.5287 18.3197 24.1176 25.0687 23.6246 21.2676 22.8055 18.5829 22.7079 24.6603 24.5599 26.5592 20.7375 22.0876 24.8031 15.9438 15.7999 24.5969 24.3693 20 21.2198 23.5881 17.1916 19.9093 16.4945 24.0239 17.7816 26.2077 24.0588 20.3943 20 19.2007 26.5302 21.5305 20 24.8267 20.3813 21.687 20 20 26.23 20 17.0965 20 16.0433 22.3324 24.8363 23.1316 22.7516 17.5287 15.8251 26.1826 16.3966 24.3883 17.9039 23.1961 23.7786 19.685 19.2553 20 26.1283 25.894 25.9926 18.1218 17.4556 25.9218 20 22.5234 18.83 17.8623 18.4761 15.7442 21.2231 22.8287 25.6406 22.1761 20 15.9575 22.2236 18.7052 20.6854 25.3574 21.4143 17.6436 20 22.1429 14.8825 26.5525 20 14.4652 20 23.4951 23.6472 20 19.1289 20.799 22.602 15.8279 19.3988 22.0864 17.375 20 14.5687 21.8565 20 23.9399 20 26.5407 18.249 23.7416 20 25.6317 25.5574 20.5773 20 23.3197 20 25.5835 21.5972 24.3677 25.0042 25.8566 21.1276 24.3159 19.6538 23.9568 26.4252 19.5696 22.058 24.3647 23.5558 20 24.7946 20 17.6296 18.7158 25.587 20 22.851 18.6088 20 17.1176 23.9545 19.2816 22.294 23.0654 14.6718 22.1512 24.913 26.4521 24.9406 16.371 26.5596 20 25.0433 21.3376 20 20.2936 25.4314 17.6105 24.636 23.9903 20 20 20 22.4162 23.2454 20.3636 24.4532 16.0736 22.3044 24.6674 25.8066 25.7148 20 25.112 20 24.7866 25.3568 25.7035 19.5016 23.573 20 26.5509 25.4862 20 19.0972 25.9276 18.5286 23.5628 20 17.9253 20 25.9225 20 25.1253 21.5013 21.8483 18.1318 19.5719 24.3872 20 25.4406 24.5398 23.9708 25.3268 21.1596 23.7414 26.3659 25.9263 19.5832 24.3551 24.3207 20 20 25.48 23.5331 24.7437 18.7399 18.9724 24.1253 20 20 16.5053 20 24.5049 21.0683 23.5597 25.2674 20 15.6789 23.0985 20 19.5699 26.131 23.6531 19.5416 15.8295 22.385 25.3778 26.1511 25.9599 24.3671 24.4955 21.8675 15.7803 20.7187 16.7509 18.1502 20 25.2864 26.1525 24.4829 17.1786 23.5563 23.7917 21.9608 22.0742 16.7341 19.2333 24.2588 24.109 23.72 21.298 22.0853 17.6206 16.4626 15.8735 25.8253 24.8043 16.4991 23.3851 20 20 19.4282 22.6797 17.0543 24.6809 20 22.2419 22.0549 17.2722 22.2993 25.7624 23.8026 19.5039 21.0518 24.5014 24.8481 22.5806 18.4992 20 24.7384 17.7131 23.8664 14.4595 22.1342 23.5599 24.9396 22.3321 23.8192 21.0083 19.5474 23.7112 22.9469 26.1571 23.5253 20 20 19.232 24.0574 20 22.775 19.7928 20 20 25.4756 20 25.4438 18.6546 24.8613 25.6907 21.3577 25.2841 25.3973 25.1018 23.6263 22.1574 16.0445 20.9038 26.501 25.3342 24.58 22.8616 17.0043 19.3886 23.8831 22.0613 20 16.6735 22.3712 24.5689 20 23.6243 19.7344 20.8787 17.7598 18.768 18.7972 24.6177 15.6381 21.9134 23.6276 23.6828 17.5422 20 21.8612 20 24.6289 21.8503 20 21.5616 16.5579 24.9171 26.5247 20 23.7506 19.2471 23.6378 20 25.5826 18.3341 20 25.1728 22.8494 21.2321 25.335 25.4962 22.2891 25.8006 15.8256 25.231 22.4043 16.1388 20.4909 21.2727 18.3807 23.5935 24.0344 19.6168 24.0984 15.8969 24.8083 24.0678 22.7988 20 20 25.1974 24.2673 26.1837 18.3521 21.0388 20 17.4643 20 26.0335 24.1284 24.0782 24.3555 18.5768 20 19.9655 23.587 23.065 23.4181 17.517 20 17.1151 22.6828 24.0037 18.2922 19.0951 23.2116 21.8262 22.3642 17.5206 21.1967 16.6741 23.6383 21.7765 24.4137 24.683 17.8818 20 16.8194 25.8374 22.108 23.2331 17.5832 20 24.0581 19.8173 23.4415 21.8421 19.1367 22.0694 22.6498 23.2308 24.5104 25.19 22.7202 17.7026 20.7676 22.3223 19.1199 25.7197 23.3257 17.8992 23.2845 18.9115 20 24.7877 21.1227 20 25.8555 23.4278 20 20.3396 25.2724 24.3761 16.0898 25.2653 22.9375 15.6614 24.3728 20.7982 17.2962 23.3709 23.2855 16.1331 25.7038 17.3794 15.9057 26.0582 22.8056 24.4294 22.3691 24.831 17.5254 24.3257 17.564 24.8537 24.8573 21.005 24.7744 22.499 20 18.4552 16.4818 25.0113 25.8758 23.5852 18.7651 18.729 17.6372 17.7862 17.7443 20.894 16.9438 24.9791 20 26.5013 21.7075 23.77 22.5795 23.9853 24.2481 20 20 16.8525 26.5019 24.1824 26.33 24.8114 24.9728 25.0295 26.0098 20 20 20.7384 22.0079 20 25.6617 23.2779 23.0836 20 17.2431 23.3023 24.6185 22.7476 20 14.4202 21.9216 17.6537 20 23.8737 22.3218 20 22.3889 24.0447 23.2871 14.7274 16.0171 17.4518 20 24.4093 25.7872 17.2937 20 23.295 18.9688 22.069 19.5757 17.1613 22.0044 23.7677 20 20 23.6658 23.2821 25.7077 25.7929 18.5884 24.255 15.9787 16.0722 20 20.6289 16.8493 18.4435 20 22.3844 16.8823 18.0728 17.3378 26.3781 25.7151 20 23.9553 17.5562 20 15.6833 23.0678 16.7676 22.7891 18.8064 20 15.8761 25.3284 20 15.7412 25.9312 24.7078 15.9847 20 16.8717 20 23.991 23.1098 15.9209 25.3208 22.2457 21.8975 20 22.5076 24.3084 20 17.8339 23.6551 17.7655 21.345 19.7646 18.3195 21.9636 20 20 26.4673 16.4163 17.6113 25.5813 20 25.1152 16.3051 20 23.9314 18.9476 18.9287 23.6058 22.349 23.8222 25.3221 17.5568 23.7309 25.9716 16.5041 20 25.0206 26.3067 25.7161 23.8925 16.3398 19.1983 20 22.3741 24.5291 20.695 19.0985 24.6533 24.3621 15.5958 20 22.2377 24.7916 18.713 16.5413 24.4193 21.6278 22.8723 23.8955 25.222 15.9344 25.1713 26.2278 24.6298 24.8549 23.8407 25.7269 26.2722 24.3048 26.0173 18.6798 24.222 19.6466 20 25.0134 20 19.1295 22.4661 15.1702 16.5767 20 18.5897 18.7117 22.1318 18.5593 20 18.5238 21.4192 23.113 25.8637 17.1761 23.4979 20 19.6861 20 20 22.0736 17.6281 24.6255 25.1748 22.1964 19.1459 16.0023 18.0115 26.5664 24.1474 23.9067 22.4095 15.8502 15.8199 21.174 18.5413 22.3776 26.2841 22.034 22.7241 25.6219 20 23.7922 19.9444 24.1546 15.7562 25.5741 20 18.1904 21.6467 22.0002 24.3891 19.1768 24.0264 25.3098 20 19.7826 24.0844 16.1693 16.8891 26.5102 23.6467 20 23.8739 25.7612 24.0881 23.7675 20 16.0269 15.0762 24.6684 17.7412 15.6502 19.3009 18.6337 20 25.6402 26.5354 20 20 24.2872 15.7736 22.1799 26.1525 18.006 17.7504 17.9891 19.1288 22.3297 22.2089 24.299 22.1575 20 20 24.0715 17.3849 15.8902 17.6298 19.091 15.7511 25.4255 26.5301 20 17.2528 22.0909 22.378 20 20 24.4283 19.2401 23.7316 22.3249 15.191 23.9125 23.8678 15.8174 23.8249 23.5698 23.9668 18.62 18.7613 20 18.0395 24.2169 16.7785 23.918 22.8801 15.7417 20.6912 20 20 17.9555 25.8127 25.1078 20.7647 19.1519 17.2758 24.8522 24.7394 15.9601 22.0039 14.8427 18.971 25.1998 25.9366 16.7966 21.117 26.4354 18.8455 26.2764 23.14 20 24.5013 16.3243 21.9177 20.4064 15.6855 23.9464 22.0671 20.8181 25.3293 24.6144 16.1099 20 25.9334 23.6791 15.7422 17.6636 25.0705 25.5958 16.2589 23.6278 22.3105 23.8174 16.7229 23.3935 22.3664 20 25.2057 20 22.1473 19.9406 15.7722 17.131 18.0133 19.1889 23.2791 26.5475 20 26.2689 17.9043 20 21.3818 17.4834 25.9082 25.2701 16.6011 22.0558 26.3292 23.6431 26.5041 22.3214 20 23.2077 24.0226 26.4571 20 16.0664 24.315 21.9926 20 21.9637 20.6828 25.1672 21.997 25.2906 15.6667 22.2172 18.5863 24.8226 20 20 18.3875 21.7928 20 18.5251 20 15.9671 15.9727 20 25.6817 20 18.5481 20 26.563 21.7288 22.1567 23.5428 18.7457 22.3471 15.7449 17.3051 20 17.7761 20 15.7315 23.7428 17.9774 25.3586 17.4971 24.4369 20 20 16.2898 23.3755 25.7618 22.2185 26.291 20 16.1231 24.0792 24.2768 24.3961 23.6734 18.4648 20 24.4135 14.8028 15.5417 14.69 25.21 23.9653 24.3269 23.8515 24.2945 23.5202 22.0043 20 23.2943 17.7954 18.3596 15.5825 23.0164 20 14.5275 17.738 20 25.2196 20 24.8079 19.1448 15.6675 15.0999 20 20 18.0572 23.945 17.6677 26.4461 25.4358 20 16.0082 16.313 22.0615 23.6778 23.6308 17.9375 23.313 18.3261 25.1473 22.0389 22.278 20 20 20 20 22.7304 25.3458 15.1353 17.4186 25.7949 22.3761 25.2149 20.4433 19.5833 20 20 24.9559 17.6842 21.9392 19.3967 25.7597 25.6961 21.2387 18.612 23.2087 20 25.977 16.1049 25.9746 22.3014 16.7253 19.7736 19.8288 20 21.3375 26.1719 21.9463 20 17.6305 23.6316 17.3732 18.506 24.394 26.5019 15.919 25.4965 20 23.6957 20 17.1932 23.8434 23.8326 20 24.134 17.0879 20 17.8563 26.3891 25.2102 25.0292 23.945 25.0737 26.5348 25.0947 21.9555 22.2349 22.2951 21.9734 21.8976 25.4144 25.2718 15.5678 25.5108 16.9501 17.2327 20 20 20 25.1336 19.6802 19.5439 20 20 17.7396 14.0767 23.6148 16.7364 20 19.4997 22.3728 23.6828 23.7094 24.3652 17.9891 22.3219 26.4861 24.9392 26.5558 15.7284 23.4321 21.3926 20 20 26.3732 24.2472 16.7966 20.9678 23.2279 24.407 15.9201 25.0512 18.4399 25.8076 15.9299 17.0629 20 25.5625 25.4798 19.715 17.127 23.94 20.936 25.8262 21.6908 16.0065 17.7935 16.1397 20.83 20 17.1034 19.2605 22.1366 18.0873 24.8261 20 17.3221 20 22.2932 24.6172 16.4666 26.1558 17.8629 16.0608 23.5384 24.6285 22.0599 18.7809 15.1667 21.9567 21.4339 19.2866 16.6148 20 26.2775 15.5431 21.2499 19.8731 20 20 25.451 24.0146 20 22.1185 25.5839 15.6895 19.3115 22.4328 22.4946 21.9345 20 15.6799 15.8495 26.4253 25.924 22.7058 25.2121 17.6415 23.5282 20 26.0776 21.8476 19.4646 20 24.2004 22.5646 26.2093 16.0241 20 23.1965 26.3649 18.2676 17.6668 14.2297 22.5152 22.3441 25.8718 22.2869 23.0821 20 23.8224 23.915 18.8979 24.2205 15.9687 22.1223 18.9703 19.0704 21.5835 20.5887 23.7679 23.8849 22.2552 17.6455 17.246 19.3222 22.3766 20 22.3574 21.9599 20 25.7435 24.7309 17.6061 20.8605 19.4681 22.3723 24.814 22.404 15.8429 26.1033 25.4139 15.973 22.1173 14.7071 26.0567 16.3622 18.29 20 16.0335 24.2035 17.8009 18.6151 22.3965 19.9892 21.0654 18.0921 22.3746 21.2032 16.5646 16.8582 15.0925 15.7764 16.466 19.4666 23.6229 26.0518 20.8244 25.468 21.0953 22.0481 14.4174 15.8848 24.6095 20 20.8182 20 20 21.5292 25.6934 15.932 23.1396 25.9799 22.3735 20 24.2306 26.0975 15.6886 20 20.4362 21.4942 22.0354 21.8804 24.0504 18.1312 25.2008 26.2313 26.4347 17.8027 20 20 24.2724 26.5401 23.8774 25.2161 23.0628 16.1287 20 22.3903 20 19.1931 16.4344 17.9391 17.8092 25.4561 19.0754 17.9399 18.4144 17.3612 22.2354 15.8702 25.9381 23.5372 26.3599 26.2345 23.9865 22.1377 14.6261 22.3067 17.805 24.0927 20.9852 20 17.909 20 17.4895 19.6695 15.6739 15.7616 17.4737 19.6477 21.429 22.2883 19.5287 26.4305 17.2856 22.6365 24.0473 25.6222 22.9719 21.3306 20 23.8956 25.5036 25.8613 20 26.3744 15.8423 17.642 15.7573 15.9987 26.4458 25.5299 21.9271 17.745 23.5306 20 24.7905 18.8032 25.1859 20.4763 15.9683 23.9086 20 23.2064 17.2793 17.198 23.0176 22.2971 23.0139 20 25.4117 24.9968 20 16.0654 22.2361 22.7779 17.164 18.5475 20 22.6181 19.769 20 20 24.409 17.5738 16.1159 20.8276 19.2845 17.6396 20 22.9977 19.3468 19.5912 15.5081 25.2473 23.5309 20 17.729 20 26.2688 19.9897 24.2818 25.1628 17.1611 20 26.5488 22.0762 24.3396 20 20 22.0755 21.5771 15.6803 20 22.1642 19.7732 23.5942 15.9187 22.0599 16.208 17.6827 26.3307 22.0872 21.9272 26.1653 17.4894 20 20.7053 19.1358 24.8399 16.1666 20 23.7124 26.4255 17.1233 20 23.3413 22.2735 21.2536 22.8729 20 20 14.3483 23.1474 20 15.6403 16.1115 26.0316 23.565 21.921 20.6101 15.762 14.7607 23.9767 16.3074 17.5851 20 24.6383 20 16.6484 22.2047 21.8737 22.3648 23.8049 25.33 15.7317 16.3344 23.4755 21.5734 19.1424 22.164 24.6254 21.2232 20 22.2262 26.4165 18.847 16.3123 20 21.9481 21.4055 16.0353 20 18.1073 15.4429 15.4526 22.8914 17.9466 24.3696 19.3352 24.1444 20.7025 14.8145 25.1409 26.5517 20 20 22.317 22.1478 19.5185 22.4567 20 25.5889 20 15.8137 25.1516 19.0215 24.5818 24.3711 20 22.2428 19.4923 19.3982 23.3912 16.6744 24.4751 20 24.7485 20.8926 17.9046 24.9836 17.6367 15.4393 18.7662 20.628 17.7815 17.3116 20 18.537 23.7918 25.887 26.117 22.2042 22.0828 21.4282 26.5092 25.7751 25.383 24.2334 16.2528 22.2752 20 20 17.1223 20 17.5674 21.6422 23.2255 22.281 15.6527 22.0014 17.5666 25.6776 22.2044 23.5715 15.7571 21.8855 24.3358 24.1696 16.9204 20 20 19.9209 23.4259 25.8767 19.8111 20 25.3754 26.1822 20 20 22.0537 25.3466 25.7813 20.9297 21.4985 20 15.631 15.766 20 19.294 15.6293 21.9774 21.9717 25.2142 20.6421 20 24.073 17.5077 20 17.9993 21.7787 24.027 23.2805 22.0374 20 17.1966 17.4973 21.1167 23.801 17.668 16.013 23.1747 18.6844 20 22.363 18.5117 14.7757 15.9056 17.7874 21.314 22.0911 22.4331 25.4033 26.4676 20 22.6113 24.4028 17.5864 22.0378 25.3396 17.5299 21.8621 21.7084 17.1668 25.4287 22.84 15.6681 21.7101 22.6084 22.5883 25.7498 21.9978 20 16.5728 17.0566 24.1896 24.328 20 16.1938 24.1221 23.1184 20.5788 20 21.3923 20 20.6078 24.1645 14.8842 20 23.5109 19.0534 20.7486 25.3691 22.4733 25.2245 21.994 16.9195 22.3303 17.3903 21.879 26.4055 22.3945 21.4249 19.064 15.8837 25.7102 25.4217 17.6498 17.4367 21.9427 21.9908 14.3386 18.8106 20 19.1449 21.2044 20 21.3225 20 24.1077 17.4743 26.1422 25.3776 17.5472 19.893 24.4135 17.5299 23.6403 21.8706 25.6008 25.3597 20 17.712 18.0181 21.0777 20 24.3449 18.1255 17.7464 22.1693 24.395 19.4517 19.8716 24.8813 20 20 24.1332 24.9788 19.098 22.5724 26.3141 19.5797 17.328 25.466 25.1075 23.9098 20 15.7829 21.8856 23.7462 15.8976 20.3228 22.0913 21.8495 23.7649 17.7644 24.2715 24.0956 25.3084 20 21.1532 24.8555 20 17.4307 16.0081 17.7199 14.6582 19.3606 25.9916 23.4962 16.2344 21.9898 18.988 18.2542 19.252 17.1628 15.9141 20.5094 25.7879 18.8589 21.9652 21.9301 25.318 17.3552 20 19.5239 18.5781 25.3433 20 20 18.4518 25.2752 20 24.186 24.1716 16.3743 18.049 24.7816 15.6927 25.9221 16.6982 25.6887 20 15.7568 23.6045 20 23.6404 16.1228 14.7681 15.8678 16.5196 20 17.4388 22.6372 20 19.4623 24.3545 21.8258 23.808 20 16.6324 17.2997 15.8663 17.6602 17.6744 23.2095 22.2643 22.7657 17.4941 25.6589 14.7747 20 22.2936 22.6454 20 21.0153 16.5321 19.87 23.9836 17.3258 21.8486 20 17.7547 15.9326 17.386 17.9903 25.6576 20.4495 16.0701 26.1046 20 20 20.9901 16.6884 16.2707 25.065 14.7967 25.6544 22.8558 19.6635 15.7012 20 25.9607 21.06 15.8831 24.2555 19.1688 25.2307 25.3273 20 23.7553 24.6717 26.0583 18.8595 16.1535 22.8553 17.5834 19.8692 15.7183 20.893 24.3385 21.8298 22.0919 17.5746 22.2381 26.468 21.7117 21.0979 25.1313 20.3698 21.8774 21.1627 19.5151 22.3186 22.0736 22.2931 20.3586 20 22.3694 24.7267 20 24.1105 15.0177 25.5885 15.986 15.3836 15.7821 20 22.7316 22.2124 16.5246 15.7045 16.6902 24.196 22.5556 25.2133 19.1911 14.8383 23.6836 21.8562 24.0983 22.3651 22.0618 19.8689 21.0832 25.2505 20.669 21.6654 20 24.8958 24.8324 21.9763 23.9308 17.6245 23.6574 22.3748 21.8276 21.6913 21.2771 16.6618 22.3348 17.9614 24.2611 23.636 25.7342 16.675 25.079 20 24.9758 24.5283 21.2145 20.8841 21.5183 23.3762 23.8425 25.9952 14.8118 20 17.6448 17.0303 21.1245 24.023 22.4898 23.9442 18.8437 25.3551 20 21.0958 16.3197 16.081 23.2924 26.3381 24.21 17.6408 18.8623 21.8626 18.6239 16.611 17.4931 24.511 24.9965 17.6935 20 25.3254 20 16.3661 25.6293 15.7819 18.9494 21.739 22.6806 18.8229 19.4545 22.2411 22.5339 20.7922 19.5931 21.3026 26.3063 19.6957 24.6775 21.9879 21.3605 21.964 24.5175 20 24.6803 16.1017 22.3616 15.6489 25.1103 20 20 21.9473 22.1731 22.0065 25.8558 25.5575 21.9305 20 19.6704 19.8128 15.1437 19.2104 18.0615 25.2237 15.8245 16.5966 16.4449 25.8834 16.0022 20 15.5792 16.4142 20 22.0618 14.971 26.4483 26.0022 16.4798 26.3072 22.5391 20 24.2511 23.5965 15.8348 17.6299 20 14.947 15.6954 21.4619 20 23.6621 23.8106 20 20.2438 20 24.9053 18.5621 23.9488 17.2337 16.7596 25.8689 20.5983 16.5312 17.4392 15.7977 21.5336 21.9509 14.6795 21.5315 20 20 21.7759 20 25.4229 21.0783 16.8944 16.7512 23.2116 16.5456 19.1764 20 16.3056 16.7284 20.3277 21.9014 15.7491 20.606 20 15.71 15.751 21.6995 26.1773 17.6709 18.2897 17.4089 25.9241 15.844 15.68 24.4577 22.6996 26.1507 17.7171 22.4376 20 25.0465 16.7815 17.2861 20 25.1497 20 22.0786 25.9869 20 22.0561 18.4719 25.5264 15.7896 23.9887 25.5457 17.6725 17.5991 23.7572 21.1251 16.0363 21.8712 20 23.5186 17.7282 20 20 25.6981 24.7321 23.4829 15.6518 20 15.7444 22.333 20 22.0318 24.925 25.1938 15.9805 17.6697 20.6837 22.0892 20 25.0025 17.6693 24.2879 17.1095 21.8857 21.9462 16.1456 15.8722 22.1499 18.6043 22.8991 21.9965 19.1579 19.9152 22.1007 20 24.7645 15.3696 17.6916 22.3145 20.4052 17.5849 20 20.9174 20.8549 16.6211 23.9382 21.8281 16.5292 17.7629 25.713 20 23.1987 24.7268 22.1032 21.8765 22.1138 18.8333 17.3062 20 22.2822 15.6755 15.0897 23.4111 19.0271 18.5859 15.9462 17.6894 20 21.8626 24.2117 19.2101 20.3996 23.8453 21.8234 17.4819 25.6987 15.7045 21.33 22.0263 20 16.133 16.6288 25.7878 24.9927 26.2316 25.1181 15.6225 16.806 23.7289 20 19.1439 25.684 20 21.4923 23.7873 22.281 23.4679 19.9197 24.6616 19.17 24.7668 22.3186 25.6309 20 23.9272 19.2666 21.6888 15.775 20.4127 22.3505 20 15.6859 21.4701 15.1202 24.6845 20 22.7367 19.2823 25.8989 21.2822 16.0761 24.875 20 19.2411 23.4855 20 17.6969 23.525 19.6571 17.5228 17.9127 22.1437 25.9079 18.6156 21.9772 14.7592 24.7096 25.3829 26.5597 22.1786 18.8362 20 22.5972 21.8459 16.0834 20.7897 20 25.6148 14.7089 24.0959 15.5728 22.017 15.0047 14.9164 26.1073 22.2761 20 22.3022 23.3073 23.8812 21.3084 14.6362 22.9367 24.8584 22.3902 22.1876 17.7208 16.2213 17.5149 14.6297 17.5171 21.9946 25.8849 22.3411 20 23.7396 17.1805 14.7695 20 21.7678 16.0707 17.3675 24.8303 17.4101 20 24.0337 25.5936 20 26.3108 20 25.9846 26.1455 18.0381 15.817 22.0702 20.9842 20 21.8749 20.8503 17.6631 17.1578 18.8311 26.3517 24.3238 23.0986 25.3256 20 20 20 25.8334 20 20 17.3454 16.8756 15.6678 23.9195 21.8002 20 22.5259 19.9143 20 20 22.4041 25.6945 24.589 18.9796 22.2817 22.6181 15.5908 20.7298 22.9146 15.8105 14.4772 20 17.4109 26.4652 20.7578 20 15.812 23.7223 22.9726 22.3779 19.2436 20 25.3166 19.185 18.3671 15.2421 14.9894 25.6735 20 24.695 17.3087 15.8447 20.7864 20 24.1107 19.7288 22.2281 20.7021 21.9386 17.2744 22.088 17.1741 22.0076 17.1816 20 22.3273 22.2208 25.2502 21.0129 21.9195 17.0854 22.8763 14.7456 16.973 14.9556 14.5423 24.4895 24.2284 17.7869 16.2909 21.1871 15.7586 15.5528 16.0744 19.4308 16.7162 24.7711 22.1499 24.4463 22.7915 23.5741 24.6316 24.1507 18.6649 16.055 25.3706 22.1361 25.4824 25.0596 21.8773 21.4055 17.3897 20 24.2794 20 18.9043 22.212 20 26.0324 21.0847 20.7976 18.8927 20 20 22.0915 20 20 18.1542 22.0225 15.1871 17.5146 20 17.1914 22.0212 23.3227 16.0007 21.2945 21.907 22.067 18.1338 25.0383 23.1176 25.1773 18.4446 15.8486 20.5222 23.7049 21.9993 20.9131 22.3519 24.0998 20 22.2143 20.7714 22.7044 19.8295 20 24.4231 24.0249 22.25 20 18.8955 15.0826 17.5184 15.7046 17.2386 16.7531 25.0395 23.9217 22.5436 25.7008 20 23.9702 20 21.1994 16.2285 25.2034 23.914 22.326 24.3022 20 24.6183 25.5903 18.95 22.1438 20 15.7669 14.8102 17.9857 16.7625 22.0679 21.4047 16.5077 24.2903 17.6054 25.5504 22.0717 22.3792 17.0601 21.247 22.3059 24.4707 17.6297 25.9364 17.8361 14.1937 20.5304 22.0113 22.3107 17.7712 15.7036 17.5167 24.4021 23.7312 22.3296 22.3275 21.8608 17.1527 15.1118 21.1238 15.7197 18.3124 19.5206 20 25.1018 22.4809 19.6956 24.2816 22.3483 24.8482 22.9578 25.5278 22.5453 18.6769 26.261 25.7133 20 25.0671 26.2834 18.9337 24.2405 20 16.4098 23.7424 20 19.805 20 15.0673 22.1048 24.4032 16.0386 20 20 26.0526 25.7459 15.3222 26.5187 16.0002 26.2781 21.3168 21.138 20 23.0009 23.9107 22.2727 15.557 25.8696 16.1228 20 22.1268 20.4309 20 25.2714 18.5821 15.8488 24.9476 18.7169 15.6357 23.6335 22.6469 17.982 15.7879 17.6542 15.6472 21.8131 24.3071 14.6582 20 17.7225 24.2254 14.6521 23.7687 22.2551 17.7375 21.8039 25.4364 17.7613 15.9714 14.7606 15.7283 18.7297 22.3195 20.9842 21.2867 21.8056 16.0755 21.5373 20 23.6271 22.356 24.0529 22.7361 23.3183 22.1546 21.9153 21.973 22.1395 17.0373 15.6282 14.3842 20.2755 20.7493 22.0396 22.9961 16.5743 25.4109 23.652 21.547 20 24.2898 14.8669 17.2553 21.8399 15.6543 18.9158 16.4854 23.7569 25.6446 22.7151 25.9407 22.2639 15.6376 21.8934 23.5278 20 16.5899 20 15.7351 15.3423 24.8826 20 20 15.8557 17.4133 22.0657 15.1479 17.7404 19.452 15.9309 24.3101 19.3807 15.7467 20 16.8933 15.5906 21.9417 18.4439 17.6384 26.3804 15.2369 25.1838 16.0539 16.9762 17.809 20.4648 24.7927 15.845 22.1817 25.6675 26.0377 24.5506 20 20 23.3155 23.6896 26.0811 22.2676 25.351 25.7855 15.9675 21.8592 21.9985 15.6246 21.0165 15.3889 20 22.2402 24.6036 17.9961 23.4908 18.6192 25.7287 26.1986 19.2419 16.9177 17.5507 21.911 26.5109 23.5274 26.0291 20 25.2952 22.1115 22.1395 23.9778 16.1076 16.0061 16.9057 19.3998 19.964 14.7159 25.2283 18.8909 16.0079 14.8831 26.3707 14.6472 23.9779 20 20 14.2641 21.8554 15.7482 25.0379 25.9057 25.7615 19.6071 18.186 17.6096 24.2171 15.1042 14.6114 14.207 15.9146 25.569 20.7387 15.0943 22.2328 15.646 24.9961 17.6771 21.0716 15.788 15.973 23.5597 22.3356 20 22.1518 20 25.723 19.4766 20 21.857 25.4755 16.0543 19.0745 15.8817 21.7936 20 23.6706 26.3481 20.477 23.9435 17.3967 22.7373 23.9549 20 20.9276 20 15.4497 19.0759 20 17.7841 25.8086 16.3694 24.1056 15.5734 19.7923 18.9344 20 20 20 20 26.3009 21.9204 20 25.0399 22.0473 20 25.4739 23.8815 19.2332 20 21.9565 26.5085 20 17.2331 25.1509 20.2832 20.5001 22.146 15.6401 25.9962 24.2333 18.246 15.993 17.4336 23.92 21.9963 23.1588 15.9519 15.5761 21.9549 23.0336 14.2384 20 25.7208 25.9847 19.7313 15.674 21.4643 21.9921 19.005 15.5551 21.7433 14.9421 20 22.0186 15.911 25.4733 14.753 18.4689 24.729 24.7702 26.3515 23.9382 24.9208 17.2802 20 22.0144 18.8896 19.6558 25.5325 19.4298 20 20 18.4225 25.7571 20 17.098 19.2802 18.2824 20 20 24.6582 25.9853 17.1046 19.0842 18.8308 20 25.0536 14.3189 16.9523 15.4162 15.6489 24.0501 17.5378 24.8208 15.9947 15.0189 15.9895 17.8865 14.6389 15.8874 25.2865 15.7707 21.4365 22.1808 17.7085 20 17.4688 15.4551 20 18.1995 15.9817 18.9345 22.8002 25.9258 14.6475 15.0399 16.7918 20 16.0185 14.5089 17.2915 16.2917 16.4764 22.1376 20 19.4785 15.7118 17.4771 22.7924 21.9072 17.8237 22.0568 17.3884 22.1915 25.8488 22.2732 22.2891 20.8703 22.1862 15.8794 21.8934 21.0414 23.9268 15.8034 20.3376 26.0556 15.2396 23.5097 20 22.6723 17.2323 20 24.0166 21.9094 23.7935 25.9761 26.0538 24.9606 15.8782 17.9304 19.1573 26.3561 15.7459 18.3959 21.188 17.2013 15.2196 24.9948 15.9728 14.7182 15.8103 23.4886 24.7773 20 20 15.6089 25.0361 26.0145 24.6094 22.1823 20 21.8558 23.4844 15.7265 15.8163 20 19.9376 25.2256 17.7138 19.6146 25.3326 25.8023 15.1207 20 20 26.2249 24.3814 21.1855 20 25.8921 18.0957 16.3162 16.0217 16.1001 20 22.517 16.8769 23.5313 18.0523 19.9291 25.4182 17.8539 23.2946 20 26.3553 19.7547 19.9676 23.55 18.5586 22.0562 17.481 16.0753 26.1607 20 20 19.5161 17.3087 23.7737 18.124 24.6636 15.8156 15.74 17.6069 25.4686 20 17.4192 17.8865 22.8778 21.1769 26.0494 14.9572 20 19.0015 17.5982 18.6031 17.4952 17.3873 24.713 15.913 20 15.7591 15.0311 15.8806 23.5816 22.1689 20 14.6894 22.1912 15.6381 22.1697 17.4987 20.8935 15.6479 16.0432 15.7439 16.6598 21.838 20.4253 20.4989 14.5934 15.6639 14.4306 19.8623 21.9242 14.2364 20 15.8831 22.2341 25.7216 21.3175 15.158 22.5705 20 22.3313 17.5434 17.4621 23.8604 18.1802 22.0852 23.9187 26.4503 20 20 23.089 21.2765 24.2718 17.7528 20 23.6861 25.5795 20 14.5152 20 23.7898 20.6245 14.6875 21.5076 19.7512 24.6814 15.851 24.9018 15.9212 15.0319 25.5516 15.6044 20 18.5779 24.597 15.9586 19.3051 18.9415 17.429 18.5769 20 14.5438 22.9502 14.3891 15.6882 15.5231 20 20 20 16.0286 17.9524 22.2471 15.7897 21.1578 20 22.1874 21.8881 25.1329 15.8658 15.4591 15.202 22.056 23.8209 15.8278 17.9687 18.5546 25.5884 24.2915 17.7956 26.3949 15.9539 18.7051 23.4015 20 20 15.6373 15.9661 25.2845 22.6949 23.9199 26.4469 22.1279 25.2785 26.3834 20 19.7206 16.1031 25.6154 24.341 16.0339 24.108 15.7687 18.8225 16.5373 14.7374 14.3859 16.0419 22.3091 17.4369 20 24.7052 25.5563 19.2781 15.7112 25.3421 17.5682 17.6824 23.5745 19.2943 26.278 23.6679 20 15.7941 26.4154 14.79 23.8323 15.601 15.6653 19.2031 20 20 22.0994 22.3196 17.5946 23.8094 18.9402 18.9761 22.2317 24.7356 15.6679 14.5186 21.2796 19.4976 15.8043 20.6636 17.5829 24.611 21.9654 20 20.751 15.0691 19.4656 21.5822 20 22.1086 15.9382 17.596 22.4599 16.7605 20 15.6202 21.9999 20 20 18.4146 21.0665 26.2575 25.3433 14.8108 21.3767 19.5196 16.1817 16.1287 17.461 18.4522 23.6063 23.1057 17.178 20 16.5944 18.8769 20 19.734 23.682 19.401 23.8813 20 26.354 18.108 18.3023 25.3437 23.9439 20.5513 24.3498 15.6791 24.723 16.0879 20 25.1771 25.737 16.0854 16.9179 17.5117 18.26 21.8644 18.4068 24.4395 20 17.5054 20 24.5461 21.8037 22.3449 18.2967 17.9695 18.3787 17.8656 16.0796 15.6672 25.0746 20 24.6684 24.1528 16.9625 17.1629 22.1006 26.0528 18.4691 19.3948 15.4766 20 17.6698 17.6867 15.62 24.0539 14.1849 17.0931 14.5842 15.9666 17.4077 24.6022 25.7619 18.8799 25.958 15.6729 19.9225 16.4422 17.7511 25.3394 17.9305 15.0742 15.8132 25.517 17.7429 21.8261 18.5031 25.414 15.6131 15.1884 23.8566 18.4276 20 19.4847 15.7738 19.249 17.4742 26.5603 20 15.7714 17.4897 14.3753 17.4122 26.4596 17.3827 24.2092 20 17.4384 15.3828 20 15.9243 24.2928 26.4479 20 15.9366 19.7941 20 17.2162 15.8052 14.3939 21.8696 21.9963 16.412 16.7405 16.0911 23.7828 22.2126 15.8893 20 25.8576 23.9408 17.6229 23.6884 17.8688 17.7913 20.8341 17.2791 17.6997 17.4316 20 20.3718 25.1724 18.6498 24.0377 22.3305 19.8326 22.2791 21.9632 17.3486 15.9591 15.8923 16.0211 16.7961 17.4816 26.5664 23.9445 20 14.996 26.3899 20 16.9777 25.8957 25.2951 18.566 23.326 15.5288 22.1017 20.8709 22.3106 23.808 25.4525 16.3277 15.6658 18.3586 15.1056 20 25.5859 19.1439 22.2606 16.5947 24.0222 23.4739 17.9663 17.5409 16.0707 15.9414 25.3109 15.8004 23.603 26.2989 16.3579 20 18.4433 19.3759 20 18.2866 14.4357 17.6517 21.8705 26.5787 18.0669 24.9905 18.6971 18.1976 18.4364 19.0352 20 14.736 26.388 19.8093 22.161 18.2647 19.4353 25.7459 23.5248 21.8575 14.8715 20 17.11 15.8282 16.1028 15.1907 15.7328 16.5539 15.5151 14.5336 25.2007 18.4006 20 22.9396 16.4225 17.8601 19.8289 21.1067 20 17.2066 24.5349 20 16.0019 23.291 21.9737 18.6353 16.7279 25.1167 20 22.0012 17.5147 20 22.0016 17.0249 18.5695 16.6613 23.9405 16.6333 20 18.8446 24.6069 18.1591 20 15.8337 19.9466 23.7912 15.7604 20 24.2705 24.4572 15.0385 16.0929 14.4919 21.5376 23.4265 19.8203 21.2849 16.4704 21.8845 20.426 20 14.933 14.9061 15.5311 15.6172 14.9974 15.6756 15.8724 25.815 21.1895 15.7396 20.5304 14.666 15.9591 19.8912 18.4595 16.0237 21.2826 22.2188 20 15.7785 16.7746 20 25.4048 16.9404 25.4755 24.6621 19.2652 21.4916 19.7457 26.4614 17.562 24.1621 16.0925 21.6818 15.6334 20 15.6334 19.5224 22.3489 20 15.5203 15.3596 16.0804 21.9367 19.7666 20 16.0543 16.0635 17.6591 17.3068 15.3059 16.7125 17.6115 20 15.9745 20 17.787 16.001 23.8973 24.1387 14.323 20 17.4955 19.9204 18.0066 25.23 25.7005 19.1662 15.1733 16.7182 24.7437 18.2809 16.0513 24.2034 17.5625 25.3223 16.3512 16.1887 19.4817 22.2141 22.157 20 18.3282 18.4323 19.9455 23.8933 18.3373 16.2945 20 16.0863 17.2202 22.8416 18.4116 20 24.0839 18.5618 19.0278 19.0814 26.0355 20 20 18.9653 19.4875 24.7875 15.3787 17.8277 24.552 18.0479 19.0899 19.9398 17.9866 15.5991 20 25.9737 19.0619 16.0608 20 26.2945 20 19.0566 20 19.4942 25.7668 18.6508 23.8413 19.1497 16.1064 17.2992 22.6152 16.2618 17.4544 15.9302 25.2322 19.3344 24.6665 23.0788 23.002 20 23.918 16.0349 25.9631 19.2202 14.4925 26.4407 17.2135 20 20.7216 20 15.5257 21.8563 20 20 19.0775 17.7055 15.6516 17.3861 17.4268 23.8246 26.2248 18.9401 16.6616 17.7403 25.407 15.6062 20 18.8247 20 16.763 15.6074 22.1387 19.9192 23.6547 15.9715 22.2901 24.4717 16.1054 14.6128 25.6106 15.9029 15.9711 15.8328 20 16.1012 16.8219 20 16.9921 15.9314 15.5761 17.6116 17.8539 15.4919 21.7981 21.8565 21.9028 23.7767 19.918 14.8133 15.6845 26.0109 18.9727 20 15.9232 17.4597 20.7729 22.102 20 19.5711 14.4477 17.7986 18.9937 24.2026 23.7602 15.0361 20 18.8327 20 20 14.4343 15.7741 25.3186 22.3594 22.2229 17.3569 17.487 19.265 15.6222 15.8684 19.6468 20 18.4508 17.9402 17.191 23.6148 19.2169 20 15.656 16.1176 20 20 20 24.4264 23.1993 16.3773 22.0547 20 24.9245 17.139 20 16.9538 21.6018 25.1559 17.896 14.6815 20 19.0563 18.8305 23.6341 14.6874 17.1585 24.3795 20 24.558 18.0367 15.9896 22.1555 14.4864 21.8802 25.8354 17.4245 15.8453 21.2952 16.0793 16.0797 16.0334 24.0362 17.9099 20 24.1935 20 25.1295 20 18.1422 14.7464 19.7664 17.5122 26.3914 17.6205 16.7974 17.3703 24.5045 17.656 14.4743 24.071 17.3901 15.8977 26.232 15.8578 18.5859 17.659 18.212 20 15.619 17.3132 21.9382 17.0137 16.9725 14.6332 15.6758 17.43 21.9751 20 15.632 17.4698 15.8956 22.8107 17.0499 17.6076 17.2556 18.0858 20 16.5942 15.9649 26.529 24.3565 16.2583 17.7802 17.1603 20 20 18.6045 20 15.9718 24.0561 19.3223 24.0267 22.2896 17.535 25.1253 21.9975 21.523 20.5404 15.7794 18.6278 15.469 17.9008 15.7739 23.7373 15.034 14.729 14.5985 15.9431 16.0105 15.6827 22.2124 16.6258 17.446 15.4674 20 20 20 16.5486 15.9172 17.4991 17.7376 22.2155 22.2556 26.4709 25.2684 20 25.6567 20 14.5522 17.6304 16.9351 19.5384 21.6132 15.7809 14.8546 15.7236 19.241 15.5462 20 15.8012 17.3406 20 17.8845 20 20 19.4161 20 20 22.1219 15.5446 18.5016 16.5161 20 16.1098 15.4422 19.1817 17.9865 20 19.2225 17.9844 23.1558 17.4123 19.2396 19.5871 24.8638 18.9105 18.7354 26.1366 16.1449 17.2469 15.6872 19.157 20 15.8745 17.3865 15.9676 15.8268 20 17.2569 20 18.4826 17.7902 16.7265 24.5709 23.9519 17.0624 17.4087 14.9473 20 20 17.4816 20 20 16.2229 17.7181 20 24.2514 20 22.0698 18.8268 16.1647 17.6876 20 16.8918 20 16.4903 20 24.0325 19.3641 17.4618 17.9755 20 17.1971 19.3663 19.1128 20 20 20 26.2775 16.0644 16.2023 20 25.2271 22.0108 19.6103 17.36 18.4625 18.2441 19.2305 17.6472 19.9599 16.0539 18.4122 19.9281 24.6721 20 19.0809 24.4413 16.6775 20 19.564 16.0631 19.7354 19.0078 20 15.9806 18.3735 25.3343 20 17.1593 16.1598 22.9441 16.4207 16.5069 16.4732 20 20 15.659 14.4459 21.0306 18.7087 15.8994 17.3723 21.8539 26.1442 21.9981 23.1451 15.0582 20 18.6009 20 20.6886 23.7742 17.1926 15.7885 16.7519 22.3063 20 15.7164 22.342 15.8587 21.8169 14.6277 17.8509 16.5717 18.3466 20 15.7108 20.8211 17.7976 22.0834 23.012 15.4911 20 17.0614 16.0813 20 17.5102 20 22.3417 16.1036 22.3145 15.8167 23.6673 22.1933 22.2604 16.7243 25.7023 20 16.4308 19.3142 22.1408 18.8952 19.6536 19.3776 16.7329 16.0951 17.2276 20 15.815 17.3785 16.0546 20 15.6245 20 19.0164 17.8868 22.2799 19.0223 16.4357 18.1924 20 20 16.9776 17.7162 19.7708 18.6876 17.4956 20 23.7881 20 16.0577 16.3646 25.9116 23.6848 15.7532 20 20.9846 18.9897 19.4214 22.1554 23.8262 19.7718 18.0488 21.5897 18.9733 20 15.7315 14.8509 18.104 24.4276 17.0493 20 15.8266 23.9049 17.3307 22.0175 16.1408 21.7193 24.7215 20 19.8838 18.2661 19.9713 15.2827 17.7363 19.786 20 22.3598 18.8883 17.7467 19.2551 17.8176 15.9041 18.9302 19.9931 17.2562 16.7082 19.0369 20 23.8748 20 19.5057 20 15.9221 18.8851 21.8117 17.8875 20 17.656 23.4913 19.3298 16.8052 14.5796 20 19.8352 20 17.341 18.5903 17.6838 23.811 17.2416 17.6189 20 18.0165 16.754 15.9641 14.4156 17.0508 17.1496 17.5705 18.6296 16.8115 19.8618 20 17.4637 17.2922 16.075 20 23.8827 16.0253 25.3222 17.3116 14.7034 17.85 19.6891 15.6895 17.2646 18.7236 14.8384 18.8419 16.0929 18.851 16.0001 17.967 15.049 22.0993 16.0021 15.0108 20 25.2758 14.5883 19.7159 16.1202 20 20.8017 15.806 14.5093 20 14.9543 17.5351 15.6558 18.391 17.0792 19.2638 18.8578 17.2547 25.1232 14.6328 20 15.811 18.5663 18.8731 18.5275 14.6434 15.5611 15.6643 17.3677 14.4594 17.9432 16.0652 15.8369 15.7269 19.5811 17.5308 16.0016 18.2373 17.6416 15.8345 17.2716 14.6583 24.8895 14.6551 15.9195 14.3766 17.936 20 19.6708 17.3563 17.5251 25.2647 17.5874 16.3832 20 16.4256 19.9731 19.2269 17.4788 18.1507 19.6858 18.3055 19.1323 16.7975 17.1007 19.0198 17.2095 16.988 20 15.8275 20 16.0046 20 20 18.9476 23.7646 20 19.5493 15.6888 17.0714 20 20 17.5541 22.0572 15.6109 17.5811 15.1484 17.7173 20 25.3473 19.1174 19.3505 17.6177 19.4813 26.558 25.3999 20 18.2028 17.5021 25.7674 20 18.0441 20 15.6667 20 20 20 17.7272 19.4741 19.1119 16.271 17.4214 18.4758 18.1042 20 15.5401 15.9044 17.2937 20 19.635 20 15.9226 19.2334 19.2579 20 18.9506 19.1274 18.5805 19.3092 20 20 18.3707 17.7298 18.8569 16.0602 18.1945 20 16.0917 15.995 16.8135 18.8333 15.1684 17.1427 20 19.2884 16.8301 18.3047 14.7796 18.9552 20 16.6003 19.4144 19.7278 19.7361 17.6588 18.9624 20 18.3287 19.5739 20 17.8415 14.9946 17.4282 17.4311 17.0307 19.4496 17.3436 15.6172 17.0183 19.5432 18.9073 15.7661 19.7863 14.8147 19.0615 16.767 16.6327 15.4957 17.6703 16.0096 20 19.2276 17.5711 14.9325 16.0188 18.27 16.1031 17.5704 18.159 17.3561 15.9686 17.2775 14.6693 15.2374 15.0223 15.6724 15.2856 16.0903 19.7259 19.6114 15.7567 14.1664 17.6349 17.7288 14.8704 17.7895 20 15.7954 17.3052 20 15.8503 16.139 16.6704 16.5341 20 17.7456 17.4102 19.0708 14.6159 16.9196 16.1125 17.662 18.2283 15.9039 16.8671 15.9575 17.3749 16.2264 17.2429 15.8234 15.8938 19.5141 18.3481 16.0761 20 20 19.3118 15.2928 19.2429 15.8632 17.4691 16.0095 20 18.8107 17.7809 16.3172 20 18.1795 15.9901 17.8318 15.4551 19.0829 14.1939 17.0505 19.3284 19.2027 17.306 15.5485 15.7215 15.9684 15.6621 17.7674 20 15.131 15.4764 18.1385 20 17.5776 18.436 16.0256 15.1834 14.7941 16.4115 16.0037 17.6199 19.7627 20 19.1461 17.8359 20 18.1174 19.4141 17.8407 19.9933 18.235 20 20 18.545 19.251 18.6593 15.9082 15.8918 17.4052 20 18.8696 15.7278 17.6391 19.3414 20 16.0663 17.4542 16.7423 18.8618 17.438 18.448 16.4017 20 19.2414 15.7983 15.1008 15.832 15.7044 16.8901 19.0751 17.0576 18.5686 18.1113 18.9458 17.4717 17.4166 18.3398 15.7679 15.6708 20 18.3309 17.4538 19.7465 15.9732 17.9823 18.784 18.7138 17.1272 17.3762 17.3067 20 15.6362 18.3905 17.7461 18.4444 17.0408 17.7266 17.1369 17.6091 15.8778 18.9674 17.0168 18.6162 19.4731 17.516 15.8802 17.5762 20 16.392 16.04 15.965 19.342 19.7224 18.6342 18.6071 17.7275 16.1796 18.9713 15.094 19.3176 20 15.4257 15.7453 17.4304 19.9621 14.3553 16.0691 17.9598 20 18.9724 15.1932 20 17.5886 15.9924 19.0086 15.8265 15.1539 15.8822 15.1682 20 19.9708 16.9475 17.2621 14.7784 19.4739 17.2088 14.301 20 15.8305 20 20 19.9981 16.5205 16.2864 16.0171 17.051 17.8369 19.2058 15.5928 17.5832 16.5304 16.1039 15.9432 16.121 16.9737 15.0933 16.0674 17.2054 17.4853 19.5266 17.6076 16.118 16.0862 20 15.6899 20 20 20 19.6868 18.3751 15.7649 15.9056 16.4531 17.1381 14.6437 15.937 19.8329 16.9639 18.2078 15.6346 17.4733 17.0828 15.6768 20 19.6663 20 16.0267 16.2708 20 16.0331 15.5936 15.102 14.5025 15.6384 18.2357 15.9183 19.1254 16.4282 19.939 20 16.017 15.8277 19.0679 17.8029 15.9278 18.4725 16.4827 19.726 19.589 19.4154 19.7092 15.829 15.833 19.1907 19.3718 17.7759 20 16.9779 20 16.7341 15.7844 19.4807 18.3876 15.7451 19.6689 18.1584
        </DataArray>
        <DataArray type="Float64" Name="volume" NumberOfComponents="1" format="ascii">
 4994.46 5720.19 2174.76 6912.4 5339.88 8378.86 8377.21 7792.65 4188.79 4188.79 3762.56 7500.94 3117.56 4188.79 4188.79 3214.24 4188.79 8919.08 7041.04 5629.49 6240.25 8039.2 7607.47 7140.58 2365 4136.78 7618.84 4188.79 4188.79 2306.03 4014.2 4188.79 2007.43 2934.78 6388.91 4188.79 3870.4 4188.79 8475.48 4188.79 5515.83 4188.79 3373.73 6201.6 4188.79 7721.24 4188.79 9765.99 9580.43 4188.79 6834.74 7040.2 8687.78 3860.43 7542.98 4188.79 2072.18 2080.84 8687.16 4188.79 4188.79 8142.32 4188.79 5781.01 6946.39 4909.67 5886.64 2229.48 4188.79 5777.56 1842.56 2700.16 3075.35 6397.83 4188.79 8559.95 5776.63 2087.35 7622.03 7733.9 3046.1 7089.7 3593.45 3589.01 2013.59 4188.79 5638.34 9012.45 7930.48 7480.28 7785.79 9110.48 7230.87 7901.46 2175.4 3325.46 4188.79 4556.64 9546.61 5875.98 3653.28 7330.31 3470.39 4188.79 3122.87 3892.73 1780.61 4188.79 4188.79 8905.86 7450.98 4188.79 8262 8582.57 2180.99 7805.43 4188.79 2151.76 3039.21 3253.47 5733 8476.79 8610.85 5444.57 6649.67 5598.28 6245.19 4188.79 2202.59 7927.3 2653.81 5743.86 8881.8 9526.58 7223.57 4188.79 9353.83 3452.84 4188.79 4188.79 8900.34 5292.1 3170.13 5901.28 8117.21 4188.79 2800.29 6820.04 9536.09 2599.06 5382.52 7399.79 2055.58 8648.64 2537.71 6118.6 2706.73 4188.79 3293.38 4188.79 4188.79 9073.57 3478.54 9310.01 5753.61 4188.79 4188.79 2955.85 4188.79 8913.83 9627.9 9637.35 4188.79 2869.13 7472.67 4188.79 4188.79 7271.29 4188.79 5680.91 5058.05 3430.37 4188.79 4188.79 4188.79 8197.84 4899.5 7814.98 2918.56 4092.04 6458.13 7053.63 7861.6 5834.78 6000.01 6745.71 8024.95 6804.94 8304.03 4188.79 5782.15 4188.79 3435.87 4188.79 8188.01 8543.61 7979.07 5491.41 4188.79 8973.74 6607.76 4188.79 4188.79 4188.79 5901.89 6142.82 3124.19 9738.93 1490.57 7511.95 4188.79 6800.88 3761.13 7906.09 7486.02 9485.84 7838.13 4188.79 9545.82 8147.3 3708.63 3018.25 5679.88 2896.03 4188.79 8534.34 2659.88 8377.34 7158.63 4188.79 2112.57 9447.09 7661.48 6356.09 2113.1 4188.79 4188.79 7676.26 6945.33 2145 4180.89 6172.42 2801.94 3635.11 8941.91 1886.99 1573.21 5754.99 7278.57 5480.45 5720.94 2909.85 7734.33 7353.75 4188.79 9125.45 7433.11 8346.9 9373.23 3772.93 5480.16 4188.79 9197.06 7130.71 3147.12 4188.79 3313.4 2803.53 4188.79 9346.37 7982.86 8828.32 8731.62 6931.91 8212.43 4188.79 6015.53 4188.79 2883.31 3599 8170.99 4188.79 9360.53 2001.9 2425.3 8839.89 9376.65 7383.93 4188.79 6623.24 8309.46 9135.37 5564.13 7815.5 3651.52 3062.25 6132.7 3786.24 4444.2 9161.15 6787.87 7050.65 2646.88 3848.81 4188.79 2686.72 4188.79 4156.31 5724.66 9106.93 2706.88 5940.9 1762.22 5649.68 7232.31 3859.49 4613.57 9582.42 2887.93 5786.13 7949.61 9496.83 9690.56 6763.56 4188.79 6791.36 8575.42 3133.51 4188.79 4188.79 2457.04 4188.79 1938.09 2960.93 7987.8 8863.3 2107.63 2129.66 4992.51 9818.55 8181.96 7318.85 3521.06 4539.92 9566.99 3140.34 5492.3 7134.76 3565.1 4188.79 4188.79 8120.36 6587.37 4026.14 3891.13 8412.91 4188.79 2030.68 7123.68 3504.53 2831.28 8910.88 8336.51 5480.21 8710.98 7896.92 8548.03 6108.05 8992.54 559.764 2239.71 7231.55 917.675 5167.32 3830.93 4188.79 2125.88 2966.61 2364.59 5619.05 3287.83 9687.98 5819.86 5863.25 2985.91 2682.41 7305.66 8699.98 3566.1 5276.47 4149.25 7436.72 4188.79 8459.54 2166.84 4188.79 4400.49 4188.79 2463.44 6608.46 8380.44 8029.36 9760.86 3117.1 2403.48 9456.45 8886.97 4706.57 7778.21 7209.62 7738.75 9422.87 6465.03 2991.39 4188.79 2974.36 6895.12 4188.79 9094.8 4188.79 7262.71 9804.02 2112.17 5588.79 5628.33 5828.58 5873.28 4188.79 7646.81 3638.19 3492.84 7140.66 8935.06 8900.46 4188.79 8291.89 2732.47 8292.17 7228.47 9473.21 3262.17 5520.55 4188.79 4638.41 7729.66 2110.6 3319.07 4188.79 3128.08 9543.03 2074.78 4572.84 7397.84 8710.98 4188.79 8559.76 7873.79 4188.79 8378.02 3854.14 3244.32 9041.22 2970.35 6606.83 9398.61 7939.09 7372.16 5678.2 4671.49 4188.79 6217.58 6455.87 3362.76 4584.79 2150.32 3288.15 7678.77 4188.79 2398.4 6924.61 5527.67 1708.24 8375.7 9559.49 8300.41 3709.44 4188.79 7182.28 4188.79 7414.74 7387.54 5271.07 4188.79 4188.79 5609.68 2776.03 7282.04 4188.79 4188.79 8072.66 2934.05 3565.65 3813.94 2169.38 6076.51 2947.21 6676.54 7751.25 4188.79 4188.79 8803.14 3658.91 4188.79 4188.79 3643.23 2710.84 5840.08 6560.68 7337.93 3550.43 7110.44 7975.86 5391.78 4188.79 2801.6 2914.61 9818.18 4188.79 8882.98 9278.89 4188.79 6425.82 4188.79 9095.7 7218.14 6769.65 9476.5 6326.45 7074.02 9339.17 1789.17 5865.29 8703.14 5844.44 7445.98 8140.66 4188.79 6939.37 3582.98 5782.17 4149.11 3414.95 4188.79 7997.63 8895.47 6328.43 4188.79 5911.99 3642.49 7032.75 2083.12 7588.47 7477.17 4188.79 4188.79 4545.5 2118.91 5842.58 5754.44 2916.71 7996.15 4188.79 2082.35 2771.89 2913.82 4188.79 3843.46 7707.63 2554.15 7048.04 4188.79 4188.79 8931.28 4188.79 2661.82 4188.79 2912.59 2899.64 8360.14 4103.46 9456.9 7044.81 5818.86 2124.22 8214.62 5235.72 7685.75 4188.79 7464.7 4188.79 6352.19 4188.79 3579.31 8075.88 3330.85 5778.52 2776.12 9703.63 5886.47 5577.14 4188.79 4188.79 6718.46 8401.96 4188.79 2184.87 9332.78 9711.51 6749.71 4188.79 2460.48 4584.79 2395.71 6827.13 3628.26 4188.79 6102.78 9280.6 6389.73 5515.21 3400.1 7087.51 6773.32 6519.07 7577.41 8932.1 5612.35 2113.01 9739.08 5661.34 3875.94 5548.74 8914.22 8590.34 7359.37 4188.79 9500.64 3729.67 9707.02 7469.65 4815.03 7863.61 4188.79 7126.77 7307.23 8231.11 5768.23 7427.09 6318.06 3590.59 1733.78 6658.16 8624.16 4188.79 5648.55 3604.16 8845.82 5577.08 8509.23 7128.32 5818.07 3478.78 3105.17 7149.13 4784.2 4188.79 4188.79 7493.87 4188.79 8464.44 9028.95 2110.99 4875.67 8714.75 7865.53 7323.57 5213.1 2203.91 5690.24 6806.69 3180.82 2033.81 3497.96 3978.98 7752.84 9734.18 2556.7 7275.02 4969.85 5886.35 6798.69 4188.79 8772.72 6271.38 1900.19 1613.81 7515.03 6617.85 6593.43 7964.76 9531.32 4188.79 7953.65 6625.02 9838.43 3710.71 4188.79 9572.65 6795.36 4188.79 1921.02 4188.79 7707.85 9751.57 8642.25 5465.42 4188.79 4188.79 8358.13 3997.36 6343.91 9277.45 9775.2 7602.26 3726.44 4188.79 7044.96 9096.08 7252.98 2076.78 9573.82 3115.78 5681.35 8939.04 4734.5 4188.79 2160.82 7963.4 5900.62 7596.84 9279.54 2174.93 4188.79 3545.5 8539.27 6748.89 5588.25 1592.77 6991.75 2361.29 3511.09 7334.91 8611.69 4188.79 4114.13 9815.24 8886.19 2042.65 6071.6 4460.32 8970.24 7630.7 8786.69 4188.79 8371.38 6708.57 9069.08 6040.46 5812.2 8475.91 5624.67 5333.62 6443.65 7454.47 4188.79 8109.86 7902.71 8142.96 5456.67 7093.32 2860.92 2689.51 3007.43 8695.81 6251.23 8324.49 3480.24 4188.79 6067.34 3823.31 8897.15 3194.07 9166.75 4174.49 3989.07 3826.17 9178.4 6049.35 2977.58 4188.79 3098.74 7567.45 9286.17 4542.34 5644.8 2921.99 7121.39 2239.82 5306.1 5718.58 4044.39 4188.79 6531.68 7567.96 8721.86 3504.02 2809.06 4713.52 4008.98 4188.79 3892.42 6848.99 3108.36 4188.79 7968.51 3493.61 5940.94 4188.79 2092.76 2984.74 7878.78 4188.79 5612.19 1692.01 6050.48 4008.65 7248.49 7189.72 1791.25 4188.79 7756.72 6966.78 4535.58 4895.34 8810.67 4343 2893.01 4529.81 3219.22 7345.12 8248.88 6903.82 5036.82 6210.35 3360.03 6131 7852.24 7756.72 9809.47 4669.5 5642.15 7989.47 2122.15 2065.19 7791.8 7577.56 4188.79 5002.88 6871.9 2660.39 4132.08 2349.7 7259.89 2943.82 9425.04 7291.58 4441.42 4188.79 3706.39 9777.33 5225.91 4188.79 8012.24 4432.99 5340.71 4188.79 4188.79 9449.17 4188.79 2616.5 4188.79 2162.12 5831.8 8021.56 6480.59 6166.43 2819.98 2075.1 9398.07 2308.12 7595.29 3004.98 6534.97 7039.77 3993.95 3738.07 4188.79 9339.67 9090.72 9194.94 3116.05 2784.87 9119.98 4188.79 5982.73 3495.85 2984.1 3302.41 2043.44 5005.26 6229.31 8826.37 5710.27 4188.79 2127.6 5747.03 3426.78 4634.39 8537.17 5141.75 2875.8 4188.79 5684.6 1725.95 9801.99 4188.79 1584.78 4188.79 6790.94 6923.66 4188.79 3664.94 4711.14 6045.59 2076.2 3822.3 5641.2 2746.47 4188.79 1619.04 5466.9 4188.79 7183.98 4188.79 9788.99 3182.1 7006.9 4188.79 8817.19 8740.73 4562.1 4188.79 6639.95 4188.79 8767.51 5274.64 7576.03 8185.32 9051.29 4938 7527.82 3974.99 7199.21 9661.65 3924.11 5619.53 7573.28 6843.72 4188.79 7981.23 4188.79 2868.95 3432.63 8771.13 4188.79 6247.62 3374.08 4188.79 2626.18 7197.17 3753.43 5801.78 6425.13 1653.68 5691.06 8096.11 9691.26 8123.09 2297.32 9809.84 4188.79 8223.83 5086.7 4188.79 4376.01 8612.15 2859.66 7829.04 7229.45 4188.79 4188.79 4188.79 5897.74 6576.75 4421.45 7656.02 2174.39 5809.91 7859.03 8998.95 8903.22 4188.79 8291.67 4188.79 7973.55 8536.58 8891.46 3883.37 6858.72 4188.79 9800.23 8667.89 4188.79 3646.75 9126.15 3330.64 6849.82 4188.79 3015.76 4188.79 9120.74 4188.79 8304.9 5204.7 5460.77 3121.22 3925.53 7594.24 4188.79 8621.42 7737.72 7211.83 8506.32 4960.44 7006.77 9596.81 9124.75 3932.31 7564.26 7532.33 4188.79 4188.79 8661.59 6823.99 7932.2 3445.89 3575.71 7352.18 4188.79 4188.79 2354.33 4188.79 7704.7 4896.54 6847.15 8446.53 4188.79 2018.12 6452.8 4188.79 3924.31 9342.58 6928.85 3907.33 2076.83 5873.12 8557.8 9364.2 9160.24 7575.49 7695.88 5475.18 2057.54 4656.78 2461.02 3130.73 4188.79 8465.69 9365.69 7684.02 2654.37 6844.2 7051.39 5545.49 5631.87 2453.61 3725.26 7474.96 7337.33 6987.88 5058.45 5640.36 2864.57 2336.1 2094.21 9018.47 7990.63 2351.67 6696.04 4188.79 4188.79 3839.66 6108.18 2597.19 7871.97 4188.79 5761.22 5617.09 2698 5805.94 8952.73 7061.05 3884.76 4885.01 7701.41 8032.99 6028.47 3314.78 4188.79 7927.1 2909.92 7118.06 1582.92 5677.95 6847.33 8122.1 5831.58 7075.88 4854.8 3910.82 6980.09 6326.58 9370.63 6817.2 4188.79 4188.79 3724.52 7290.25 4188.79 6185.46 4059.93 4188.79 4188.79 8657.13 4188.79 8624.76 3399.07 8045.78 8878.26 5101.08 8463.31 8577.48 8281.56 6905.36 5695.82 2162.59 4782.7 9745.12 8513.7 7775.8 6256.29 2574.41 3816.26 7133.01 5622 4188.79 2427.03 5862.28 7765.29 4188.79 6903.63 4024.11 4765.52 2933.02 3461.39 3477.58 7811.65 2002.4 5509.68 6906.48 6954.98 2826.51 4188.79 5470.45 4188.79 7822.32 5462.26 4188.79 5248.59 2376.91 8100.07 9771.27 4188.79 7014.96 3733.34 6915.48 4188.79 8766.63 3226.85 4188.79 8352.07 6246.28 5011.64 8514.58 8678.1 5797.94 8992.61 2075.3 8410.1 5888.36 2200.94 4504.89 5040.43 3251.48 6876.59 7269.44 3952.62 7327.62 2103.47 7994.47 7299.77 6204.93 4188.79 4188.79 8376.52 7482.76 9399.23 3236.36 4875.95 4188.79 2789.01 4188.79 9238.44 7355.02 7309.23 7564.62 3356.68 4188.79 4167.13 6870.98 6424.76 6724.41 2814.34 4188.79 2625.06 6110.69 7241.62 3204.79 3645.58 6548.08 5444.16 5856.8 2816.06 4986.61 2427.33 6915.92 5407.11 7619.06 7873.98 2993.85 4188.79 2491.34 9031.22 5657.81 6566.32 2846.38 4188.79 7290.91 4075.02 6744.55 5456.11 3669.42 5628.22 6084.02 6564.33 7709.91 8369.15 6140.91 2904.73 4689.86 5823.94 3659.78 8908.28 6645.16 3002.62 6609.93 3541.43 4188.79 7974.54 4934.58 4188.79 9050.23 6732.8 4188.79 4405.81 8451.56 7583.92 2180.97 8444.51 6318.8 2011.38 7580.82 4710.57 2709.25 6683.84 6610.79 2198.62 8891.78 2748.54 2106.95 9264.72 6210.44 7633.74 5860.62 8016.47 2818.41 7536.95 2837.06 8038.45 8041.95 4852.54 7961.74 5963.34 4188.79 3291.19 2344.29 8192.31 9071.53 6869.4 3459.83 3439.86 2872.67 2946.09 2925.35 4776.02 2546.99 8160.77 4188.79 9745.39 5355.82 7032.13 6027.53 7224.94 7464.99 4188.79 4188.79 2506.07 9746.03 7404.48 9557.69 7997.47 8154.59 8210.27 9213.14 4188.79 4188.79 4670.07 5581.31 4188.79 8848.21 6604.37 6440.36 4188.79 2684.38 6625.16 7812.38 6163.16 4188.79 1570.06 5515.85 2880.75 4188.79 7124.59 5823.52 4188.79 5876.21 7278.73 6612.16 1672.56 2151.54 2783.06 4188.79 7614.94 8978.61 2708.09 4188.79 6618.94 3573.68 5627.87 3927.79 2646.35 5578.62 7030.09 4188.79 4188.79 6940.02 6607.91 8895.85 8984.57 3363.01 7471.45 2136.12 2173.82 4188.79 4596.5 2504.63 3284.93 4188.79 5872.64 2519.37 3090.84 2728.87 9610.16 8903.53 4188.79 7197.83 2833.28 4188.79 2019.82 6427.17 2468.38 6196.99 3482.71 4188.79 2095.21 8507.86 4188.79 2042.28 9129.87 7897.7 2138.51 4188.79 2514.64 4188.79 7230.07 6462.26 2113.02 8500.19 5764.14 5497.69 4188.79 5970.13 7520.84 4188.79 2969.88 6930.68 2935.84 5092 4042.61 3219.15 5547.61 4188.79 4188.79 9707.98 2316.47 2860.07 8765.28 4188.79 8294.81 2269.68 4188.79 7176.3 3561.75 3551.06 6887.38 5844.86 7078.52 8501.58 2833.6 6997.49 9172.67 2353.82 4188.79 8201.44 9532.34 8904.61 7141.41 2284.22 3704.96 4188.79 5864.57 7727.59 4640.85 3647.48 7845.54 7570.86 1986.17 4188.79 5757.95 7978.37 3431.06 2369.77 7624.23 5297.05 6265.11 7144.11 8401.14 2118.37 8350.6 9446.8 7823.12 8039.64 7095.09 8915.77 9494.84 7517.5 9221.16 3412.81 7440.98 3970.67 4188.79 8194.39 4188.79 3665.29 5937.22 1827.98 2385 4188.79 3363.67 3430.33 5676.12 3347.24 4188.79 3328.07 5145.28 6464.98 9058.81 2653.23 6793.39 4188.79 3994.64 4188.79 4188.79 5631.45 2868.23 7819.09 8354.07 5725.95 3674.75 2145.59 3059.47 9817.42 7372.39 7154.12 5892.43 2085 2073.04 4970.59 3337.49 5867.33 9507.8 5601.15 6144.1 8807.12 4188.79 7051.81 4153.93 7378.99 2048.12 8757.87 4188.79 3151.56 5310.96 5575.44 7596.01 3692.56 7262.13 8489.16 4188.79 4053.64 7314.86 2213.45 2522.42 9755.25 6923.23 4188.79 7124.74 8951.52 7318.25 7029.87 4188.79 2155.49 1794.23 7859.96 2923.82 2007.06 3764.7 3387.63 4188.79 8826.03 9783.05 4188.79 4188.79 7501.22 2054.89 5713.19 9365.71 3056.66 2928.34 3048.07 3664.88 5829.72 5735.61 7512.16 5695.88 4188.79 4188.79 7303.1 2751.15 2100.81 2869.06 3643.22 2046.12 8606.09 9777.26 4188.79 2688.9 5644.67 5867.61 4188.79 4188.79 7632.67 3729.25 6998.07 5825.92 1835.53 7159.34 7119.25 2072.08 7080.96 6855.93 7208.21 3380.17 3457.7 4188.79 3073.8 7436.23 2473.18 7164.31 6271.49 2042.47 4638.29 4188.79 4188.79 3031.04 9005.28 8287.56 4687.89 3678.18 2699.67 8036.99 7928.09 2128.67 5578.24 1712.14 3574.92 8378.92 9135.61 2481.22 4930.56 9672.86 3504.49 9499.45 6487.71 4188.79 7701.34 2277.72 5512.98 4449.34 2020.64 7189.85 5626.45 4724.1 8508.76 7808.45 2189.17 4188.79 9132.22 6951.71 2042.66 2885.61 8250.66 8780.24 2250.46 6906.68 5814.69 7074.24 2448.71 6703.24 5858.47 4188.79 8384.89 4188.79 5688.04 4151.56 2054.37 2632.38 3060.39 3699.52 6605.41 9796.42 4188.79 9491.29 3005.17 4188.79 5118.36 2798.19 9105.65 8449.27 2395.55 5617.84 9556.8 6920.07 9748.52 5823.18 4188.79 6544.8 7258.66 9696.69 4188.79 2171.48 7527.02 5569.65 4188.79 5547.74 4632.6 8346.45 5572.98 8469.87 2013.39 5742.05 3361.83 8008.29 4188.79 4188.79 3255.1 5419.25 4188.79 3328.72 4188.79 2131.47 2133.69 4188.79 8868.86 4188.79 3341.15 4188.79 9813.61 5371.6 5695.26 6832.37 3449.08 5843.32 2043.72 2713.46 4188.79 2941.1 4188.79 2038.49 7007.98 3042.14 8538.39 2804.78 7640.81 4188.79 4188.79 2263.33 6687.74 8952.15 5743.09 9515.26 4188.79 2194.56 7310.11 7491.58 7602.61 6946.69 3296.34 4188.79 7618.84 1698.37 1965.59 1659.85 8389.15 7206.92 7538.04 7104.67 7507.94 6812.75 5578.54 4188.79 6618.29 2950.68 3240.33 1981.13 6384.27 4188.79 1605.35 2922.22 4188.79 8398.73 4188.79 7994.08 3674.09 2013.72 1802.68 4188.79 4188.79 3082.83 7188.55 2887.59 9684.62 8616.58 4188.79 2147.97 2272.99 5622.16 6950.64 6909.32 3021.91 6634.24 3222.63 8326.74 5604.88 5789.3 4188.79 4188.79 4188.79 4188.79 6149.24 8525.4 1815.41 2767.18 8986.73 5866.13 8394.01 4473.56 3932.38 4188.79 4188.79 8138.05 2895.68 5529.18 3821.06 8949.98 8883.86 5016.27 3375.83 6545.62 4188.79 9178.34 2187.11 9175.83 5807.54 2449.75 4048.12 4082.13 4188.79 5086.61 9386.52 5534.54 4188.79 2869.41 6909.97 2745.61 3318.45 7600.64 9746.02 2112.25 8678.41 4188.79 6966.35 4188.79 2661.14 7097.44 7087.79 4188.79 7360.13 2612.54 4188.79 2981.06 9622.12 8389.3 8209.9 7188.57 8253.79 9782.39 8274.56 5541.49 5755.81 5802.65 5555.11 5497.78 8594.88 8450.93 1975.51 8692.97 2549.84 2679.54 4188.79 4188.79 4188.79 8313.12 3991.03 3908.72 4188.79 4188.79 2922.99 1460.49 6895.24 2454.62 4188.79 3882.25 5863.51 6954.97 6978.51 7573.73 3048.1 5823.6 9728.66 8121.65 9805.65 2037.28 6736.5 5126.15 4188.79 4188.79 9604.72 7464.21 2481.22 4826.8 6561.92 7612.77 2112.69 8231.63 3283.02 9000 2116.61 2601.12 4188.79 8745.97 8661.39 4012.25 2630.51 7184.04 4804.84 9019.43 5343.5 2147.27 2949.72 2201.32 4732.25 4188.79 2619.64 3741.1 5679.79 3098.3 8011.66 4188.79 2721.47 4188.79 5801.2 7811.11 2337.82 9369.17 2984.37 2169.22 6828.59 7821.88 5620.98 3468.57 1826.71 5542.42 5155.89 3756.37 2401.49 4188.79 9500.58 1966.12 5024.24 4109.55 4188.79 4188.79 8631.99 7251.41 4188.79 5665.82 8767.92 2022.2 3770.92 5910.85 5959.82 5525.65 4188.79 2018.49 2084.7 9661.85 9122.3 6129.27 8391.25 2874.78 6819.7 4188.79 9285.42 5460.21 3861.33 4188.79 7421.08 6015.62 9426.79 2154.37 4188.79 6535.28 9595.73 3191.85 2887.17 1508.64 5976.22 5841.03 9067.31 5796.27 6439.05 4188.79 7078.75 7161.58 3533.81 7439.55 2132.08 5668.8 3574.54 3631.45 5264.61 4569.7 7030.27 7134.58 5771.59 2876.76 2685.76 3777.21 5866.49 4188.79 5851.45 5544.81 4188.79 8933.1 7919.9 2857.52 4753.05 3863.41 5863.11 7999.97 5888.07 2082.09 9312.88 8594.3 2133.82 5664.92 1665.62 9263.13 2293.65 3203.6 4188.79 2158.17 7423.91 2953.39 3377.52 5882.22 4182.03 4894.51 3100.74 5864.97 4991.19 2379.83 2508.61 1800.04 2055.99 2337.56 3862.51 6902.37 9257.84 4728.44 8649.34 4915.35 5611.94 1569.13 2098.68 7803.83 4188.79 4724.21 4188.79 4188.79 5224.95 8881.08 2117.41 6487.37 9181.46 5864.12 4188.79 7448.85 9306.71 2021.86 4188.79 4468.89 5199.49 5602.23 5484.83 7283.93 3120.9 8380 9450.53 9672.15 2954.32 4188.79 4188.79 7487.52 9788.29 7127.84 8395.18 6422.94 2196.83 4188.79 5877.34 4188.79 3701.99 2324.14 3022.74 2957.57 8637.25 3634.28 3023.15 3269.43 2739.92 5756.16 2092.89 9137.25 6827.49 9590.28 9453.99 7226.06 5680.62 1638.27 5811.74 2955.44 7322.39 4838.79 4188.79 3007.53 4188.79 2801.12 3984.55 2016.18 2050.2 2793.54 3971.33 5152.36 5797.34 3899.57 9667.47 2704.26 6073.36 7281.1 8807.45 6347.3 5081.66 4188.79 7144.19 8685.7 9056.27 4188.79 9606.14 2081.85 2875.02 2048.52 2144.15 9684.27 8712.59 5520.03 2925.69 6821.79 4188.79 7977.28 3480.92 8365.05 4495.23 2131.94 7155.87 4188.79 6543.71 2701.34 2663.37 6385.29 5804.21 6382.23 4188.79 8592.1 8178.12 4188.79 2171.05 5756.74 6187.82 2647.61 3340.85 4188.79 6058.53 4045.34 4188.79 4188.79 7614.59 2841.83 2191.62 4730.63 3755.11 2873.84 4188.79 6368.69 3791.65 3937.16 1952.88 8426.39 6822.01 4188.79 2917.77 4188.79 9491.19 4182.32 7496.22 8342.06 2646.26 4188.79 9797.95 5633.41 7549.84 4188.79 4188.79 5632.89 5259.87 2018.66 4188.79 5701.05 4047.9 6877.23 2112.12 5620.94 2229.39 2894.99 9558.36 5641.86 5520.14 9379.4 2801.06 4188.79 4647.79 3668.91 8025.01 2212.35 4188.79 6981.16 9662.05 2628.83 4188.79 6658.42 5785.82 5026.84 6265.56 4188.79 4188.79 1546.69 6493.92 4188.79 2003.26 2189.83 9236.34 6851.75 5515.46 4583.95 2050.36 1683.92 7217.16 2270.64 2847.32 4188.79 7831.2 4188.79 2416.1 5732.39 5479.78 5857.28 7063.12 8509.47 2038.57 2281.98 6773.94 5257.19 3672.75 5700.89 7818.98 5005.3 4188.79 5749.01 9652.14 3505.3 2272.72 4188.79 5535.9 5135.37 2158.88 4188.79 3108.58 1928.34 1931.99 6280.82 3026.54 7577.85 3784.81 7369.71 4645.89 1702.38 8320.38 9801.07 4188.79 4188.79 5819.8 5688.43 3893.49 5929.76 4188.79 8773.09 4188.79 2070.61 8330.98 3603.58 7777.49 7579.22 4188.79 5761.93 3877.83 3821.92 6701.29 2427.46 7676.63 4188.79 7936.81 4775.02 3005.31 8165.14 2872.45 1926.98 3460.38 4595.91 2943.78 2716.5 4188.79 3335.14 7051.52 9083.28 9327.53 5731.94 5638.46 5151.74 9754.17 8966.06 8563.04 7451.46 2247.92 5787.15 4188.79 4188.79 2628.36 4188.79 2838.69 5307.68 6559.87 5791.67 2008.02 5576.32 2838.31 8864.69 5732.16 6857.41 2048.44 5488.7 7546.33 7392.8 2536.49 4188.79 4188.79 4139.3 6731.08 9072.49 4071.24 4188.79 8555.31 9397.6 4188.79 4188.79 5616.17 8526.26 8972.5 4800.48 5202.63 4188.79 1999.67 2051.93 4188.79 3760.7 1999 5558.1 5553.78 8393.32 4605.32 4188.79 7304.52 2809.88 4188.79 3053.29 5408.74 7262.71 6606.59 5603.73 4188.79 2662.72 2804.86 4930.31 7059.69 2887.78 2149.9 6516.94 3415.33 4188.79 5855.87 3321.54 1689.05 2106.92 2946.69 5069.83 5644.84 5911.04 8583.58 9708.3 4188.79 6053.06 7608.86 2847.92 5604.07 8519.17 2820.58 5471.09 5356.53 2648.92 8609.34 6238.61 2013.93 5357.76 6050.72 6034.58 8939.68 5573.59 4188.79 2383.34 2598.22 7411.1 7539.06 4188.79 2223.55 7349.28 6469.53 4563.09 4188.79 5125.95 4188.79 4582.37 7388.06 1726.53 4188.79 6804.7 3621.75 4676.95 8548.95 5942.91 8403.66 5570.69 2536.08 5830.15 2753.71 5483.78 9640.11 5880.65 5149.39 3627.77 2098.22 8898.47 8602.25 2878.82 2775.8 5531.85 5568.3 1543.55 3485.04 4188.79 3674.16 4992.03 4188.79 5075.91 4188.79 7336.12 2793.84 9354.64 8557.6 2828.93 4121.92 7618.81 2820.58 6917.6 5477.48 8785.32 8539.47 4188.79 2909.37 3062.85 4903.1 4188.79 7554.77 3117.96 2926.36 5704.97 7601.5 3853.64 4108.66 8065.21 4188.79 4188.79 7359.44 8160.48 3647.25 6021.89 9540.3 3930.19 2724.23 8647.31 8287.19 7156.9 4188.79 2058.52 5488.77 7010.98 2103.76 4394.93 5645.01 5461.67 7027.57 2935.29 7486.66 7325.04 8487.75 4188.79 4955.94 8040.15 4188.79 2772.94 2147.9 2913.26 1649.07 3799.76 9193.87 6791.92 2240.3 5567.49 3584.56 3184.84 3736.15 2647.06 2110.32 4517.09 8979.38 3511.94 5548.88 5522.3 8497.43 2737.06 4188.79 3896.7 3357.39 8522.88 4188.79 4188.79 3289.4 8454.41 4188.79 7407.81 7394.6 2298.73 3078.62 7968.67 2023.45 9120.33 2437.86 8876.2 4188.79 2048.34 6886.24 4188.79 6917.72 2194.42 1686.46 2091.93 2360.48 4188.79 2776.84 6073.9 4188.79 3859.93 7563.74 5443.88 7065.9 4188.79 2409.16 2710.91 2091.35 2883.92 2890.92 6546.32 5778.63 6177.93 2803.34 8845.29 1688.71 4188.79 5801.47 6080.49 4188.79 4859.65 2365.81 4107.62 7223.37 2723.21 5460.96 4188.79 2930.48 2117.67 2751.69 3048.7 8844 4477.6 2172.98 9314.31 4188.79 4188.79 4842.19 2433.57 2255.37 8245.2 1696.25 8840.7 6251.52 3980.88 2026.73 4188.79 9161.1 4890.73 2098.01 7471.84 3687.96 8409.77 8506.76 4188.79 7019.12 7863.11 9264.8 3512.29 2206.96 6251.17 2846.48 4107.14 2033.38 4775.29 7548.84 5446.91 5645.41 2842.21 5758.29 9708.7 5358.99 4917.19 8310.84 4425.47 5482.61 4962.63 3891.45 5820.99 5631.4 5801.09 4418.16 4188.79 5860.9 7915.86 4188.79 7338.64 1773.43 8772.69 2139.03 1906.2 2058.23 4188.79 6150.18 5738.3 2362.6 2028 2434.36 7416.98 6008.43 8392.48 3700.82 1710.6 6955.74 5466.67 7327.5 5857.45 5622.38 4106.93 4906.94 8429.65 4623.34 5324.73 4188.79 8079.35 8017.82 5557.28 7175.81 2866.49 6932.66 5865.12 5445.23 5343.87 5043.57 2421.95 5833.69 3034.04 7477.02 6913.88 8923.38 2427.7 8259.07 4188.79 8157.53 7726.79 4999.16 4769.24 5217.04 6688.4 7096.69 9197.65 1701.46 4188.79 2876.42 2586.21 4935.81 7259.03 5956.03 7187.86 3503.48 8534.83 4188.79 4915.74 2275.8 2177.41 6616.66 9566.52 7429.88 2874.43 3513.85 5471.44 3382.3 2399.85 2802.83 7710.48 8177.76 2900.28 4188.79 8504.89 4188.79 2295.27 8814.68 2058.16 3562.73 5379.23 6108.9 3491.85 3855.31 5760.59 5991.14 4706.49 3938.28 5061.71 9531.92 4000.48 7868.64 5566.12 5103.06 5547.92 7716.59 4188.79 7871.35 2185.81 5854.7 2006.57 8289.96 4188.79 4188.79 5535.33 5707.92 5580.24 9050.53 8740.85 5522.58 4188.79 3985.08 4072.27 1818.43 3711.99 3085.01 8402.83 2074.86 2393.62 2328.58 9079.5 2145.55 4188.79 1979.87 2315.55 4188.79 5622.37 1756.92 9687.1 9205.09 2343.46 9532.88 5995.27 4188.79 7467.78 6879.23 2078.91 2869.12 4188.79 1748.48 2024.49 5176.12 4188.79 6936.78 7068.2 4188.79 4343.83 4188.79 8088.58 3348.71 7192.01 2679.98 2464.85 9064.22 4576.1 2365.44 2777.01 2064.32 5228.16 5538.01 1656.29 5226.65 4188.79 4188.79 5406.6 4188.79 8603.45 4903.48 2524.78 2461.14 6548.1 2371.62 3692.31 4188.79 2269.91 2451.11 4398.06 5500.69 2045.33 4581.18 4188.79 2030.16 2046.1 5349.95 9392.32 2889.2 3203.45 2762.57 9122.4 2082.56 2018.55 7660.34 6124.27 9363.74 2911.91 5914.66 4188.79 8226.94 2474.54 2704.51 4188.79 8329.06 4188.79 5635.26 9188.82 4188.79 5618.06 3300.16 8709 2061.17 7227.98 8728.75 2889.97 2854.12 7020.77 4936.24 2159.28 5477.9 4188.79 6811.38 2917.39 4188.79 4188.79 8885.92 7921 6780.39 2007.67 4188.79 2043.5 5832.28 4188.79 5599.49 8107.79 8373 2136.82 2888.58 4633.22 5643.35 4188.79 8183.69 2888.38 7501.81 2622.49 5488.84 5534.5 2203.76 2093.67 5690.02 3371.63 6287.18 5572.59 3681.63 4135.75 5652.22 4188.79 7952.17 1901.02 2899.35 5817.79 4448.55 2847.22 4188.79 4792.09 4749.22 2404.26 7182.44 5445.64 2364.57 2934.52 8901.4 4188.79 6537.15 7915.95 5654.08 5481.9 5662.27 3497.65 2713.98 4188.79 5792.6 2016.78 1799.05 6718.38 3606.74 3361.64 2123.1 2898.25 4188.79 5471.47 7431.45 3711.85 4444.92 7099.13 5442.06 2797.46 8886.49 2028.01 5081.22 5595.27 4188.79 2198.6 2407.56 8979.27 8174.11 9450.89 8297.74 1996.42 2485.39 6995.72 4188.79 3673.59 8871.27 4188.79 5198.11 7047.46 5791.62 6767.41 4138.52 7853.44 3688.63 7954.39 5820.99 8816.39 4188.79 7172.59 3744.7 5342.05 2055.47 4453.47 5846.04 4188.79 2020.83 5182.01 1809.97 7875.41 4188.79 6154.31 3753.83 9095.87 5047.17 2175.4 8059.11 4188.79 3729.82 6782.67 4188.79 2901.98 6816.88 3976.99 2817.15 3009.39 5685.23 9105.34 3377.76 5557.96 1683.39 7899.4 8562.89 9809.98 5712.2 3499.29 4188.79 6041.74 5458.91 2178.35 4704.84 4188.79 8799.8 1666.26 7325.34 1977.4 5588.18 1768.8 1737.75 9317.22 5787.86 4188.79 5808.23 6629.38 7131.27 5065.85 1641.65 6318.18 8043 5877.2 5719.15 2913.7 2234.88 2813.36 1639.47 2814.38 5571.14 9081.05 5838.62 4188.79 7005.15 2655.25 1686.94 4188.79 5400.64 2173.22 2742.91 8015.75 2763.16 4188.79 7268.81 8777.98 4188.79 9536.76 4188.79 9186.44 9358.09 3073.06 2071.91 5628.85 4838.09 4188.79 5480.67 4746.06 2885.36 2644.75 3496.44 9581.34 7535.17 6452.89 8505.11 4188.79 4188.79 4188.79 9026.97 4188.79 4188.79 2732.45 2516.36 2013.84 7165.68 5424.78 4188.79 5984.71 4135.17 4188.79 4188.79 5888.17 8882.16 7784.35 3579.81 5792.19 6058.5 1984.3 4664.29 6299.95 2069.35 1588.75 4188.79 2763.52 9705.6 4683.17 4188.79 2069.95 6989.88 6347.89 5867.54 3731.28 4188.79 8495.99 3697.27 3244.31 1854.1 1763.4 8860.36 4188.79 7885.48 2715.16 2082.82 4702.57 4188.79 7338.88 4020.69 5750.53 4645.57 5528.76 2699.02 5642.46 2652.3 5581.09 2655.77 4188.79 5827.86 5744.87 8429.32 4857.96 5514.29 2611.42 6268.38 1678.74 2560.21 1751.51 1610.28 7690.21 7446.85 2946.45 2263.78 4979.8 2049.06 1969.8 2174.73 3841.26 2445.76 7958.59 5690.04 7649.58 6198.98 6859.69 7824.84 7375.47 3404.69 2166.84 8550.45 5679.38 8664.05 8239.86 5482.48 5135.39 2753.44 4188.79 7493.99 4188.79 3537.35 5738.03 4188.79 9237.19 4907.96 4710.21 3530.84 4188.79 4188.79 5645.13 4188.79 4188.79 3132.77 5592.38 1834.09 2813.2 4188.79 2660.31 5591.41 6642.59 2144.93 5055.95 5504.89 5626.37 3122.24 8218.86 6468.85 8356.54 3285.55 2084.33 4525.51 6974.48 5574.76 4789.11 5847.09 7328.92 4188.79 5739.83 4692.43 6128.17 4082.56 4188.79 7627.87 7260.81 5767.49 4188.79 3532.43 1796.5 2815.03 2028.04 2682.27 2461.97 8220.03 7167.62 5998.83 8888.69 4188.79 7211.28 4188.79 4988.49 2237.87 8382.56 7160.73 5826.8 7515.13 4188.79 7812.19 8774.51 3563.11 5685.33 4188.79 2052.27 1700.91 3046.34 2466.13 5627.08 5134.83 2355.35 7504.05 2857.19 8733.54 5629.99 5868.59 2599.84 5022.19 5811.07 7672.53 2869.02 9135.35 2970.98 1497.23 4530.94 5583.87 5814.84 2938.63 2027.66 2814.2 7608.15 6997.75 5829.67 5828.02 5470.12 2642.38 1806.95 4935.34 2033.92 3215.38 3894.76 4188.79 8281.54 5948.91 4000.43 7496 5844.32 8033.13 6335.6 8710.44 6000.25 3411.24 9482.67 8901.69 4188.79 8247.32 9506.95 3553.92 7458.05 4188.79 2313.69 7007.69 4188.79 4067.45 4188.79 1791.04 5655.32 7609.18 2160.24 4188.79 4188.79 9258.79 8935.57 1883.47 9764.57 2144.75 9501.28 5071.83 4945.25 4188.79 6371.41 7157.69 5785.15 1971.4 9065.03 2194.41 4188.79 5672.27 4465.4 4188.79 8450.59 3359.56 2084.45 8129.85 3433.21 2001.47 6911.71 6081.74 3044.49 2060.52 2881 2005.91 5434.42 7519.62 1649.09 4188.79 2914.58 7444.06 1647.02 7030.97 5771.46 2921.98 5427.52 8617.14 2933.77 2133.17 1683.87 2037.27 3440.24 5821.74 4838.11 5050.39 5428.8 2175.17 5230.88 4188.79 6906.03 5850.31 7286.18 6153.86 6638.77 5693.62 5511.17 5554.78 5682.05 2589.43 1998.58 1558.33 4364.28 4677.42 5605.45 6367.37 2384 8591.25 6927.93 5237.93 4188.79 7503.58 1720.53 2690.1 5454.41 2008.61 3543.8 2345.83 7020.47 8830.49 6136.83 9139.94 5778.35 2002.2 5494.65 6819.31 4188.79 2390.73 4188.79 2039.91 1890.9 8066.48 4188.79 4188.79 2087.17 2764.65 5625.39 1819.95 2923.41 3853.8 2116.98 7522.44 3811.61 2044.41 4188.79 2524.32 1984.22 5531.06 3285.15 2873.29 9612.64 1852.21 8363.02 2166.42 2561.66 2957.46 4487.69 7979.43 2082.92 5714.54 8854.22 9242.84 7747.89 4188.79 4188.79 6636.42 6961 9289.19 5781.23 8530.67 8976.92 2131.62 5468.91 5574.13 1997.23 4860.49 1908.19 4188.79 5759.87 7798.23 3051.62 6787.24 3379.74 8917.69 9415.27 3730.31 2535.26 2830.6 5507.86 9756.02 6818.99 9233.73 4188.79 8474.49 5660.49 5682 7218.2 2188.2 2147.13 2529.86 3822.88 4166.18 1668.61 8407.4 3529.84 2147.84 1726.14 9602.04 1645.35 7218.28 4188.79 4188.79 1519.62 5466.1 2045 8218.49 9102.96 8951.89 3946.73 3149.28 2859.24 7436.43 1804.22 1633.35 1501.42 2110.48 8752.7 4670.27 1800.68 5754.17 2005.45 8177.38 2892.21 4898.81 2060.53 2133.81 6847.11 5834.32 4188.79 5691.47 4188.79 8911.78 3868.43 4188.79 5467.3 8656.97 2166.59 3633.79 2097.44 5419.84 4188.79 6944.27 9577.39 4495.73 7187.26 2756.77 6154.83 7197.54 4188.79 4799.05 4188.79 1930.91 3634.57 4188.79 2945.04 9001.03 2296.66 7334.2 1977.65 4059.63 3554.3 4188.79 4188.79 4188.79 4188.79 9525.98 5514.96 4188.79 8220.44 5611.34 4188.79 8655.37 7131.58 3725.21 4188.79 5542.29 9753.32 4188.79 2679.71 8330.23 4369.25 4510.96 5686.99 2003.18 9198.77 7451.4 3180.54 2141.85 2774.32 7166.12 5572.45 6503.47 2125.36 1978.66 5541.06 6398.63 1511.41 4188.79 8909.52 9186.58 4022.2 2016.23 5177.82 5569.31 3594.22 1970.7 5382.36 1746.75 4188.79 5589.45 2109.06 8654.73 1681.26 3298.52 7918.01 7957.69 9581.07 7182.44 8103.72 2701.76 4188.79 5586.25 3529.13 3976.23 8715.18 3840.65 4188.79 4188.79 3273.75 8947.28 4188.79 2617.18 3752.6 3199.61 4188.79 4188.79 7850.19 9187.19 2620.22 3639.3 3496.25 4188.79 8233.96 1537.18 2550.84 1918.36 2006.54 7283.63 2824.39 8006.52 2142.54 1773.85 2140.45 2996.23 1642.58 2099.7 8465.7 2053.78 5157.72 5713.85 2907.66 4188.79 2791.16 1932.94 4188.79 3156.3 2137.3 3554.35 6206.02 9124.21 1645.48 1781.28 2479.1 4188.79 2152.1 1599.21 2707.07 2264.12 2342 5680.57 4188.79 3869.56 2030.83 2795.18 6199.68 5505.03 2964.79 5618.61 2752.8 5722.13 9043.11 5785.55 5798.01 4759.78 5718.05 2096.51 5494.65 4877.8 7172.2 2066.58 4404.49 9261.97 1853.17 6803.62 4188.79 6102.21 2679.36 4188.79 7253.26 5506.65 7053 9177.47 9260 8142.58 2096.07 3018.33 3681.28 9586.06 2044.11 3259.59 4980.44 2664.92 1845.89 8176.12 2133.76 1669.42 2069.28 6785.29 7964.53 4188.79 4188.79 1991.22 8216.68 9218.15 7803.69 5715.06 4188.79 5466.33 6781.63 2036.56 2071.62 4188.79 4149.74 8404.71 2910.28 3951.28 8512.08 8994.41 1810.13 4188.79 4188.79 9443.66 7588.78 4978.7 4188.79 9088.63 3102.59 2274.33 2153.38 2185.18 4188.79 5977.62 2516.98 6822.38 3080.3 4144.37 8598.75 2979.86 6618.54 4188.79 9585.2 4036.55 4168.49 6838.66 3346.86 5618.15 2797.04 2175.07 9374.48 4188.79 4188.79 3892.01 2715.12 7035.4 3117.17 7855.37 2071.38 2041.81 2857.88 8649.99 4188.79 2767.48 2996.23 6269.6 4972.62 9255.34 1752.05 4188.79 3592.23 2853.66 3370.98 2803.83 2752.29 7902.66 2109.88 4188.79 2049.24 1778.16 2097.02 6866.26 5704.68 4188.79 1659.63 5721.89 2002.39 5705.27 2805.53 4775.68 2006.17 2162.06 2043.3 2421.06 5453.04 4461.75 4510.13 1627.3 2012.32 1573.43 4102.87 5517.89 1510.77 4188.79 2097.98 5755.13 8910.33 5072.29 1823.57 6020.36 4188.79 5830.94 2827.1 2787.97 7112.64 3146.28 5640.31 7164.89 9689.21 4188.79 4188.79 6444.88 5043.09 7486.95 2929.53 4188.79 6957.95 8763.49 4188.79 1601.28 4188.79 7049.73 4593.55 1658.97 5209.26 4034.39 7872.44 2085.32 8085.23 2113.14 1778.43 8734.78 1989.5 4188.79 3357.3 7791.9 2128.06 3767.18 3558.27 2772.16 3356.76 4188.79 1610.77 6329.34 1559.9 2021.71 1958.54 4188.79 4188.79 4188.79 2156.17 3029.45 5765.24 2061.19 4959.22 4188.79 5718.98 5490.61 8312.39 2091.14 1934.42 1839.5 5617.93 7077.35 2076.17 3037.75 3344.69 8772.57 7505.19 2950.78 9628.49 2126.2 3426.7 6710.08 4188.79 4188.79 2002.1 2131.05 8463.77 6120.47 7166.03 9685.57 5673.1 8457.67 9615.89 4188.79 4015.69 2186.39 8800.36 7551.2 2158.32 7336.39 2053 3491.64 2368.04 1675.95 1558.87 2161.57 5813.63 2775.92 4188.79 7895.25 8739.64 3751.39 2030.62 8521.69 2839.11 2894.85 6860.01 3760.84 9501.18 6941.88 4188.79 2062.92 9650.93 1693.95 7087.6 1988.17 2012.85 3707.78 4188.79 4188.79 5651.21 5821.82 2851.91 7067.18 3557.54 3577.83 5753.3 7924.39 2013.86 1602.41 5045.33 3880.99 2066.93 4619.72 2846.22 7805.23 5549.05 4188.79 4678.62 1791.68 3861.93 5263.67 4188.79 5658.28 2119.91 2852.58 5932.33 2465.23 4188.79 1995.53 5575.19 4188.79 4188.79 3269.51 4895.29 9478.92 8522.89 1701.12 5114.73 3894.12 2218.54 2196.82 2787.43 3289.6 6887.83 6458.84 2654.12 4188.79 2392.68 3522.01 4188.79 4023.9 6954.31 3823.58 7131.38 4188.79 9583.85 3108.93 3210.06 8523.35 7187.58 4544.8 7559.39 2018.18 7912.29 2180.19 4188.79 8356.35 8926.32 2179.17 2535.35 2811.8 3187.9 5472.79 3265.38 7643.19 4188.79 2808.75 4188.79 7743.67 5427.33 5841.65 3207.13 3038.15 3250.46 2985.75 2176.83 2013.6 8254.71 4188.79 7860 7377.4 2555.44 2647.12 5652.14 9258.94 3298.67 3819.95 1940.98 4188.79 2888.62 2896.95 1995.45 7287.14 1494.42 2614.92 1624.23 2131.25 2761.98 7796.92 8952.23 3523.66 9158.2 2015.78 4140.31 2327.44 2928.69 8519.01 3018.39 1793.51 2070.42 8699.33 2924.65 5444.09 3316.89 8594.45 1992.81 1834.56 7109.3 3276.45 4188.79 3873.28 2054.97 3734.43 2793.78 9810.67 4188.79 2054.06 2801.19 1555.41 2764.14 9699.45 2750.13 7429.18 4188.79 2776.61 1905.92 4188.79 2114.38 7506.37 9686.67 4188.79 2119.26 4060.75 4188.79 2671.86 2067.28 1561.48 5476.69 5572.48 2314.62 2456.43 2181.52 7043.49 5738.45 2100.45 4188.79 9052.4 7184.77 2865.69 6959.92 2987.34 2948.66 4735.01 2701.23 2903.32 2773.4 4188.79 4426.79 8351.67 3396.41 7272.42 5830.37 4084.5 5790.19 5547.33 2733.97 2128.27 2101.62 2153.14 2481 2797.33 9817.36 7188.11 4188.79 1765.72 9623 4188.79 2562.32 9092.47 8474.34 3350.85 6645.38 1960.7 5652.99 4760.18 5814.78 7065.89 8633.54 2279.14 2013.06 3239.82 1804.74 4188.79 8770.01 3673.58 5775.75 2392.8 7258.37 6772.57 3036.51 2825.87 2173.2 2121.2 8490.28 2065.38 6884.94 9523.79 2291.84 4188.79 3284.82 3808.78 4188.79 3201.8 1575.11 2879.76 5477.43 9831.09 3087.82 8171.9 3422.3 3155.29 3281.18 3611.34 4188.79 1675.48 9620.91 4070.09 5698.56 3190.35 3843.9 8935.56 6816.72 5467.63 1722.1 4188.79 2622.68 2076.32 2186.27 1835.4 2038.99 2375.19 1955.52 1607.37 8379.87 3262.1 4188.79 6320.59 2319.09 2982.97 4082.18 4923.31 4188.79 2667.39 7733.03 4188.79 2145.44 6615.49 5555.34 3388.48 2450.88 8296.36 4188.79 5576.19 2813.26 4188.79 5576.48 2583.74 3352.74 2421.75 7184.5 2409.53 4188.79 3503.97 7801.39 3135.32 4188.79 2078.47 4155.31 7050.96 2049.76 4188.79 7485.76 7659.84 1780.8 2182.22 1593.57 5231.1 6731.6 4076.87 5049.1 2339.45 5487.96 4462.2 4188.79 1743.59 1734.17 1961.57 1994.38 1766.21 2016.82 2093.77 9007.69 4981.49 2041.66 4530.99 1651.71 2128.26 4120.83 3293.49 2154.2 5047.46 5743.25 4188.79 2056.83 2471.46 4188.79 8585.11 2545.48 8657.02 7853.96 3743.85 5197.61 4031.06 9701.44 2836.1 7385.92 2182.08 5336.86 2000.6 4188.79 2000.59 3895.82 5844.77 4188.79 1957.48 1897.31 2177.15 5527.27 4043.83 4188.79 2166.59 2170.3 2883.42 2714.23 1877.49 2444.1 2860.12 4188.79 2134.42 4188.79 2946.53 2145.07 7145.75 7364.41 1538.5 4188.79 2804.01 4138.99 3056.99 8409.14 8888.37 3686.43 1829.12 2446.64 7932.14 3198.81 2165.34 7423.8 2836.34 8501.75 2289.03 2221.44 3871.48 5739.62 5695.53 4188.79 3223.7 3278.97 4154.61 7142.14 3228.54 2265.28 4188.79 2179.57 2673.69 6239.89 3267.91 4188.79 7314.38 3348.56 3607.15 3637.7 9240.49 4188.79 4188.79 3571.73 3874.94 7974.38 1904.39 2966.76 7749.22 3078.08 3642.57 4151.07 3046.82 1987.46 4188.79 9174.88 3626.6 2169.2 4188.79 9519.06 4188.79 3623.57 4188.79 3878.95 8957.34 3396.99 7095.63 3676.93 2187.72 2710.67 6056.24 2251.66 2784.3 2116.71 8411.32 3784.32 7858.18 6436.37 6372.26 4188.79 7164.32 2158.72 9163.68 3717.67 1593.79 9678.68 2670.58 4188.79 4658.71 4188.79 1959.54 5466.72 4188.79 4188.79 3635.47 2906.17 2007.61 2751.75 2771.11 7080.73 9443.56 3557.52 2421.87 2923.34 8587.36 1990.19 4188.79 3492.85 4188.79 2466.34 1990.63 5681.42 4138.24 6930.29 2133.21 5798.75 7673.49 2187.32 1633.8 8795.41 2105.87 2133.04 2078.11 4188.79 2185.61 2492.46 4188.79 2568.85 2117.17 1978.68 2860.17 2979.89 1946.75 5423.16 5466.89 5501.67 7038.06 4137.48 1701.96 2020.27 9214.4 3575.92 4188.79 2113.93 2786.81 4693.41 5653.17 4188.79 3925.04 1579.05 2952.29 3587.78 7423.06 7023.4 1779.92 4188.79 3497.33 4188.79 4188.79 1574.67 2055.1 8498 5853.02 5746.48 2737.88 2799.93 3743.74 1996.31 2092.18 3970.74 4188.79 3288.86 3023.29 2660.1 6895.28 3715.79 4188.79 2009.29 2192.31 4188.79 4188.79 4188.79 7630.89 6537.64 2299.99 5616.96 4188.79 8107.33 2636.05 4188.79 2551.54 5278.01 8335.19 3001 1656.96 4188.79 3623.41 3496.09 6912.18 1658.94 2645.05 7587.04 4188.79 7754.92 3072.35 2140.48 5694.37 1591.78 5484.66 9029.09 2770 2083.06 5056.44 2176.72 2176.85 2158.11 7271.01 3008.01 4188.79 7414.76 4188.79 8308.99 4188.79 3126.55 1679.02 4043.71 2812.05 9624.65 2864.54 2481.54 2744.21 7704.34 2881.89 1587.8 7302.68 2753.62 2103.79 9451.34 2087.98 3361.61 2883.36 3162.81 4188.79 1995.08 2717.24 5528.42 2578.67 2559.95 1640.66 2016.91 2772.62 5556.34 4188.79 2000.05 2791.64 2102.96 6214.58 2595.17 2858.24 2690.2 3097.51 4188.79 2392.57 2130.56 9776.05 7565.58 2250.2 2943.12 2645.91 4188.79 4188.79 3371.74 4188.79 2133.32 7289.09 3777.24 7262.46 5798.39 2823.03 8304.83 5573.38 5220.45 4537.61 2057.17 3384.44 1938.14 3003.4 2055.03 7003.11 1779.19 1673.08 1629.02 2121.86 2148.88 2019.6 5738.31 2406.29 2780.27 1937.53 4188.79 4188.79 4188.79 2372.93 2111.55 2805.74 2922 5740.74 5771.89 9711.96 8447.58 4188.79 8843 4188.79 1613.56 2869.35 2543.08 3905.4 5286.33 2057.74 1716.24 2035.41 3729.77 1967.29 4188.79 2065.69 2730.17 4188.79 2995.2 4188.79 4188.79 3832.52 4188.79 4188.79 5668.46 1966.71 3316.09 2358.97 4188.79 2189.12 1928.1 3695.41 3046.77 4188.79 3719.01 3045.72 6500.99 2764.18 3728.92 3934.66 8048.25 3540.84 3443.41 9348.62 2203.45 2686.15 2021.32 3681.15 4188.79 2094.58 2751.94 2131.64 2075.78 4188.79 2690.81 4188.79 3305.87 2948.11 2450.27 7767.14 7194.76 2600.89 2762.45 1748.57 4188.79 4188.79 2797.33 4188.79 4188.79 2235.56 2912.39 4188.79 7468.1 4188.79 5628.49 3494.06 2211.56 2897.37 4188.79 2523.64 4188.79 2347.93 4188.79 7267.66 3801.84 2787.82 3041.17 4188.79 2662.97 3803.11 3655.7 4188.79 4188.79 4188.79 9500.63 2170.67 2227.05 4188.79 8406.24 5583.5 3948.69 2739.36 3295.12 3179.53 3723.67 2877.59 4163.63 2166.39 3268.27 4143.78 7863.54 4188.79 3637.43 7644.94 2428.8 4188.79 3920.8 2170.13 4024.75 3595.78 4188.79 2136.86 3247.71 8513.81 4188.79 2645.42 2209.57 6324.29 2318.32 2355.03 2340.64 4188.79 4188.79 2010.44 1578.45 4870.28 3428.69 2104.46 2745.16 5464.94 9356.73 5573.85 6491.92 1787.81 4188.79 3369.76 4188.79 4636.5 7035.82 2660.88 2060.73 2461.47 5811.38 4188.79 2032.62 5839.35 2088.34 5437.2 1638.81 2978.36 2382.89 3233.44 4188.79 2030.47 4726.21 2951.78 5638.95 6380.62 1946.46 4188.79 2600.41 2177.54 4188.79 2811.09 4188.79 5839.14 2186.59 5817.79 2071.81 6941.39 5723.56 5775.59 2449.32 8890.28 4188.79 2322.62 3772.49 5682.99 3532.25 3974.88 3809.77 2453.1 2183.13 2677.16 4188.79 2071.12 2748.14 2166.7 4188.79 1997.17 4188.79 3600.65 2996.38 5790.82 3604.03 2324.67 3152.58 4188.79 4188.79 2562.3 2911.48 4046.4 3417.14 2804.04 4188.79 7048.15 4188.79 2167.96 2294.65 9109.18 6956.74 2046.94 4188.79 4838.38 3585.54 3835.65 5694.29 7082.16 4047.06 3078.54 5269.15 3576.23 4188.79 2038.47 1714.97 3106.89 7632.06 2594.89 4188.79 2075.69 7152.55 2725.53 5588.63 2201.8 5364.59 7910.82 4188.79 4116.2 3191.05 4170.8 1868.96 2921.39 4055.76 4188.79 5853.35 3528.39 2926.53 3737.99 2961.74 2106.34 3551.91 4184.45 2690.52 2442.23 3612.3 4188.79 7125.53 4188.79 3885.81 4188.79 2113.49 3526.6 5433.32 2996.75 4188.79 2881.9 6787.62 3781.67 2485.01 1622.68 4188.79 4086.1 4188.79 2730.37 3363.99 2895.52 7068.55 2683.66 2863.75 4188.79 3062.05 2462.39 2130.27 1568.54 2595.57 2640.95 2840.19 3385.37 2487.82 4102.56 4188.79 2788.72 2707.38 2174.95 4188.79 7132.63 2154.87 8501.65 2716.5 1664.38 2977.91 3996.49 2022.2 2694.42 3436.91 1710.65 3502.45 2182.25 3507.56 2144.68 3036.85 1784.52 5651.15 2145.49 1770.97 4188.79 8454.98 1625.59 4012.81 2193.34 4188.79 4712.95 2067.59 1599.33 4188.79 1751.03 2823.07 2009.22 3256.95 2608.57 3743.06 3511.35 2689.81 8302.77 1640.52 4188.79 2069.53 3350.98 3519.88 3330.03 1644.09 1972.96 2012.48 2742.99 1582.87 3024.82 2170.98 2079.73 2036.69 3931.04 2821.01 2145.29 3176 2874.82 2078.79 2697.74 1649.12 8073.2 1648.02 2112.47 1555.84 3021.17 4188.79 3985.33 2737.58 2818.24 8443.89 2848.4 2302.49 4188.79 2320.4 4171.9 3721.58 2795.99 3130.96 3994.45 3211.75 3666.89 2481.6 2618.44 3602.58 2668.73 2567 4188.79 2076.04 4188.79 2146.51 4188.79 4188.79 3561.73 7027.33 4188.79 3911.97 2021.95 2604.99 4188.79 4188.79 2832.28 5618.89 1991.96 2845.38 1820.11 2911.98 4188.79 8526.92 3658.36 3793.82 2863.18 3871.25 9808.08 8580.16 4188.79 3158.01 2807.18 8958.02 4188.79 3076.15 4188.79 2013.39 4188.79 4188.79 4188.79 2916.88 3866.99 3655.18 2255.49 2768.51 3302.21 3106.98 4188.79 1964.99 2106.44 2708.07 4188.79 3963.6 4188.79 2113.69 3725.32 3739.61 4188.79 3563.41 3664.07 3358.71 3769.56 4188.79 4188.79 3246.21 2918.15 3510.81 2168.97 3153.67 4188.79 2181.73 2142.67 2488.69 3497.66 1827.34 2637.77 4188.79 3757.42 2496.09 3211.36 1690.38 3566 4188.79 2395.24 3831.49 4020.07 4025.17 2883.26 3570.1 4188.79 3224.01 3926.74 4188.79 2973.66 1765.25 2771.77 2773.14 2586.38 3852.41 2731.61 1994.37 2580.74 3908.31 3539.05 2051.97 4055.94 1702.46 3626.36 2468.12 2409.28 1948.21 2888.87 2148.53 4188.79 3722 2840.49 1743.38 2152.23 3193.09 2186.4 2840.15 3135.25 2737.5 2132.06 2700.48 1652.81 1852.39 1775.04 2015.59 1870.03 2181.18 4018.92 3949.34 2048.31 1488.58 2871.58 2917.69 1721.74 2947.73 4188.79 2063.43 2713.48 4188.79 2085.03 2201.05 2425.7 2366.68 4188.79 2925.98 2763.18 3631.66 1634.83 2536.11 2190.21 2884.81 3171.28 2106.24 2512.59 2127.62 2746.41 2237 2684.29 2074.41 2102.25 3890.86 3234.21 2175.4 4188.79 4188.79 3771.1 1872.68 3730.89 2090.11 2791.35 2148.49 4188.79 3485.06 2943.47 2274.76 4188.79 3145.87 2140.67 2968.84 1932.91 3638.56 1497.27 2595.44 3780.82 3707.56 2713.86 1968.19 2034.59 2131.96 2011.64 2936.75 4188.79 1813.84 1940.94 3124.66 4188.79 2843.68 3280.92 2154.98 1832.76 1695.37 2314.42 2146.14 2864.24 4041.44 4188.79 3674.87 2970.87 4188.79 3113.77 3831.34 2973.27 4184.56 3174.8 4188.79 4188.79 3339.46 3735.58 3401.63 2107.95 2101.44 2760.8 4188.79 3517.94 2037.03 2873.59 3788.44 4188.79 2171.44 2784.2 2457.2 3513.58 2776.43 3287.38 2310.3 4188.79 3729.98 2064.57 1803.02 2077.8 2027.97 2522.88 3634.14 2598.66 3352.24 3110.64 3560.7 2792.56 2766.24 3229.85 2052.67 2014.97 4188.79 3225.17 2784 4031.49 2133.9 3044.62 3470.25 3431.49 2630.63 2747.04 2714.19 4188.79 2001.68 3256.7 2926.2 3285.42 2591.02 2916.57 2635.08 2858.97 2095.9 3572.88 2580.09 3378.08 3866.36 2813.86 2096.86 2842.96 4188.79 2306.21 2160.79 2130.63 3788.79 4016.77 3387.89 3373.12 2917.04 2217.7 3575.09 1800.58 3774.5 4188.79 1921.91 2043.86 2772.8 4165.02 1548.94 2172.56 3033.23 4188.79 3575.72 1836.3 4188.79 2849.02 2141.6 3596.27 2075.65 1822.1 2097.65 1827.26 4188.79 4170.45 2548.67 2693.26 1689.99 3866.84 2668.4 1531.43 4188.79 2077.24 4188.79 4188.79 4187.57 2360.86 2261.89 2151.52 2595.65 2971.37 3709.35 1985.03 2846.39 2365.1 2186.69 2121.88 2193.71 2560.53 1800.32 2171.88 2666.81 2799.11 3898.36 2858.23 2192.48 2179.5 4188.79 2022.37 4188.79 4188.79 4188.79 3995.05 3248.54 2051.49 2106.94 2332.05 2635.66 1644.19 2119.44 4084.66 2556.09 3160.6 2001.07 2793.32 2610.19 2017.31 4188.79 3982.6 4188.79 2155.41 2255.42 4188.79 2158 1985.34 1803.43 1597.08 2002.52 3175.19 2111.96 3662.95 2321.48 4150.59 4188.79 2151.51 2076.1 3630.02 2954.39 2115.75 3300.45 2344.69 4018.97 3935.85 3832.11 4008.75 2076.62 2078.19 3700.59 3806.33 2940.98 4188.79 2562.43 4188.79 2453.61 2059.13 3870.9 3255.15 2043.79 3984.2 3134.98
        </DataArray>
        <DataArray type="Float64" Name="trail" NumberOfComponents="1" format="ascii">
 41.6155 42.3165 53.7112 47.7162 39.5773 70.2891 53.98 51.1641 50.2869 63.2344 46.3436 46.374 57.7765 41.2647 51.5056 48.0756 54.8437 51.8763 57.323 47.4339 49.9942 39.9378 45.855 52.0659 49.7573 52.114 39.4937 49.137 37.6041 55.2751 59.3596 39.5869 54.7495 48.5072 57.2563 53.8705 52.1895 46.2771 48.0848 54.7671 51.1087 54.5014 40.0075 53.3349 57.273 58.9572 54.8018 51.6955 49.756 59.8239 51.195 55.9574 57.2197 54.9858 55.0608 62.1247 56.7692 39.4922 58.3859 60.0853 48.3478 40.7155 53.1567 53.3121 56.9024 47.1544 51.7457 53.5424 53.2417 58.7405 62.2809 36.3956 44.0602 51.8954 47.4318 47.9724 60.9891 50.901 53.6879 43.6735 53.7332 59.8583 51.0071 51.0794 53.9153 51.8749 43.3102 43.736 45.5186 50.8811 52.2752 39.7139 49.0784 55.2693 58.0975 50.9633 54.2125 55.5256 54.7984 54.4746 42.9256 47.1542 57.0171 51.9087 62.4053 51.7904 53.0471 50.5435 57.1069 52.1979 43.8804 48.0534 51.7539 60.9854 52.6161 51.2451 46.8785 45.5172 47.0573 52.0248 53.7161 49.6301 41.9736 50.3045 52.8058 52.1514 60.9347 44.4683 58.1615 59.5062 43.8576 51.5227 45.6894 54.316 44.7163 56.1981 50.2141 54.9902 53.995 55.1322 43.2986 43.174 51.9673 54.516 46.0644 51.4897 47.944 48.0475 48.2727 55.7167 47.0886 56.3663 52.8103 47.4772 52.2132 42.7292 50.2481 33.3589 41.9266 51.4823 63.2745 55.0809 52.4094 53.977 46.4209 59.6883 58.086 51.209 57.6231 46.4259 61.521 55.7763 48.4828 46.7284 44.3166 51.5835 55.2085 47.4895 51.0251 59.669 51.1992 58.3986 47.5762 59.8301 52.445 44.5805 47.3296 62.7911 47.672 48.8318 59.1882 51.4301 65.0541 54.9344 56.6431 57.9894 56.2705 51.9623 53.4346 54.112 51.4535 42.8113 52.9505 35.4179 44.7514 50.9906 59.0452 47.921 43.4928 43.195 49.073 52.3099 56.7395 44.2878 48.9313 57.9275 60.8196 57.5006 61.221 56.6199 45.9402 60.2879 46.9118 50.2113 51.5588 50.7327 55.6839 51.4967 56.6402 54.3408 45.4828 49.6369 51.9376 49.4828 44.5979 47.672 54.4515 49.6019 56.4649 45.3985 46.2864 46.5974 48.9168 59.3929 51.159 50.6991 58.3546 51.8837 50.4694 49.4102 50.1812 48.2226 48.0301 47.1438 61.2682 48.1774 43.5865 56.7776 52.13 43.6949 48.6024 55.3778 43.8196 60.9753 49.5627 55.6216 55.4049 46.7881 51.0892 51.6849 50.9506 65.2736 44.383 52.4928 51.1996 50.851 53.5963 60.7733 49.4859 60.8879 50.8736 49.1798 40.032 45.1135 54.6092 50.6214 48.052 54.3225 51.822 45.0082 49.628 50.2379 51.382 41.497 45.7745 49.0604 43.5549 54.0604 48.9353 48.5286 45.6753 51.6182 52.5593 42.4692 54.6836 67.0786 57.6678 40.4103 53.0837 37.5506 46.5406 45.3881 43.8983 42.2142 49.5785 42.1731 50.6623 63.8577 57.6544 45.9146 54.5097 50.0925 57.6231 55.024 51.2312 61.5673 51.5471 50.2518 50.3393 57.8261 59.4415 49.3656 52.4097 45.834 54.9455 55.9938 46.8295 46.4359 52.2878 49.1391 46.496 56.4167 54.4196 49.7962 37.0624 58.8737 53.5141 46.9429 56.9947 45.1667 57.4667 44.8363 51.4445 58.7105 50.0476 58.1722 56.1149 52.5862 44.7422 46.9335 64.0276 58.0279 49.4858 47.3102 47.9146 53.3954 16.3273 51.5042 53.9236 38.6371 56.2771 55.0007 51.0944 43.3161 54.5649 48.7254 46.8377 52.8094 45.6553 52.819 60.6268 53.9519 55.6941 56.7738 59.7652 56.4651 53.7227 51.0497 57.1545 53.747 49.7149 50.3596 52.3576 51.8082 47.3492 47.4633 47.1591 48.1086 50.0759 45.3588 60.7618 54.0215 47.8047 52.7056 46.8007 49.3386 57.0526 48.4642 57.3785 62.6491 59.3176 60.4484 49.6681 55.5665 60.6875 60.5431 42.3211 52.6101 54.8566 45.3483 55.4439 58.8139 53.1891 61.3047 54.2167 58.849 47.733 59.5698 51.8319 56.1815 48.2244 49.8389 49.6172 49.2984 40.2008 47.2186 50.0952 51.0865 37.053 53.6837 62.2961 56.5778 53.7267 46.7018 57.0012 49.9264 55.5875 60.2999 52.4343 54.5187 58.3116 55.0005 49.7153 53.9131 55.1471 47.9012 58.4774 58.0539 52.9769 57.5481 54.5567 53.1701 60.4722 51.7411 57.3267 52.3533 48.4058 50.6164 51.8655 50.4407 39.1151 44.0439 50.2224 40.8735 48.7546 46.8394 61.2526 57.7807 45.9306 51.4227 48.3796 46.894 47.7389 61.8697 53.4022 56.1107 48.779 52.2549 47.535 44.7241 51.337 42.2966 48.517 59.4539 54.3154 53.231 59.0938 47.3798 51.0744 46.9016 60.5885 63.3967 58.9265 53.4869 51.1986 52.0828 39.602 58.5358 54.111 50.1037 49.5101 50.1754 49.7911 47.7011 53.5994 58.4756 57.8188 55.2252 50.8034 38.2157 50.1154 49.0113 47.489 51.7462 56.759 43.4607 46.1373 50.0136 61.29 42.9993 58.0455 42.9835 56.4222 50.6032 57.1549 53.1739 43.0538 49.2707 53.2552 58.2901 52.7002 51.4643 57.6298 51.7455 42.7914 53.8245 58.3665 54.4185 55.1106 57.9124 52.9662 45.8277 50.9036 44.6286 47.144 50.2679 44.9233 45.3028 49.7314 53.6245 53.5223 36.6983 54.0406 48.2376 34.5574 49.5266 51.7748 48.4849 55.7097 45.5636 45.6809 46.0724 42.8945 44.2988 49.9939 50.5118 47.9981 48.0581 55.9146 45.5757 48.8532 41.5349 30.4191 50.0991 59.8367 51.3925 48.3224 50.0887 50.5374 55.5158 51.8323 55.5526 56.1358 50.7363 48.5618 53.5211 38.2462 59.3835 52.9 48.1932 54.5376 51.0012 51.6262 39.0017 54.987 40.8058 57.699 48.5183 46.9842 44.1673 45.0592 51.3104 49.8535 61.142 45.765 42.3836 51.615 53.3313 53.4712 69.5118 58.2691 51.9801 52.2657 52.843 46.9069 54.139 56.753 43.9271 45.2795 50.8678 42.9764 59.6271 44.5283 57.9435 59.4527 44.4796 52.0352 47.2904 48.0984 54.1475 51.4163 47.128 55.8069 55.2641 60.587 44.0755 49.4028 52.0921 60.5424 47.9401 58.699 58.7333 52.3693 51.0661 45.0156 49.0851 56.0818 59.4735 50.464 52.816 52.1454 48.0145 56.5382 61.636 56.4945 56.6662 56.0426 50.7502 47.0988 51.6764 55.6061 49.8101 47.2875 40.7402 47.4733 48.6318 44.4476 57.698 43.4792 48.032 47.2397 49.9239 53.5164 53.553 48.0686 53.5015 41.4109 54.5109 54.1223 55.7096 40.3307 58.6497 55.0746 60.3424 48.6341 51.4848 45.6703 53.6593 46.8511 54.9584 42.7599 47.1757 51.7884 47.4801 35.4613 51.1579 47.1516 61.6544 59.6274 52.7337 48.036 47.3949 47.8148 58.32 46.5468 46.3789 32.7323 53.2515 63.1805 55.1794 40.6288 47.2768 54.407 54.4309 47.9811 46.8171 61.2884 59.3794 53.8825 53.3795 57.0929 59.0473 55.8435 46.9638 47.2397 44.1146 54.274 48.3152 57.5113 52.216 58.0975 49.6633 46.313 55.0133 56.8236 61.4758 61.1663 38.3938 60.2125 61.5236 48.6361 50.7841 47.2766 51.5846 51.7295 46.8662 55.9024 42.6833 45.9091 62.6168 52.4667 51.0456 49.0927 58.0738 55.0834 55.3367 49.6942 48.7849 50.3333 61.1017 48.9085 62.3053 57.1101 54.8671 49.1945 47.3452 55.9578 56.7423 58.2379 54.5832 48.3907 51.6723 45.84 49.5721 45.9149 54.6697 48.3729 47.5575 59.8755 49.5403 58.6829 45.7102 60.2734 54.3747 57.8023 59.3829 49.2321 41.8034 43.3502 52.9708 55.7355 42.7733 55.7507 57.1189 45.9011 51.1714 52.5702 46.2226 43.5384 54.7458 52.0882 57.1708 56.4461 57.4274 50.0192 60.6151 55.8258 61.778 53.0086 57.0243 51.9339 57.7427 48.372 41.5407 63.9059 57.3379 52.2297 54.3713 62.9051 49.185 47.7045 45.56 49.7365 39.1199 48.9833 43.5114 53.9814 51.1613 56.0254 59.8262 48.4867 34.4462 51.4677 52.7948 53.3014 52.2262 45.674 61.3889 46.6869 62.8943 54.4006 51.7832 39.4606 12.6619 48.0538 46.3381 52.4599 50.6826 49.3137 46.0508 50.1807 57.8535 59.9171 58.7589 51.1516 60.889 46.777 52.5079 50.2342 54.1465 48.21 27.116 52.5694 13.5116 57.7706 54.7701 54.8631 55.0547 52.586 50.6429 54.5871 57.1676 50.7662 54.0084 51.7439 45.3141 54.6668 56.1725 45.5797 53.4448 50.7501 53.0569 44.3799 48.962 44.2482 52.2778 53.0719 37.8737 54.2595 54.7827 50.5841 52.4583 52.08 51.2265 46.0909 42.2703 41.4428 51.886 49.9892 55.0893 55.4739 55.6501 49.6883 52.8498 57.2365 57.275 54.2111 53.2859 49.1354 47.523 48.977 52.4242 48.7601 56.5544 42.8692 45.6818 47.1034 48.7999 61.5659 58.9178 44.376 41.7773 46.9932 53.508 52.0432 61.8016 54.8424 61.5002 50.4132 54.981 48.2912 47.8473 50.3684 60.6349 39.6644 56.734 48.9468 47.179 54.1391 52.5606 55.268 52.6879 29.1064 48.8811 46.949 48.7687 51.91 51.5856 57.9328 50.2623 60.2592 54.1445 53.2344 14.4086 47.3347 46.8467 49.2528 54.7944 55.3091 44.9985 59.98 50.6371 53.2692 57.7955 42.7101 53.4675 54.8909 65.5036 49.0395 41.512 61.1205 45.733 58.6533 55.1615 63.1247 58.4777 42.9606 48.1139 63.5226 47.9037 49.2807 59.6327 54.8077 54.3678 51.951 59.2622 53.0342 58.9828 44.5414 47.9762 51.2533 55.4361 56.2126 46.9638 57.6233 70.9913 61.3527 47.2477 48.8782 52.0916 54.0562 54.658 53.4743 52.3868 50.5002 52.5744 47.7788 50.3375 65.3112 59.9025 44.0754 53.6768 48.6366 48.9003 17.3205 45.4539 47.068 56.0803 56.8948 54.5487 52.7379 49.6913 46.5746 50.9199 48.3369 47.3283 52.0663 43.4199 52.1043 53.0779 45.1155 44.6991 58.2387 40.7041 45.3183 55.9307 42.1216 44.7547 45.9087 47.4672 48.0437 51.8809 51.1438 52.1881 45.6505 51.9257 56.2205 50.76 51.873 51.9829 51.2573 53.5142 49.2171 58.4923 57.3684 39.4043 56.467 54.3243 45.2051 52.4646 47.2986 53.9559 50.3869 44.3628 50.5805 51.9208 57.6147 46.1656 56.6428 49.4206 50.9742 53.2834 48.6086 44.7158 48.3069 51.7284 48.0712 62.5184 51.7339 41.208 64.2698 45.6177 51.4963 50.2041 54.3324 51.548 57.6362 53.7738 54.255 21.0205 52.6192 42.0119 53.7449 52.171 49.1747 46.6872 54.9167 46.5846 48.9043 60.7283 42.9566 51.3144 59.2884 53.0942 39.3871 48.6883 49.0067 44.2486 42.0075 45.7764 49.3985 51.9169 44.3822 40.0663 56.1541 46.1527 43.5032 53.1292 57.9317 49.1442 44.106 48.1099 45.118 53.7161 51.6838 47.5941 40.2399 44.4309 50.4508 52.3765 50.9468 42.8407 38.7117 40.2415 50.216 43.2063 43.5933 52.8031 46.1356 55.6009 46.7698 57.4763 40.703 52.5285 52.194 41.3655 52.9423 38.2469 50.1307 48.6421 41.9512 52.2621 41.3863 49.2512 39.8003 30.0382 50.5007 48.1603 37.2374 48.1594 51.0185 38.5071 45.8231 46.6347 43.0925 44.1395 37.2811 40.5019 35.3171 41.7005 48.5116 51.6499 6.04237 43.2178 44.7306 45.6864 44.5861 56.0476 38.7806 40.5275 39.3204 31.0832 55.9694 43.6366 46.6252 43.2224 37.742 47.7327 48.9683 41.0859 38.0445 46.4129 44.5061 51.8113 37.3178 46.3116 39.2682 39.2279 45.2005 51.6733 40.0633 46.9117 46.7618 48.9579 47.6219 41.8089 44.3425 46.6441 36.7182 51.377 53.5039 41.5467 43.1592 45.0739 35.6523 54.9112 43.6038 42.2305 46.3064 48.1023 42.0245 47.8276 44.3021 43.142 42.6002 42.0899 26.3504 42.1233 38.6578 39.6259 40.8424 45.8724 41.3963 39.9851 41.3539 39.7104 46.2217 47.7511 42.0531 47.4616 35.202 48.5132 46.5093 43.3922 35.5742 53.7316 43.3355 37.6673 51.2393 45.6154 43.7435 45.6245 47.3256 40.9778 45.9267 36.3233 45.495 35.2885 38.9617 47.3119 47.6143 45.3811 41.6149 44.7926 37.9937 43.2798 39.635 44.2707 43.0013 50.0591 40.4456 43.9796 38.9455 51.8869 42.6241 40.5786 46.5118 39.4444 40.3093 50.3793 47.3456 41.1255 42.1004 43.121 36.7963 38.6255 39.5582 49.1781 44.9602 44.8077 49.1226 35.3505 40.6816 47.1622 35.7917 37.1927 48.2942 34.0993 40.9131 42.9713 33.6086 45.7159 45.1263 38.0214 42.3086 39.0426 41.6688 31.1077 45.7534 36.5058 39.7295 45.2706 41.0913 46.5869 49.9641 38.7442 39.4784 35.3585 35.5278 35.1803 23.7565 37.3869 43.236 29.8203 31.9349 33.3327 39.336 28.6965 36.5595 35.4547 44.5335 39.8528 43.6354 33.8087 44.7828 35.9861 43.6404 33.473 43.8893 41.5553 46.213 49.2467 42.8401 43.9429 38.99 32.6784 38.2062 48.6774 40.4616 39.2758 33.8683 40.8529 45.9043 33.1307 37.2913 42.4935 33.0916 46.0469 44.7964 37.6644 47.2358 37.1274 43.1943 45.7526 41.4826 47.6383 34.467 42.7607 44.1924 36.1666 39.762 45.4137 39.0005 40.8522 33.4821 40.7421 42.7618 45.6177 33.6807 40.8474 39.7314 38.7786 33.9506 36.2475 30.0828 44.6826 47.1767 26.2652 0.829589 51.0383 38.9294 41.3877 36.4589 37.8639 37.9511 45.457 35.9712 43.6316 37.1875 41.2262 40.3888 37.7327 34.0698 43.6962 39.4163 40.0332 43.9848 45.6913 37.6327 32.9908 37.6273 44.8379 50.7046 40.8083 43.4489 34.589 41.6204 42.5976 37.3213 40.3895 40.9791 2.27671 48.7621 41.7022 27.0576 42.9906 34.3052 29.9446 35.2368 45.3859 40.8423 33.155 38.2275 49.4235 38.5367 38.1998 38.262 40.5824 32.7976 41.0342 45.0689 35.5875 45.8258 45.4678 42.3206 37.986 38.0221 46.9792 43.5192 30.3531 46.4012 41.1381 35.0879 31.7005 30.1695 39.4592 38.2864 36.9814 39.1393 40.1194 28.2581 40.4154 33.6788 37.639 35.1528 31.5804 40.6854 37.5095 33.5604 32.7189 38.9706 40.5267 29.8266 43.6763 40.5232 31.4371 25.2536 35.2269 32.3515 42.2445 41.9444 36.966 39.0389 43.5608 43.5495 30.6462 32.123 40.0502 28.8657 30.5425 34.8861 33.9943 36.9386 39.2567 45.2299 39.4022 35.4973 39.5876 44.4417 36.044 38.3914 40.3527 43.0669 35.1513 40.3205 43.3028 40.183 30.11 35.4399 31.3417 32.2297 39.4873 42.5715 29.0639 28.4236 34.3691 3.99664 39.0553 37.995 38.9096 39.1954 31.7351 34.8276 45.3243 30.8946 36.5561 26.736 38.368 35.3777 35.3363 35.9736 38.3341 33.9926 41.683 36.2065 37.077 48.5597 35.6868 37.7405 41.7185 42.152 38.5767 32.1432 38.0953 35.6925 41.2072 39.0063 29.2396 37.5382 31.401 40.0503 38.3702 44.1389 35.6037 22.4243 38.5766 37.5078 32.1367 34.3936 21.9027 36.3441 45.4072 39.5316 44.7809 40.5259 39.0581 29.9855 26.0586 36.4121 43.5679 36.8858 35.207 34.8914 34.4624 34.0181 38.2776 30.4711 40.3446 39.2979 36.2181 35.7658 27.8361 38.958 43.165 40.3949 39.1752 31.7601 21.6767 38.4978 37.4134 36.0965 31.3111 36.8822 28.7383 34.9531 41.9399 40.441 32.4227 38.3218 1.82119 34.3314 34.9532 39.23 36.7435 29.5653 38.8304 37.3375 31.1527 34.0004 36.6274 24.2869 43.683 40.2065 31.8361 32.1654 40.7269 35.6636 42.3917 30.1561 32.3137 32.4715 33.2898 35.5101 33.3142 28.8767 35.6929 37.7219 31.5226 34.8208 39.8334 38.2833 32.2441 37.033 34.7501 24.7452 36.8327 40.1839 23.5983 37.8644 33.5635 37.3781 33.7456 30.2333 35.7656 34.0803 32.9949 30.8636 35.6742 32.8654 33.3733 39.4803 40.4812 42.6187 36.3916 35.2107 34.7052 30.0365 33.9653 39.9445 35.9969 38.9931 37.2345 27.8245 31.396 44.8049 34.8246 35.3832 35.6653 30.2984 35.558 39.9335 33.0923 30.627 9.11594 25.1839 30.9155 37.253 31.8353 40.0268 30.2941 38.4577 30.9578 18.0698 27.5981 38.7247 29.432 38.973 34.8582 36.318 40.2276 32.762 30.5886 33.8205 30.5471 26.0019 26.0029 31.077 32.3805 42.4466 31.5255 33.7255 34.1322 25.0754 33.84 31.1541 22.9439 31.4466 36.2846 23.8219 33.5741 30.0941 33.7862 32.9459 32.7446 33.1091 32.5225 29.4762 38.0393 36.5436 39.8987 30.0018 31.2038 36.5058 33.0474 33.7494 27.1673 34.9397 24.9828 29.5634 33.6334 32.9706 37.2958 29.1736 38.1924 29.6848 40.7461 37.9332 38.3852 26.745 30.4446 40.1775 34.1775 33.1393 23.6418 37.2724 34.4218 32.5785 33.7173 29.0641 26.9056 27.8369 35.2053 38.232 34.3253 32.4639 31.0669 32.207 32.6881 35.3116 30.9244 29.6582 34.1093 27.9604 30.5207 28.7336 38.5577 32.3316 32.4754 25.4678 28.561 30.0881 27.1934 37.3255 31.0991 36.3504 35.3397 27.7834 32.918 41.0836 32.2715 26.674 31.8207 32.1911 30.8562 39.3824 42.084 32.6424 31.0187 25.8456 32.5008 24.3687 33.8564 33.8542 29.731 26.2663 30.1086 32.796 37.7717 35.2073 24.2716 33.8582 39.0559 31.319 36.1122 44.0493 42.7259 31.4342 31.4922 33.9361 21.629 31.4876 27.7743 35.5556 24.2295 35.6978 32.4725 29.4344 38.9147 31.389 33.923 35.4357 31.836 28.4837 30.6057 38.1996 31.2252 28.991 38.0926 32.5201 27.5694 26.1037 32.6711 34.8479 30.5005 32.4091 25.938 20.5802 37.6571 26.1691 29.196 19.9038 33.3303 35.9024 29.149 32.0834 21.408 22.2367 33.5093 30.62 42.1352 35.6566 30.1043 31.8163 33.2037 33.2283 28.4832 34.7273 33.7828 27.9083 28.6315 36.5135 26.7472 33.4017 32.5243 35.0227 25.6337 33.5023 27.8049 28.2641 37.0615 37.7339 22.1585 34.6693 19.0494 25.5724 35.7542 30.2941 26.952 28.6345 32.7134 28.4525 36.6771 29.4845 30.5338 39.8579 40.8682 29.9488 32.7694 31.5447 26.2791 35.2062 29.5252 24.1817 31.1471 26.874 34.4779 30.4945 26.3097 34.3858 27.0758 27.8503 30.7155 26.1676 25.8158 25.318 36.6057 23.8785 25.0431 30.1819 29.8839 36.5638 29.0131 33.8753 28.7703 33.7669 28.862 30.6655 29.6286 24.5516 23.0601 30.0992 33.04 30.9968 31.6902 32.3062 35.0425 32.5898 32.1289 29.3094 37.3821 31.6999 31.6212 27.696 33.1648 29.89 28.1705 31.1669 33.5894 46.3275 29.9739 34.8006 38.5407 27.7088 28.6018 34.1131 26.2391 37.0881 30.3967 23.7043 36.6745 32.7568 25.0319 32.4786 31.2386 24.636 33.6917 31.358 23.4452 24.2308 27.1597 36.8181 29.4367 25.5047 37.2122 33.6484 31.2446 23.0286 7.6845 29.8492 30.4953 27.4272 36.4506 28.2013 23.9149 28.3893 27.1526 29.8384 38.0015 30.5102 32.017 28.0764 24.5467 26.7452 24.3428 22.2878 38.3522 23.5488 30.1587 24.7163 15.1425 27.2871 29.8409 33.3051 24.7737 31.9376 34.7168 25.6474 22.4023 22.9302 31.2344 30.391 28.9322 23.5458 28.0909 18.919 33.7728 31.5487 29.4811 34.8761 29.5543 25.9819 34.3227 33.1413 20.117 25.9271 25.9809 20.4681 38.4133 28.4729 36.6312 29.7402 28.848 35.5518 29.3962 39.3334 32.1434 31.5515 31.7106 26.0563 23.0395 29.6817 18.8286 29.6447 24.7808 22.0182 24.5746 31.5921 26.6174 28.2342 22.8217 28.8756 6.66273 32.6347 19.5938 28.4255 25.2023 22.3969 23.9702 26.7661 27.4939 16.8368 31.3806 29.6306 22.4049 25.2137 28.9923 31.2155 29.6513 28.9538 33.6292 30.2156 31.8775 26.2003 21.2775 28.9449 24.499 28.8716 20.8691 30.9481 26.9596 25.0605 25.2026 25.9563 22.5785 22.818 29.5189 26.5859 36.9013 32.1969 32.774 30.8392 27.4322 33.5019 33.0162 27.4453 30.0759 30.6007 25.3446 28.7824 29.6425 28.2617 38.197 27.2182 35.9881 29.065 26.6994 21.4606 27.9369 27.7418 21.3248 29.3553 32.6443 28.9501 29.6521 29.7413 29.8439 30.3573 25.3057 22.1805 28.7132 31.9408 20.2831 29.9372 21.8914 26.8543 24.7072 29.9612 29.7013 12.6332 25.2999 31.7313 34.9309 25.2918 29.5838 30.2733 25.9571 27.4834 27.0932 31.3848 32.3949 27.1746 23.1444 26.5219 32.3184 32.067 24.9021 35.5664 26.3778 27.2065 27.984 22.4338 18.8977 24.4591 25.5628 24.5101 22.6222 25.5011 26.6699 24.596 25.4432 26.284 26.0762 33.5854 22.5778 30.2353 29.8354 32.5021 28.6277 25.0218 28.3461 40.0627 20.1227 19.997 31.6149 18.6793 24.6596 30.063 27.7762 26.6068 27.3522 27.2643 20.4416 18.5699 23.6414 26.1227 24.2202 19.682 24.7754 29.0855 21.8544 30.5401 26.7608 30.3095 36.8418 23.3829 27.4002 23.8759 29.8869 22.7464 24.0828 27.8205 27.2904 30.111 28.9209 24.9075 24.0613 26.3774 28.3094 16.8301 33.7395 24.1435 24.2158 24.432 26.6258 27.0054 27.1601 28.1454 23.0475 16.9858 23.7083 24.6667 31.3689 25.4915 25.021 25.9613 25.2343 30.2873 21.0079 36.3231 30.2318 31.3057 23.7786 27.4446 31.4283 32.0056 33.9729 24.5268 25.8938 24.996 18.2516 25.4447 23.3716 29.3077 21.889 22.1969 25.6697 27.1114 27.66 23.3485 7.02737 30.6282 23.9895 17.9529 30.7327 26.7733 24.4717 28.3787 20.5781 22.0562 32.8811 27.278 23.7094 28.1986 26.4198 33.4161 20.8324 25.8325 27.7468 29.303 26.0413 29.3351 29.33 28.2348 26.0745 32.1379 23.6241 23.7235 25.5521 24.668 25.7361 25.5573 17.735 26.0473 24.6583 28.8003 29.2566 25.0567 24.0987 16.5549 25.4009 23.1044 22.4236 23.7972 23.3051 25.2696 26.2288 27.3379 22.0089 28.2811 27.0706 29.2003 28.0357 29.2007 21.4532 26.075 20.5566 4.54786 24.7412 23.6559 21.0129 17.2559 24.2145 25.838 26.0566 19.1467 24.9046 28.355 23.7026 17.7536 29.389 20.136 26.5662 24.9299 23.6878 26.5513 31.6026 22.7835 22.1035 30.4133 21.6312 19.6091 25.8207 24.1211 32.4836 26.4786 13.5464 26.462 24.579 16.978 23.4881 21.0579 26.0948 21.2656 22.4001 20.4283 23.3707 21.0997 23.177 13.6559 22.1628 25.3645 25.1247 28.4238 25.109 25.854 20.8777 20.0749 24.7087 20.3798 27.4138 26.9519 22.595 23.3449 17.3518 22.6243 25.2374 27.4445 24.8682 20.3798 24.3562 24.8672 22.8417 23.345 27.0474 25.3194 17.1746 23.0608 28.7805 22.3427 32.2706 24.1788 18.7151 28.1379 29.232 19.1997 22.1817 19.2491 24.3655 26.3853 22.5145 27.559 19.1375 26.1923 21.1461 28.3156 25.8979 27.0195 20.4029 23.1977 26.0967 23.8173 20.9226 21.3551 19.6125 21.094 28.1035 23.0891 24.3343 26.365 24.1247 22.7009 22.1735 22.4364 19.2129 24.728 28.4658 28.3195 22.238 21.9241 26.3234 23.4252 24.8506 24.2433 23.1401 25.9361 20.0616 25.6213 22.0701 26.2945 25.617 25.4021 21.7739 25.2935 27.4 20.6655 32.6863 20.3213 23.4933 21.7056 26.7842 32.3442 28.1986 27.3534 25.1869 25.3299 22.2016 27.4075 22.5149 15.5096 21.9743 18.2229 24.4729 22.4596 18.5825 30.7075 18.5003 29.3013 24.023 22.8469 21.0089 18.6005 21.7913 24.1184 20.9453 25.4177 21.0404 29.8478 26.7507 8.12181 20.9132 21.3358 30.2181 17.1664 23.7413 23.4867 19.2699 15.2281 23.4481 22.1973 30.607 20.5963 20.1147 22.7553 21.9307 22.8811 26.4115 27.5384 24.1994 20.4602 23.4682 27.6661 27.4385 24.8113 17.0298 18.1847 20.4951 25.141 17.5268 28.0266 21.8903 23.2694 17.9532 31.2149 22.4135 15.9845 21.4573 23.4752 17.2412 25.1429 27.1319 21.8074 21.7573 18.3694 25.6649 27.1027 21.2125 17.7001 20.7372 24.0427 26.9957 26.6872 20.2335 20.5659 22.7918 22.4733 25.7308 20.5879 29.3072 20.1213 22.5058 20.9727 28.5659 20.8124 16.4468 22.9231 20.0233 14.2446 16.5212 16.5268 19.6985 26.1369 25.6162 17.2918 22.2562 14.8534 24.389 14.4487 23.1884 20.4489 22.211 21.5794 19.1337 18.03 24.259 19.2815 25.5795 23.6756 17.6659 18.5895 21.8182 20.1889 24.2658 21.1053 22.1168 21.7116 19.8534 17.8359 22.4227 15.5026 22.89 22.6695 17.1844 21.504 18.0136 25.7743 19.0008 22.3875 12.8993 18.9808 20.4476 20.8041 20.6065 18.7668 18.5196 23.9511 22.2844 22.4226 21.8683 18.6858 20.878 22.6582 22.703 18.6796 23.9418 16.2223 13.7438 23.153 26.9444 22.0909 20.4003 22.9288 26.1418 23.304 15.2785 20.5233 20.3264 25.1911 28.234 25.3253 24.9197 23.3405 27.9696 25.8972 22.8578 0.999231 21.8075 24.5645 17.4365 19.2996 16.6986 20.794 16.2661 21.576 18.0891 21.955 22.8065 22.1331 20.0369 22.6388 15.6404 20.9522 22.7897 22.5687 22.3267 24.2818 21.0227 19.8891 17.1008 23.0099 26.1413 22.5505 22.5339 24.8374 29.8101 30.7089 28.3726 23.9846 24.9697 22.2282 25.4759 20.917 25.9305 16.6506 21.0865 9.51799 21.4877 27.5443 17.2208 15.2184 22.4104 17.9014 19.005 24.7413 21.3097 17.1121 18.1805 23.5558 24.3916 18.3982 20.4337 17.4754 21.3104 13.5645 21.0253 20.0539 16.6597 18.2495 20.8854 23.8941 23.735 21.0517 17.5298 15.329 16.9993 19.3715 16.1728 24.5908 18.7229 19.6633 18.4907 18.9221 17.7932 22.3766 20.7709 18.82 25.6943 26.1325 16.3103 18.7057 19.8532 22.32 21.4384 22.567 27.5404 18.753 21.9634 20.0649 17.1234 20.1524 24.4975 19.6739 16.9739 14.9084 18.8608 14.9409 16.7729 20.7783 21.5467 17.8741 21.2436 21.5008 18.2482 21.7007 19.5376 16.8721 22.1457 20.998 23.6293 17.2268 17.9445 20.9463 15.9013 11.1933 12.8249 22.8563 21.3781 19.4053 14.4431 17.4322 15.9471 23.2396 14.6925 19.0387 20.4354 23.5695 20.3232 17.1644 19.3728 15.9796 21.1106 13.6946 20.6647 16.5367 18.7756 17.6201 14.3358 23.1465 25.6499 14.8582 18.6521 20.2505 26.4066 15.0184 18.7399 18.4923 20.8533 14.5427 18.6259 17.2343 16.0821 14.0488 18.1114 22.9779 16.924 19.5413 16.5964 16.8114 24.5968 18.1008 20.2019 20.0029 20.2262 18.0756 13.6248 12.2769 12.8537 14.226 21.1631 22.0778 17.8112 19.6129 18.8257 17.0376 13.0134 19.128 15.3961 16.0089 25.1705 17.0691 19.4124 18.4916 23.0522 21.7134 24.1801 15.0057 12.9792 17.7358 13.4835 23.1768 22.3727 16.9135 21.8521 20.7705 13.4331 21.5099 18.332 18.5985 19.9767 22.8134 18.6087 14.743 15.2729 15.1916 14.1859 21.3832 17.6871 22.9601 23.1502 15.4685 18.8525 17.4457 22.7941 20.2307 13.956 23.1432 16.9275 4.06772 23.4718 19.663 20.3823 17.518 18.2666 21.5571 22.3942 15.87 14.423 21.9996 20.2495 19.613 18.6384 19.4214 16.0183 21.9188 24.2253 20.2736 16.0359 17.4809 20.4928 19.5796 17.7521 12.0046 24.579 14.1031 15.1361 6.51313 16.2867 25.8164 15.4652 18.6935 14.9619 21.5775 21.6278 20.4076 13.8297 22.6561 20.8633 19.112 19.106 17.5788 24.8466 18.2794 16.5917 13.2094 18.5846 24.8859 21.9046 20.5938 15.1711 13.9695 17.6632 14.1777 23.9241 21.4785 17.902 22.8564 21.752 19.4751 25.2942 15.0567 20.6302 19.9089 21.4051 18.558 19.2466 15.6252 21.8591 17.9745 22.2796 20.6901 23.9382 16.1233 17.492 21.7311 19.5093 24.3305 21.0428 19.2635 23.5279 15.7879 25.5308 16.3334 15.5011 21.6772 17.5112 15.051 17.2332 16.7637 21.6262 16.4855 13.017 16.9613 18.8521 19.0586 23.2626 17.3669 18.0381 17.9692 11.688 16.6295 16.5692 20.4684 21.1793 21.3737 11.8729 14.6969 13.0528 14.5961 14.3335 15.1911 21.3046 17.4516 16.6585 20.1942 14.6287 15.7492 18.7271 14.7759 20.4727 16.6668 13.2925 16.0118 19.0801 16.9886 13.594 20.9733 16.194 15.3331 16.9673 16.1104 19.5923 7.22092 15.1232 18.682 20.3914 12.7494 12.5373 13.8683 16.741 13.5759 15.236 21.0778 15.4227 12.4304 12.9914 17.6997 21.4458 16.9627 15.412 17.789 15.7681 14.6477 14.1245 16.0209 21.9571 16.3132 17.6167 17.0477 10.1722 21.4509 17.0869 24.0542 18.7632 16.3504 16.4206 14.7758 19.9023 16.5019 13.9594 13.5051 19.9309 17.2319 13.6136 22.2603 14.5502 16.3148 12.659 12.0672 20.6478 17.8211 16.6622 15.0723 18.2606 20.7133 21.6168 15.2633 16.7339 15.882 18.3215 19.0899 12.4824 12.2259 19.9781 23.7387 21.3789 18.5678 19.4928 17.7162 14.9951 18.9074 17.8457 18.2235 18.4969 14.7729 18.3048 18.5925 13.9794 12.6383 19.8941 15.1338 17.5853 16.8972 21.2649 14.7066 16.8325 16.0037 14.8603 15.1799 12.3192 15.2123 17.65 19.5779 11.6358 11.9523 16.021 17.8962 16.0993 14.9519 20.5901 16.1046 15.5668 16.9194 12.9844 19.8639 17.1704 13.9195 15.7781 17.3031 13.0064 19.9994 14.6425 17.4565 15.7019 23.2207 10.5393 10.0088 17.6424 12.9068 13.6789 17.3499 22.5925 19.5512 14.7476 15.3917 11.0426 14.9221 14.1316 13.6951 16.2495 10.6819 8.5304 18.1129 18.9146 12.7684 14.7991 14.8102 17.9294 14.7363 13.8526 17.4295 11.6071 14.7752 20.6104 14.8943 19.0476 22.8504 15.5925 8.75908 24.3541 18.1306 21.2504 16.881 18.1774 15.4753 13.5412 13.658 14.8027 17.622 12.2548 13.983 17.6908 17.1797 15.6418 13.8874 18.5776 8.7826 11.4378 13.0558 14.6912 17.1648 19.9348 23.9392 14.8123 12.8683 12.6579 18.4096 20.7742 12.4873 15.6577 13.9354 14.8678 11.642 24.4051 17.1948 13.4655 20.0113 14.0818 17.9459 14.1725 16.8449 15.1175 16.6371 22.8447 14.198 11.9202 18.5476 18.8669 10.2769 14.6202 13.1482 17.0913 16.4684 16.7771 19.2601 11.4758 11.9679 13.2612 16.075 19.5281 19.5594 14.6947 19.9414 17.7869 6.51053 11.0746 13.7417 11.9347 17.2233 11.7121 13.2271 9.29688 10.9513 15.8753 9.28035 14.8078 16.6009 9.28559 13.4689 15.0938 9.40933 17.6957 15.3991 13.0843 12.9221 17.4066 13.9987 15.1982 23.5695 13.8606 10.2401 10.2655 14.4924 17.1655 18.3198 12.7728 18.4426 9.39676 15.9783 17.6207 10.871 9.78341 13.7329 13.1807 15.8901 13.9082 10.7069 12.2778 9.12498 15.7242 11.6564 13.8414 18.1302 11.0856 10.3658 16.4853 13.8403 11.9225 19.1847 12.6245 16.7418 12.9436 13.5159 17.8797 14.2936 14.0112 18.8617 19.2787 17.9758 12.3367 14.3176 6.65566 12.8085 12.3867 12.7614 15.3062 17.3168 11.231 17.6427 18.8642 20.5628 10.7949 13.4975 18.1783 13.6334 14.3231 16.7626 17.1403 17.2787 20.5229 17.2819 15.6221 14.4262 17.0014 13.0695 13.9646 13.465 14.9353 12.3151 11.4717 12.2601 22.0304 12.2562 16.5723 18.3476 16.5967 20.3087 15.1124 22.0247 15.7243 15.8544 10.5432 17.6949 15.5876 10.961 14.6945 12.4202 14.066 7.59058 11.4233 7.659 14.0115 14.7492 15.1249 17.2043 14.7461 7.88273 11.8819 17.0484 18.655 16.4588 17.8881 11.8169 12.792 13.715 17.0772 15.0954 15.2028 11.6611 10.8398 19.5487 9.94518 13.4486 12.8382 11.7304 12.9457 15.2366 16.378 11.3086 10.6343 17.202 12.7279 8.65932 6.94902 15.5956 14.9488 13.0722 14.9401 17.4031 14.2419 11.1675 12.5269 20.6216 14.9312 19.5117 5.7665 17.076 15.3556 10.7273 13.5877 13.4257 14.4927 14.4156 11.0414 16.7795 10.1307 13.1957 13.6597 17.8273 19.3644 13.8274 14.7474 21.3948 8.80794 17.9865 15.173 10.7577 15.6426 17.0897 15.3907 17.235 16.1554 11.1509 8.68977 16.4827 16.9892 12.7835 12.5528 15.7715 10.5287 15.8654 13.08 17.2391 12.3369 15.6017 9.31832 12.683 15.9624 14.2549 15.5347 14.9444 13.4756 18.6614 14.7521 15.5452 10.9281 20.909 8.86041 16.2435 15.6143 10.7134 7.40562 16.9659 9.30578 10.1097 13.9167 15.1174 17.6658 16.9583 18.3629 15.7185 13.3021 13.7717 16.5534 15.5727 14.0999 12.0721 14.7435 15.9206 17.0627 9.85097 13.0139 12.2136 17.8625 11.4429 11.8387 15.1137 5.88266 11.8285 11.3439 9.58922 12.0305 14.485 14.5558 11.2933 15.3816 13.063 13.8872 16.7563 11.8987 14.0325 11.8205 10.0601 17.3891 15.7281 13.8254 13.951 14.4305 9.50628 19.9347 14.7849 12.1877 10.1547 11.9666 12.4725 18.7644 15.398 11.752 17.1154 15.3685 14.0719 15.0394 15.8832 13.5465 9.41693 14.5727 13.2363 15.4684 14.9622 10.787 12.2578 12.7878 11.8485 9.3844 14.053 15.7823 12.2656 15.199 15.9906 10.3336 15.6769 10.1916 11.8795 15.5574 8.65458 15.078 8.49415 14.241 10.2422 15.5669 8.94401 11.3897 11.726 16.405 13.1039 7.47251 11.1176 8.3856 16.178 19.1343 15.8426 12.5262 10.7765 17.4835 12.6131 9.19206 12.6706 17.7312 9.77493 13.5018 13.7142 9.03037 13.0672 13.6459 13.9015 10.1352 7.59751 13.3966 14.8977 8.76525 8.11944 13.0547 13.0339 7.95751 8.73626 12.5229 14.1721 10.5802 9.36987 13.4293 8.22122 12.2719 14.0535 12.004 12.2738 10.4204 14.5197 14.481 15.7316 18.3203 8.79894 13.0143 8.66027 14.992 10.0664 11.2703 5.59512 9.6357 9.2681 15.0736 12.1068 12.483 15.6783 6.67366 9.43362 11.0408 10.6683 8.53854 12.7438 10.443 15.5754 13.4755 11.3818 6.4391 14.7045 16.6987 10.3435 11.3935 14.5267 10.5621 14.3542 16.6997 16.8221 20.1811 10.6039 11.8923 14.7583 11.7043 12.8606 16.3297 8.73598 11.7465 11.4946 14.2481 7.22245 10.0951 9.8061 9.64241 14.2626 7.79825 13.8365 14.8128 14.4845 13.3694 15.9194 6.60948 16.0602 12.0842 4.22988 12.2767 7.35628 10.1373 6.8588 10.6993 14.8461 17.8007 11.1382 8.84363 16.0115 11.8528 8.45787 11.5226 10.2749 11.4623 9.15137 7.16251 8.75387 11.4708 7.84681 10.0218 10.2831 12.7346 7.27132 13.9424 13.6537 10.7172 13.0845 14.2702 7.73979 11.8 8.59476 12.561 16.3316 12.8854 15.1762 12.6953 10.0344 13.8988 14.1033 18.6331 13.7466 12.9371 7.62415 7.67743 16.2102 12.0406 15.5007 10.9663 12.281 13.724 13.3777 8.85738 11.7004 11.9546 12.2203 9.37023 14.3106 11.8868 10.9261 13.3473 14.4735 13.8126 11.9114 10.2911 10.6665 13.4657 12.2528 10.2098 12.6458 15.0605 8.08322 13.9977 12.3415 10.8882 14.1115 15.5028 14.9564 9.23448 10.7593 13.8759 11.1057 14.0402 8.2286 14.3765 14.6123 13.7801 5.3659 12.0924 5.05609 11.4283 10.1803 11.612 10.4943 10.4848 9.67421 13.4817 8.78112 14.8943 14.8836 7.52263 11.0394 15.718 13.6562 11.8117 8.60096 11.1109 5.32723 11.177 14.7543 11.9053 12.5952 14.0184 5.33659 9.71108 10.3596 11.0191 10.0161 10.6626 9.6051 7.29859 11.745 13.0557 10.2354 12.4476 0 10.1304 12.0595 11.5791 13.4412 9.95858 13.9072 7.46585 15.0611 12.4893 8.41314 7.25175 11.6476 11.5325 10.0261 9.9406 11.915 7.93387 14.8844 12.5516 14.445 11.695 8.58406 13.2206 12.624 9.21617 10.6101 9.91717 7.46388 11.4113 11.0051 13.7144 10.3313 9.55399 12.4441 6.94264 9.42926 11.7529 12.6498 13.4484 11.3215 7.56269 14.1186 4.13431 15.3963 6.28739 16.1016 15.1978 10.2221 15.9677 9.5587 8.34078 8.23589 11.3257 9.80233 12.7924 8.66757 9.33186 12.2365 9.23997 10.1643 14.8484 6.79565 7.8847 8.20854 5.59324 12.9383 10.6996 7.06766 12.5296 10.3243 13.2082 10.6252 11.623 7.71393 9.21737 12.4102 9.44806 8.66461 10.4148 10.911 11.7506 6.58804 6.0596 13.924 9.90219 9.48124 4.86027 8.8496 9.29015 6.10029 12.2569 7.14064 7.83227 10.5181 7.58008 9.30714 11.3181 12.4942 17.3676 14.4287 13.7359 10.5798 9.59738 6.4677 12.1941 7.85837 13.5964 11.5501 10.8175 5.6279 7.81845 10.2034 10.1528 9.70165 7.35144 9.92458 10.8387 14.1861 6.50704 9.30104 8.46104 11.323 9.54267 10.5832 9.60348 5.79409 7.62531 12.5133 12.3921 13.2382 10.659 1.6783 11.4667 9.05999 8.17164 11.357 7.02238 12.2231 11.2706 12.0915 10.8669 12.173 13.5512 11.1028 10.4699 9.60546 6.67016 8.02385 9.81043 7.01191 5.02996 14.1204 15.3958 8.90874 10.7631 8.96087 13.5883 12.4705 7.53089 13.3552 9.20516 13.7959 6.86175 9.58491 7.3936 17.2152 12.7631 13.55 8.57073 12.9858 7.14833 9.03524 12.8648 10.913 7.71614 13.1849 9.32043 11.0134 8.82519 11.6635 13.7503 4.5132 9.15072 14.092 6.70471 8.59919 10.1955 11.3964 6.28273 11.7108 7.3924 10.1647 9.32155 12.0437 10.7383 8.93388 12.1671 13.0983 9.66917 6.28442 9.74151 8.59322 9.19634 12.454 16.6251 11.5301 6.65029 11.3652 9.3849 9.57654 8.0407 6.36603 11.7368 6.59061 7.70026 8.09211 11.1123 14.3093 7.97468 9.95848 11.0132 7.55783 8.26556 12.0356 6.83525 4.80185 10.8143 7.2328 7.70901 11.5712 13.1629 5.52786 7.02209 6.46621 7.83065 7.05461 7.74872 7.90725 15.1619 8.92007 10.0231 9.31074 9.85817 6.74091 11.1922 10.0981 8.33055 8.60682 8.51701 8.12849 12.4631 6.1455 7.78486 8.3284 8.64726 12.5376 9.72908 6.9053 8.79394 13.6167 3.40051 11.2703 9.57803 9.97845 6.08029 5.43854 7.92736 8.94239 9.27594 11.2595 13.7979 8.44014 9.04213 7.52934 4.50507 6.46123 10.7432 9.18056 10.5707 5.15463 12.1959 7.73913 5.22987 5.92816 9.88455 7.50066 12.4877 8.87874 7.03041 10.968 5.09357 11.4702 6.85937 8.20889 6.53095 9.09271 9.72331 10.4065 6.25037 11.091 9.8555 11.3942 8.44614 6.08637 10.9449 10.4653 7.62581 7.2249 8.3598 6.61762 5.61513 9.80104 4.69003 4.0827 7.76195 6.68607 12.9333 8.92529 9.64542 7.26257 11.3325 5.43189 3.19874 13.1676 7.6326 8.88419 11.465 11.9376 10.2526 10.5114 8.9886 9.00335 11.2528 9.90621 8.6353 10.1169 2.8244 4.60926 11.177 8.77299 11.4149 10.2673 10.6607 4.64224 12.6473 11.1681 8.39104 8.97652 7.96605 10.0416 9.02259 10.9205 8.56058 8.16378 8.28731 6.31709 14.6235 5.43474 6.40902 3.85831 7.00927 6.93275 9.73184 8.66756 3.85637 6.09167 8.23537 9.3059 9.61792 7.42254 8.41412 12.5807 10.2215 4.51577 6.93498 10.9871 7.63477 10.4535 8.9151 9.83315 7.37915 14.4382 6.83094 5.46478 5.97933 10.8303 8.4088 2.77517 9.92603 10.8218 9.91302 9.42423 7.08147 9.22963 11.2966 10.707 13.8293 8.16882 6.27592 7.18858 8.08106 8.83784 7.9654 8.59052 6.15275 8.47506 9.4485 5.88493 7.47328 8.06536 7.76879 10.7125 3.36823 9.02373 7.96794 7.99583 7.9162 8.57181 4.07039 6.32799 8.53184 6.89351 9.37746 7.3029 10.0325 5.82927 7.65761 10.0695 4.73452 6.8795 4.53881 8.02496 7.61746 7.18758 8.96878 7.01229 10.0428 8.31685 5.32751 4.33106 5.37257 7.32958 1.95304 5.99795 10.6711 4.21923 12.4448 7.75673 5.27554 7.53042 8.03181 9.97415 7.65145 9.41998 9.1686 7.74572 7.84157 9.60019 6.55426 8.85451 7.18312 8.31724 12.0749 7.10489 11.1807 3.76976 6.79341 8.74705 9.51211 7.88911 5.10761 5.664 10.3437 12.4512 6.14246 12.6111 6.19226 6.03639 11.4324 9.69801 4.14885 7.49267 9.68759 7.43672 6.17492 6.15071 5.48633 9.50467 7.17533 7.48695 4.00367 9.64315 7.5292 7.64332 8.98057 5.34045 4.86854 8.85281 5.74634 6.92577 3.98818 10.1353 9.90634 11.5131 9.53918 5.84182 11.4673 7.74453 6.99858 7.05107 8.02381 8.77524 5.22876 6.55503 11.0803 8.14787 6.76153 7.69951 5.40839 7.69696 6.13033 5.03458 8.04454 5.92042 9.94798 4.05592 9.95902 10.3085 4.47388 14.9486 5.73352 8.23175 3.21218 4.47351 6.79644 8.10936 4.82593 2.99112 6.52523 10.4109 7.1796 7.52139 6.75604 9.42618 11.2823 6.5086 4.63389 3.6909 10.598 7.48909 10.3135 9.63481 12.1484 5.67513 8.07973 5.86595 5.32876 5.27222 8.92851 6.09952 4.58338 2.44275 5.65381 3.946 6.47752 6.73787 5.53611 7.26114 7.65938 8.74904 6.97361 4.10351 5.22669 6.60756 0.978531 7.24848 6.20677 7.94731 7.56269 7.53247 3.8177 6.0995 4.99792 5.08135 5.83132 6.57629 4.81996 4.3536 3.60929 8.05704 4.43179 6.51105 8.6494 10.3927 6.57993 7.7736 9.55287 9.05296 7.92705 7.27461 8.00387 9.45782 5.32851 5.13507 7.6577 8.72655 5.77657 2.55863 5.85288 8.70444 3.70358 1.61883 7.90614 4.8238 8.38229 4.35207 3.0998 9.39736 3.77387 5.08399 3.95058 4.15991 4.66816 7.36913 7.83164 5.18759 7.91653 2.64567 3.68484 5.9776 4.83309 5.17618 4.74407 5.34131 7.11635 3.1329 7.16067 4.21543 5.79562 5.8094 4.74886 7.06645 9.88876 7.40605 6.45341 7.53855 8.09027 3.63643 10.2555 5.40054 7.3624 5.26899 3.74812 4.74389 4.48839 4.98165 8.59873 6.28524 8.08174 7.98427 8.64432 5.64255 4.26416 4.46948 7.16174 5.47352 2.74245 6.24443 5.00314 4.96841 9.94898 5.14358 7.50964 2.93686 3.32221 2.91228 1.75998 2.33094 7.80926 5.58567 4.3345 4.04533 7.80212 4.77228 11.3243 8.82312 3.79294 8.37798 7.83569 8.2165 9.38026 6.47279 7.96003 9.4157 6.99497 6.75514 7.45741 1.83729 5.06019 7.69546 5.96981 10.1146 7.01098 6.69177 4.0342 4.89715 10.8204 7.5946 5.04098 3.44522 5.53532 5.65365 4.03527 10.9188 6.33511 7.57092 8.14807 5.07714 3.59 5.69222 8.0663 1.79238 4.56707 5.34714 6.219 9.13168 4.77138 7.49909 4.38456 1.76716 1.97473 5.6 6.41558 2.23072 6.16541 4.27388 6.87358 5.73583 8.03591 5.55089 5.85103 3.58234 3.6616 7.38626 4.42622 0.827778 7.49355 2.79963 4.11804 4.95283 4.62961 4.40382 4.14159 2.8494 5.57155 3.56834 4.4766 6.50772 6.18693 4.97242 6.29628 7.94462 3.35716 7.09203 5.43703 4.90599 7.35374 7.86909 3.06157 9.22875 6.53299 4.65642 5.62021 2.78358 5.28858 7.64424 6.31467 6.21537 5.38236 0.953977 6.78908 6.96444 5.63096 5.17974 1.00421 5.70538 4.64806 7.53253 6.27867 3.02289 3.41915 5.38279 7.85438 5.06478 5.90272 6.43537 6.42833 7.73655 6.34522 4.27836 4.29808 4.55702 5.6059 6.28288 3.58278 4.71906 7.03248 7.23694 0 4.85509 7.4021 8.96205 4.02178 6.86508 1.21629 4.60796 5.92849 1.77536 4.67462 4.06982 6.23005 6.96993 6.07102 5.37455 3.01317 5.83559 5.78842 4.96383 5.85469 6.83708 6.4531 3.79975 5.04378 4.79692 5.58584 1.11812 8.20563 2.5411 6.8291 6.22336 6.61175 3.94582 6.65608 8.72999 7.95146 6.2454 5.72561 6.29571 3.86973 6.72412 6.80887 7.11535 3.03728 8.21676 6.83348 3.15138 6.88997 7.75064 5.63147 6.15906 7.56718 6.39102 8.6811 6.5674 5.3837 7.46113 5.93301 6.59893 2.37844 3.88904 9.68726 8.08963 2.40343 3.42302 3.26319 6.67799 4.60554 5.88644 7.56485 5.71448 3.2008 7.24514 2.17696 5.44668 6.97935 3.19039 3.70791 5.94286 5.83689 3.06081 5.59374 3.75928 5.99661 3.28798 5.665 3.74136 5.92695 4.19446 2.36 6.26264 1.749 4.4126 4.72718 4.25103 2.44625 4.88713 5.74244 1.95241 3.12664 1.62007 5.67631 6.57582 5.84166 4.75468 4.56597 5.47741 4.06982 2.90834 4.1948 0.997677 1.86769 0.5368 4.30731 2.64426 2.14116 2.84573 4.84585 6.0268 0 5.78179 3.96671 6.28323 4.30798 3.05937 6.97559 5.52384 5.06848 3.78971 6.7722 6.22906 4.15459 4.36749 6.38375 2.66938 5.33748 4.55036 5.81386 6.31694 5.32731 4.97676 5.31356 6.78446 4.18222 3.17858 3.00803 4.4162 3.62633 4.36422 6.87706 5.17412 4.70423 5.18029 1.1654 7.11861 5.27876 6.15384 3.06747 6.59796 4.79152 5.46191 0.861256 3.8902 1.45209 6.97902 6.27886 3.43875 5.94223 6.54547 3.28724 1.52701 3.16501 3.33008 7.92572 3.98897 0.791147 5.51561 3.94627 5.92474 5.14902 6.01428 8.29551 1.53598 5.96256 5.10326 3.89213 5.25388 5.60255 1.75492 6.68951 2.84631 5.12452 6.17994 1.3366 4.60787 2.72416 4.20125 5.83359 3.2975 1.68231 5.87365 3.64461 2.93059 1.71965 1.00695 0 3.68731 1.88156 3.13452 6.39885 4.51488 2.72557 5.68826 4.18446 5.68222 4.27411 7.92858 4.4544 4.31954 6.7709 3.14671 3.8031 5.74686 3.39648 6.06083 5.80729 1.85464 3.09545 2.92437 5.82539 1.05546 0 4.34542 2.62307 4.25557 1.57113 0.13188 4.68494 3.99959 0.602503 2.56107 5.09763 6.38679 4.39317 5.5167 4.73567 3.39641 5.17766 4.76057 4.92066 5.326 7.24206 1.44745 3.14123 2.41645 4.06265 4.79402 6.25841 5.57673 4.39628 5.81621 6.45362 4.78751 2.6503 3.40452 4.8583 4.12523 3.5081 2.63784 2.00028 5.13329 2.4946 2.08815 3.08612 3.92553 3.78881 4.08791 2.2559 4.43765 3.18583 3.11058 1.84048 1.93058 0.153616 3.19592 5.49554 1.81698 2.84958 2.2631 4.95901 3.36647 4.68589 0 4.46936 2.70057 4.51648 0.396778 4.8409 3.83041 3.53437 0 3.10761 3.2212 3.77226 4.73933 1.06536 2.70329 4.40684 2.11058 3.70914 4.01471 3.5347 2.2335 3.46906 6.40007 1.28358 4.0345 3.06048 3.1283 3.53404 1.70729 4.77041 5.19436 0.597922 3.86357 1.7506 1.59591 5.14064 1.85907 0 2.37354 2.93715 1.97518 2.47569 0.397597 5.63308 5.01886 2.83922 2.34428 3.27992 3.66983 5.38422 5.5574 4.24403 5.84619 3.86868 2.55191 4.02481 4.05211 1.1876 1.59545 3.53513 2.81408 4.24858 3.36403 3.48671 3.5199 1.92304 4.10766 4.15472 4.95183 4.58516 3.44034 3.08521 2.79033 1.49786 1.36385 1.97831 3.80955 3.42428 3.4374 2.4292 1.11377 1.70532 4.84642 1.84341 1.82402 0.751404 3.52653 2.43468 2.17823 1.94086 1.00884 6.94942 3.70355 3.80361 1.68761 2.48029 4.66133 3.65176 3.78025 4.96561 5.04232 2.18782 1.50958 2.97457 0.829453 5.18343 2.79541 3.04297 5.18126 2.95787 4.71988 1.60321 3.70633 3.45031 1.29754 5.30152 1.48824 0 0.648536 2.94781 1.12458 7.0546 3.86036 3.33033 3.71488 1.79069 1.37456 2.32891 3.93095 4.62428 0 3.8459 2.89641 3.52199 1.15605 1.8639 4.779 4.96507 1.42009 0 6.76432 3.45453 4.88202 3.64123 2.60581 1.99118 4.68422 3.03327 3.50266 4.42487 2.77464 3.23094 2.34565 1.95922 0 0.513905 0 2.2375 0.788357 0.647145 2.33437 0.62639 1.61877 1.81781 2.46894 1.89031 1.09109 3.71358 4.02527 3.32371 1.29439 4.68105 2.05203 2.31918 0 3.00767 0 3.73075 2.80132 0.799362 1.50132 4.52548 3.34814 3.18677 3.80397 3.50611 0.867719 0.800665 2.246 0 0.695635 2.7078 2.43444 0 3.63177 0.844547 1.08215 0 2.51463 2.6641 0.843311 0 2.25995 1.93031 3.91351 0 1.50245 4.15849 2.16817 2.29502 1.44769 3.12955 2.86461 1.80665 1.57558 1.82104 1.25548 0.737432 0.554389 2.19008 1.07243 2.15972 2.06548 1.43641 1.48921 1.63008 1.27401 1.12617 2.6054 0 1.21526 1.86663 4.05159 1.83722 0 2.07554 1.39421 3.74014 1.67952 3.13691 2.32203 0 1.78247 1.19464 2.9251 1.48958 1.64348 1.5587 1.15997 3.05938 3.76979 2.3986 2.67027 0 2.90264 2.59616 2.90159 2.30359 0.763977 1.13138 3.37072 3.56357 0.668262 0 1.90302 0 1.79373 4.55958 0.823876 1.22191 0 1.61259 2.08393 0 1.4418 3.8261 1.98633 3.27929 2.09882 2.09772 1.41194 2.33034 1.51736 2.74052 4.36433 1.88012 1.82627 1.06767 3.11187 1.94028 2.26133 3.83347 0.68461 1.49377 2.82698 1.82738 2.08944 2.40492 1.99512 2.46782 2.70144 1.97115 1.81888 2.1365 0.964152 0 2.23403 1.54203 0 3.66519 2.31397 1.22054 2.29562 3.76734 0.696734 1.64509 1.16893 3.03876 1.10064 2.79262 1.55125 0 0.38388 1.91735 3.16644 1.64395 0.554331 0 0.577904 1.69688 1.59827 1.99913 1.26857 2.14439 1.14041 1.46285 1.53467 0.950525 0.431452 0 1.11738 2.64242 2.24313 0 0 2.21208 1.51963 0 0 0.614044 1.8724 1.48865 2.31075 0 2.32851 0.986018 1.20628 0 0.756248 2.05486 1.92783 1.7378 0.674202 1.968 0.873633 0 1.82532 0 2.19754 0 1.86736 1.24488 0 0 0.925919 2.43595 0.82779 1.66178 0 0 1.25655 0 1.86365 0 0 0 0.644704 2.54706 0.957974 1.18133 0.724254 0 0.536354 1.07513 0.919394 1.11646 2.50156 2.08433 0 1.09413 1.30672 1.65202 1.63512 0 0.108189 0 2.56289 0 0 0 1.32804 1.83499 0 0 0.870037 1.66075 0 0 2.59812 0.532912 1.96495 2.36976 1.20689 0.378652 0 1.34282 0 0 1.07582 1.88079 2.18003 0 1.97586 1.74148 1.61254 0 2.46477 0 0 2.22636 1.17089 0 1.65814 0.656408 0.841865 0 0 1.97611 1.10701 0 1.39222 1.07636 1.74715 1.7153 0 1.62504 1.9801 0.876154 1.70156 1.12636 1.82088 1.96273 0 2.60717 0 1.0872 0 0.316961 0 1.63258 1.33619 0 1.31481 1.69558 1.6446 0.297898 0 0 0 0.539548 0.850821 1.00829 1.55435 1.87336 1.85321 0 0 0 0 0 0.813774 2.26863 0.733067 1.9966 0 0.74612 1.689 1.57831 1.70146 1.048 0 2.27797 1.09838 0 1.25646 0 1.36005 1.24199 0 0.330989 1.81419 1.49666 2.24509 0 1.57811 2.0593 0.62752 2.47698 0 0 0 0 0 0 0 0 0 0 0 0 0 0 0 0 0 0 0 0 0 0 0 0 0 0 0 0 0 0 0 0 0 0 0 0 0 0 0 0 0 0 0 0 0 0 0 0 0 0 0 0 0 0 0 0 0 0 0 0 0 0 0 0 0 0 0 0 0 0 0 0 0 0 0 0 0 0 0 0 0 0 0 0 0 0 0 0 0 0 0 0 0 0 0 0 0 0 0 0 0 0 0 0 0 0 0 0 0 0 0 0 0 0 0 0 0 0 0 0 0 0 0 0 0 0 0 0 0 0 0 0 0 0 0 0 0 0 0 0 0 0 0 0 0 0 0 0 0 0 0 0 0 0 0 0 0 0 0 0 0 0 0 0 0 0 0 0 0 0 0 0 0 0 0 0 0 0 0 0 0 0 0 0 0 0 0 0 0
        </DataArray>
        <DataArray type="Float64" Name="displacement" NumberOfComponents="3" format="ascii">
 1.67167 -0.132371 0 -0.11774 0.171382 0 1.76341 1.87627 0 1.56561 1.16671 0 -1.24099 0.76343 0 1.99088 -1.64247 0 -0.95847 1.12455 0 -0.0336545 1.74715 0 -1.06158 0.215056 0 1.91631 0.0428469 0 -1.62127 1.18754 0 1.66735 -1.24672 0 1.27996 1.47875 0 -0.809632 -1.95039 0 -1.96806 0.867407 0 0.308567 1.67755 0 -0.336046 -1.68259 0 -0.630774 1.10657 0 -0.906694 1.53474 0 0.97818 1.77036 0 -1.12677 -0.792159 0 -1.4831 1.7743 0 0.194704 -0.711291 0 0.311916 -1.98347 0 -1.35615 -0.497055 0 -0.573959 0.811747 0 -0.62425 0.0136981 0 0.356208 1.67036 0 -1.07805 -1.06672 0 -0.220238 0.597048 0 1.52243 0.889096 0 0.15342 0.297109 0 -0.648104 0.49672 0 1.30362 -0.662904 0 -0.727918 -0.288595 0 -0.140175 1.24939 0 1.21785 1.25799 0 0.347492 1.39605 0 -1.59615 1.53593 0 0.620011 0.872682 0 0.802267 -1.8513 0 1.18065 0.687466 0 -1.00695 0.546418 0 -0.350892 1.52642 0 -1.15734 -0.074205 0 -0.736588 1.81672 0 -0.981209 0.50218 0 0.105387 -0.341406 0 -0.744374 1.74863 0 1.68168 1.3397 0 1.18353 0.266903 0 0.648747 1.77007 0 -1.92828 1.61144 0 -0.197113 1.3628 0 0.331945 -1.16682 0 1.8324 1.14557 0 0.33819 1.8022 0 -1.34443 -0.747573 0 -1.97207 0.845668 0 1.56948 1.57249 0 -0.915337 1.75133 0 -1.82799 -1.73717 0 -1.22505 -1.41635 0 -0.477387 1.32818 0 0.922209 1.58816 0 -0.809297 -0.8103 0 -0.727679 1.89639 0 0.388586 -1.28216 0 -0.361726 -0.299178 0 0.57986 -0.871404 0 -1.28231 1.56926 0 -0.209834 0.361657 0 0.94843 0.679679 0 0.427948 -1.07237 0 -1.18953 1.77013 0 1.17762 -0.254283 0 1.04181 0.165088 0 -0.602764 1.62115 0 -0.461913 -1.56821 0 -0.347737 1.13077 0 -0.323775 -0.393098 0 0.716135 -1.92633 0 1.31392 -0.183432 0 -0.2764 -0.194632 0 -1.98303 -1.27088 0 0.482063 0.475431 0 1.60988 -0.618016 0 1.39659 1.75416 0 1.78672 0.336865 0 0.306136 -0.209127 0 -1.34189 -0.231116 0 -1.38033 0.19607 0 1.05535 -1.62883 0 -1.56371 0.0402705 0 -0.485256 1.92803 0 0.21901 -0.045715 0 0.681484 -1.58585 0 0.333031 1.81603 0 -0.77183 1.80317 0 1.72626 1.56219 0 -1.51778 0.209951 0 1.33924 -1.31718 0 0.481802 1.23265 0 -1.72349 1.51378 0 -0.569462 -1.04591 0 0.206301 1.7443 0 -1.77467 -1.31387 0 0.856084 -1.94229 0 -1.41503 -1.03964 0 0.45685 -1.73287 0 -0.986186 1.4687 0 -0.504033 -1.83544 0 1.22782 0.786893 0 -0.472093 -1.71902 0 0.51717 0.244126 0 -0.116951 0.640685 0 -1.37951 -1.36304 0 -1.50603 1.34787 0 1.44393 -0.398153 0 0.189645 -0.44593 0 0.381355 -0.567366 0 0.710406 1.16688 0 1.82857 -1.10261 0 0.422016 -0.606006 0 0.993024 1.16909 0 1.45581 -1.53974 0 -1.81196 0.969005 0 -0.0385495 1.71729 0 1.79049 1.55215 0 -1.07994 -0.835668 0 -1.92422 0.849064 0 -1.11024 0.383817 0 0.853947 0.535902 0 0.436435 1.82492 0 0.331194 -1.96173 0 0.0289682 -0.799484 0 -0.0675418 -1.83549 0 -0.844068 1.54879 0 -0.825752 -1.62515 0 -1.76232 0.183332 0 0.875087 -1.62464 0 0.19642 0.164632 0 -0.595462 0.173086 0 -1.31893 1.81187 0 0.887545 0.883449 0 0.464457 -0.000741173 0 1.05417 0.313761 0 1.82034 -0.7324 0 -1.01044 1.50833 0 0.408584 -1.95092 0 -0.963785 0.154776 0 0.32332 -1.6033 0 -1.52926 1.22955 0 0.5067 -0.336306 0 0.032582 -0.475471 0 -1.51954 1.46152 0 0.214019 0.824869 0 -1.76259 -1.63894 0 -0.607646 -1.17966 0 -1.27088 1.19071 0 1.81781 -1.67157 0 -0.958072 -0.346998 0 -1.72059 -1.17933 0 -1.58698 -0.239174 0 -1.52114 1.02758 0 0.251537 0.144276 0 1.93293 -0.148672 0 -0.0116013 -1.5467 0 0.947753 0.775204 0 0.551371 1.81349 0 0.0234068 0.182502 0 -1.04649 -1.1345 0 0.444799 0.00580053 0 -1.19196 0.798626 0 0.471692 -0.285359 0 1.17028 -1.92108 0 -0.32651 1.17098 0 -0.760676 1.49871 0 0.781923 -0.989902 0 0.89144 -0.250138 0 1.25323 -0.698955 0 -1.63826 1.74359 0 0.157783 0.73445 0 0.378513 1.79905 0 0.492202 -0.403049 0 0.27688 0.48653 0 -0.0905617 1.1435 0 -0.205108 0.607096 0 -1.53284 0.775241 0 -0.618236 1.18868 0 0.395248 0.0957406 0 -0.244719 -0.717509 0 -1.38445 -0.848034 0 -0.0892498 -1.68977 0 0.191869 1.71338 0 0.449845 -0.143501 0 0.347618 1.08304 0 -1.09939 -1.49326 0 1.69326 -1.58115 0 0.016394 -0.772988 0 -0.86494 1.89668 0 0.0687819 1.54937 0 0.539628 1.83916 0 0.385455 -0.689365 0 -1.19448 1.08316 0 1.67909 -1.07317 0 -1.71231 1.66146 0 1.84797 -1.83908 0 -1.02258 1.01959 0 -1.15597 -1.13389 0 -1.84955 -0.0841538 0 1.8237 -1.33209 0 -0.848484 1.72251 0 1.79654 -1.53704 0 -1.43968 -0.132241 0 -0.951062 0.26713 0 0.745152 1.92896 0 -0.815059 -1.57848 0 -1.32263 1.0463 0 1.50438 -0.875704 0 0.333559 -1.75596 0 1.50614 -1.08068 0 0.797416 0.0516329 0 1.44478 -0.311758 0 1.90795 0.816222 0 0.966967 -0.978982 0 0.274617 0.108425 0 1.87693 1.823 0 -0.518993 0.0603877 0 -1.43199 -0.453468 0 -0.499982 0.346317 0 -1.43531 -1.78712 0 0.00526451 0.651136 0 -1.31398 0.466482 0 1.39112 -1.44509 0 1.18479 -1.29132 0 -1.51118 -0.55234 0 0.818548 -0.466578 0 1.11588 0.36023 0 1.94099 -1.4409 0 1.09856 -1.69643 0 -1.25421 1.64243 0 -0.86715 1.40147 0 1.34008 -1.76081 0 -1.42695 0.986333 0 -0.328085 -1.88536 0 0.486703 1.3526 0 1.41434 0.579195 0 -0.466503 1.31214 0 -0.919578 1.74545 0 1.86883 0.0250534 0 1.9113 -1.42226 0 -1.84283 0.49506 0 -0.558984 0.0886614 0 -1.01719 -1.10017 0 -0.766826 0.860302 0 -1.09203 -0.608489 0 -0.431665 -1.3765 0 0.492215 1.42571 0 1.59825 0.843119 0 1.75581 -0.114243 0 -0.733078 1.98799 0 -0.92666 1.27256 0 0.852137 0.498892 0 0.974324 -1.28539 0 0.171611 -1.64426 0 -0.754901 -1.14811 0 -1.23808 -0.92063 0 1.68411 -1.06252 0 0.134673 -0.196186 0 0.384338 -0.00687675 0 1.71118 0.204835 0 0.204772 -0.0632071 0 -1.29908 -0.985388 0 -1.67637 0.978695 0 1.23172 -0.212964 0 1.82737 1.83126 0 -0.79445 -1.11738 0 0.351232 0.964816 0 -0.754093 -0.750818 0 -1.77459 -1.49617 0 1.97261 -0.352402 0 -1.83507 1.13188 0 1.36303 -1.0788 0 -1.42108 -0.677072 0 -0.475776 -0.975056 0 1.06658 -1.71809 0 -1.19191 1.90155 0 0.732699 -1.3822 0 1.35668 -1.60762 0 0.314428 -0.079194 0 1.99947 -1.10735 0 1.7797 -1.15592 0 -1.61272 -1.2558 0 -1.79406 -0.229485 0 0.252036 -0.603224 0 -0.211981 -1.79457 0 1.34171 0.812171 0 -0.451332 -1.36384 0 -0.378706 -1.46206 0 -1.7271 -0.88072 0 1.25391 -1.60734 0 0.458893 0.328471 0 1.47023 1.72857 0 1.45845 -1.17963 0 -1.95191 1.14293 0 -1.41571 1.2031 0 -1.99499 1.72609 0 0.20959 1.92109 0 -0.547834 -0.401922 0 -1.94601 -0.902904 0 -0.606977 -1.67782 0 -0.29121 -1.76745 0 0.589489 0.494523 0 0.780955 -1.12061 0 -0.673305 -1.35132 0 0.828894 -1.05092 0 1.93581 -0.00998019 0 1.08859 -0.660506 0 -1.73235 -0.0521119 0 1.12715 1.05323 0 1.75135 -1.02734 0 -1.83544 1.46274 0 -1.88577 -1.61286 0 -0.656269 0.826138 0 1.59929 -0.512473 0 -1.08321 1.57173 0 -1.24407 -0.570937 0 -1.95922 0.733383 0 -0.446769 -1.23852 0 -1.87072 0.737472 0 0.712507 -0.706053 0 1.33462 -1.59194 0 1.51617 -1.70292 0 -1.72088 -1.91698 0 0.135869 0.347314 0 0.844386 0.290566 0 1.63426 -1.56748 0 -0.00513261 0.829283 0 0.682641 -0.666984 0 1.88947 0.657267 0 0.0996395 0.445143 0 0.246392 1.64194 0 -0.154757 -1.33288 0 1.438 -1.74099 0 -1.07044 -1.26516 0 -0.735552 0.53024 0 -1.13343 -0.898362 0 -0.150811 -0.714782 0 0.834679 0.740716 0 1.98398 0.165112 0 -1.86248 1.13811 0 1.55358 -1.38641 0 1.94196 -0.938224 0 0.51122 -1.6765 0 -1.4753 -0.500692 0 -0.0924428 -0.212341 0 -1.84103 1.32838 0 -0.978923 -0.0632577 0 0.518904 -1.21764 0 -0.316444 -0.443761 0 1.51422 1.01078 0 0.234517 -1.99292 0 1.01548 0.614934 0 -1.95546 1.91134 0 0.494308 -0.332205 0 -0.635736 1.84003 0 -0.102096 -0.0965226 0 1.23206 -1.19136 0 0.082323 -0.847012 0 1.26737 0.336337 0 1.46499 0.768564 0 -1.47427 0.744633 0 1.10425 1.45915 0 0.128128 0.677295 0 -1.50396 -0.668041 0 1.26851 0.432245 0 1.97823 -1.04818 0 0.703858 -1.64546 0 1.55402 1.91294 0 0.081498 1.97817 0 1.14344 -0.916407 0 -0.443283 -0.284037 0 1.90253 -0.562416 0 -0.37559 1.28115 0 -0.10721 -0.697944 0 1.7599 -1.31853 0 0.832663 -0.352499 0 0.734423 0.998765 0 1.50227 -0.829499 0 0.0103641 0.471966 0 -1.07171 1.80224 0 0.99795 -1.22568 0 1.99883 -1.9971 0 0.378578 -0.011381 0 -0.572958 0.899413 0 -1.82856 -0.595366 0 -1.92051 -1.97836 0 1.66367 0.246955 0 1.32486 -0.273782 0 1.39993 0.79417 0 -1.02383 1.44593 0 -1.64473 -1.05758 0 1.73608 1.74342 0 -0.395904 -0.0527132 0 0.150193 1.60674 0 -1.61187 -1.0818 0 -0.187529 -1.04494 0 0.466659 0.901258 0 -1.49154 -0.211663 0 1.22823 -1.1109 0 -1.4033 -1.68353 0 -1.1592 0.443559 0 -1.57242 -0.658166 0 -1.75087 -0.104272 0 -1.98584 0.477697 0 -1.76638 -1.52191 0 1.72313 0.253384 0 0.287706 -1.81268 0 -1.32572 -0.974427 0 -0.635058 -1.99834 0 -0.092703 -1.90641 0 0.961337 -1.20239 0 0.99027 0.336954 0 0.426587 -1.78885 0 1.45292 -0.162591 0 -0.964649 -0.862464 0 1.61127 -1.23751 0 0.845048 0.532127 0 1.92419 -1.84182 0 -1.62612 -0.600598 0 -0.418457 0.777349 0 0.38365 1.31082 0 -1.02766 0.853766 0 -1.65574 1.54084 0 0.734459 -1.41728 0 1.24392 -0.60237 0 -0.349473 1.31307 0 1.37278 -1.65025 0 0.533322 1.32311 0 1.88358 -1.97557 0 -1.99211 1.52008 0 0.960188 0.629827 0 1.39509 1.08693 0 -0.172323 -1.35928 0 0.401244 0.869071 0 -0.498405 1.8912 0 1.84807 1.01222 0 -1.23622 1.2698 0 0.076836 -1.33841 0 1.61995 -1.95802 0 0.974658 0.0759047 0 1.86064 -0.260595 0 -1.62639 1.60654 0 -0.710724 -1.64225 0 0.370276 -1.82275 0 -1.81106 -0.10361 0 1.73024 1.14053 0 1.29609 1.4192 0 -1.40054 -1.18908 0 -1.0326 1.29804 0 1.90967 -1.29806 0 -1.12876 -1.79699 0 1.04804 1.46511 0 -1.11241 0.97732 0 1.11746 -0.820123 0 1.42816 1.11804 0 1.64572 -0.757839 0 -0.99586 1.88671 0 -1.03927 -0.351193 0 0.10361 1.4618 0 0.629514 -1.7137 0 -1.2996 0.415595 0 -0.927728 1.48575 0 0.287047 1.82205 0 -0.40766 -0.586047 0 -1.70228 1.37059 0 1.55931 -1.60953 0 -1.66525 1.4124 0 0.278406 0.98328 0 -0.744618 -0.930232 0 -0.869328 0.0908388 0 -0.102239 -0.501097 0 -1.36317 -0.229578 0 0.00954881 -1.2764 0 0.839324 1.35941 0 -0.200754 -1.61319 0 -0.777592 -0.432913 0 0.169465 -1.50856 0 -1.19583 -1.80188 0 -0.425785 -0.529552 0 0.103605 -1.07024 0 1.05483 -1.96971 0 0.439269 0.609341 0 -1.78747 1.66346 0 -1.30474 1.14639 0 -1.88941 0.937787 0 1.47377 -1.16457 0 -1.85135 1.35016 0 1.00129 -1.53719 0 -0.234875 -1.24827 0 -1.42153 -1.81677 0 1.51829 1.1499 0 -0.908701 1.82294 0 1.95539 -1.71003 0 -0.760063 1.07747 0 1.65947 -0.896108 0 -1.92138 1.27933 0 1.40395 0.325858 0 -0.101509 -1.82072 0 0.791643 -0.137738 0 -0.349599 -0.494547 0 0.0780445 1.07452 0 0.16152 -0.00531362 0 0.730194 1.21047 0 -1.96977 -1.80815 0 0.273923 1.79836 0 1.81861 -1.35 0 -1.429 -1.74473 0 -0.813822 -0.904602 0 0.734553 0.628127 0 -1.51953 -0.00534309 0 -1.94419 1.04833 0 1.3775 -0.814202 0 -1.88585 0.746981 0 -1.52658 1.77061 0 -0.0534995 1.45278 0 1.76994 1.52812 0 1.67808 0.48856 0 1.7177 -1.02873 0 -1.63092 -1.68629 0 0.199675 1.41346 0 -0.834531 -1.39226 0 1.22963 0.512793 0 0.0509821 -0.589618 0 -1.08936 -0.173761 0 0.903153 0.84393 0 0.834466 1.14397 0 -1.47168 -1.65802 0 -1.86472 1.07425 0 -0.323633 0.855652 0 -0.0287739 1.49236 0 1.73369 -0.29309 0 -0.218963 -0.142645 0 0.245246 0.435647 0 1.40757 -0.325049 0 -1.32753 1.82282 0 -1.09478 1.07133 0 -1.21671 -1.53552 0 0.11783 -1.31524 0 -1.18587 1.03591 0 -0.116429 -0.149882 0 0.971595 1.95018 0 -1.00527 -0.170171 0 -1.68739 1.6994 0 -1.47487 -0.205856 0 -1.17518 1.32054 0 -0.896257 -1.79519 0 -1.05533 1.53774 0 -1.06722 -1.9074 0 1.81113 -0.718889 0 1.4159 1.02657 0 -0.634008 0.52508 0 0.364447 -1.40541 0 -1.1314 -0.86316 0 -0.589436 1.4316 0 -1.1404 -0.263661 0 -1.08029 -1.86642 0 0.685856 0.605911 0 1.04414 1.93824 0 -0.883065 -0.386946 0 -0.0694173 -0.0921554 0 1.32955 -0.457517 0 0.119341 -0.584477 0 -1.70398 -1.72725 0 0.679145 0.213218 0 -0.584022 -1.46802 0 0.686377 1.15026 0 -1.24649 1.73995 0 0.509474 0.607748 0 -0.671716 -0.0161945 0 -0.67361 -0.290644 0 -1.20691 0.678807 0 -0.785896 0.156881 0 -1.78927 -1.26624 0 1.28833 -1.0688 0 0.674239 -1.39944 0 -1.68428 -1.13898 0 -0.126753 -1.22648 0 1.24376 -0.358583 0 -1.14181 -0.707042 0 1.71508 -0.892273 0 0.516043 1.81198 0 1.34982 -0.603132 0 1.60959 -1.12294 0 1.77065 1.96046 0 -0.0328962 1.12978 0 0.838421 0.603171 0 1.94492 0.472724 0 -0.183191 -0.652636 0 -0.725226 1.79761 0 -0.462358 -0.633565 0 -1.6316 0.0532784 0 -1.82786 1.13463 0 -1.42659 0.225197 0 0.589749 -0.392685 0 -1.78807 -1.544 0 -1.41983 0.792845 0 1.02604 -0.715754 0 0.499654 0.681049 0 1.05018 -0.457393 0 -1.85156 0.390082 0 1.90823 -1.65034 0 0.0908967 -0.947886 0 1.44521 -1.52949 0 -0.632373 -1.85256 0 1.72255 -0.17847 0 -1.29421 0.785723 0 -0.882444 -1.42351 0 1.09056 0.180884 0 -1.55876 0.165523 0 -1.10069 1.58963 0 0.686455 1.90418 0 -1.56371 0.218553 0 -0.606679 -0.147252 0 -0.261745 -1.99264 0 1.74572 -0.780579 0 1.5032 0.879317 0 -1.39545 0.16434 0 -0.790801 -0.920357 0 1.14648 1.422 0 0.992527 -0.289979 0 -0.87026 0.606505 0 1.47097 1.18287 0 0.582093 0.533746 0 -0.197108 0.124122 0 0.740897 0.0569206 0 1.10743 -0.0221958 0 0.524479 -0.724254 0 -1.33799 -1.28826 0 -0.928969 1.46747 0 -0.763977 -0.768866 0 0.437522 -1.64757 0 -0.71803 0.498615 0 0.886907 0.943885 0 -1.28591 1.69137 0 1.1195 -0.0471287 0 -0.203429 -0.065079 0 -1.02988 -1.73911 0 0.0523063 -1.82989 0 0.224266 0.63777 0 0.316206 -0.857058 0 0.319381 -0.476125 0 -1.51827 -0.882227 0 -1.81368 -0.899323 0 -1.90592 1.27305 0 -1.31696 -0.220672 0 -0.504625 0.262312 0 -0.65793 0.619653 0 0.568775 -1.9543 0 1.53948 1.07928 0 0.959832 0.881023 0 1.78839 -1.94449 0 -1.44418 0.0964383 0 1.37597 -1.93442 0 0.601012 -0.0594376 0 1.38302 -0.661404 0 -0.500358 -1.04422 0 1.24838 0.598396 0 0.53577 -0.172667 0 -1.70844 -0.829878 0 -0.644727 0.966323 0 -1.05853 0.669035 0 0.544698 1.16509 0 1.50562 0.784122 0 -1.99783 0.901958 0 -1.13545 0.915241 0 1.57711 -1.33076 0 0.171163 1.10213 0 -0.255114 -0.0400414 0 -1.91528 -0.107103 0 1.40159 0.594255 0 1.66442 1.61259 0 -0.289948 -1.33917 0 0.621833 1.9376 0 -0.114414 0.892913 0 1.1389 -0.71391 0 1.06368 -0.344555 0 0.63204 1.59217 0 -1.59394 -0.86252 0 -1.49523 -0.824503 0 -0.0901792 -1.14303 0 -0.918023 1.00368 0 0.662035 -0.254179 0 0.4221 1.88804 0 -1.51649 -0.556707 0 0.00398426 0.347901 0 -1.56134 -0.0843583 0 0.421989 -1.52879 0 1.3467 -1.35099 0 -0.0344063 0.444005 0 -1.51584 0.0572336 0 1.23179 -0.598362 0 -0.932539 -1.76733 0 0.0463215 0.300773 0 0.712447 1.52059 0 0.347378 -0.184896 0 0.382733 0.0746552 0 -1.0072 0.321396 0 -1.92949 -0.70025 0 -0.132657 1.5961 0 -1.92535 -1.90504 0 -1.61233 -1.76308 0 -0.106646 -0.873078 0 1.8106 -0.657468 0 0.976917 1.83799 0 -0.196521 1.56871 0 1.63527 1.96439 0 -1.52378 1.94617 0 1.00525 -0.352212 0 -1.81856 0.969126 0 -0.303154 -1.66473 0 -0.100814 -1.73521 0 1.35937 -0.967424 0 -1.42599 0.364575 0 0.130475 0.301644 0 1.83695 -1.91067 0 -0.684178 1.30475 0 1.73998 -1.28002 0 -0.51234 0.091028 0 -1.91092 1.62372 0 -0.750044 1.29572 0 1.89933 -0.168891 0 1.40055 0.341139 0 -1.26121 0.237202 0 -0.618635 1.70438 0 1.76227 -0.238609 0 0.159949 -0.346843 0 -1.22188 -1.68117 0 1.09616 -1.2294 0 0.209842 0.654676 0 1.43264 1.23527 0 -0.519285 1.75476 0 -0.526167 0.668294 0 -1.6381 -0.929809 0 -1.43104 -1.87864 0 0.596007 1.6295 0 0.603396 1.67387 0 -0.112268 -1.96902 0 1.90024 0.252201 0 -1.07156 0.401195 0 -0.589218 -1.08334 0 0.672439 1.73636 0 -1.88855 -0.0610553 0 -0.888956 0.0856464 0 1.07497 1.52605 0 -1.73751 -0.783002 0 -0.9381 1.00593 0 -1.58697 -0.14735 0 -0.809178 -0.65969 0 1.53576 1.275 0 0.92893 0.783053 0 -0.380074 0.15115 0 -1.96235 -1.93907 0 -1.92312 1.57643 0 -0.472985 0.722214 0 1.68591 -1.39663 0 0.296896 0.509291 0 -0.532297 -0.438075 0 0.058533 1.17258 0 1.77602 1.97583 0 -0.664806 -1.60311 0 -0.306752 -1.96982 0 0.208416 1.62069 0 -0.543781 -1.04777 0 1.40477 -0.47785 0 1.19088 1.96882 0 -1.57784 1.2401 0 1.54963 0.0971645 0 1.76505 -0.23737 0 1.3459 -1.94982 0 1.17709 0.663711 0 -0.330945 -1.58377 0 1.69598 0.510993 0 -1.76978 -1.93546 0 1.48609 0.00790202 0 0.95448 1.49453 0 1.24259 0.704848 0 -1.23796 -0.363911 0 0.922542 0.151819 0 -0.612186 0.571109 0 -1.6544 0.587171 0 0.996701 0.599194 0 -0.652776 0.85849 0 1.42597 0.198394 0 -0.908096 -0.789906 0 -1.56414 -1.01266 0 -1.66841 1.15816 0 -0.265263 1.45867 0 -1.96335 -1.6507 0 1.30646 -1.3632 0 -1.7722 -1.19575 0 -1.32571 1.45209 0 -1.25183 -0.633387 0 -0.910132 1.98689 0 0.197116 -1.58606 0 0.0871239 0.0478426 0 -0.485143 -1.39033 0 0.901817 0.449807 0 -1.04351 -1.04895 0 -0.848895 -1.9159 0 -1.35456 1.89758 0 -1.82888 1.84586 0 1.38488 0.700318 0 1.13935 0.601646 0 -1.7615 -0.849436 0 -0.259139 -1.62089 0 1.04598 -1.79366 0 -0.742754 0.591018 0 1.4184 -0.280283 0 0.335738 1.87413 0 1.55302 -0.108949 0 -1.91041 -0.304138 0 0.603146 0.80969 0 -0.982817 -0.326492 0 -1.50733 1.28371 0 -1.9536 0.276425 0 -1.97283 1.08076 0 0.897516 1.33963 0 -0.462406 1.51319 0 -1.57466 -1.54979 0 0.182329 -0.212567 0 1.77959 1.25839 0 1.09292 0.195814 0 1.33046 0.606301 0 -1.52796 0.499018 0 0.407597 -0.781911 0 1.52652 1.07936 0 1.79091 1.71053 0 1.25556 1.98784 0 1.88294 -0.975967 0 -0.644864 1.13187 0 0.316332 -0.0669571 0 -0.784109 0.138145 0 0.2577 0.944327 0 -0.35277 -0.791495 0 0.688231 0.904199 0 -1.56699 -0.869762 0 1.676 -1.61912 0 -0.798121 0.65044 0 1.94515 -0.915458 0 -0.625911 1.54182 0 1.4292 -0.885935 0 1.42126 0.383589 0 1.99939 -0.243606 0 0.35063 -1.22904 0 1.12693 -1.41928 0 1.7882 -0.136036 0 -0.123909 -1.24899 0 0.480263 -1.82859 0 0.0686953 -1.19444 0 1.81442 -1.83415 0 -1.83774 1.31802 0 -1.92394 1.8513 0 -0.0450913 1.4182 0 1.48376 -1.0059 0 -1.75493 -0.813745 0 -1.53609 1.38491 0 -1.3449 -1.61575 0 -1.48225 1.86076 0 -1.64366 -0.215108 0 1.53338 -1.07937 0 1.06527 -0.728648 0 1.00329 -1.45007 0 0.858003 -1.9583 0 -1.70749 1.88109 0 -1.4888 -1.58561 0 1.38153 -0.213532 0 -0.0535705 -1.76051 0 1.48198 -1.55352 0 0.490811 1.5979 0 -0.835003 0.447915 0 -0.755244 0.41975 0 -1.71006 -1.21786 0 -1.27918 -0.656057 0 -0.204606 1.85006 0 -1.60817 0.612371 0 0.934218 -0.108958 0 -0.726921 0.008783 0 1.50939 -1.03494 0 -1.45069 1.67024 0 1.1799 -0.13571 0 1.70148 -1.97342 0 1.42811 -0.739683 0 -0.110663 0.852099 0 0.630308 0.936023 0 1.39328 -0.24815 0 0.738407 -0.867114 0 1.65899 1.46002 0 1.43995 0.05925 0 0.0505341 1.15012 0 1.5085 0.30893 0 -0.723229 1.90251 0 -1.41104 -0.149585 0 -1.31344 -1.4644 0 1.81646 0.456901 0 0.285449 -1.82561 0 -1.88681 -1.83224 0 0.639154 0.564289 0 0.13736 1.52754 0 1.3973 0.746261 0 -1.49496 0.682218 0 0.581768 -0.19374 0 -1.18469 -0.317932 0 0.445935 1.66481 0 1.509 -1.20851 0 1.43806 0.842222 0 1.96985 1.41055 0 -0.409659 0.199762 0 -0.0537786 0.180231 0 -1.29563 -0.463469 0 -1.39319 1.65313 0 0.960199 -0.860181 0 1.34743 0.477945 0 1.81532 1.61454 0 0.571126 -1.22085 0 -1.21942 -0.618825 0 0.144145 -0.187809 0 1.42287 -0.321769 0 -1.20021 -1.09375 0 -0.81595 1.77611 0 0.719704 -1.87189 0 -0.846454 1.84661 0 -0.757999 0.926328 0 -0.366558 -0.669082 0 1.14872 -1.78632 0 -0.982164 -1.15508 0 1.62803 0.494486 0 -1.35541 -0.835612 0 1.09097 -1.65945 0 1.64026 -1.1835 0 -0.712649 -0.763003 0 -1.79523 -1.95795 0 -0.38842 0.696863 0 0.247505 -1.12302 0 -1.97031 -0.664327 0 -1.52511 1.5989 0 0.576454 -0.403193 0 1.58221 0.290722 0 0.77946 -1.48385 0 1.26258 1.96823 0 -0.25049 1.14106 0 0.145421 -0.00217985 0 -1.8852 -0.0911873 0 0.685807 -0.590116 0 1.00127 0.0836943 0 1.25949 0.362116 0 -0.83155 -0.81286 0 -0.888436 -1.85055 0 1.86636 1.49823 0 1.94047 -0.239213 0 -0.268082 -1.02629 0 1.18048 1.0177 0 -0.472072 -1.5698 0 1.94737 -0.629963 0 0.558804 0.05662 0 0.452764 1.37655 0 1.61181 -1.53768 0 -1.09762 -0.840195 0 1.38416 -1.78579 0 1.24083 1.8888 0 -1.63306 1.2989 0 1.15637 0.468912 0 -0.186553 0.696944 0 -0.588125 0.773038 0 -1.59738 1.2444 0 0.389629 -0.226362 0 1.58775 -1.1397 0 -1.62152 -1.6244 0 -1.00103 -0.669321 0 1.31518 -0.949787 0 -1.28157 -0.72804 0 -1.36836 0.103728 0 1.25934 -0.752623 0 1.81608 1.08783 0 1.91115 0.397596 0 -1.69055 0.984386 0 -0.809544 -0.354074 0 0.98678 1.10379 0 -1.79328 -1.04587 0 -1.70694 -0.683248 0 -1.62412 -0.5444 0 -1.74429 -1.83855 0 0.84827 0.230015 0 0.212484 0.0159133 0 -0.707237 -0.598462 0 0.806473 -0.53978 0 0.166444 -0.522861 0 0.541646 1.95571 0 1.54247 1.69084 0 -0.775474 -0.87578 0 0.849933 1.38291 0 -0.448243 -0.557084 0 1.46222 0.448842 0 -0.934144 -0.756232 0 0.382324 1.32252 0 1.72294 1.38291 0 -0.502464 -1.08585 0 -1.34995 -1.42846 0 0.392107 -0.469155 0 -1.46612 0.2578 0 0.906775 1.79653 0 0.295036 0.0939083 0 -1.0492 1.82831 0 1.69744 -1.0158 0 0.986894 -1.66599 0 0.867398 -1.24806 0 1.24941 -0.444584 0 1.57259 -0.721219 0 0.490377 0.25102 0 0.398587 -1.00452 0 -0.714012 -0.246902 0 -0.630758 0.0455454 0 -0.953572 0.947079 0 -1.58162 1.8247 0 1.46788 -1.53517 0 0.1739 -0.281469 0 -0.884239 -1.59536 0 0.678178 0.806489 0 -0.823551 -0.120866 0 1.4939 0.808454 0 -1.99707 1.79516 0 1.5032 -1.06138 0 1.55851 1.65242 0 -1.20474 -0.670257 0 1.07923 1.21353 0 -1.08428 -1.80286 0 1.47779 1.82682 0 1.05202 0.895889 0 0.531991 -1.68027 0 0.458097 1.48583 0 -1.60993 1.52843 0 1.33652 1.42326 0 -0.956413 0.766546 0 1.57374 -0.730424 0 1.54132 0.452567 0 -0.114593 -1.01825 0 -1.07021 -0.973802 0 -1.96376 1.21442 0 0.463639 -1.14684 0 -1.06368 -0.48375 0 -1.52261 -1.00293 0 -0.529127 -1.09807 0 1.05102 -0.087753 0 -0.385198 -1.05297 0 -1.96151 1.41949 0 0.923825 -1.67765 0 1.30224 -0.433288 0 -1.11336 1.83185 0 -1.18395 0.140376 0 0.123658 1.55941 0 -1.53227 0.812821 0 -1.24885 -1.6282 0 -1.92567 0.506735 0 1.63863 -0.390589 0 0.2595 0.569647 0 0.0147547 1.0954 0 1.30916 -1.01841 0 -1.32194 -1.36051 0 1.13088 0.849902 0 -0.319055 0.691071 0 0.0384102 -0.628789 0 0.129441 -0.878906 0 0.458195 1.44745 0 -0.591744 -0.488596 0 1.99457 -0.220719 0 -1.73113 -0.933665 0 -0.63825 -1.81325 0 0.328644 0.409375 0 0.952904 1.42285 0 0.197318 -0.570895 0 1.12806 1.49195 0 -1.58966 1.5349 0 -0.88063 0.0333556 0 -0.839798 0.978675 0 -1.5549 -0.628975 0 0.981651 -1.88947 0 0.125361 1.98701 0 0.339826 1.51492 0 -0.539906 -0.557143 0 -1.79667 -1.84108 0 -0.674314 -0.842158 0 -0.694102 -1.70115 0 0.397847 1.30406 0 -0.962157 -0.0133929 0 -0.155603 -0.599929 0 -1.41118 -0.914929 0 -1.09516 1.41744 0 1.87005 -0.30196 0 1.08765 -0.321712 0 0.652354 -1.04899 0 1.91873 0.697532 0 0.29298 -0.786274 0 -1.06441 1.66693 0 1.73801 0.749563 0 -0.0163225 -0.792918 0 -1.57836 -1.05721 0 0.890334 -1.5431 0 1.92554 0.758445 0 0.66842 0.415253 0 -1.16738 -0.592191 0 -1.47576 -0.568123 0 -1.78626 -0.906333 0 -1.79582 -1.11953 0 -1.19735 1.42507 0 -1.08356 0.236262 0 1.43928 -0.439436 0 1.15306 -1.00901 0 1.48146 -0.348971 0 -0.86343 0.233943 0 -0.797189 -0.849896 0 -1.57243 -1.25816 0 -1.64058 0.953602 0 1.29304 0.703133 0 -0.83285 -0.738778 0 0.971058 -0.41946 0 1.26823 -0.290458 0 0.406305 -0.568105 0 -0.494064 1.54439 0 1.90205 -1.60749 0 1.51971 -1.85537 0 1.43943 1.3998 0 -0.668928 -1.87903 0 0.00659096 0.481188 0 1.21815 -1.50277 0 0.199408 -0.02172 0 -0.0492844 -1.24662 0 1.705 -0.104354 0 1.98273 -1.28201 0 1.32963 -0.508306 0 1.56791 -0.125163 0 -0.0466196 1.79766 0 -0.0470606 -1.42154 0 -1.42336 0.240892 0 -0.447431 -0.856196 0 0.525226 0.015065 0 1.83095 -1.43167 0 -0.922299 -0.596434 0 1.81381 1.03209 0 1.39684 0.713279 0 0.484971 0.0104097 0 0.650266 1.74568 0 0.712723 1.49507 0 -0.503424 -1.80189 0 0.0522619 -1.36998 0 1.84892 1.65077 0 1.66049 -1.61923 0 1.73316 -1.08877 0 -1.50445 1.50469 0 -0.275214 -1.04199 0 1.34538 0.528247 0 1.62376 -1.53613 0 1.10551 -1.54662 0 -0.198956 -1.28633 0 1.34287 1.22688 0 0.375676 -0.204066 0 0.148166 -1.96663 0 -1.09167 1.69349 0 -0.0742767 -1.17377 0 -1.32487 0.840988 0 -1.62172 -0.415484 0 0.944051 0.821682 0 1.83249 1.94855 0 0.594084 -1.58396 0 1.83847 1.14999 0 1.26831 1.07439 0 -0.561999 0.761218 0 1.88038 -0.12549 0 -0.93839 -1.7575 0 -1.09947 0.0163605 0 1.57646 -1.23535 0 -0.764911 -1.66152 0 -0.391448 -1.09583 0 -0.0938858 -1.0328 0 1.58289 0.461654 0 -0.851975 1.9206 0 -1.01072 -0.26315 0 1.46429 0.268421 0 1.75635 -1.1792 0 -0.978813 -1.07816 0 1.91025 -0.783363 0 -1.51312 0.450554 0 -0.240234 0.222411 0 -0.214349 -0.891494 0 -1.0945 -0.640591 0 -0.510099 -0.0576131 0 1.25645 -0.0985216 0 -1.54409 -1.29122 0 -1.27865 -0.909455 0 -1.07321 -0.855139 0 1.7343 -1.17817 0 1.94901 -0.881078 0 1.36702 -1.24052 0 0.83044 -1.035 0 -1.71206 1.43187 0 1.58616 1.9866 0 1.13995 -1.26301 0 0.0284442 -0.743823 0 1.71029 0.180977 0 0.743306 1.29607 0 0.398218 0.930185 0 1.08964 1.60109 0 0.311055 0.185462 0 -1.35153 0.466862 0 -1.92352 0.721539 0 -1.91348 0.501395 0 1.41816 -1.38206 0 0.1282 0.613924 0 -1.20034 0.364194 0 -1.39637 -0.198945 0 -0.699076 0.89415 0 0.814385 -1.91097 0 -1.28964 1.5065 0 0.355603 0.429354 0 -0.486898 -0.336189 0 1.73068 0.880987 0 -0.359955 -0.299337 0 -1.17988 0.129469 0 1.77588 -1.91633 0 1.82793 -0.545352 0 0.403883 -1.77526 0 1.93041 0.764294 0 1.90987 -1.59165 0 -1.23618 1.47568 0 1.11886 -1.12304 0 0.802162 -0.739295 0 -0.883743 -1.55282 0 -0.526418 -0.292003 0 -0.228356 1.90583 0 1.23201 -1.66513 0 -0.93237 -1.73273 0 -1.11278 1.70449 0 0.119459 -0.200439 0 -1.68946 1.81849 0 0.444919 -1.71288 0 -1.74672 0.299952 0 1.58382 1.02476 0 -1.06281 -1.80116 0 0.0498605 1.99427 0 -1.18556 1.51559 0 0.151857 0.961177 0 -1.66872 0.552195 0 0.138003 -1.68637 0 -1.34898 0.736499 0 -1.68706 0.0665863 0 -1.36965 -1.57168 0 1.7121 1.48071 0 1.2339 0.849289 0 0.390352 -0.495489 0 -1.91524 -0.371945 0 -1.20977 -1.68513 0 1.33499 -1.28582 0 -1.34524 -1.01757 0 -1.69751 -0.838586 0 0.44879 -1.69273 0 -0.77264 -0.762423 0 -0.886126 0.777289 0 0.685643 0.00475448 0 0.625864 0.60914 0 -1.38037 -1.75172 0 -1.66881 0.200145 0 -1.23776 -0.553069 0 1.92331 1.06298 0 -0.960941 0.318281 0 -0.824719 0.506754 0 0.54099 1.00341 0 -1.63604 0.760079 0 1.25974 1.25792 0 1.07786 1.91111 0 1.04667 1.52274 0 1.32888 0.592266 0 1.4609 1.97668 0 0.462399 -0.10577 0 1.14151 1.55413 0 -0.308173 0.709434 0 -1.74867 -0.9605 0 -1.21392 -0.918172 0 -1.79013 -1.72753 0 -1.4092 0.902038 0 -0.646763 -0.67865 0 -1.51001 0.739661 0 -1.19628 -0.692839 0 0.713476 0.485878 0 -0.855023 1.22942 0 -1.56141 0.464812 0 0.724267 0.460365 0 -1.2515 0.931652 0 -0.60205 -1.46846 0 1.14864 0.18373 0 0.536256 1.01739 0 0.0756784 1.13585 0 -1.35754 1.52204 0 1.32023 -1.41117 0 0.954661 -1.83729 0 1.95935 0.115299 0 0.75208 -0.0345719 0 -1.46655 -0.781384 0 1.00447 -1.52119 0 1.91713 -0.944117 0 -0.762215 1.64694 0 -0.0608716 -0.243303 0 0.30333 -1.62315 0 -0.938407 0.793649 0 0.927866 -0.74586 0 1.62902 -1.14498 0 -1.9634 -0.875613 0 0.141741 -0.116648 0 -1.69745 -1.04836 0 1.28329 -0.0526607 0 0.000554723 -0.520116 0 -0.323854 -0.185919 0 -1.10849 1.11505 0 1.91303 -0.514393 0 0.669835 0.812035 0 1.96866 -1.69637 0 -1.48559 1.01151 0 -0.462284 -1.30083 0 -0.488888 -1.46743 0 -0.110349 -0.160746 0 1.19463 -1.54517 0 -0.0844752 -0.727544 0 1.32263 -0.359162 0 -1.85088 -1.63292 0 -0.429941 -1.50042 0 -1.73876 -1.57717 0 -0.53786 -0.0663932 0 0.749665 -1.91766 0 -1.25111 -0.059733 0 1.80652 -0.523929 0 0.347345 -0.76501 0 1.18174 0.102252 0 0.682417 0.190774 0 -0.235811 0.665869 0 1.73113 -0.905482 0 0.948522 -0.842869 0 1.58785 0.223357 0 1.97456 -1.50707 0 1.40775 -1.8685 0 0.416531 -0.76698 0 0.69049 1.79703 0 -0.810604 1.08209 0 -0.379845 0.193121 0 1.57114 -1.74 0 1.38038 -0.690937 0 -1.1854 0.0161823 0 1.44066 -0.096136 0 0.205024 -1.42624 0 -1.95848 0.869118 0 -0.527039 1.59902 0 -1.28817 -0.516052 0 -1.05664 0.302152 0 1.05289 -0.590007 0 -0.687735 -1.23916 0 0.834097 -0.0144032 0 1.33592 -0.462191 0 0.518766 0.914772 0 0.528613 -1.04627 0 -0.60781 1.80036 0 -0.211798 -0.0499676 0 -0.103021 -1.28354 0 1.30222 -0.41071 0 0.38139 -0.812809 0 1.79679 1.25474 0 0.268977 1.59583 0 -0.771659 -1.15595 0 -0.0349034 -1.58931 0 -0.882957 -0.187509 0 -1.924 1.23563 0 -0.599036 1.13398 0 1.07869 0.661038 0 1.82314 1.03282 0 -1.61365 -1.66798 0 0.0317604 0.94184 0 1.37966 1.1697 0 -0.94882 0.120784 0 -1.55298 0.00271515 0 1.01561 1.72827 0 -1.15819 1.31921 0 1.88155 -0.131283 0 -0.289026 -0.161369 0 -0.952723 -0.755833 0 1.83029 1.61209 0 1.20645 -1.4206 0 0.816145 -1.44369 0 1.74449 -1.67011 0 1.92878 -0.777231 0 -1.41246 1.3489 0 0.192841 1.1215 0 -0.359462 0.747667 0 -1.84743 -1.33353 0 1.53175 -0.0339328 0 0.566352 0.488931 0 -0.0477357 -1.71999 0 1.58587 0.236208 0 1.38161 -1.75178 0 -1.98854 0.709633 0 1.7253 1.57784 0 1.25665 -0.504848 0 -1.39766 -1.72996 0 0.0440344 -0.629009 0 -1.75655 1.02004 0 1.84991 0.938582 0 -1.03077 1.03282 0 0.267741 -0.429107 0 -0.543504 0.143902 0 -1.35864 -0.182862 0 -1.78552 0.692703 0 -1.10998 -1.99304 0 0.226655 1.06417 0 0.75464 -0.582019 0 -0.622539 0.606142 0 0.589109 0.761746 0 -0.68146 -1.98953 0 0.771846 -1.99248 0 1.64924 1.68622 0 -1.04639 0.16578 0 0.751585 1.45859 0 -0.182583 1.60993 0 1.11554 -0.728471 0 1.72587 -0.0428834 0 -1.20246 -1.44422 0 1.51294 -1.7013 0 0.993952 1.11563 0 0.605949 0.496314 0 -1.13602 -1.00819 0 -1.8998 0.955603 0 -1.47581 -0.310468 0 -0.701127 1.84105 0 -0.881012 0.788095 0 0.13148 -0.858823 0 0.437667 -0.44093 0 -0.888813 -1.57431 0 0.0767365 0.276087 0 -0.227753 -1.34223 0 -0.54242 0.274415 0 0.60668 0.962787 0 -0.205696 1.81399 0 -1.61561 1.25108 0 -1.08278 -0.256525 0 -1.55334 1.22847 0 1.8121 0.265743 0 -0.760877 0.596814 0 -1.11124 1.47074 0 1.39417 -0.682657 0 -0.351935 0.99665 0 -0.154816 1.31109 0 -0.834239 0.446033 0 1.92586 0.68116 0 -0.281781 -0.311635 0 1.11782 0.578848 0 1.42482 0.549342 0 -1.33927 0.950842 0 -1.60035 -0.65069 0 -1.55736 1.44216 0 -1.81684 -1.1561 0 0.360185 0.953833 0 1.55659 1.52854 0 1.91419 -1.60373 0 -0.211131 0.697013 0 -1.76447 1.63379 0 -1.45935 -0.0248867 0 0.150675 -0.673963 0 -1.40142 -0.405904 0 0.826087 1.24756 0 0.950672 1.36221 0 0.0146355 0.522205 0 1.38016 -1.36366 0 -0.614792 0.134299 0 1.55694 1.2414 0 -1.59354 -1.76702 0 -1.23456 1.92958 0 0.56325 -1.58671 0 0.0358022 0.0148554 0 0.810589 -1.39957 0 1.64734 0.668226 0 -0.944823 -1.1402 0 0.00840629 -0.743416 0 1.83596 -1.58087 0 0.386967 1.17375 0 -1.78945 1.22676 0 1.21798 0.29005 0 -1.52402 -1.07168 0 -0.627001 -1.28181 0 1.30493 0.860752 0 -1.6732 -0.0762782 0 1.61598 0.0440265 0 -1.25825 -1.03402 0 -0.981863 -1.66602 0 -1.92745 -1.01656 0 0.177109 0.518126 0 1.14161 -0.323102 0 -1.03141 -0.219373 0 -1.97819 -0.326646 0 0.554146 1.28962 0 0.669147 0.105989 0 0.63324 0.264727 0 0.854645 0.0749745 0 -1.4909 -1.95174 0 -0.299253 0.275934 0 -0.715425 -1.99132 0 -1.61302 1.199 0 1.216 0.810774 0 0.378181 -1.06467 0 1.01053 -0.239046 0 0.507229 1.27962 0 0.784955 0.144643 0 -0.763592 -0.753877 0 0.0291141 -1.38019 0 1.97075 -1.43774 0 1.29075 -1.71771 0 0.264055 -0.224948 0 0.776053 0.970796 0 1.73406 -1.00621 0 -1.52544 1.88074 0 1.47041 1.20604 0 -1.62439 0.9952 0 0.602263 0.874443 0 1.96668 0.156539 0 -1.05556 0.787976 0 -0.212556 -0.197181 0 0.46465 -1.97717 0 -1.20182 1.00254 0 -0.0823745 -1.62779 0 1.67424 -0.558028 0 -0.698291 1.96947 0 -1.79058 1.14584 0 1.9425 1.60035 0 1.44842 1.1819 0 -0.340792 -0.177473 0 -1.38517 1.41254 0 -0.33679 -1.57029 0 0.354069 0.918055 0 -1.71741 -0.988063 0 -0.408604 -0.337343 0 -1.97975 1.04777 0 0.112285 1.45311 0 1.4155 1.96794 0 1.25305 -0.34157 0 -0.0591456 0.215944 0 -0.826412 -0.523947 0 -0.763624 1.54794 0 -0.245971 -1.53049 0 -0.117537 0.778586 0 0.426735 -0.00742213 0 -1.76938 1.6454 0 -0.926704 0.658143 0 0.957312 1.41666 0 -1.94181 -0.691065 0 -1.47472 1.45641 0 1.43892 1.50339 0 1.299 1.78532 0 -1.29858 -0.163642 0 0.660497 1.52734 0 1.32546 -0.308684 0 -0.676978 -1.60507 0 1.66428 -1.70175 0 1.17097 1.40096 0 -1.90285 -1.95642 0 -0.43495 -1.25728 0 -1.87152 -1.69769 0 -0.763351 -1.80582 0 -0.845823 0.709302 0 1.15422 1.63395 0 1.30248 0.991637 0 1.96761 -0.854053 0 -0.249389 -1.02876 0 -1.5968 -1.22327 0 0.52998 -0.617267 0 -1.95531 -0.684717 0 -0.569475 1.43384 0 0.981386 1.90618 0 -0.542113 -1.95537 0 0.738825 -1.85061 0 -1.13431 -1.11716 0 0.543638 1.41695 0 1.47105 -0.721409 0 -1.4256 0.216698 0 -0.875789 0.804505 0 1.79931 -0.554435 0 -0.485347 1.44244 0 0.456011 -1.31783 0 1.50126 0.746942 0 -0.758241 -1.47427 0 1.47634 1.27881 0 -1.60427 1.10398 0 1.74777 1.34704 0 0.644198 -0.62223 0 -0.162227 1.68679 0 -1.66523 -0.047342 0 -0.912403 -1.05396 0 -0.732261 -0.21208 0 -0.284064 -1.04378 0 -0.85269 1.2558 0 1.60146 1.22665 0 -1.85925 -1.37305 0 -0.0256803 -0.908376 0 -0.239619 -1.40116 0 0.64136 1.94138 0 -1.26519 0.759272 0 1.06081 -1.48034 0 -0.227014 0.0402904 0 1.28943 -1.15038 0 1.74594 -1.58937 0 -0.152954 0.12352 0 -0.584736 0.739636 0 -0.424158 -1.38663 0 -1.666 -1.43883 0 0.0891961 -1.30251 0 -1.2492 -1.87031 0 1.57431 1.46915 0 1.04312 1.83695 0 0.103195 -1.7484 0 -0.550071 -1.54895 0 1.833 -1.58611 0 0.521519 0.312676 0 1.84967 -1.54583 0 0.19809 0.748168 0 0.810146 0.941334 0 -1.70302 -0.0601603 0 0.0365228 0.991013 0 -0.704831 0.279671 0 -0.172263 1.32353 0 -1.03063 -1.76361 0 -0.281081 1.3535 0 -0.18888 0.878473 0 0.487007 1.54143 0 -1.48973 -1.26527 0 -0.542496 -0.862702 0 1.92302 1.27271 0 -1.65459 1.47685 0 1.29022 1.76895 0 1.21355 -0.23327 0 1.27655 1.09614 0 -0.932556 -1.58281 0 -0.709133 -0.965161 0 -0.868385 -1.5563 0 0.234744 1.22766 0 -0.00691883 -1.56253 0 -1.28203 -1.10404 0 0.197678 -0.104495 0 -1.96662 -0.51533 0 -1.45946 0.604407 0 1.42773 -1.67534 0 -0.963807 -0.430661 0 1.6608 -1.01075 0 -1.00674 -0.111159 0 1.63572 -0.484094 0 0.177538 -1.27013 0 1.43543 0.289747 0 -0.771918 0.667964 0 0.290814 1.79522 0 -1.92508 -0.569352 0 0.414554 -0.927222 0 -1.93305 -0.511853 0 -0.828855 -0.452369 0 0.857319 0.122452 0 -1.34561 0.262557 0 1.5867 0.0529413 0 1.00543 -0.617654 0 -0.632252 0.588133 0 -0.546414 1.83734 0 1.80164 0.15412 0 0.642133 0.406817 0 0.507925 0.375923 0 -1.83794 -1.33952 0 1.91637 0.524316 0 -0.373041 1.24128 0 0.372394 1.8913 0 -0.0479929 -0.791003 0 1.88051 -0.746381 0 -1.96793 1.20236 0 -0.612505 1.77258 0 0.495505 0.531442 0 -1.51171 -1.72075 0 -0.781349 0.231324 0 0.596041 -1.86203 0 0.291908 1.76761 0 -1.58465 -0.287243 0 -1.98602 1.51499 0 1.9032 -1.51952 0 -1.01688 -1.34992 0 -0.622717 -1.15374 0 -1.05886 -1.88637 0 1.86756 0.701858 0 -0.957815 0.413576 0 -1.90731 -0.969989 0 -1.59533 -0.0263511 0 -0.0593237 -0.944727 0 0.935344 -1.67746 0 -1.27581 0.704658 0 -1.9624 -0.296213 0 0.184388 1.21308 0 -0.204631 -1.80896 0 -0.851927 0.798692 0 1.85995 0.956763 0 -1.67366 1.13905 0 0.212428 0.351244 0 0.123415 -1.67259 0 -0.537495 1.83208 0 0.851439 -0.873296 0 0.0507184 -0.81755 0 0.848181 -0.211541 0 1.52301 0.0395741 0 -0.16761 -1.20061 0 -1.60137 -1.06831 0 0.84611 -1.75978 0 0.218758 0.633411 0 1.77499 -1.53026 0 -0.355406 -0.846077 0 -0.951648 0.713376 0 -1.57442 1.86332 0 -0.776255 -1.45737 0 0.295854 0.0216299 0 1.45592 -0.0819708 0 0.632266 -0.42694 0 -0.229133 -0.879374 0 -0.32578 1.37531 0 -1.40507 -1.66219 0 -0.610558 -1.28427 0 1.39665 0.9337 0 -1.84909 -1.73053 0 0.658991 1.77224 0 0.917482 -1.77077 0 -0.19992 -0.800209 0 -1.60046 -1.6553 0 0.511899 1.22365 0 1.37343 -1.12375 0 0.0140482 -0.601189 0 -1.07498 1.02432 0 -1.04258 0.865267 0 -0.645508 0.624006 0 1.78769 1.81489 0 0.252927 -0.507085 0 -0.117479 -0.792045 0 1.57957 -0.999196 0 0.793306 -1.68533 0 0.744713 1.81661 0 -0.389098 -1.50458 0 0.991001 -1.77971 0 -0.609789 1.79795 0 1.31897 0.0664687 0 1.08516 -1.72153 0 -0.400282 -0.47936 0 -0.581634 0.485602 0 1.36202 0.773916 0 0.0802461 -1.92174 0 -1.44589 -0.444592 0 0.250321 -1.58661 0 0.228682 -0.410467 0 1.63628 0.952621 0 1.45079 -1.58767 0 -1.76393 -1.03931 0 -1.60925 -0.400933 0 0.277285 1.89263 0 0.140407 -0.413013 0 1.19978 -0.0188252 0 0.616235 -0.2325 0 0.544866 -1.13027 0 0.406546 0.315098 0 -0.925231 -0.622461 0 -0.398351 -1.89394 0 1.68432 -0.485142 0 -0.850639 0.487416 0 -1.23597 0.841941 0 -0.246962 -1.14641 0 0.69486 1.29424 0 -1.47876 -0.935747 0 0.330065 -1.60594 0 0.364729 -0.592625 0 -0.629075 -0.0157397 0 -0.732196 -1.06156 0 -0.746357 0.188799 0 -1.88026 1.71264 0 0.542053 0.0615871 0 0.45388 0.243077 0 1.97901 1.87903 0 -0.564449 -1.6898 0 -1.49463 1.97741 0 1.51423 0.556086 0 -0.857324 0.332535 0 -1.37841 1.83689 0 -1.06137 -1.78648 0 -1.01655 1.78288 0 1.06699 0.046752 0 0.784324 0.194502 0 0.674158 0.686918 0 -0.77176 1.77421 0 0.91635 -1.33911 0 1.87486 1.58884 0 -0.783666 1.49234 0 1.99889 1.62442 0 -0.544619 -0.281739 0 1.67513 0.849527 0 0.935133 1.10161 0 -1.85814 0.239692 0 0.7324 -1.94165 0 -0.225612 -0.925668 0 1.3444 -1.74644 0 -0.958696 -1.9862 0 -1.16011 -1.66457 0 1.27064 -1.29992 0 1.80671 0.952472 0 1.86916 0.859802 0 0.708728 -1.59175 0 -1.05718 -0.286069 0 0.972066 1.66346 0 -1.00587 -1.53791 0 1.89755 0.969203 0 -1.76501 1.29654 0 1.46571 1.54004 0 -0.60946 -0.00763377 0 -1.07384 0.185862 0 0.381837 -0.208755 0 -1.24171 -0.0191743 0 1.47453 1.17282 0 1.38501 -0.853939 0 0.606643 0.927516 0 -1.22089 -1.93537 0 1.04827 1.18539 0 0.0368464 1.95937 0 0.303769 -0.253497 0 0.703952 -0.679577 0 1.47931 -1.31852 0 0.211912 -0.987528 0 -1.86554 0.220387 0 -0.130886 -1.52711 0 -0.604618 1.40782 0 0.513902 0.104952 0 -0.644103 0.325403 0 1.88394 -1.67712 0 1.09808 -0.98998 0 -1.73706 -1.64428 0 -1.38146 -1.04208 0 1.09542 -0.481326 0 -0.350615 0.0611142 0 1.46836 1.48624 0 1.41369 -0.140493 0 0.395585 1.24779 0 -0.122462 -0.446683 0 -1.96759 0.54967 0 1.33252 0.467288 0 -0.80401 0.421294 0 -1.16271 -1.16319 0 0.704841 0.593511 0 1.26072 -0.407793 0 0.848092 1.79223 0 -1.20488 0.92475 0 0.655899 1.56457 0 -0.161521 -1.71815 0 -1.95813 -1.85003 0 -0.312031 -1.65432 0 -0.29537 0.283948 0 1.25388 1.99607 0 -0.683715 -1.00482 0 -0.353203 0.195147 0 0.974947 0.0599406 0 0.793564 1.30808 0 0.19218 -1.06288 0 -1.42773 0.901553 0 1.71207 0.669427 0 -0.602423 -1.3195 0 0.805265 1.31039 0 0.837988 0.20051 0 -1.84334 -0.708106 0 -0.0252773 1.55424 0 0.0630081 -0.512899 0 -0.338772 0.965691 0 0.126309 1.47131 0 -0.407404 0.951618 0 1.50476 -1.91733 0 0.529391 0.066515 0 -1.28654 0.673288 0 1.48384 -1.16105 0 -0.118095 0.703974 0 -0.0452087 0.190231 0 0.356846 0.457966 0 -0.961267 1.61044 0 -1.57392 -1.08906 0 -0.603504 0.928726 0 -0.630046 -1.59975 0 -0.658492 -1.63305 0 0.450997 -1.51877 0 0.19499 -0.504462 0 0.767869 -0.107833 0 -0.939278 0.716085 0 1.18914 1.93072 0 0.781692 0.0795406 0 0.990781 0.381394 0 1.0547 -0.300351 0 -0.233586 -1.28683 0 -1.54688 0.301049 0 1.24654 -1.98763 0 0.499671 -0.478099 0 -1.50902 1.26533 0 0.697586 -1.25851 0 1.60939 -1.26719 0 -0.396308 -0.886696 0 -1.26553 -1.75786 0 0.852251 0.960839 0 0.681125 -1.06183 0 -0.51706 -0.0417109 0 1.78097 -0.181594 0 -0.427224 0.647313 0 -0.209562 -1.24087 0 -1.19139 1.78065 0 -1.10762 -1.67615 0 0.870195 1.50587 0 -0.30364 1.32018 0 0.366767 1.41676 0 -1.64669 1.77443 0 -0.763033 0.186055 0 0.211644 1.07793 0 1.58302 -0.653453 0 -1.25783 1.8795 0 1.56974 0.0343386 0 -0.0721346 -1.77719 0 1.61488 1.33986 0 1.42046 -1.91045 0 1.44969 0.670461 0 -0.238521 -0.600941 0 -1.48385 0.676326 0 0.428534 -0.77678 0 1.81032 0.974706 0 -0.033895 -0.83884 0 -1.58263 1.68145 0 -0.935608 0.476949 0 0.520708 1.98709 0 0.220798 0.268434 0 -1.15033 0.897354 0 -1.62093 -1.74817 0 -1.95176 -0.982906 0 1.78189 -0.468106 0 1.26908 0.138419 0 -1.64491 1.0612 0 -0.472585 0.795875 0 0.640536 -1.42128 0 -1.79006 -1.7108 0 0.703524 -0.304725 0 0.125758 -1.80865 0 1.61657 -1.26698 0 0.11652 -1.71337 0 1.44308 1.39906 0 1.16488 1.66702 0 -0.320796 0.599887 0 1.8076 -0.96794 0 0.158827 1.03861 0 -1.54656 0.0223171 0 1.57609 1.42335 0 -0.757288 -0.178968 0 -1.33336 -1.86752 0 -0.751529 -1.66078 0 0.0276734 -1.80585 0 1.01162 1.32497 0 1.32979 -1.38154 0 1.38382 0.38115 0 -0.792417 0.148831 0 0.883461 1.76326 0 -0.56543 0.416402 0 -1.64796 -1.53035 0 -0.101007 0.858444 0 1.39527 1.65249 0 1.24069 0.506553 0 1.19678 1.08812 0 -1.68218 -0.0847818 0 -1.70136 -1.61921 0 -1.16463 1.41592 0 -0.847189 0.0082572 0 0.700298 -1.34872 0 1.39647 0.691792 0 1.31474 -0.519855 0 -0.42437 1.22827 0 -0.569189 1.7288 0 -1.49603 0.294142 0 0.184474 -1.18796 0 0.146551 0.444543 0 0.723075 -0.647203 0 1.34612 -1.37573 0 0.287229 0.723809 0 -0.497133 -0.557054 0 0.759578 1.27541 0 -1.03648 -0.819995 0 1.70979 1.55641 0 0.56121 0.701983 0 -1.0584 1.03366 0 1.7938 1.75324 0 -1.66574 1.72834 0 -1.23299 1.20458 0 -0.0723587 0.500884 0 1.57312 -1.93998 0 -0.197329 -0.0203787 0 -1.00672 1.58029 0 0.769503 -0.365231 0 -0.467616 0.916448 0 0.439704 0.0978509 0 -0.355881 0.864845 0 -0.491517 1.29064 0 1.07421 -1.22519 0 -0.919949 0.312371 0 0.0729662 0.293741 0 1.6247 -0.971652 0 -1.37185 0.38502 0 0.280323 1.12365 0 -1.15397 -1.72494 0 1.56006 -0.55123 0 -0.281711 1.12034 0 0.858595 1.49249 0 1.3167 1.89945 0 1.25965 -0.118337 0 -0.86431 0.411847 0 0.621805 -1.11454 0 1.07159 -0.367784 0 -0.447544 1.00185 0 -0.574249 0.615653 0 -1.48156 -1.32748 0 0.417971 -1.94099 0 -0.189015 -0.494871 0 -0.683435 0.775923 0 0.435672 -1.80266 0 -0.0755894 -0.836036 0 -1.48546 0.392984 0 1.65617 -0.25844 0 -0.749069 -0.732806 0 -1.58901 1.38224 0 1.26859 -1.48411 0 -0.698656 -1.19038 0 -1.50708 -1.11386 0 -0.0992008 -1.38443 0 -1.36074 1.92075 0 -0.0465584 -1.034 0 1.06635 1.94581 0 0.177331 1.8659 0 -1.19471 -0.28152 0 -1.50521 1.63474 0 0.00396355 -1.55643 0 1.17211 1.987 0 -0.80135 -1.69267 0 0.451567 -0.523169 0 -0.177149 0.400137 0 -0.747016 0.790006 0 -0.912476 -1.66975 0 -0.318346 -0.152299 0 -1.05451 -1.99151 0 -1.11772 0.524638 0 -1.63538 0.0919378 0 -0.127339 0.779323 0 -1.73246 -0.686255 0 -0.871954 -0.594656 0 -1.68326 -1.69345 0 -1.31971 -0.346673 0 -0.362343 -0.792142 0 0.115512 0.675643 0 -0.317906 1.25906 0 -0.601808 -0.670148 0 -0.749777 0.305259 0 -1.02648 0.661483 0 0.878854 1.72523 0 -1.92688 -0.526101 0 -1.89834 0.543151 0 -0.252582 -0.820656 0 -1.22203 1.48413 0 -0.337816 1.47207 0 -0.535031 1.10391 0 1.01799 -0.507065 0 -0.337575 -1.31653 0 0.803104 0.120103 0 1.46959 -1.07096 0 1.79735 1.06205 0 1.40361 1.87617 0 1.01841 1.28019 0 -0.777924 1.09464 0 0.227613 -0.831496 0 -0.854843 -1.42756 0 -0.841001 1.73195 0 -0.771974 -1.49923 0 0.0917546 -1.70358 0 -0.547361 0.178465 0 -1.5948 0.305133 0 -0.101294 -0.928644 0 -1.29424 -1.06183 0 1.691 -1.59248 0 0.971852 1.80822 0 -1.58647 -0.346534 0 1.81542 -0.804302 0 -0.404697 1.05947 0 1.07103 1.61463 0 -0.283824 -1.35382 0 1.86321 -1.25613 0 -1.38392 -1.19855 0 1.74609 0.52734 0 0.159005 -0.99135 0 0.87029 1.54533 0 -1.55975 -0.161814 0 1.19023 0.275341 0 1.42109 1.55581 0 0.488956 1.82843 0 -0.210774 -1.42425 0 -0.873933 -1.51034 0 1.50599 -0.282586 0 -0.612693 -1.67866 0 -0.543451 -1.10204 0 1.33606 1.24501 0 -1.73333 1.97291 0 -1.69775 1.82302 0 1.27776 -1.64261 0 0.0414275 0.909081 0 -0.922733 -1.18718 0 -0.655897 -1.48814 0 -1.4142 0.910481 0 0.795032 -1.54639 0 -1.53761 -1.36387 0 -1.71795 0.559289 0 -0.70333 0.978997 0 0.961417 1.64959 0 0.505547 -1.66521 0 -0.392693 1.37307 0 -1.29292 -1.12095 0 -1.95584 -0.584684 0 -1.44583 -0.911032 0 -0.249446 0.0128342 0 -1.58595 1.92774 0 -1.90932 0.842919 0 -1.60192 -1.83606 0 1.60336 -0.805215 0 1.57704 -1.42781 0 0.620664 1.94744 0 0.107618 1.22402 0 0.613469 -0.708793 0 0.451472 -1.49598 0 -0.390483 1.40401 0 -0.042093 -1.6149 0 -1.43723 -1.75781 0 0.999137 1.06574 0 -1.01812 -1.52229 0 -0.0669004 -0.208884 0 1.34568 0.843796 0 0.339943 1.00823 0 1.56572 0.837281 0 -1.50973 -1.22481 0 0.893768 -0.0676239 0 1.04109 1.37085 0 -0.818406 -0.926641 0 0.614143 -1.66961 0 1.57775 0.740144 0 1.23479 -0.0339098 0 -1.67985 -1.43361 0 0.315545 0.82817 0 -0.981948 1.60886 0 0.953987 1.03717 0 -0.867216 -1.19744 0 -0.63363 -1.23615 0 -1.38259 -0.728522 0 0.782736 -0.266673 0 -0.856675 0.785278 0 0.932053 0.148502 0 1.09124 1.742 0 -0.756129 -1.00122 0 -0.621806 0.378715 0 -0.817573 -1.36264 0 -1.85271 1.83765 0 1.86713 -0.203422 0 0.546445 -1.69666 0 0.285505 -0.519449 0 1.16357 -1.11525 0 -0.219526 0.580023 0 0.854058 -0.532777 0 -1.54532 -1.90377 0 1.18287 -0.401876 0 -1.41612 -0.891009 0 1.39099 -0.0257165 0 1.15303 -1.66509 0 -0.411769 -0.840837 0 -1.76729 -0.926286 0 -0.645344 -1.67636 0 -1.02664 0.440973 0 -0.420132 -1.08823 0 -0.992411 1.72317 0 -1.55307 1.04137 0 0.57928 0.357768 0 -0.0251594 1.65239 0 0.814898 1.0072 0 1.12586 0.775002 0 0.97157 -1.50408 0 1.96302 1.02314 0 1.60405 1.32168 0 -0.388005 0.272751 0 -1.23382 1.87258 0 -1.55557 0.704852 0 1.1713 0.0154087 0 0.150204 -0.327302 0 -0.857719 -0.118285 0 1.01062 -0.249564 0 -1.89874 -0.455028 0 1.21952 -1.76512 0 -0.158477 0.86814 0 -0.723184 1.34997 0 1.27549 1.86995 0 -0.871822 0.751379 0 -0.114251 0.18422 0 -1.8459 -0.203394 0 -1.9997 1.68704 0 -0.415136 -0.623542 0 -0.213104 -1.6013 0 0.0520716 -1.06349 0 -1.7337 0.526352 0 -1.6159 0.257666 0 -0.602368 1.37419 0 -1.60837 1.66852 0 1.3898 -0.910143 0 -1.12615 0.435444 0 0.29262 -0.659874 0 -1.5066 -0.120887 0 -1.43262 -1.42499 0 -0.961036 0.524561 0 1.13394 -1.3881 0 1.6997 -1.10875 0 1.16802 1.79749 0 -1.09525 0.888238 0 -1.91878 1.83389 0 1.86679 1.65945 0 0.618453 1.67269 0 -1.21289 1.43709 0 0.109596 -0.22971 0 -0.383114 0.920527 0 -0.109866 0.227101 0 -0.739709 0.0334068 0 0.89833 1.48985 0 0.213095 0.555644 0 1.15001 0.210009 0 1.60015 1.99913 0 -1.34619 0.01121 0 1.46566 -0.590353 0 -0.866413 1.90396 0 1.04244 -1.96873 0 0.940026 -0.0700955 0 0.15138 1.58094 0 0.426726 1.31635 0 1.75195 -0.167384 0 1.30308 -0.824779 0 -0.463548 -1.53696 0 0.832451 1.84468 0 -1.18588 1.88726 0 0.00078262 0.688352 0 0.162475 1.98564 0 -0.882035 1.95454 0 -1.16859 1.93392 0 0.541137 1.22518 0 -1.33146 -1.92586 0 1.82134 -0.916 0 -1.27404 1.1007 0 -0.343907 -0.498246 0 -0.600567 0.734821 0 1.55118 0.308371 0 1.20887 1.20117 0 0.597582 -1.5477 0 1.34524 1.52205 0 0.589664 0.398382 0 -1.49915 -1.85711 0 -1.85658 0.594318 0 0.717185 -0.670271 0 1.92245 1.47674 0 1.64949 1.10394 0 1.44658 -0.0964817 0 0.0311654 0.444135 0 -1.45796 -1.0646 0 1.39408 0.401335 0 -1.02947 -0.997633 0 1.44847 -0.816924 0 -1.27791 0.638116 0 0.608499 -0.913466 0 -1.16412 -0.450108 0 0.884781 -0.635463 0 0.941562 1.69244 0 -0.789439 -1.50727 0 -1.18584 0.454994 0 0.457601 -0.442188 0 -1.43826 1.06349 0 0.477466 0.875323 0 -0.526473 -0.87994 0 -0.259546 -1.99957 0 -0.350834 0.925895 0 0.464713 -1.16596 0 -1.7088 0.398117 0 0.898208 1.35237 0 -1.74937 -1.59421 0 -1.85203 1.25174 0 -0.630082 -1.46364 0 1.53299 0.340237 0 -0.926587 -1.14685 0 1.40245 0.0855583 0 -1.22722 1.01028 0 -1.6905 -0.87426 0 -1.42454 1.5484 0 -1.97278 -1.75952 0 -0.988029 -1.12236 0 1.15499 1.80295 0 -1.73136 -0.289726 0 -1.91177 0.715536 0 -1.47469 0.0719685 0 -1.96548 -1.70507 0 0.747225 1.58068 0 1.39192 0.645109 0 -1.68282 -0.749654 0 -1.88724 1.03677 0 1.54124 0.49749 0 1.52693 -1.13744 0 -1.71821 -0.975556 0 -1.41179 -1.60958 0 1.4889 -1.77162 0 -0.137085 1.61132 0 -0.368157 -1.06692 0 -1.61799 -1.97498 0 -1.1022 -1.21089 0 -1.67418 -0.322076 0 0.285993 -0.885531 0 -0.0671106 1.46315 0 -1.46169 -0.418166 0 -1.14396 0.204384 0 0.322213 -0.474941 0 -0.745263 0.618594 0 -1.7956 1.14696 0 1.39806 -0.934999 0 -1.12543 -0.287671 0 -1.36396 -1.12098 0 -1.8323 -1.91747 0 1.26658 -1.82735 0 -0.0679519 -0.21708 0 0.103561 0.498813 0 1.32295 -1.89277 0 1.7362 1.00505 0 -1.70173 1.83184 0 1.69411 0.847838 0 -1.75241 1.47552 0 -0.682408 1.41638 0 -0.208216 0.190468 0 -1.43325 -1.53291 0 -1.78642 1.54637 0 -1.78032 -0.103767 0 1.2647 -1.37353 0 1.21942 1.33999 0 0.472689 1.98706 0 -1.99378 -1.3775 0 -0.0542386 -1.12435 0 1.46572 1.11201 0 1.62369 0.620467 0 0.835196 1.25773 0 0.837038 1.28465 0 0.330434 0.0691343 0 1.17263 -1.8155 0 -1.6125 1.93897 0 -0.572286 0.779207 0 -0.812635 -1.31392 0 0.533715 0.146658 0 0.800145 -1.45839 0 1.88538 0.443459 0 1.63375 -0.603546 0 1.59949 -0.845659 0 1.10023 -1.39276 0 -0.67614 -1.02885 0 1.18097 -0.246297 0 -0.00975708 1.3199 0 1.71595 -0.524003 0 1.43305 -0.861807 0 -0.286247 0.660433 0 1.99744 1.38383 0 -1.69401 -1.32159 0 1.16675 0.0604472 0 1.65018 -0.944322 0 1.86474 0.236674 0 0.958305 0.634374 0 0.80602 1.60212 0 -1.86946 0.855584 0 -1.8274 0.549315 0 -0.691058 0.106428 0 1.89814 0.867322 0 -0.925447 -0.872451 0 1.8288 0.0184132 0 -0.395303 0.960397 0 1.22299 -0.998255 0 -1.25635 0.812715 0 -1.04082 -0.26264 0 -1.05402 0.516145 0 -0.87271 -0.717145 0 -0.0234431 1.26458 0 0.785219 -0.0127217 0 -0.957634 -1.22245 0 -0.861509 -0.690841 0 -1.78558 1.65436 0 -0.716971 1.79592 0 0.870433 1.71277 0 0.150215 0.446123 0 -0.554012 -1.02994 0 -1.85316 0.286285 0 0.623528 0.702925 0 1.59061 -0.461107 0 1.27894 -1.71327 0 -1.67333 1.88383 0 1.67275 0.161429 0 1.5399 -1.68075 0 1.95166 -1.3199 0 1.96153 1.04346 0 -1.02612 -0.0863683 0 0.983283 -0.353025 0 0.038481 1.79416 0 0.273721 0.178686 0 1.60029 -0.164929 0 0.840482 1.36394 0 0.258054 1.27592 0 -1.42108 1.069 0 -0.217735 0.730867 0 -0.711231 1.92849 0 0.00558713 0.905262 0 -1.8963 0.544693 0 -0.735209 -1.26715 0 -0.428971 0.0126922 0 0.520666 0.053782 0 -1.63579 1.58836 0 0.218105 0.0126241 0 -0.0246616 1.6865 0 -1.41017 1.1001 0 1.65913 1.14522 0 -0.0864702 0.77675 0 -1.0047 0.765889 0 1.32301 -1.53158 0 1.70215 -1.2032 0 -1.29578 0.102518 0 -1.95684 1.85062 0 -0.367321 0.783394 0 0.172013 -0.321245 0 0.638237 -1.91042 0 1.52975 -0.463997 0 -0.416935 0.900575 0 1.41969 -1.85417 0 0.672899 -0.860547 0 1.62336 0.930863 0 0.8869 1.61481 0 -0.543334 0.0277446 0 -0.793728 -0.736709 0 -1.49762 -0.498569 0 1.13981 1.23118 0 -0.0962341 -1.43426 0 0.154429 -0.652813 0 0.472205 1.91694 0 -0.569701 -1.53865 0 -1.89464 -0.550255 0 0.601506 1.06406 0 1.28621 -0.0114797 0 1.01723 -0.391851 0 -0.0407946 0.694034 0 -1.85821 0.899488 0 -1.19283 1.06182 0 0.915554 -0.494771 0 0.142891 -1.23127 0 1.21775 -1.87308 0 -0.873708 -0.0773876 0 -1.82763 -0.602776 0 -1.61919 -0.359979 0 1.56849 -1.34266 0 -0.876548 -0.251714 0 -1.48849 -0.171963 0 0.471703 1.75399 0 -0.17018 -1.90757 0 -0.356496 -0.565358 0 0.956476 0.865062 0 -0.256302 1.80678 0 -0.217677 -0.750532 0 1.38716 1.27362 0 -1.51633 -1.07556 0 0.954698 0.14751 0 -0.0114944 0.977168 0 -1.40572 1.60863 0 1.26313 -0.09188 0 0.580403 1.27766 0 -1.02278 -0.280731 0 0.0463136 0.116087 0 0.163289 -1.28564 0 -1.72252 -0.503645 0 -1.6612 0.828446 0 -0.0298672 1.05545 0 1.97058 -0.838407 0 0.477615 0.67233 0 1.51799 -1.00146 0 1.88495 0.914916 0 1.14703 -1.82023 0 1.37767 -0.771323 0 -0.150928 0.182 0 -0.893661 -0.998672 0 -0.148163 0.943604 0 -0.0604204 -1.4707 0 0.150458 -1.57938 0 -1.92344 -1.31543 0 -0.051274 0.384089 0 -1.82561 1.27164 0 -1.63945 -1.46025 0 -0.524296 0.757154 0 0.0980706 1.50808 0 -0.303469 0.55479 0 0.783388 -1.34993 0 0.576195 -1.25192 0 -0.987441 -1.12031 0 0.0531386 -0.517715 0 -1.69072 -0.489541 0 -0.306511 -0.945225 0 -1.04077 -0.25181 0 -0.616786 -1.11779 0 -0.831213 -0.794534 0 1.15963 0.578042 0 -1.39397 0.000655063 0 1.0332 -1.32916 0 -1.00904 -1.38241 0 -0.228381 1.31948 0 1.69626 -0.948318 0 1.91592 -1.66263 0 -1.68728 1.92831 0 1.01509 1.44271 0 -1.10326 -1.46536 0 -1.37673 -1.39879 0 1.58456 1.62779 0 -1.40914 -0.0851913 0 -0.78313 0.343253 0 0.305626 1.32629 0 1.89789 1.4043 0 1.0274 0.489867 0 -1.46563 -0.492835 0 0.958144 -1.14028 0 1.38807 -0.194222 0 0.885342 1.19436 0 -1.6357 1.52322 0 0.248372 1.13553 0 0.128952 0.178637 0 -0.148326 -1.88012 0 -1.61911 -1.36895 0 1.00327 0.143365 0 1.48878 -0.606929 0 -1.02561 1.32058 0 -0.272127 -1.41545 0 -0.896529 0.9921 0 0.883531 -0.352296 0 1.28377 1.82681 0 -0.245291 0.563058 0 -0.597936 0.364876 0 -0.285602 -1.65033 0 -1.75605 0.182748 0 1.91684 0.409612 0 -1.26239 1.91834 0 -0.0899748 1.45263 0 0.07075 0.682875 0 -1.96906 0.997348 0 0.776116 0.887833 0 -0.325027 -0.334455 0 -1.61692 -1.27096 0 1.96931 -0.513178 0 1.24689 -1.54234 0 -0.49504 1.98694 0 0.333304 0.194717 0 1.13338 0.615902 0 -1.95513 0.664738 0 0.625924 1.58408 0 1.41115 0.740503 0 1.42015 -1.06529 0 -1.34293 -1.92336 0 0.929597 -0.356324 0 1.303 -0.094916 0 -1.70179 1.69505 0 -0.840157 1.78247 0 -0.380675 0.499785 0 0.527666 1.73519 0 0.0221276 1.88246 0 0.0264805 -1.34706 0 1.85729 1.63684 0 1.92875 -1.65562 0 -1.75068 -0.734572 0 -0.573409 -1.35067 0 1.55624 0.135532 0 0.103235 -1.24047 0 -0.718855 0.321198 0 1.21311 -1.68787 0 -1.43081 -1.95722 0 0.262726 0.685737 0 1.0628 0.429009 0 0.369264 -0.498782 0 -0.955012 -1.84406 0 -0.399103 1.59143 0 1.17316 -0.34369 0 0.84526 -1.88546 0 -0.476403 -0.813385 0 0.14446 1.05047 0 -1.6699 0.151304 0 1.99025 -0.435808 0 -1.48299 0.98666 0 1.71632 -1.16773 0 -1.10574 0.991853 0 -0.169539 -1.25322 0 0.257112 -0.809841 0 0.303625 -0.959128 0 0.197576 -1.76731 0 -0.348116 1.09755 0 -0.546875 1.59649 0 -0.485955 1.90695 0 -0.374261 -1.79986 0 -0.516411 1.10572 0 -0.38291 -0.943484 0 -1.92748 1.36681 0 0.29061 1.05121 0 -0.0797129 -1.57276 0 0.995698 0.0839512 0 -0.544499 -0.41474 0 1.58068 -1.71263 0 -1.24727 -1.30333 0 0.437049 0.926923 0 1.04369 -1.22391 0 -0.937738 -1.63762 0 -1.44015 -1.8314 0 1.55723 -0.562825 0 -1.89372 -1.02157 0 -0.580115 -0.0693034 0 1.43 -1.95082 0 -1.509 0.237873 0 -0.622163 -1.60264 0 -1.42251 1.13916 0 1.52446 -0.657867 0 0.91953 -1.17107 0 -0.308462 1.78587 0 0.65085 1.06402 0 1.91216 -1.88853 0 1.39236 1.77872 0 -0.436551 1.08334 0 -0.134732 -1.62048 0 -0.327086 -1.90784 0 -1.27914 0.579647 0 1.95802 0.0475734 0 -0.0740325 -1.16165 0 -1.83675 -1.8686 0 1.06641 1.1374 0 -1.05416 -1.28966 0 -0.572915 -0.51161 0 0.791853 0.628744 0 -0.383669 -1.63181 0 0.727359 0.25997 0 1.59209 0.433344 0 0.896783 1.48905 0 0.992302 -0.517716 0 1.27895 1.8818 0 1.51368 1.46762 0 1.9651 0.873714 0 -0.407909 -1.05198 0 1.80101 0.461948 0 1.92499 -0.109852 0 -1.33549 0.880167 0 0.140693 0.639679 0 1.89145 1.59933 0 -0.309335 -0.134058 0 0.96208 0.109519 0 1.30975 -1.26282 0 0.349791 1.35603 0 1.50243 0.864789 0 1.13755 1.72184 0 -1.72691 0.560986 0 1.72062 -1.88386 0 -0.646943 1.76118 0 0.2234 0.209946 0 -1.61116 1.30315 0 1.92567 1.02371 0 0.0134874 1.19902 0 -1.40584 0.490612 0 -0.197324 0.0133226 0 0.416026 1.42828 0 -0.25948 -1.77613 0 0.983732 0.0010771 0 0.48763 1.48361 0 -1.22219 -0.715199 0 1.20278 0.831703 0 1.30576 1.92882 0 -0.571582 -1.06459 0 -1.4663 0.0114558 0 0.672675 0.876155 0 -1.35918 1.04311 0 0.912551 -0.406718 0 -1.15874 0.745573 0 0.731216 0.50825 0 1.40974 -0.497432 0 -1.48645 -0.110232 0 -0.160314 -1.81141 0 -0.571406 0.341322 0 1.33908 1.10589 0 -0.572694 -0.691393 0 -1.36634 -1.73048 0 1.39364 -1.36493 0 1.63566 -1.26096 0 1.18945 1.22451 0 -0.654797 0.0271685 0 1.38548 0.514184 0 0.858608 0.504213 0 1.69096 -1.21052 0 0.140789 1.23784 0 1.13263 1.94012 0 0.547262 -0.204636 0 -1.59358 1.28145 0 -0.618658 0.191127 0 -0.454467 1.28918 0 0.24709 1.97027 0 -1.77815 1.39533 0 0.834149 -1.6658 0 -1.82403 -0.781894 0 -0.839068 -1.5837 0 -0.818872 0.616282 0 -0.237923 0.0485403 0 -0.917263 1.12432 0 0.989272 0.258419 0 0.60288 -1.64029 0 -0.844468 -0.0156668 0 -1.60231 -1.95877 0 -1.71518 -0.275869 0 -0.848074 1.637 0 -0.880019 -1.62854 0 -1.00547 -1.71248 0 1.73708 0.395869 0 1.78645 0.955457 0 1.96307 1.38016 0 -0.423225 0.148817 0 1.73551 -0.10464 0 -0.934829 0.712482 0 0.264506 -0.374506 0 -0.928172 0.190796 0 1.28933 0.544424 0 -1.98712 1.79515 0 -1.62965 -0.916792 0 -1.45494 -0.75935 0 0.290858 0.0536667 0 0.383555 -1.52578 0 -1.39264 1.39854 0 -1.21767 1.6722 0 -0.943391 -1.32739 0 -0.0259297 0.70973 0 -0.763009 -0.815662 0 -1.54612 1.92252 0 -0.93065 -1.42623 0 -1.6131 -1.43485 0 -1.21146 -0.743406 0 -0.577513 0.229261 0 -1.65362 -1.03356 0 1.68039 1.34519 0 -0.77415 -0.556115 0 -1.77696 -1.8487 0 1.89918 -0.282996 0 1.64925 0.987623 0 -0.92668 0.107869 0 1.47948 -0.33626 0 -1.4951 0.980856 0 0.360334 0.110922 0 -1.00573 0.318439 0 0.791612 1.2319 0 -1.19911 1.66046 0 0.143291 0.58164 0 -1.00253 -1.35826 0 -1.64288 -1.55462 0 -1.79946 1.40339 0 -1.21973 -0.137937 0 1.47749 -0.762727 0 0.484611 0.998078 0 -1.85012 -0.958493 0 -1.33425 -1.77019 0 1.04559 -1.74895 0 1.63583 1.44496 0 0.145256 1.38363 0 -0.956217 -0.201495 0 -1.54227 0.392326 0 0.819 -1.10479 0 -1.65197 1.23186 0 -1.79374 -0.183598 0 -1.49369 -1.1728 0 -0.361957 0.654661 0 -1.26888 -0.642856 0 1.74157 0.764283 0 -1.65277 -0.43259 0 -0.613952 -0.88774 0 1.5482 0.172239 0 0.533341 0.61306 0 -0.132959 -1.34513 0 1.37026 -1.48342 0 1.54231 0.332836 0 1.76704 -1.92694 0 -0.109018 0.132735 0 -0.756486 -0.256985 0 0.515496 1.8029 0 -0.476444 1.44544 0 1.12918 -1.69864 0 1.03234 1.85415 0 1.51722 -0.181562 0 -0.559859 -0.61715 0 -1.0606 -0.15134 0 1.55269 -0.115989 0 -1.1601 1.91141 0 0.745002 1.37086 0 1.31656 -1.16236 0 -0.982367 -0.561568 0 1.10808 -0.0581004 0 -0.747201 1.55715 0 -1.44141 0.810221 0 -0.018962 -0.637877 0 1.27441 -0.454505 0 0.597591 1.60525 0 -1.86854 1.08656 0 -1.52279 1.39767 0 -1.02856 0.185134 0 -0.692572 -1.53416 0 -0.0941345 0.568207 0 1.46088 1.80134 0 -1.73135 1.37246 0 -1.59953 -1.76466 0 -0.178254 -0.0389364 0 1.48767 -0.535359 0 1.42437 -1.31322 0 0.417611 1.60774 0 0.725971 0.365071 0 -0.299188 0.0512928 0 -1.82216 0.965936 0 0.601963 1.69744 0 -1.81704 -0.265811 0 1.20486 0.298096 0 1.05488 0.913883 0 0.600736 0.303294 0 -1.5446 0.595682 0 1.60439 -1.95394 0 0.50616 -1.01937 0 1.07616 0.183553 0 0.93117 -1.76015 0 1.28653 0.78401 0 -1.0073 0.894768 0 1.27916 1.15653 0 -0.569911 0.235889 0 0.0467645 -0.39653 0 -1.04742 1.13581 0 -0.29702 -0.960087 0 -0.0434451 -0.150879 0 -1.73684 1.1391 0 0.290962 -0.945917 0 0.348506 1.23373 0 1.3873 -0.554745 0 0.38167 1.29438 0 0.698342 0.199452 0 1.90741 -0.38572 0 1.93582 -1.48917 0 -1.70114 -1.51782 0 -1.75691 -1.05025 0 0.957207 -0.382535 0 0.588879 -1.4495 0 0.222832 0.7748 0 0.117096 -1.73349 0 1.4929 -1.9972 0 -0.0426526 -0.0803276 0 0.992553 -1.00129 0 -0.752404 0.0577397 0 1.3455 0.50185 0 0.326815 -1.67421 0 -0.0211445 0.682789 0 1.54087 -1.89544 0 0.836707 1.99544 0 1.25789 1.87464 0 -1.3247 0.994157 0 0.171425 -1.95995 0 -0.973504 -1.97633 0 1.5638 1.48155 0 -0.0352932 1.09353 0 -0.447944 -1.13779 0 1.62794 -1.30633 0 -0.17756 0.871873 0 -1.20479 -1.80433 0 1.81034 1.96286 0 0.0208368 1.02034 0 1.82568 -1.82354 0 -1.9694 1.25533 0 -1.45939 -0.761268 0 -0.206531 1.57228 0 -0.0602365 1.98526 0 1.74503 0.00214035 0 0.953818 -1.02041 0 1.56086 -0.729029 0 1.64793 0.0278543 0 -1.01224 0.739982 0 0.0557388 1.13026 0 -1.52987 -1.41698 0 0.651986 -1.36526 0 1.11096 -0.0925379 0 -0.76381 -1.50271 0 0.473451 1.78144 0 1.83837 -0.890964 0 -0.419013 0.833116 0 -0.819162 1.23255 0 0.0799517 -0.4359 0 -0.513689 1.76808 0 1.54729 -0.139153 0 -0.781221 -0.864639 0 -0.692007 0.404836 0 -1.30379 -0.898342 0 -0.876545 1.92256 0 -0.191601 -1.48455 0 -0.846849 1.84915 0 -0.677283 1.56993 0 -1.59406 -1.0705 0 -0.503298 0.392994 0 -0.923647 -0.830583 0 0.896941 -0.133516 0 0.628637 0.824722 0 1.09494 -1.31659 0 0.435371 -1.37278 0 1.77444 -0.41338 0 0.874931 -1.1497 0 1.44206 -1.71489 0 -0.274244 1.14323 0 1.5371 -0.810116 0 0.557941 1.38848 0 -1.00841 0.589286 0 -0.428869 -0.591257 0 1.55926 -0.00225308 0 1.96366 -1.3033 0 -1.07261 1.94768 0 -1.00706 1.36159 0 1.15527 -0.535312 0 -0.352995 1.30124 0 0.505119 -0.125281 0 1.07129 -1.72101 0 0.416849 0.808678 0 1.35143 0.3908 0 -1.96743 -0.0788968 0 -0.675315 1.8277 0 1.00068 0.652867 0 1.45053 -0.954802 0 1.37676 -0.710831 0 0.746012 1.55224 0 -0.340172 0.202477 0 -1.65398 -1.09615 0 -0.970556 -1.16408 0 1.75877 1.79092 0 0.968865 -0.92866 0 -1.5005 -0.793387 0 1.33591 -1.4729 0 -0.118513 0.21258 0 0.434407 0.0719942 0 1.3558 0.974298 0 -1.35599 1.04658 0 0.888533 -0.874969 0 -0.114649 0.180366 0 1.82019 -0.323099 0 0.0973364 1.97537 0 -1.65851 0.224307 0 0.080908 -0.445652 0 -1.60024 -0.0296905 0 1.54499 1.09714 0 -1.84857 -0.93617 0 0.0495482 -1.60676 0 -0.791205 -1.52708 0 1.31243 -1.13141 0 -1.24034 1.65742 0 0.755429 -1.50585 0 -1.43341 -0.301128 0 0.430929 1.28944 0 0.59764 0.167113 0 -0.653343 1.99147 0 1.18115 -1.92061 0 0.663739 -1.93433 0 1.78187 -0.51026 0 1.59876 0.584542 0 -1.40074 -1.48586 0 0.285284 1.81042 0 -0.341402 -0.832855 0 -0.0496839 0.0253385 0 -0.234713 1.53957 0 -0.864712 1.71629 0 -0.297339 0.677278 0 -1.29396 -1.04915 0 1.78131 0.505316 0 1.28706 -1.79632 0 -1.54864 0.958204 0 0.239422 1.03976 0 0.080786 -0.398125 0 1.54058 -0.418702 0 0.0257366 1.73685 0 1.95253 0.339263 0 -1.02985 -1.47873 0 -1.38295 0.00838768 0 0.96389 -1.78456 0 -0.512255 0.904144 0 -1.6682 -0.488048 0 0.874503 1.98353 0 -0.905038 -1.59665 0 -1.34103 0.962838 0 0.390979 -1.15694 0 1.38565 0.161836 0 0.495109 -1.44615 0 1.72291 1.41363 0 -1.54578 0.319166 0 1.38846 -1.34486 0 0.854191 0.359096 0 -0.813219 -0.971084 0 -1.06641 -1.02694 0 -0.199315 1.19398 0 -1.17746 0.538763 0 -0.435035 0.740416 0 -0.393315 -0.341648 0 0.632416 -0.778059 0 1.76458 1.95079 0 -0.504707 1.25805 0 -1.51855 1.90655 0 0.367034 -1.62315 0 1.30266 1.96868 0 -0.483837 -0.704579 0 1.5211 1.83217 0 -1.05192 -1.60868 0 -1.64112 -1.16992 0 0.68203 -1.39944 0 -1.20536 -1.6199 0 0.857448 1.00822 0 -0.598523 0.0896975 0 1.61678 0.302439 0 -1.92867 0.727815 0 -1.8776 0.168506 0 -0.127265 -0.269519 0 1.40449 1.33855 0 0.684637 0.907037 0 -0.840817 -0.351007 0 0.524566 0.31013 0 -0.459498 1.51244 0 1.09743 0.618711 0 -0.443122 -0.28416 0 -1.69216 0.277311 0 -1.71738 -1.81262 0 0.00578469 0.693377 0 1.91087 -0.203355 0 -0.116486 -0.9102 0 0.296468 -0.900506 0 -1.19673 -1.43154 0 -0.860413 -0.462666 0 1.37882 0.733646 0 0.821376 -1.77848 0 -0.389534 0.594403 0 1.12054 -0.633072 0 0.680878 -1.9442 0 1.227 1.83275 0 0.574213 0.0461659 0 0.947637 -0.307567 0 1.76003 0.0244231 0 -1.70217 0.829603 0 0.9712 -1.37261 0 0.582467 -1.89941 0 1.34942 0.298494 0 -1.0082 1.30691 0 -0.500527 -0.626242 0 -0.697912 0.790797 0 0.00910291 -0.116213 0 -0.755167 -0.701728 0 0.430283 -1.02689 0 -0.763214 -0.42788 0 1.91969 0.755721 0 0.0921475 0.50422 0 1.64622 -0.216427 0 0.512964 1.7293 0 -0.47544 0.987285 0 1.51877 0.598974 0 -1.92446 0.0696227 0 -0.483537 -0.0175619 0 1.50616 0.536438 0 0.964328 0.771075 0 -0.586072 -1.47528 0 -0.935822 0.915288 0 -0.0677779 -1.41182 0 -1.22586 0.950185 0 1.61842 -1.00769 0 -0.916677 0.26943 0 1.27592 1.82518 0 1.56188 -1.75275 0 -1.25699 1.74532 0 -1.47112 -0.577989 0 1.30604 1.00436 0 -0.778857 0.537174 0 0.383632 1.11724 0 0.461119 -0.836768 0 1.96156 -0.781498 0 -0.114075 -0.165975 0 0.894836 0.311086 0 -0.396012 1.56258 0 0.148292 -1.98845 0 -0.709627 -0.368946 0 -1.35714 0.72818 0 1.37106 -0.60127 0 -1.61858 -0.62169 0 0.124218 0.533293 0 -1.97515 0.929822 0 -1.23138 -0.576407 0 -1.8747 1.80886 0 -1.10134 -1.71943 0 -0.361398 -1.11522 0 -1.31428 -0.238711 0 -0.481976 1.77866 0 0.851407 0.730571 0 1.52551 -0.026013 0 -1.77784 0.451456 0 -0.705126 -1.55141 0 1.60691 1.00992 0 -1.94829 -1.06193 0 0.782901 -0.928188 0 -0.853503 -0.64453 0 1.36406 0.602138 0 1.45949 -1.53313 0 -1.58496 1.1899 0 1.42479 -1.79847 0 -1.33329 -0.501596 0 -1.18812 0.852881 0 0.756645 1.23819 0 1.53465 1.95007 0 -0.569097 0.139333 0 0.558256 -0.848521 0 -0.0188907 0.965124 0 1.13846 -0.518231 0 -0.678875 -1.0902 0 1.51493 -1.93054 0 -1.83502 0.0845647 0 -1.91479 -0.480381 0 -1.85815 0.575791 0 -1.04258 1.07952 0 0.817327 0.297868 0 0.574076 1.24698 0 0.769728 -1.37864 0 0.626348 1.02505 0 0.207965 -1.49239 0 -1.20982 0.808558 0 0.372804 -0.230867 0 1.92684 0.557279 0 -1.89111 -0.794513 0 -0.649477 -1.11849 0 -0.915135 -0.483432 0 -0.222056 -1.75259 0 1.42997 -1.10342 0 0.624468 -0.712764 0 -0.449075 0.278961 0 -0.185 0.708197 0 0.735829 0.829532 0 0.792953 -1.39174 0 1.89566 -1.27285 0 -1.93949 -1.29768 0 0.411242 0.120561 0 0.329173 1.73426 0 -1.87289 -1.05697 0 -0.169282 -1.01716 0 -0.354788 1.36713 0 -1.1937 -0.661104 0 -0.513146 1.89881 0 -0.514291 1.37917 0 0.534303 -1.88103 0 -1.56109 1.88902 0 -0.324782 -0.0337718 0 0.864171 -1.43128 0 -0.472087 -1.88076 0 -0.842334 1.46665 0 -1.58837 -0.889844 0 0.835601 0.909262 0 -1.78083 1.32469 0 0.43234 0.743651 0 -0.624746 -0.0245627 0 -0.709946 -0.563361 0 1.25934 -1.79785 0 -1.04681 -1.15311 0 0.517866 1.98346 0 -0.662994 0.772058 0 0.364305 1.31336 0 0.609847 -0.0657346 0 1.58432 -1.97205 0 0.453818 1.68786 0 1.88603 -0.24738 0 -1.90125 0.781252 0 0.414867 1.60838 0 1.48978 0.70857 0 -1.84403 -0.0553412 0 0.629911 0.532692 0 1.26332 -1.3995 0 -0.324009 -0.100364 0 0.651849 -1.64973 0 -1.75703 -1.18377 0 -1.18856 0.0291053 0 -1.60426 1.10893 0 -1.87901 -0.964046 0 0.47136 -1.86507 0 1.25868 -1.37317 0 -1.14908 -0.412058 0 -1.29521 -1.09057 0 -1.4672 -0.575111 0 -0.0947197 0.0878884 0 0.519717 -1.45467 0 0.738809 -1.80503 0 -0.0981648 -0.516028 0 0.346141 -1.78314 0 -0.445182 1.19775 0 0.360368 -0.482364 0 -1.13704 -1.88734 0 1.27802 1.75931 0 0.233307 1.8031 0 1.79938 1.41019 0 -1.70604 1.66667 0 -1.00349 0.286214 0 -1.17098 -0.478559 0 -0.77867 0.631074 0 -1.6448 0.528925 0 0.502484 1.23531 0 -1.12039 1.19097 0 -0.295929 -1.95401 0 -1.33097 1.88492 0 -1.39668 -0.0945992 0 -0.147532 -1.98791 0 -1.90045 -1.40378 0 -1.23911 -1.71082 0 -0.606711 -0.722777 0 -0.0205502 0.474668 0 1.76811 -1.79434 0 0.326008 1.31944 0 1.40964 1.90269 0 0.0863051 -0.188717 0 -1.96262 1.26953 0 -0.375306 0.85579 0 -1.19653 1.37166 0 -1.15186 -1.4443 0 0.385274 -1.12639 0 -1.36723 -0.67436 0 0.579792 0.578481 0 0.0695733 -0.441206 0 1.65989 -0.317828 0 1.43524 1.63233 0 -0.152882 0.711799 0 -0.146525 -1.37227 0 -0.193573 -0.767932 0 1.83008 -0.774747 0 -0.409657 -0.230942 0 -1.73916 1.83628 0 -1.75884 -0.532844 0 -0.582424 -0.622658 0 -1.53475 -1.66989 0 -0.0116541 0.946836 0 -0.788221 -1.18218 0 -0.265234 -1.47631 0 -0.4775 -0.635249 0 1.29241 1.72199 0 0.859707 -0.026057 0 -0.460283 1.60138 0 -0.460284 1.4971 0 1.62084 1.93046 0 1.88559 0.830398 0 -0.445778 1.6724 0 0.943232 -1.20392 0 0.812254 -1.86127 0 -1.4622 -0.104833 0 1.28543 -1.27588 0 -0.854697 1.25824 0 -0.766859 1.21326 0 1.22539 0.810108 0 -1.73594 -0.435234 0 1.41684 -0.0993921 0 1.51912 -1.86679 0 1.9566 1.02491 0 0.352704 1.66625 0 1.91114 -0.179985 0 1.81362 -1.70524 0 -1.69857 -0.766509 0 0.779769 -1.62147 0 1.43887 0.399272 0 -0.719883 -0.0826456 0 -1.29492 0.998064 0 0.11065 -0.596246 0 -0.0402322 0.529698 0 -1.99995 -0.49353 0 -0.0790193 0.830047 0 0.580373 1.05388 0 0.158228 -0.991159 0 -1.77174 -1.53042 0 -0.640148 -0.853214 0 1.1727 -1.70811 0 0.876132 0.364375 0 -1.64967 -1.16598 0 0.384807 1.73105 0 -1.80904 0.825888 0 1.28188 1.16445 0 1.64453 -1.12548 0 -0.985204 0.227105 0 -1.67377 0.871397 0 -1.67758 1.67141 0 -0.337803 -1.14236 0 -0.416153 -1.67177 0 -1.90098 -0.933714 0 1.64135 -0.304226 0 -0.392224 1.06382 0 -0.799279 -0.163766 0 1.24185 0.718661 0 -0.410069 1.55521 0 -1.66348 0.960606 0 -1.20774 0.0380987 0 -0.393892 -0.476716 0 0.447831 1.57527 0 -0.581911 -0.0626506 0 -1.71093 1.38972 0 0.735365 -1.21669 0 -1.82131 -1.50907 0 0.850562 -1.97095 0 -0.917819 -1.06461 0 -0.893558 1.79407 0 0.72618 -1.10863 0 0.933187 -1.48949 0 0.790498 -0.3555 0 1.18264 -0.164726 0 -0.439917 -1.9351 0 0.880702 -1.3088 0 0.469564 0.560066 0 -0.618014 1.0483 0 -0.966629 -1.83161 0 1.61843 1.64622 0 -0.828143 1.53536 0 -1.49921 1.64336 0 0.277592 0.884851 0 0.922066 -1.21465 0 1.74393 1.76905 0 -0.123303 -1.93034 0 1.41557 -1.20434 0 -0.00829933 1.30548 0 0.237876 0.440284 0 0.70907 -1.61225 0 -0.254802 1.00566 0 1.33342 -0.39937 0 0.237412 1.90257 0 0.253314 1.35149 0 0.873877 1.85633 0 -1.89139 0.166336 0 0.395747 1.0847 0 1.69603 -0.655076 0 -0.598682 -1.68931 0 -0.877115 1.749 0 -0.843646 0.227164 0 -0.319587 1.21122 0 0.0137305 -1.42955 0 1.62184 -1.23342 0 -0.657896 0.314674 0 -0.713414 1.13458 0 -0.862623 -1.07783 0 -1.95789 -0.697431 0 -1.15993 1.30592 0 0.218234 1.53666 0 1.41377 0.735705 0 0.415407 -1.26572 0 1.53843 -0.238213 0 1.30208 -0.562546 0 -0.315252 -0.0549621 0 0.660428 -1.41953 0 -1.84895 -1.77925 0 -0.806429 -1.73376 0 -1.25105 -1.57658 0 -0.496252 -1.49346 0 -0.157093 -1.17754 0 -0.0117378 -1.64968 0 -0.403301 1.70329 0 -0.662231 0.686916 0 -0.543935 -0.992617 0 0.88746 -1.06082 0 1.44843 -1.01507 0 0.0415067 -1.47291 0 0.734017 -1.09131 0 0.442472 -1.1038 0 0.546802 -1.51955 0 0.217759 1.84922 0 -1.59287 1.14827 0 -0.642978 0.757339 0 1.05853 0.922127 0 -0.365764 -0.612432 0 -1.58205 1.20568 0 -0.377907 -1.43656 0 -0.966583 -0.563651 0 1.68675 -0.0809655 0 -0.934615 -0.908807 0 1.60977 0.431232 0 -1.06594 0.200928 0 0.514326 -0.882236 0 1.30438 1.79844 0 0.180929 1.8009 0 0.286923 1.91598 0 -1.31091 0.70818 0 0.681708 -0.606716 0 -1.99391 -0.746055 0 -0.426326 -1.08595 0 -0.863729 0.854743 0 -1.64718 1.60367 0 0.794362 0.8206 0 -0.0224368 -1.00583 0 -1.8216 -0.52459 0 0.551798 -1.50237 0 -1.08419 0.0818537 0 -0.742858 -1.68984 0 -1.69744 0.600901 0 1.95446 -0.207031 0 1.08641 -1.26198 0 1.8578 -1.53917 0 -0.404654 -0.598043 0 0.995214 1.50317 0 -1.95823 0.562255 0 -0.12153 1.49837 0 -1.87796 -1.06631 0 1.3894 -0.0355744 0 1.82543 0.7653 0 -0.63092 -1.2933 0 0.331735 0.467731 0 1.18838 0.537872 0 1.6721 -0.133436 0 1.07817 0.175792 0 -1.80172 -1.89069 0 1.32979 0.362027 0 0.900447 -0.889928 0 0.96281 -0.903551 0 -0.340759 -0.230924 0 -0.587167 -1.91536 0 -0.769952 -1.19303 0 0.687217 1.20725 0 -1.72424 -0.0294327 0 -0.479415 1.0817 0 0.901733 -1.5767 0 -1.10919 -1.08051 0 -0.493286 -1.72612 0 -1.44218 -0.963726 0 1.67214 -0.128154 0 0.138219 1.51302 0 1.05562 0.21013 0 1.42672 1.93211 0 -0.852486 0.300347 0 0.125403 0.28607 0 -1.70135 -1.92207 0 0.251778 1.29907 0 -0.0166013 1.00749 0 -0.535526 -0.830474 0 0.423159 1.9035 0 1.08603 -0.737752 0 1.74144 -0.830894 0 -1.35416 -1.53806 0 -1.09477 -1.61276 0 -0.871911 1.10362 0 1.84379 0.345596 0 0.0446058 -1.91283 0 0.385193 1.99046 0 -0.0980082 1.75473 0 1.21578 -1.41635 0 0.162094 0.125591 0 -0.516478 -1.70988 0 -1.74755 0.204728 0 -0.794928 1.39657 0 -1.45461 -0.82722 0 0.359432 1.85131 0 -1.46234 0.101577 0 -0.0341607 -1.34152 0 1.5321 0.722627 0 -1.12132 1.52593 0 0.383657 -1.8768 0 -0.50599 -1.2303 0 0.488936 1.27325 0 1.23985 -0.735319 0 -0.389724 0.332674 0 -0.887722 0.831611 0 -1.08768 -0.0903682 0 -1.7242 -1.48733 0 0.408213 1.80438 0 -0.321858 -0.241539 0 -0.578861 -0.378602 0 1.75368 -0.160403 0 -0.927113 0.0725992 0 0.103467 0.335437 0 1.17931 -1.64092 0 -1.86355 -1.12446 0 0.14304 -0.792412 0 -0.55559 -1.8717 0 1.4448 0.407176 0 1.76368 1.80536 0 -1.82011 -1.26364 0 0.343762 1.18415 0 -1.79738 0.376222 0 -1.16666 -0.162389 0 -1.39097 -1.14389 0 -1.51442 -1.80339 0 0.646451 -1.66345 0 1.4126 -0.0714482 0 1.01906 1.47767 0 -1.71078 1.80629 0 1.94164 -0.74799 0 1.50511 -0.75247 0 1.05774 -0.956555 0 1.22943 0.9052 0 1.19988 1.92524 0 -0.976358 -0.906569 0 0.500691 -1.8593 0 0.999653 1.31446 0 -0.206485 -0.52688 0 -1.74327 0.782823 0 -1.38738 -1.86647 0 0.0667696 1.40403 0 0.384749 -0.0255681 0 -1.95878 -1.12092 0 1.87823 -1.4247 0 0.470667 -0.471549 0 -0.968562 -0.875305 0 -0.826171 1.24903 0 0.91563 0.00739782 0 0.816181 0.965572 0 1.91765 1.77485 0 1.91437 1.06005 0 1.07465 0.988486 0 0.902357 -0.0944387 0 -0.936735 -1.65175 0 1.75021 0.402577 0 -0.957479 -0.713159 0 1.50509 0.175717 0 0.585194 -1.90677 0 0.130452 1.17271 0 -0.189969 1.63974 0 0.342531 -0.399417 0 -0.546395 1.70858 0 -0.599003 1.86396 0 -0.394979 -0.112086 0 -0.755984 1.15933 0 -1.46712 -1.16082 0 -0.263302 1.52596 0 -1.40837 -0.425811 0 0.368376 1.45033 0 -0.82867 -0.810536 0 0.805055 -1.25258 0 0.215469 0.515486 0 -0.0960114 -0.965268 0 -0.430181 0.507532 0 0.278299 -0.30628 0 1.84269 1.17102 0 -1.87141 0.504669 0 -1.40106 1.07669 0 0.161872 1.49384 0 0.496605 0.462631 0 0.863872 0.4437 0 -1.85169 -1.61814 0 -0.506662 0.285424 0 -1.78152 0.650039 0 0.786515 -1.45913 0 1.33847 1.92792 0 0.0996677 0.797829 0 -1.93962 -0.5097 0 1.29858 -1.89259 0 -0.487431 -1.75464 0 1.25556 1.87976 0 0.0352466 -0.60268 0 -1.26587 -0.082285 0 1.49216 1.37709 0 -0.610702 1.9278 0 -0.645327 0.918302 0 -0.110039 -0.716937 0 0.581658 -1.09005 0 1.29282 0.319287 0 -1.26363 1.0356 0 -1.0703 -1.17417 0 -0.887185 1.64397 0 -0.620027 -1.15962 0 -1.9626 -1.05994 0 -1.76208 -1.59196 0 1.12571 -1.67528 0 -1.521 0.338698 0 -1.37309 0.436954 0 0.645935 -1.28582 0 -1.51623 1.78183 0 -0.949696 1.81227 0 1.02915 1.35969 0 1.63806 -1.88051 0 1.93831 1.80526 0 -1.34868 -0.0992212 0 1.1372 -0.686628 0 0.525704 1.283 0 0.982458 -1.38677 0 -1.35124 0.588234 0 -1.88118 -1.84762 0 -1.30197 0.189705 0 -1.57509 1.02971 0 -1.36659 -0.0443392 0 0.411188 -1.62485 0 -0.23272 1.89928 0 -0.337803 -0.911913 0 -0.182892 -1.73748 0 1.498 -0.65118 0 1.95297 0.747255 0 1.18926 1.14253 0 0.510974 -1.94665 0 1.36683 0.0335382 0 1.30392 -1.97986 0 0.811245 0.473964 0 0.0472461 -0.45554 0 0.183898 -0.0666996 0 1.83663 -1.33321 0 -1.66386 1.05107 0 0.741496 -0.610252 0 -0.466834 0.0542239 0 -1.29778 -0.644 0 -0.385478 1.15532 0 1.63445 -1.54486 0 -0.306046 1.43838 0 1.47154 -0.672977 0 -0.325557 0.0063337 0 1.50666 -0.665659 0 -0.28023 1.14688 0 0.124504 -0.200149 0 0.748337 0.644385 0 -1.57817 -1.089 0 0.286242 0.040578 0 1.07173 -1.69186 0 0.656499 1.96395 0 1.43534 -0.982163 0 -0.486733 -1.53514 0 1.05435 -0.0879783 0 -1.98664 0.10851 0 -0.0965984 0.818174 0 1.98676 0.0850443 0 0.589406 -0.880186 0 -0.656185 -1.09866 0 1.68275 -1.23836 0 1.86161 -0.599788 0 -1.17435 0.224709 0 -0.0879142 0.25194 0 -1.70585 0.0549545 0 -1.34775 0.634678 0 -0.223537 0.275166 0 1.33162 0.153067 0 -1.55729 -0.253864 0 -1.35883 -0.293379 0 0.417149 1.56325 0 0.0961 0.939088 0 -1.38354 0.38156 0 -0.889295 0.692879 0 -0.0506242 1.39142 0 0.0503875 0.460709 0 -0.425462 0.264357 0 0.855981 -1.79903 0 0.395095 0.0275942 0 1.43525 -0.648043 0 1.10752 0.29747 0 0.933463 -0.85889 0 1.38176 1.46584 0 1.35862 0.0350345 0 1.90641 -1.49015 0 -1.18871 0.222267 0 1.42084 1.89399 0 -0.253544 1.2691 0 1.89736 -1.07803 0 1.89703 -0.213527 0 1.07221 -1.94571 0 1.77917 -0.106995 0 -1.43373 -1.36128 0 1.76937 1.07863 0 1.9335 -1.30662 0 0.252659 -1.1209 0 0.371414 -0.223367 0 0.074726 -0.474731 0 -0.551787 0.144545 0 1.15608 0.433594 0 0.092891 0.39392 0 0.0173666 -0.659183 0 -0.970909 -0.921813 0 -0.509211 -1.48188 0 0.756267 0.137503 0 -0.257141 1.51251 0 0.372578 -0.158571 0 1.95127 0.760765 0 -1.60012 -0.807526 0 -1.10818 1.05418 0 -1.00701 -1.99823 0 -0.129687 0.190412 0 0.502622 0.282817 0 1.29834 1.53943 0 0.841714 -0.984843 0 -1.65216 1.13154 0 -1.98224 -0.546403 0 -1.50407 1.48528 0 1.44016 0.782303 0 -0.886496 0.513185 0 1.41975 -1.30369 0 0.283541 0.237444 0 0.68942 0.914119 0 -0.511947 0.858501 0 1.16897 0.7355 0 -1.16758 -0.743037 0 -1.3208 -1.63575 0 -1.68574 -0.605872 0 -0.203715 1.4364 0 -1.87248 -0.446373 0 -0.784937 0.22324 0 0.247114 -0.447459 0 -0.420383 1.58216 0 -1.45883 1.73539 0 0.0391291 -0.354739 0 -1.87102 0.0288186 0 0.212347 0.612896 0 0.891593 -1.05603 0 0.588578 0.49221 0 -0.822907 -1.08706 0 -1.73268 0.853412 0 0.670907 -1.22859 0 0.425495 -0.375015 0 -0.000944912 -0.942799 0 -1.907 -0.994577 0 1.45068 0.466098 0 0.697045 1.44187 0 -0.202488 0.899415 0 -1.00572 -1.66931 0 -1.83396 0.802044 0 -0.486226 0.389384 0 1.68288 0.271032 0 -1.87887 1.53332 0 -0.550626 0.0688696 0 1.98878 0.848411 0 -1.43043 -0.635904 0 1.23047 -1.84447 0 -1.85573 -1.85915 0 0 0 0 0.757518 1.65996 0 1.44674 -1.31464 0 -0.512429 -0.918115 0 0.316968 -0.915626 0 -0.729635 -1.49741 0 1.17418 1.99027 0 -1.83312 0.40416 0 0.470438 -1.76291 0 0.855069 0.0642001 0 1.50697 -0.402092 0 0.13897 -0.015588 0 0.230194 -0.696048 0 1.32866 0.869857 0 1.7458 -0.158918 0 0.0487451 -0.409801 0 -0.677966 1.88117 0 1.82485 -1.18798 0 -1.67143 1.87818 0 0.0558527 1.48184 0 0.640723 0.161734 0 0.455706 -1.21607 0 0.112508 -0.244561 0 -1.90267 -0.700791 0 -0.206722 1.47333 0 0.163998 -1.8229 0 -1.9461 1.26434 0 -1.28245 -0.436319 0 -1.55718 1.49893 0 -1.74852 0.0336758 0 0.387152 1.88293 0 0.284093 -1.81746 0 1.08698 -1.3857 0 0.568846 -0.590879 0 -0.677565 0.657812 0 -0.0825479 -0.729515 0 -1.17397 -1.46917 0 -1.84884 1.94951 0 -0.107361 -1.86891 0 0.866269 -1.07503 0 -0.351604 -1.59843 0 1.36982 0.246567 0 -0.699461 -0.59916 0 -0.152691 -0.753231 0 0.650736 0.192113 0 -0.348262 -0.66834 0 -1.47005 0.214134 0 -0.690938 -1.43036 0 1.57772 -1.20096 0 -0.193719 1.86103 0 0.335063 0.162761 0 -1.55401 1.75486 0 -0.585278 -1.40759 0 1.1748 0.0602754 0 0.23888 0.127111 0 -1.57988 1.94912 0 -1.46978 -0.135452 0 0.976486 1.1022 0 -1.58861 1.3296 0 -1.86327 0.412423 0 1.42005 -1.86632 0 1.44159 1.40065 0 1.28931 -1.25565 0 1.087 -1.78715 0 1.91305 -0.146745 0 1.25842 -0.205217 0 1.18616 -1.00601 0 -1.36703 0.276441 0 1.19389 0.814015 0 0.493883 -1.55028 0 -0.941554 1.35311 0 1.21659 -1.56276 0 -0.0308218 -1.83148 0 -1.79664 1.202 0 -0.474344 -0.29338 0 0.508903 -1.89348 0 -0.966752 1.94862 0 0.82932 -1.96452 0 -0.404024 -0.57829 0 -1.92588 -0.459418 0 -0.108241 -0.905623 0 -1.5004 -1.85155 0 1.95114 1.30038 0 -1.40909 0.816018 0 -1.06521 0.314673 0 1.06354 0.317132 0 -0.647702 0.393454 0 -1.40312 0.734684 0 0.504569 1.65099 0 1.93531 -0.968452 0 -0.728999 1.03055 0 1.6204 -0.42446 0 0.394977 -1.74225 0 -0.13787 1.96222 0 -0.775258 -1.8709 0 -0.101755 -1.62498 0 -0.377381 -0.147073 0 -1.79613 1.3573 0 0.850846 0.33851 0 -1.35942 -1.7029 0 -0.227932 -1.24871 0 0.603153 1.04785 0 1.85715 1.24948 0 1.86902 -1.22004 0 0.620043 0.313117 0 1.92387 -1.24673 0 -0.524769 -1.53251 0 -1.45609 1.27173 0 -1.95663 0.844111 0 0.0265188 1.03122 0 0.93599 -1.75908 0 -1.46078 1.25606 0 0.385815 0.467437 0 0.0809422 -0.185426 0 0.460334 0.440309 0 1.16887 1.8409 0 1.4007 0.643783 0 0.358425 0.490326 0 -0.405552 -1.69025 0 -0.284598 -0.330741 0 -1.92667 -1.87061 0 -1.03128 1.42547 0 -1.86114 0.0363999 0 -1.65798 -1.55314 0 0.157686 0.539394 0 -1.52911 1.1956 0 -0.83945 -1.24711 0 1.72156 -1.31461 0 -1.92865 -0.234086 0 -0.681293 -1.86281 0 -1.50798 -0.964929 0 -1.21041 1.82847 0 -0.240313 0.304948 0 -1.69053 -1.71487 0 -0.590487 1.57201 0 -0.629465 -1.38888 0 1.57971 -1.42999 0 1.25915 -0.483931 0 -0.416559 -1.53059 0 1.31958 -1.60431 0 -0.676967 -0.906446 0 1.93277 -0.572325 0 -1.34103 -1.71929 0 1.67143 -1.20822 0 1.96201 1.36629 0 -1.32727 -0.895978 0 -1.62452 0.299451 0 0.813329 -1.91609 0 0.283425 0.97243 0 0.696796 -1.5119 0 0.529523 -1.35873 0 0.670145 0.229965 0 1.96685 0.882801 0 0.376174 -1.86316 0 1.85136 1.92541 0 -0.952227 1.83429 0 -1.57582 0.512297 0 -0.403971 -1.18984 0 0.833477 -0.254525 0 0.974751 0.115114 0 -0.906 0.785449 0 -0.406743 -0.0469712 0 1.56412 0.157605 0 1.11815 -0.938182 0 0.50711 -0.361882 0 -1.18509 0.341052 0 -0.569708 -1.8424 0 -0.398149 -1.72177 0 0.286136 0.958501 0 1.00745 1.75305 0 -0.402834 -1.26824 0 -0.421602 0.57667 0 -0.0316674 -0.667704 0 1.16519 1.25146 0 1.1846 0.487138 0 1.22791 1.06099 0 -1.98095 -1.03017 0 1.37643 -1.14154 0 -1.75953 0.536958 0 0.0471291 -0.10476 0 -0.558274 -1.17454 0 0.241397 -1.77251 0 -0.349439 0.638819 0 -0.45298 0.254181 0 -0.234451 0.69593 0 -1.98774 -1.36681 0 1.57788 1.70807 0 -1.42124 -0.973892 0 -1.85299 -1.27896 0 0.97215 -0.420075 0 1.87895 -1.23051 0 -1.67543 0.355733 0 -1.15821 1.80488 0 -1.33039 -0.140417 0 -0.367871 1.24363 0 0.845712 1.48002 0 -1.47523 0.393057 0 -0.74553 0.378941 0 -1.85045 0.921187 0 -1.58506 1.75958 0 1.1192 0.29113 0 1.07987 0.518116 0 0.199495 1.08158 0 0.239187 -0.466309 0 1.9659 -0.988125 0 -1.75163 1.65639 0 -1.1543 -0.956402 0 -0.969516 1.2845 0 -1.0365 -1.04072 0 -0.00948747 -0.79861 0 -1.17209 1.00702 0 0.239475 1.91192 0 -1.82629 -1.58808 0 -1.40369 -1.73286 0 1.51809 0.128342 0 -1.25917 0.170406 0 1.73696 0.427582 0 0.645046 1.28264 0 -0.425079 -1.63322 0 0.786435 1.00386 0 -0.6111 1.3967 0 -0.442947 -0.206637 0 -1.52255 1.587 0 -0.986179 -0.535361 0 -1.75538 1.91904 0 0.671451 -1.06947 0 0.729473 -0.576371 0 -0.940355 -1.85988 0 -1.1708 1.23373 0 -1.96619 -0.987999 0 1.51147 0.167437 0 -1.53097 -1.81423 0 -1.28386 -1.59066 0 1.17105 -0.98479 0 -0.691441 1.39299 0 -1.24792 -0.00777451 0 -0.676881 -0.798911 0 -0.653543 0.456277 0 -1.33451 -0.756664 0 1.20341 -1.52996 0 -0.286649 -0.0521813 0 0.463873 1.85578 0 0.0336622 0.361426 0 -1.11452 0.844106 0 1.22037 0.343612 0 -0.174881 -1.55498 0 1.31927 -1.91857 0 0.411055 -0.300757 0 1.77315 0.920672 0 -0.25697 1.19583 0 0.0272077 -0.756747 0 -1.53742 -0.281715 0 -0.191127 -0.777779 0 1.10198 -0.473964 0 -0.746407 -1.10769 0 1.52934 1.57497 0 1.35336 0.628575 0 0.611006 0.044079 0 -0.80171 -1.53305 0 0.244083 1.35237 0 1.88815 0.165361 0 -0.628405 1.16021 0 -1.37372 0.106626 0 1.7013 0.514389 0 -0.17373 1.15116 0 1.0275 -1.15985 0 -0.526859 0.266767 0 -0.626121 1.17333 0 0.471359 1.49534 0 1.09846 -0.415368 0 -0.470739 -0.573931 0 1.98852 -1.75824 0 -0.54625 -0.626609 0 1.05618 -1.07988 0 1.90665 -0.61324 0 -1.46011 0.796298 0 -1.65979 1.8873 0 -1.65544 -1.62457 0 -1.85205 1.23261 0 -1.55025 0.52634 0 0.3078 -0.442069 0 -0.573121 -0.076674 0 -1.09558 -0.322954 0 -1.70475 1.08393 0 0.916918 0.750752 0 1.96086 -0.52876 0 -1.08729 0.617976 0 1.99746 -1.52084 0 0.824882 0.644331 0 0.48063 -0.191049 0 -1.88718 1.39911 0 0.779588 -1.27117 0 0.820848 -0.508208 0 -1.79989 -0.325218 0 1.03746 1.65955 0 -1.17995 1.27098 0 1.06004 1.10595 0 -1.11598 -0.206948 0 1.24676 -1.90588 0 0.793689 1.51894 0 -0.312033 0.684857 0 -1.43671 1.50192 0 0.237509 -1.2995 0 0.0956285 1.65346 0 1.55147 -1.18958 0 0.849023 1.12524 0 -1.38973 -0.273234 0 0.796081 0.0208778 0 1.91891 -0.543743 0 -0.413231 -1.14234 0 0.595011 1.07446 0 1.02185 0.638789 0 0.383841 0.738961 0 0.664451 -1.29963 0 1.03919 -1.29795 0 0.110553 0.898759 0 -1.8002 -1.70349 0 1.65648 1.25486 0 0.283792 0.234707 0 -0.912169 1.39839 0 1.02913 1.75997 0 0.453288 -1.45486 0 0.751265 -1.98975 0 0.871573 -0.728628 0 0.137266 0.988092 0 -0.366824 -1.58817 0 0.799426 -1.11103 0 -1.51861 -0.30863 0 1.70482 -0.606113 0 0.0907973 -0.260791 0 1.01239 1.16934 0 -1.09878 1.85604 0 -1.65683 -0.369097 0 -0.976385 1.41849 0 -1.69326 -1.70935 0 0.442995 0.663973 0 0.719214 1.47316 0 0.697932 0.467135 0 -0.170913 0.995839 0 -1.69896 1.31496 0 1.44883 -1.37479 0 1.33075 0.661306 0 -1.45995 -0.0801246 0 -0.251728 1.01481 0 0.258978 -0.521522 0 1.40461 -1.22865 0 1.87678 -1.28935 0 -1.4076 0.366865 0 -0.698721 1.64 0 -1.09555 -0.50644 0 -1.90347 -0.673152 0 0.339077 0.818749 0 1.53684 -1.89675 0 0.780242 1.28808 0 -0.0919497 0.757433 0 0.479301 1.50444 0 0.0637766 0.339487 0 1.75638 -1.60385 0 -1.65868 -0.552546 0 -1.14915 0.331536 0 0.881219 -1.93973 0 0.352342 -0.938934 0 0.669866 -0.346145 0 1.82915 0.239555 0 0.0872862 1.84375 0 0.276509 -0.962368 0 0.31455 0.458274 0 -1.6413 -0.382197 0 0.587256 1.34941 0 1.35844 -1.72991 0 1.72004 -1.85514 0 -1.48292 0.890492 0 1.9759 -1.25968 0 -0.00697737 -1.00881 0 0.440856 0.258451 0 0.27214 1.20538 0 -1.44502 1.323 0 -0.611549 1.26058 0 -0.364552 1.21753 0 -0.722355 1.58733 0 0.912039 -0.839711 0 1.05568 1.41276 0 1.99079 1.41528 0 -0.37735 1.20826 0 -0.862723 -1.24153 0 -0.306031 0.364443 0 -1.24912 -1.92122 0 0.143338 -1.4738 0 -1.74459 0.43808 0 1.76764 -1.50194 0 1.31544 -0.672967 0 -1.20949 1.99645 0 -0.402638 -1.42602 0 0.479353 0.478308 0 1.37477 0.450789 0 -0.305229 -1.96047 0 -0.620682 -1.89616 0 -1.86746 1.02901 0 1.55731 1.305 0 0.608597 0.124036 0 0.326076 1.93326 0 -1.49513 1.3647 0 -1.06303 -0.988503 0 0.917583 -1.87924 0 1.00905 -0.681862 0 0.179985 -1.25288 0 0.00721793 1.86237 0 1.16452 1.86533 0 -1.84541 0.0481836 0 0.198651 -1.73947 0 1.32761 -0.59477 0 -1.86555 1.09779 0 1.15383 1.60239 0 0.677272 0.434503 0 1.45134 -1.86361 0 -1.26596 1.40545 0 -1.63638 0.713805 0 -0.735045 -0.294585 0 1.50422 -1.37402 0 1.34998 -0.829039 0 -0.0376121 1.53666 0 -1.38449 1.31988 0 1.4865 -1.99386 0 -1.71335 1.74005 0 1.56611 -0.22394 0 -1.0994 0.383258 0 -0.680331 1.68101 0 0.68507 -1.2089 0 1.75531 1.06802 0 0.799663 -0.32562 0 1.6302 -1.04701 0 -1.85082 1.08442 0 0.658458 -1.83782 0 0.575641 -1.2062 0 1.37135 0.302334 0 0.652227 0.0306339 0 -0.751189 -0.568968 0 -1.98364 1.38194 0 1.39946 0.353395 0 0.963552 -1.57173 0 0.561279 1.92768 0 -0.374748 -0.78313 0 1.53717 1.43208 0 -0.890101 -0.93098 0 -1.86629 1.04241 0 1.46576 0.21303 0 1.25469 0.831427 0 1.86647 1.09885 0 1.06858 0.67998 0 1.37361 0.287118 0 0.185691 1.79149 0 -0.132181 0.694484 0 1.5967 1.20954 0 -0.0265937 1.01258 0 0.336059 -1.47833 0 1.88311 1.14068 0 -0.55553 0.0247634 0 -0.137181 -1.66319 0 1.09798 -0.280077 0 -1.56777 1.82162 0 -0.900648 0.487308 0 -0.20404 0.596263 0 -1.1078 1.97931 0 0.394223 -1.10272 0 1.43691 -0.676112 0 -1.02344 1.61324 0 -1.25119 0.634205 0 -1.36365 -1.74233 0 -1.78788 1.84221 0 -0.861352 0.177011 0 -1.21131 1.59341 0 -1.65388 -0.380041 0 -1.46918 1.43981 0 0.516171 0.444851 0 0.601633 1.90195 0 0.0559237 1.79818 0 -1.22055 -1.91095 0 -1.24205 0.110161 0 1.74673 0.752662 0 -1.67838 0.308328 0 0.644894 1.18841 0 -0.198036 0.0689639 0 -1.65354 0.704726 0 0.853002 0.317626 0 0.828123 -0.194714 0 1.038 -1.01094 0 0.809181 -1.90011 0 0.538556 0.966879 0 1.5797 1.62329 0 -1.4991 0.878303 0 1.10891 0.110206 0 -1.52222 -0.306058 0 -1.405 -1.13403 0 -0.154797 1.35859 0 -0.729725 1.94352 0 -1.78074 -0.677016 0 0.965567 1.18431 0 1.2755 0.757291 0 -0.171931 -1.09882 0 -0.206099 -1.50072 0 1.32123 1.51285 0 -0.746537 0.296484 0 0.93168 -1.00304 0 0.855633 -0.843982 0 1.7534 -1.44457 0 -1.64904 -0.238235 0 0.190328 0.0165764 0 -0.586063 1.34456 0 0.0682173 -1.77876 0 1.10351 0.206304 0 -0.0211591 0.485283 0 -0.439692 1.03679 0 -0.158176 0.374614 0 0.825712 -1.86926 0 -0.487041 -0.100785 0 -1.33446 0.0201212 0 -0.378333 0.715135 0 -1.49547 -0.449526 0 0.659033 1.47235 0 0.204376 0.228559 0 -1.82742 0.318578 0 0.194961 -1.08483 0 1.98186 1.58977 0 -0.46817 1.37762 0 -1.06376 -1.83393 0 0.223414 -1.58439 0 -0.706091 -1.16086 0 0.402582 1.50128 0 -1.65594 -0.288205 0 0.3247 -0.224384 0 -1.15647 -1.98878 0 -0.960248 0.0284619 0 -1.15705 -1.61101 0 -0.368949 0.917384 0 1.11422 -0.696358 0 1.40632 -1.62263 0 0.628803 -0.286261 0 0.137727 -1.64956 0 -0.854029 -1.24549 0 1.1857 -0.684077 0 1.76963 0.511243 0 -1.05084 -0.264081 0 0.25375 1.36708 0 1.50852 0.429978 0 -0.277769 1.0495 0 0.537515 -1.50139 0 1.80476 -0.190596 0 1.01773 -0.711794 0 0.381619 -0.0569777 0 1.80655 1.73548 0 -0.499762 -0.204322 0 1.28249 1.39541 0 1.10418 1.69137 0 1.97553 0.700542 0 -1.6007 0.0888591 0 0.514858 0.500023 0 0.784407 -0.50328 0 -0.975208 0.568811 0 -0.333534 -0.387113 0 0.228389 -1.39088 0 0.200878 -1.31629 0 0.723934 1.78046 0 0.535937 1.84096 0 -0.441121 0.335057 0 -1.33285 1.11764 0 0.0799317 0.291214 0 0.732123 -0.133482 0 -0.301096 -0.74164 0 0.749264 0.446033 0 -0.772113 -1.23301 0 -1.51611 -0.355326 0 -1.02486 1.22118 0 0.13815 0.10847 0 -1.48645 -1.75082 0 1.40071 -1.33695 0 0.183372 0.225518 0 1.79498 -1.47337 0 1.88445 1.27034 0 -0.886648 -1.54114 0 -1.52024 0.815854 0 -1.0566 1.08697 0 1.26667 1.40864 0 -0.177039 0.794975 0 0.847807 -1.47568 0 -1.62122 0.725012 0 0.672878 -0.228411 0 1.42879 -0.827279 0 0.585512 1.41916 0 1.43745 -0.0781719 0 1.55203 -0.606495 0 1.93086 -0.20416 0 -1.28479 -0.437203 0 0.553492 -1.85279 0 0.858489 -0.457638 0 -1.60572 -1.48769 0 1.21451 1.84326 0 -1.41674 -0.300665 0 -0.814676 1.38708 0 -0.621694 1.9013 0 1.27002 0.619553 0 -0.541768 -0.673503 0 -1.51263 -1.35473 0 -1.38426 1.19849 0 -1.83297 0.967277 0 -0.522434 1.26538 0 -1.14626 -1.16653 0 1.33793 1.65007 0 0.816081 1.92137 0 1.67988 1.92992 0 0.354895 0.889352 0 -1.91785 -1.50269 0 -0.0147405 0.684638 0 0.625088 1.49328 0 0.831901 0.490484 0 -1.92809 0.2388 0 1.06892 -0.652411 0 -0.42309 0.354094 0 0.997529 -0.310086 0 -0.666112 -1.98515 0 -0.790966 -0.778818 0 1.57187 -1.33719 0 -0.410942 -0.947176 0 0.9742 -1.09249 0 -1.07257 -1.43681 0 -0.640958 -0.768889 0 1.70223 0.624623 0 1.01636 -0.391022 0 -0.324152 -1.78583 0 -0.371861 0.703355 0 -1.0166 1.16865 0 0.0443732 1.72621 0 1.85964 1.71552 0 -1.1063 1.25681 0 1.55398 -1.64542 0 -0.65125 -1.22116 0 -0.0821083 -0.849084 0 -0.858421 0.553316 0 0.113126 -1.85902 0 0.642329 0.211406 0 -0.838708 1.36327 0 1.09025 -1.27605 0 1.55236 0.726511 0 1.14614 1.68758 0 -0.511555 1.35985 0 -1.55831 1.90918 0 -0.356439 1.76466 0 1.10519 1.91246 0 -0.112631 0.0427825 0 -0.418203 1.53423 0 -1.68288 -0.870773 0 1.46519 0.889527 0 0.945123 0.451807 0 0.340139 -1.26729 0 -0.375901 0.730483 0 -1.35102 1.61921 0 -1.50721 -1.03961 0 0.131382 -1.05722 0 -0.956157 -1.81053 0 -1.69187 -1.9471 0 0.00457703 -0.291254 0 -0.126871 1.98392 0 -0.167963 -0.685843 0 -0.252266 1.93003 0 -1.34338 1.00702 0 -1.05012 1.9714 0 1.04903 -1.96417 0 -1.59295 -0.829144 0 1.80977 1.17 0 -0.531264 0.343519 0 -1.59501 1.70711 0 0.0213049 0.740129 0 -1.2948 1.8134 0 1.58797 -0.165043 0 -1.71013 -0.596814 0 0.0647606 -0.988414 0 1.46338 -0.505133 0 -0.0178649 0.67756 0 -0.266265 0.351239 0 -1.22529 1.98291 0 -0.212991 -1.72202 0 1.66439 0.443451 0 0.00197345 1.93741 0 -1.28882 1.57215 0 1.28709 -0.779554 0 -1.92273 1.60011 0 -1.73549 -1.86228 0 -0.0994277 1.83139 0 0.28699 -0.85516 0 -1.58997 -1.87415 0 1.26812 0.566223 0 1.97393 1.82529 0 -0.363021 0.382522 0 0.419419 -1.62761 0 0.336414 1.67411 0 -1.12894 1.12265 0 0.221699 -1.84847 0 1.71964 0.369712 0 0.753368 1.73378 0 -0.0457365 1.83672 0 0.762517 -0.964191 0 1.48957 0.0511338 0 -1.62338 0.149112 0 1.59993 -1.6227 0 1.3948 1.18601 0 -1.05355 0.860901 0 -1.85853 1.3894 0 1.90109 1.32998 0 1.89558 0.548599 0 -0.895072 -1.81399 0 -1.45592 0.0797586 0 1.76484 -0.755443 0 -0.654894 0.126672 0 1.85869 -1.06358 0 -1.26686 0.832852 0 1.19118 -1.80895 0 0.455832 0.0163959 0 1.38179 -1.29541 0 -1.0471 -0.599823 0 -0.212168 0.169812 0 1.37481 0.966394 0 1.75561 -0.0396533 0 -1.39243 0.928414 0 0.734152 1.00298 0 1.28833 1.38218 0 -0.248084 -1.20743 0 0.104541 -0.814531 0 -0.727839 -1.95117 0 -0.096172 -0.684153 0 -1.0699 1.41466 0 0.950742 0.565491 0 -0.616503 1.65614 0 -0.684368 -0.36917 0 0.279125 1.52546 0 1.56919 0.871627 0 -0.025175 0.116513 0 -0.319582 -0.715757 0 -1.05095 1.20284 0 0.632775 0.817091 0 -0.304376 1.62771 0 1.9785 -1.53337 0 0.905854 -1.22342 0 1.38033 0.887927 0 -1.29313 -1.5503 0 0.174016 0.449024 0 0.935834 -1.86799 0 0.854572 -1.10912 0 0.825846 -0.0565121 0 -0.362946 1.21076 0 -1.0369 -0.0870308 0 -1.99453 -0.0654736 0 -1.69591 -0.587252 0 -0.880556 1.56768 0 -1.26373 -1.73046 0 1.60747 -0.39683 0 0.385522 -1.35606 0 0.766296 0.906313 0 0.0297968 1.34335 0 1.60059 0.69198 0 -0.56221 1.98772 0 -0.195443 1.02333 0 0.611892 -0.349343 0 0.634432 -1.77827 0 0.559587 0.289821 0 -1.02851 0.859266 0 -1.04333 -0.459576 0 -0.324051 -1.33173 0 -1.84887 -0.345151 0 -0.628746 0.898175 0 0.00903843 1.45027 0 -0.654871 -1.48474 0 1.54835 -1.30785 0 0.461866 -1.80186 0 -1.21911 1.81389 0 0.286975 1.17579 0 0.947504 0.729743 0 -1.95266 0.580369 0 -0.888542 -1.55816 0 1.69169 -1.61334 0 0.0497862 -1.27615 0 1.08008 -1.73124 0 0.469657 0.830358 0 -1.33329 -1.73927 0 0.541874 -1.95858 0 0.655857 -0.282382 0 -1.06371 1.97359 0 -0.780124 0.632332 0 0.318995 0.0355213 0 -1.09105 0.878381 0 0.564266 -0.38016 0 -1.143 -0.301778 0 -1.7004 1.31404 0 -0.579317 1.81147 0 -1.78857 -1.17791 0 1.00889 -1.22426 0 -0.714137 0.877837 0 -0.071804 -1.22841 0 1.15241 0.33087 0 -0.324502 1.81778 0 0.613863 1.59638 0 -1.33345 -0.0819852 0 0.874856 -0.726188 0 0.361623 0.0672152 0 -0.0055335 -0.904492 0 -1.83393 -0.0411635 0 -0.230763 -1.46082 0 1.39967 0.234221 0 0.216346 1.91471 0 1.26619 -0.0171153 0 1.3544 0.860662 0 0 0 0 -1.29047 -1.29833 0 -1.99724 1.0231 0 -1.39418 0.517972 0 1.59136 1.75257 0 1.30172 1.89499 0 0.28843 -1.18159 0 -1.66346 -0.200529 0 1.40261 -0.961881 0 1.44488 -1.03162 0 1.20292 -0.453429 0 -0.620918 0.689102 0 0.166685 -0.0438126 0 -0.811314 -1.08969 0 -0.24902 -0.959673 0 -1.01002 1.19492 0 -0.873346 -1.04957 0 -0.490596 0.437815 0 1.40902 1.82358 0 -0.00158496 -0.00118226 0 0.115513 -0.0885378 0 -0.875317 1.16746 0 1.9661 1.85164 0 1.4498 0.305357 0 -1.02963 1.7176 0 -0.293352 -1.44201 0 0.124766 1.83581 0 -0.472366 -1.01344 0 1.93455 -1.17866 0 0.860813 -1.04673 0 0.493034 1.61698 0 1.31503 -1.71373 0 -0.0798476 -0.307091 0 0.755946 1.38051 0 1.23885 0.711387 0 -1.73265 1.98131 0 -1.66242 0.398409 0 -1.09072 -0.101637 0 0.210084 0.413568 0 -0.746645 -0.691724 0 -1.36558 0.794646 0 1.81364 -1.84056 0 -0.575543 -0.538153 0 1.25645 0.267454 0 0.812854 1.268 0 -0.869616 -0.912557 0 0.456559 -1.45393 0 0.41782 0.368034 0 1.15064 0.0589372 0 -0.722334 -0.352298 0 -0.703776 1.85634 0 0.556886 -0.343649 0 -0.00734176 -1.8351 0 0.982915 -1.17797 0 -1.75519 0.337361 0 1.28599 1.80388 0 1.62205 0.03535 0 0.761981 -1.85255 0 1.32393 1.41487 0 -1.89266 1.58914 0 1.08219 -0.6665 0 0.309282 1.80645 0 1.48707 -0.778828 0 -0.801662 -1.13281 0 0.415339 -0.326637 0 -1.58649 -0.839932 0 0.567889 -1.60337 0 -1.77411 0.348822 0 -1.38158 -0.849419 0 0.0772057 0.533619 0 -1.5373 -0.0862299 0 -0.961375 -0.159311 0 -1.1627 1.32979 0 0.366591 -1.70692 0 0.321944 -1.24682 0 0.640438 -0.955681 0 -0.146292 -1.99026 0 0.606116 0.550145 0 -0.0841626 -0.436369 0 1.82138 -1.81157 0 0.188379 0.302514 0 -0.883265 -0.659283 0 0.309185 -0.910211 0 -0.452245 1.68405 0 1.56978 -1.85859 0 0.864601 -0.566081 0 1.04848 -1.07139 0 -1.23672 -0.961273 0 1.81164 -1.33947 0 0.676072 -1.0983 0 -0.458261 0.896725 0 -1.26313 0.0167135 0 -0.393102 1.70426 0 -1.10045 -1.1845 0 1.57435 1.79972 0 -1.22951 -1.37472 0 0.460648 -0.651529 0 1.82893 1.42949 0 1.02698 -1.87916 0 -0.045323 -0.0806351 0 -0.5504 1.28802 0 -0.743957 1.43915 0 1.22047 1.10033 0 -1.85285 1.68791 0 0.503166 1.81996 0 1.43862 -0.225649 0 -1.31558 -1.52256 0 -0.33627 -0.0439354 0 1.17945 -1.43586 0 -0.918116 1.23966 0 -1.3214 0.188868 0 -0.593012 -0.802307 0 -0.500612 -0.1548 0 0.223578 -0.488024 0 1.62061 -1.51585 0 -0.452047 1.15245 0 -0.864062 -1.95907 0 -1.70294 0.704829 0 0.413319 -1.39246 0 -1.14307 -0.795176 0 0 0 0 -1.52791 -1.24235 0 -0.665155 1.83572 0 1.8061 0.943273 0 -0.507139 -1.4031 0 1.49321 0.504496 0 -1.06936 1.8423 0 -1.03831 0.462513 0 -1.86213 -1.13597 0 -1.41178 0.63007 0 -0.529379 -1.38358 0 -1.30607 -1.86991 0 0.35961 -0.144847 0 0.232429 -1.70084 0 -1.74963 -1.01004 0 -1.3863 0.931052 0 0.707528 -1.41859 0 1.2319 -1.07923 0 -0.931529 -0.236741 0 -0.90124 -1.37478 0 1.84528 0.6553 0 1.06319 0.48598 0 -0.259418 -0.931244 0 0.660976 -1.77363 0 -1.05892 1.51773 0 0.876862 -1.82635 0 1.49031 -1.54288 0 -1.13869 -1.0936 0 0.653972 -0.886978 0 -0.0605556 -1.77564 0 1.52592 0.503797 0 -1.73362 -0.735645 0 1.96711 -0.647507 0 -1.73666 -0.991227 0 0.140379 -0.0915792 0 -1.03658 1.74835 0 -1.4181 0.541778 0 -1.55164 -1.17133 0 1.43975 0.741039 0 -1.74118 0.934114 0 0.473804 -1.42673 0 -0.710109 1.40964 0 0.0625266 -0.0869363 0 -0.689695 -1.88126 0 1.4251 0.278657 0 -1.75744 1.36633 0 0.680926 1.05352 0 1.21042 -1.086 0 -1.60156 -0.0355454 0 1.88011 -0.392145 0 0.132396 -0.0757307 0 -1.52469 -0.0840751 0 -0.317608 1.6743 0 -1.6562 0.671595 0 -0.636505 -1.92796 0 0.17552 -0.0503769 0 -0.027934 0.790654 0 1.42338 -1.48408 0 0.65787 -0.684012 0 -1.16107 1.2257 0 0.0963252 -1.60546 0 -1.63671 1.9069 0 0.325185 -1.70524 0 -0.915795 -1.2331 0 0.264345 1.03004 0 -0.500963 -1.54073 0 -1.8722 0.00507245 0 1.09624 -1.13114 0 -1.03249 1.60622 0 0.606027 -1.64696 0 1.13057 0.962199 0 1.78711 0.679938 0 1.80142 1.42092 0 -0.875497 0.326824 0 1.2802 -0.384197 0 -0.917475 1.36101 0 0.686167 -1.27863 0 -1.38755 -1.63199 0 1.36555 -1.54741 0 -1.58982 0.975463 0 0.614219 1.56617 0 0.11268 1.89133 0 -1.53491 1.57693 0 -1.14446 0.769237 0 0.479964 -0.509456 0 -0.99282 -0.168095 0 0 0 0 0.127391 0.38553 0 -0.0907508 1.87937 0 -0.238792 1.02991 0 0.261429 1.71772 0 0.398313 0.963428 0 -1.55082 -0.466969 0 1.98468 -1.30574 0 1.86489 0.366212 0 1.23081 0.389415 0 0.354897 0.0990067 0 -1.34949 1.19411 0 -0.440926 -0.191004 0 -0.812081 1.15083 0 1.17281 1.35837 0 0.268449 -0.262725 0 -1.38645 1.87683 0 -1.30125 -1.02082 0 0.607128 0.98692 0 1.90727 -1.55833 0 -0.260901 1.5551 0 -0.183763 1.32219 0 0.75558 -0.967536 0 1.80266 -0.891668 0 -0.628669 1.44612 0 -0.625547 0.850112 0 0 0 0 -0.827072 1.19075 0 -1.24335 -0.594771 0 0.608501 -1.31547 0 -0.124067 1.56622 0 -0.0828997 -0.102567 0 -1.08607 -1.80712 0 -0.665143 0.214869 0 -0.293553 0.526152 0 1.11484 0.932845 0 -1.33847 0.270881 0 1.81483 -1.61241 0 -0.0293802 -0.555158 0 1.99798 1.65798 0 1.71684 1.1836 0 -0.411939 1.05644 0 -1.8951 1.68374 0 1.15552 1.8438 0 0.979616 -1.35488 0 -0.610545 -1.29367 0 -1.55293 -1.84044 0 -0.913883 1.12246 0 -0.543105 0.454767 0 -0.883907 0.712393 0 -0.45064 -1.34182 0 -0.306989 0.439374 0 1.96601 1.45615 0 -1.54047 1.95665 0 -1.96474 1.20385 0 -1.00582 0.324513 0 -0.470406 1.45331 0 -1.6794 -0.599052 0 1.5801 -0.66979 0 -1.05515 -0.877617 0 1.50898 0.733415 0 -1.71684 1.16088 0 -1.438 -0.951751 0 -0.184172 -1.3095 0 -0.553897 1.92206 0 -1.60698 0.40709 0 -1.75358 1.38274 0 0.965268 0.687977 0 1.26198 0.851528 0 1.471 0.0233119 0 0.40382 -0.52847 0 1.85723 0.115249 0 -1.3527 -0.458237 0 1.55457 -1.80327 0 1.11139 -0.220043 0 -1.25168 -0.684542 0 -0.322957 0.765072 0 1.72675 -0.223483 0 0.0534165 0.14403 0 1.17404 1.38553 0 -1.57376 1.51078 0 1.75971 0.452615 0 0.630766 -0.804567 0 -1.17875 0.529743 0 -0.0809669 -0.570635 0 1.93078 -0.37518 0 -1.83218 1.97784 0 0 0 0 1.41249 0.0851567 0 0.56009 0.618369 0 0.116802 -0.840948 0 0.1403 -0.167441 0 0.797018 -0.0305511 0 -0.511457 -1.03569 0 0.0273135 -1.49486 0 0 0 0 -1.51763 0.903254 0 0.592112 1.26039 0 -0.101587 -0.517237 0 0.521888 -1.57798 0 0.39335 -0.99008 0 1.05293 -0.581874 0 -0.439937 -1.31173 0 0.13447 0.95963 0 1.69962 1.75988 0 1.10504 -0.905294 0 -1.8965 -0.729555 0 0.451418 -1.56158 0 -1.80812 0.993765 0 1.74399 1.55734 0 -1.03984 -0.752541 0 -1.69006 -1.62025 0 0.453665 1.85653 0 0.277295 0.965399 0 1.78836 1.04304 0 -1.47065 0.867206 0 -0.35233 1.89968 0 -1.01908 -0.211936 0 -0.508013 -0.315332 0 1.35544 -1.05545 0 -0.506501 -0.0220185 0 1.336 0.872934 0 -0.235312 1.90155 0 1.48536 1.11796 0 0 0 0 0.583612 0.763335 0 -0.729531 -0.754018 0 1.3935 1.39982 0 1.4866 1.16372 0 0.392612 -0.0627644 0 -1.66189 -0.246078 0 1.39357 0.452494 0 1.36848 -1.31464 0 -1.81655 -1.48182 0 1.19276 -1.21557 0 -0.802621 0.112587 0 -1.48102 1.18433 0 1.41532 1.73236 0 1.22292 0.967639 0 -1.936 -1.95798 0 -1.66649 0.66652 0 1.54196 -0.43661 0 -0.138154 -1.74789 0 -1.0518 1.59814 0 -0.371618 1.12796 0 -1.09602 -1.15939 0 1.69964 -1.22405 0 0.796275 -0.0197906 0 0.355154 1.55139 0 -1.82312 0.0978944 0 0.888068 -1.62598 0 -0.635488 1.39561 0 -0.889826 -0.00835057 0 0.570142 1.37223 0 -1.60543 -0.476104 0 -1.71191 -0.0814751 0 -1.67176 -0.197225 0 -1.39161 0.87564 0 1.21902 -0.196504 0 1.25224 0.65622 0 1.33531 -0.678612 0 -1.05853 -0.860004 0 -1.02101 -1.69447 0 -1.94706 -1.99654 0 -0.977092 1.23842 0 0.958576 0.963208 0 -1.8243 1.60404 0 -1.04933 0.37334 0 1.47915 -0.848671 0 0.249657 -0.466806 0 1.79651 -0.413159 0 -1.01256 1.51715 0 0.614908 -0.431851 0 -0.366985 1.82714 0 0.451093 -0.496497 0 0.304753 -0.500626 0 -1.35401 1.39054 0 0.411487 0.921109 0 -1.98157 0.658433 0 -1.88672 1.37395 0 1.71575 -1.21827 0 0.851134 1.45725 0 1.92173 -1.56806 0 -1.06648 -1.9514 0 -1.12355 -1.79911 0 -1.14094 1.25155 0 -0.651881 -0.941662 0 1.15628 0.414668 0 1.09791 -1.8924 0 -0.932122 -0.753492 0 -1.31037 1.38177 0 0.485722 0.238797 0 1.90068 -0.94525 0 -0.109438 1.12916 0 -1.13066 -1.65532 0 1.59748 -0.309679 0 -0.734735 0.363612 0 0.337667 -1.24616 0 1.60256 -0.0454663 0 0.765946 0.135561 0 -0.713349 1.15031 0 -1.22776 -0.419783 0 -1.60642 1.77113 0 0.0143182 -1.48817 0 0 0 0 -0.335433 0.555054 0 0.33295 -0.0589121 0 0.247218 1.09707 0 1.89052 -0.382079 0 -0.0454312 1.37674 0 0.571888 -1.0903 0 -1.93457 -0.985957 0 -1.78647 -0.122988 0 0.380586 -1.32082 0 0.246739 0.110736 0 1.07291 -0.273116 0 0.109642 -1.72816 0 0 0 0 -1.6684 1.81762 0 -0.568176 0.823256 0 1.91146 0.48825 0 -0.566304 1.00784 0 -1.85696 -0.160666 0 1.09826 -1.60952 0 -1.67459 -0.807521 0 -0.0240197 0.252971 0 0 0 0 -1.71077 -1.66553 0 0.880796 0.0529189 0 -1.24171 0.147367 0 1.10163 0.982776 0 0.346763 1.32351 0 1.53713 1.26572 0 0.38749 0.331051 0 -0.730691 -0.425354 0 -1.36363 1.25452 0 -1.48481 -1.79272 0 1.64747 -0.23146 0 -0.442061 0.73786 0 -1.51154 -1.79369 0 1.93163 -0.327643 0 0 0 0 0.296336 0.419861 0 0 0 0 0.289429 -0.428245 0 0.723867 -0.312287 0 0.131853 -0.633571 0 0.489505 0.229249 0 0.493325 -0.385998 0 1.61091 -0.159345 0 -1.57269 -0.911632 0 -1.91879 -1.55368 0 1.52515 -1.11678 0 -1.08911 -0.0656551 0 1.01526 1.94782 0 -0.5838 1.56505 0 -1.45245 0.720834 0 1.29419 0.0228414 0 0.927367 1.76658 0 1.08312 -1.74289 0 0.439947 0.61678 0 0 0 0 -0.910925 -0.555646 0 0 0 0 -0.297151 -1.5049 0 -1.31546 0.992405 0 -0.0488103 0.79787 0 -1.36052 -0.634779 0 -1.90783 0.217044 0 1.00103 0.877212 0 -0.834045 0.127875 0 -1.7961 0.747435 0 1.35281 1.83414 0 0.86012 0.114586 0 -0.53837 0.592639 0 1.38455 1.76848 0 0 0 0 -0.57047 -0.398087 0 -1.98338 -1.84348 0 -1.49646 -1.92019 0 0 0 0 0.889122 -0.457465 0 0.77485 -0.335955 0 -1.07409 0.131824 0 0 0 0 -0.581299 1.40777 0 -1.46399 0.175255 0 0.244255 0.807164 0 0 0 0 -1.06421 1.9937 0 -0.0382777 1.92993 0 1.23051 -1.91747 0 0 0 0 0.260322 1.47972 0 -1.92545 -0.253362 0 1.21147 -1.79814 0 1.91239 1.26881 0 1.30359 -0.629643 0 0.459753 -0.598358 0 -1.95074 -0.0889109 0 -1.80573 -0.0576911 0 0.0598811 -1.57444 0 1.07061 -1.47308 0 -1.06143 0.670518 0 0.725768 -0.13064 0 0.504038 -0.230853 0 0.0862839 -1.22346 0 -0.193201 -0.47875 0 -1.93328 -0.962711 0 -1.41094 -1.50845 0 -0.848415 -1.15908 0 -1.02345 -1.08181 0 -1.37262 -0.879239 0 -1.20932 0.4008 0 -0.116711 -1.1201 0 -0.852832 -0.852204 0 0 0 0 -0.689263 1.00089 0 -1.58754 0.981842 0 -0.460504 1.46854 0 0.439454 -1.78389 0 0 0 0 -1.93196 -0.75856 0 0.769911 1.16235 0 1.89595 1.41419 0 -1.39522 0.934956 0 1.19201 -0.83273 0 -1.15623 -0.138857 0 0 0 0 -0.426901 1.73059 0 -1.0045 -0.64665 0 -0.641066 -0.432604 0 -1.47845 0.181734 0 0.630342 -1.13721 0 -0.868496 1.29432 0 0.133412 0.908407 0 -0.0769599 -1.04165 0 -1.44234 -1.0369 0 -1.58964 1.79619 0 1.87212 -1.90407 0 0 0 0 0.968076 -0.664554 0 0.0709327 -0.368803 0 0.733786 -0.580765 0 1.93124 -1.25572 0 -0.378448 -0.663656 0 0.567347 -0.978847 0 0.0885958 1.39363 0 -0.821748 1.6289 0 -0.100206 -0.660706 0 0 0 0 -1.90196 -0.0635124 0 0 0 0 1.00301 -1.48709 0 -1.92261 -1.31441 0 -0.280318 0.774722 0 1.03027 -0.656981 0 0 0 0 1.53149 0.504948 0 -1.39206 -1.55078 0 0 0 0 -0.666973 1.27825 0 -1.22166 -1.21752 0 0.0940475 0.112294 0 0.502914 1.40189 0 -0.0330897 -0.976763 0 -0.0445168 1.30191 0 -1.32963 -0.475034 0 0.484689 -0.0277967 0 -1.47482 -0.356807 0 -1.34034 0.62536 0 -0.990532 -1.69482 0 -1.32932 1.32957 0 -0.0176761 1.82618 0 -1.01725 0.324235 0 0.865522 -1.51166 0 0.459213 -0.183133 0 -1.94999 1.14505 0 -0.0944159 1.76623 0 0.0649476 -0.681522 0 -0.555484 1.38665 0 -0.603041 -1.9166 0 0.023952 1.82722 0 -1.95576 -0.73539 0 1.58181 1.81149 0 0.133541 -1.54699 0 -0.270857 0.107179 0 -0.701138 1.1068 0 -0.89 -1.75879 0 0.281761 1.79693 0 1.71747 -1.27081 0 -0.545759 0.794818 0 0 0 0 1.89252 1.18712 0 1.4972 -0.369102 0 0 0 0 1.41597 -0.79936 0 0.809956 0.378863 0 -0.992252 -0.710736 0 0.41241 -1.6322 0 0.893528 -1.68192 0 -0.655934 0.234922 0 -1.0666 1.25247 0 1.16893 -0.00012147 0 -1.43042 0.34124 0 -0.45421 -1.00254 0 -1.56297 0.782813 0 1.42643 -0.609643 0 0 0 0 -0.105413 -0.369123 0 -0.414899 -1.87193 0 -0.722415 -0.274429 0 -0.211636 -0.733263 0 -0.118052 0.541614 0 0 0 0 0.183042 0.548151 0 -1.11251 1.2813 0 1.42078 -0.732017 0 1.96407 0.372761 0 -0.927075 0.865914 0 -0.859825 1.96446 0 0.101457 1.13589 0 -0.774058 1.24128 0 1.27676 0.85152 0 -0.31702 0.8961 0 -0.0431591 -0.429287 0 0 0 0 0.700307 0.87069 0 1.91952 -1.81599 0 -1.95064 1.10753 0 0 0 0 0 0 0 1.90464 1.125 0 -0.215326 1.50429 0 0 0 0 0 0 0 -0.579341 0.203505 0 1.62644 -0.927681 0 -0.911644 -1.17686 0 1.50535 -1.75314 0 0 0 0 1.86294 1.39694 0 -0.881235 -0.442329 0 -0.785406 -0.915553 0 0 0 0 0.504434 -0.563434 0 1.29201 1.59787 0 -1.87479 -0.449078 0 -1.01284 -1.41213 0 0.560641 0.374474 0 -1.9576 -0.202061 0 -0.676548 -0.552736 0 0 0 0 -1.22719 -1.35122 0 0 0 0 1.18468 1.85087 0 0 0 0 -0.858726 -1.6582 0 -0.650009 -1.06171 0 0 0 0 0 0 0 0.559562 -0.737711 0 -1.64401 1.79752 0 -0.335583 -0.756717 0 0.539326 -1.57183 0 0 0 0 0 0 0 1.16649 -0.46715 0 0 0 0 1.57657 0.993786 0 0 0 0 0 0 0 0 0 0 -0.595673 -0.24661 0 -1.72192 1.87683 0 0.660544 -0.693827 0 0.14882 1.17192 0 0.33527 0.64198 0 0 0 0 0.33581 0.41822 0 -0.973844 -0.455565 0 -0.9136 -0.103056 0 0.228485 1.09283 0 1.90277 -1.62397 0 1.64509 -1.2799 0 0 0 0 1.09143 -0.0768628 0 1.17248 -0.576904 0 0.807776 1.44107 0 1.5208 0.600667 0 0 0 0 -0.0521353 0.0947989 0 0 0 0 -1.63659 1.9723 0 0 0 0 0 0 0 0 0 0 -1.13329 -0.692349 0 -0.0828579 1.83312 0 0 0 0 0 0 0 0.850292 -0.184307 0 0.970038 -1.34801 0 0 0 0 0 0 0 1.79937 1.87417 0 -0.0978441 0.523853 0 0.479041 -1.90566 0 1.40818 1.90598 0 -0.798012 0.905401 0 0.27951 -0.255445 0 0 0 0 0.171737 1.33179 0 0 0 0 0 0 0 0.507948 -0.94835 0 1.85881 0.286705 0 1.60961 1.47027 0 0 0 0 -1.62236 -1.1278 0 1.66877 0.497963 0 0.0592497 1.61145 0 0 0 0 -1.80174 1.68192 0 0 0 0 0 0 0 -1.27972 1.82181 0 1.09091 -0.425321 0 0 0 0 -0.101663 -1.65502 0 -0.178103 -0.631784 0 -0.545808 0.640961 0 0 0 0 0 0 0 -1.95289 -0.302047 0 -0.426149 -1.0217 0 0 0 0 -0.120112 -1.38703 0 1.03533 0.294345 0 1.68107 -0.475941 0 -0.254991 -1.69624 0 0 0 0 -0.977793 1.29795 0 -0.511646 1.91285 0 0.0731615 -0.873094 0 1.11489 1.28542 0 0.844338 -0.745505 0 1.15995 -1.40362 0 1.96221 0.0452525 0 0 0 0 -1.78881 1.89671 0 0 0 0 0.490629 0.970202 0 0 0 0 0.312694 0.0518345 0 0 0 0 1.31056 0.973519 0 1.18487 -0.617627 0 0 0 0 1.22598 0.475092 0 1.48784 -0.813222 0 1.02933 -1.28265 0 0.0644367 -0.290846 0 0 0 0 0 0 0 0 0 0 0.409832 -0.350927 0 0.699553 0.484274 0 -0.89404 -0.466206 0 -1.09565 1.10252 0 0.66526 -1.75126 0 1.71586 0.700159 0 0 0 0 0 0 0 0 0 0 0 0 0 0 0 0 0.274161 -0.7662 0 -1.25825 1.88773 0 0.655116 -0.328953 0 -1.81641 -0.828893 0 0 0 0 -0.686072 0.293257 0 -1.39232 -0.956119 0 1.57239 0.136607 0 1.69819 -0.105522 0 0.540936 -0.897599 0 0 0 0 -1.17757 1.95 0 -0.684066 0.859353 0 0 0 0 1.25604 -0.0325783 0 0 0 0 -1.35529 -0.113685 0 -1.2026 0.310297 0 0 0 0 -0.0757445 -0.322206 0 -0.679786 1.68202 0 1.48421 -0.192613 0 -1.5139 -1.65787 0 0 0 0 -0.673549 -1.42715 0 -1.99855 -0.496491 0 -0.340101 0.527364 0 1.99268 -1.47128 0 0 0 0 0 0 0 0 0 0 0 0 0 0 0 0 0 0 0 0 0 0 0 0 0 0 0 0 0 0 0 0 0 0 0 0 0 0 0 0 0 0 0 0 0 0 0 0 0 0 0 0 0 0 0 0 0 0 0 0 0 0 0 0 0 0 0 0 0 0 0 0 0 0 0 0 0 0 0 0 0 0 0 0 0 0 0 0 0 0 0 0 0 0 0 0 0 0 0 0 0 0 0 0 0 0 0 0 0 0 0 0 0 0 0 0 0 0 0 0 0 0 0 0 0 0 0 0 0 0 0 0 0 0 0 0 0 0 0 0 0 0 0 0 0 0 0 0 0 0 0 0 0 0 0 0 0 0 0 0 0 0 0 0 0 0 0 0 0 0 0 0 0 0 0 0 0 0 0 0 0 0 0 0 0 0 0 0 0 0 0 0 0 0 0 0 0 0 0 0 0 0 0 0 0 0 0 0 0 0 0 0 0 0 0 0 0 0 0 0 0 0 0 0 0 0 0 0 0 0 0 0 0 0 0 0 0 0 0 0 0 0 0 0 0 0 0 0 0 0 0 0 0 0 0 0 0 0 0 0 0 0 0 0 0 0 0 0 0 0 0 0 0 0 0 0 0 0 0 0 0 0 0 0 0 0 0 0 0 0 0 0 0 0 0 0 0 0 0 0 0 0 0 0 0 0 0 0 0 0 0 0 0 0 0 0 0 0 0 0 0 0 0 0 0 0 0 0 0 0 0 0 0 0 0 0 0 0 0 0 0 0 0 0 0 0 0 0 0 0 0 0 0 0 0 0 0 0 0 0 0 0 0 0 0 0 0 0 0 0 0 0 0 0 0 0 0 0 0 0 0 0 0 0 0 0 0 0 0 0 0 0 0 0 0 0 0 0 0 0 0 0 0 0 0 0 0 0 0 0 0 0 0 0 0 0 0 0 0 0 0 0 0 0 0 0 0 0 0 0 0 0 0 0 0 0 0 0 0 0 0 0 0 0 0 0 0 0 0 0 0 0 0 0 0 0 0 0 0 0 0 0 0 0 0 0 0 0 0 0 0 0 0 0 0 0 0 0 0 0 0 0 0 0 0 0 0 0 0 0 0 0 0 0 0 0 0 0 0 0 0 0 0 0 0 0 0 0 0 0 0 0 0 0 0 0 0 0 0 0 0 0 0 0 0 0 0 0 0 0 0 0 0 0 0 0 0 0 0 0 0 0 0 0 0 0 0 0 0 0 0 0 0 0 0 0 0 0 0 0 0 0 0 0 0 0 0 0
        </DataArray>
        <DataArray type="Int32" Name="n_divisions" NumberOfComponents="1" format="ascii">
 0 2 2 1 1 2 1 1 1 2 2 2 1 3 2 3 2 2 2 2 2 0 1 3 3 3 0 2 2 1 2 2 3 3 2 3 2 3 1 1 2 1 2 2 1 2 2 1 3 2 1 1 1 2 1 2 2 2 2 2 2 2 3 2 1 2 2 2 3 2 1 2 3 0 2 1 1 2 3 2 2 1 3 1 3 2 2 1 1 3 2 1 2 2 2 1 2 2 1 3 2 1 1 3 1 3 2 2 2 2 2 3 1 2 1 2 2 2 2 2 2 2 2 2 1 2 2 2 2 3 1 2 1 2 2 3 2 1 2 1 2 1 3 1 1 2 3 2 2 3 1 1 2 1 1 0 0 3 2 2 3 1 1 1 1 2 2 1 2 2 2 1 2 1 1 1 2 2 2 3 2 2 2 2 2 2 1 1 1 2 2 3 1 3 2 1 2 2 2 2 2 2 2 1 1 1 1 2 3 3 1 2 2 1 0 1 3 2 0 1 2 2 2 1 2 2 1 2 1 1 3 1 0 2 1 2 3 2 2 1 2 3 3 1 2 3 1 2 0 2 3 2 3 3 1 3 2 2 2 3 2 3 2 1 1 2 2 3 2 2 3 2 2 2 1 2 3 1 1 2 3 2 0 1 2 3 1 2 3 2 1 2 2 2 2 1 1 3 2 0 2 2 2 1 2 3 1 2 1 2 2 0 1 1 2 2 2 1 3 1 3 2 2 2 1 2 0 2 3 2 0 2 2 0 2 3 1 1 3 1 3 2 1 2 2 3 3 2 1 1 1 2 2 2 1 2 3 2 2 2 2 2 0 2 1 2 1 2 1 2 1 1 2 3 3 1 2 1 1 0 1 2 0 2 2 2 3 1 3 3 2 1 3 2 1 3 2 1 2 1 2 1 3 1 2 1 2 1 2 2 2 1 2 1 3 1 1 0 2 3 1 2 2 0 2 1 2 1 1 2 2 3 2 2 0 2 2 2 2 2 2 1 3 2 3 2 1 3 0 2 1 2 2 1 1 2 1 1 1 2 2 2 1 1 3 2 2 1 1 2 1 2 2 2 2 1 2 2 2 2 2 2 3 2 3 2 2 2 2 1 2 2 3 2 0 1 2 2 2 1 1 0 1 2 2 3 0 1 1 1 2 2 3 2 1 2 2 2 2 1 1 2 2 1 1 3 2 1 2 2 2 2 1 3 2 3 2 3 1 1 2 2 2 2 2 1 2 2 2 2 2 1 2 2 0 1 2 0 2 1 2 3 2 1 2 2 1 1 2 2 3 2 1 2 2 1 3 2 2 2 3 2 1 3 3 2 2 1 1 3 3 2 1 2 1 2 2 1 2 2 1 2 3 2 1 1 1 2 2 3 2 3 1 3 1 1 3 1 1 2 2 2 0 1 2 2 2 2 2 3 2 2 2 1 2 2 1 2 2 1 1 2 2 0 2 2 2 2 2 2 2 2 3 1 1 2 3 2 2 0 2 1 1 1 1 3 2 1 2 1 3 1 1 3 2 1 2 2 2 1 3 1 1 0 3 1 1 1 1 2 1 3 2 1 1 2 2 2 2 2 2 2 2 2 1 2 3 2 2 1 1 2 1 2 3 2 2 2 2 1 2 1 2 2 2 3 2 2 1 2 3 2 1 2 2 2 2 2 2 2 2 2 2 2 1 3 2 2 2 2 2 3 2 3 1 3 3 2 0 1 1 3 2 2 1 1 3 2 3 3 2 3 2 2 1 2 2 3 1 1 1 3 2 1 0 1 2 2 3 1 2 2 1 1 1 1 1 1 1 1 2 1 2 2 1 1 2 2 0 2 2 2 2 3 3 2 1 1 2 2 1 1 1 2 0 3 1 1 1 2 2 1 1 2 2 2 2 0 3 2 2 2 2 3 1 1 0 3 2 2 1 1 2 1 2 1 2 0 3 2 3 2 2 2 0 0 3 2 2 2 3 1 1 0 2 0 1 2 1 2 1 1 3 3 0 1 2 1 3 3 2 2 1 1 2 1 2 2 2 2 2 2 2 2 1 2 2 3 2 1 1 2 3 1 1 0 3 3 2 2 0 1 2 2 3 2 2 2 2 2 1 2 2 2 1 1 2 2 2 1 2 2 2 1 2 2 1 0 2 2 2 3 2 2 3 2 2 3 1 2 3 2 2 0 2 2 2 1 2 1 0 1 1 2 2 2 2 3 1 2 2 1 1 1 1 2 0 1 1 1 1 3 2 2 3 0 1 2 2 2 1 3 3 1 2 0 1 2 1 1 2 0 0 2 2 2 2 1 2 2 1 1 1 2 1 2 1 2 1 2 2 2 2 3 0 1 2 2 1 2 1 2 1 1 1 1 2 2 1 1 2 1 2 2 2 3 1 2 3 1 2 1 2 2 2 2 2 3 2 1 1 1 2 2 2 2 2 3 1 0 3 2 2 0 2 1 2 0 2 3 2 1 2 1 2 1 1 2 2 0 2 1 2 3 3 2 2 1 2 2 2 2 2 2 3 1 1 1 1 2 2 1 1 2 1 1 3 2 2 1 1 2 2 2 3 2 2 1 1 1 0 3 2 1 1 1 2 2 1 2 1 3 2 2 1 2 1 2 1 2 2 1 2 2 2 2 2 0 0 2 1 2 2 1 1 2 1 1 2 1 2 1 0 2 1 1 3 2 1 1 2 2 1 1 1 1 0 1 2 2 1 2 2 1 2 2 2 1 2 1 0 2 2 2 3 2 1 2 1 3 3 2 1 2 2 1 2 2 0 2 2 2 2 2 2 2 1 1 2 2 2 1 0 2 3 2 2 2 1 0 1 0 1 2 2 1 2 2 2 2 1 1 1 2 1 1 2 1 2 1 1 2 2 2 2 1 2 2 2 2 1 1 1 2 2 1 2 1 2 2 1 2 2 2 1 0 0 2 2 1 1 1 2 0 1 2 2 1 3 1 2 2 2 2 1 1 1 2 1 1 1 1 1 1 2 2 2 1 1 1 1 2 0 2 0 1 3 2 2 2 1 1 1 1 2 1 2 1 3 1 2 0 2 1 3 3 2 1 2 1 0 1 2 2 2 1 2 0 0 2 1 2 2 1 0 1 1 1 2 1 1 0 0 2 2 0 2 0 2 1 1 1 1 2 2 2 0 1 0 0 0 1 2 2 1 1 1 2 0 2 1 1 1 2 2 0 2 1 1 2 2 2 1 2 1 1 1 1 2 2 0 0 1 2 2 1 2 1 2 2 2 2 2 2 0 2 1 2 1 1 2 1 2 2 1 2 2 2 2 2 2 0 2 2 2 1 1 3 1 2 2 2 2 2 2 3 2 1 1 2 0 2 1 2 2 1 1 0 1 2 1 2 2 1 1 2 1 3 2 2 2 2 2 2 1 1 1 1 1 1 2 2 2 0 1 0 1 2 1 0 1 2 1 2 2 2 0 2 2 1 1 2 2 2 0 0 1 1 1 1 2 2 0 1 0 2 1 1 1 2 1 1 1 2 1 0 2 1 2 2 1 2 1 1 2 0 1 2 2 0 2 2 1 2 2 2 2 1 1 1 2 1 1 0 1 2 3 1 1 1 0 1 1 1 1 0 1 0 3 1 0 2 2 0 2 1 2 1 2 0 2 1 3 1 1 2 2 1 1 1 1 1 0 2 2 2 1 1 1 2 1 0 2 0 2 2 1 2 1 3 1 2 2 1 2 1 1 2 2 1 2 2 1 1 1 2 2 1 2 2 2 2 2 2 2 2 1 1 1 1 1 1 2 2 1 2 2 2 1 0 2 1 1 0 3 2 1 1 1 1 1 1 1 1 2 1 1 2 2 2 1 2 1 2 1 1 1 2 2 2 1 2 1 1 0 1 1 0 2 1 1 2 0 1 1 1 2 1 1 1 1 1 1 2 2 2 2 1 2 0 2 2 1 1 1 2 2 1 0 2 0 1 2 2 1 1 0 1 1 1 1 1 1 1 0 2 1 1 1 2 1 1 2 2 2 1 1 2 2 1 1 1 0 2 2 1 2 1 2 1 2 1 0 1 2 1 2 1 1 1 1 1 2 1 1 2 2 0 2 1 1 2 1 0 0 1 1 2 1 1 2 1 2 1 1 1 0 1 2 2 2 1 1 1 2 1 2 1 2 2 1 1 0 1 2 0 2 1 2 1 2 1 0 2 2 1 1 1 1 2 2 1 0 1 1 1 2 1 1 1 1 1 0 1 1 2 1 1 2 2 1 1 2 1 0 1 1 1 2 1 1 2 1 1 2 1 1 1 1 1 1 1 1 2 1 1 1 0 1 1 2 0 2 1 1 1 1 2 1 1 2 2 1 2 1 1 1 1 1 1 1 1 1 0 1 2 1 2 1 2 0 2 1 1 2 0 2 0 1 1 2 2 1 0 0 1 0 1 1 2 1 0 2 0 1 2 2 1 2 2 2 0 1 2 0 1 1 0 2 0 2 1 2 1 1 0 2 0 1 1 1 1 0 2 1 1 2 0 0 1 1 0 0 0 1 1 1 1 1 1 1 2 1 1 1 2 1 2 0 0 1 1 2 1 1 2 0 0 1 1 0 2 1 2 2 1 1 1 0 1 1 0 2 1 1 1 1 0 0 2 2 0 2 1 1 1 1 0 1 1 1 0 2 1 1 2 0 2 0 1 2 2 0 1 0 0 1 1 2 1 2 0 1 1 2 1 2 0 1 0 0 0 1 1 1 1 0 0 1 2 1 1 1 1 1 1 0 1 1 1 1 2 0 0 1 2 2 2 0 0 0 1 1 1 1 2 0 2 1 2 2 0 1 1 2 1 1 0 0 0 1 0 1 1 1 0 1 2 0 1 0 2 0 0 1 0 1 1 0 1 2 1 1 1 0 1 1 1 1 1 1 1 2 2 0 0 0 2 1 0 0 1 1 1 1 0 1 0 1 2 2 1 2 2 1 1 2 1 2 0 2 1 0 1 0 1 0 1 2 1 2 2 0 1 1 1 0 0 0 1 1 1 1 1 1 1 1 0 1 1 0 0 2 1 1 0 1 1 1 1 1 2 1 0 2 2 0 0 1 1 0 1 1 1 0 1 1 2 1 0 2 2 2 1 2 0 1 2 1 1 0 1 1 2 1 1 2 1 0 1 1 2 0 2 1 1 1 1 0 2 1 1 1 1 0 1 1 0 1 1 0 0 1 2 1 1 1 0 1 1 1 1 1 1 1 1 1 0 1 2 1 1 0 0 1 1 1 2 1 1 2 2 1 1 0 0 1 1 0 1 1 1 2 0 1 1 1 1 1 1 1 1 0 2 1 0 1 1 0 0 1 0 1 1 1 1 1 2 2 0 1 0 1 1 1 1 1 0 1 0 1 1 1 1 1 1 0 2 0 1 1 0 1 1 1 1 0 1 1 1 0 0 1 1 0 1 0 1 1 1 1 1 1 1 1 2 1 1 1 2 1 0 1 1 2 1 2 1 0 1 1 1 1 1 1 0 1 0 0 1 0 1 1 1 1 0 0 1 0 1 0 0 2 0 1 2 0 1 1 0 2 2 1 0 1 1 1 1 0 0 0 1 1 1 1 0 1 1 0 1 1 0 2 0 1 2 0 0 1 0 2 1 0 1 0 1 1 1 1 1 0 0 1 2 0 0 0 1 0 1 1 0 1 1 1 1 1 0 0 1 1 2 1 2 1 1 0 1 1 0 0 0 1 2 0 1 0 1 1 1 1 1 1 1 1 1 1 0 1 1 0 1 0 1 1 1 0 1 1 0 0 0 1 1 1 0 1 1 0 1 2 0 0 1 1 1 1 1 0 0 1 1 1 0 1 2 0 2 1 0 1 0 1 1 1 1 1 0 0 1 1 1 1 1 1 1 0 1 1 1 2 1 0 0 0 0 0 0 1 1 1 1 1 1 1 1 0 0 0 0 0 1 1 1 0 2 0 1 1 1 0 0 2 2 2 2 0 2 0 1 1 0 1 1 1 2 1 1 1 1 0 1 1 0 0 0 1 1 0 1 1 1 2 1 1 1 1 1 1 1 1 1 1 1 1 0 1 0 1 2 0 1 1 0 1 1 1 0 0 1 1 1 0 0 1 1 0 0 1 0 0 2 1 1 1 0 1 1 0 1 1 1 1 0 0 1 1 1 0 1 1 0 0 0 0 1 0 1 1 1 1 1 1 0 1 2 1 1 1 0 0 1 0 0 1 1 1 1 1 0 0 0 1 1 1 1 0 1 1 0 0 0 0 1 2 0 1 1 1 0 1 1 0 1 1 0 1 1 0 1 0 0 1 1 1 0 1 1 1 1 1 0 0 0 0 0 1 0 1 1 1 1 2 1 1 1 1 0 0 1 0 0 1 1 1 2 1 1 0 0 1 0 1 0 1 1 0 1 1 0 0 0 1 0 1 0 1 0 0 1 0 0 1 1 0 1 1 0 0 1 0 1 2 1 0 1 0 1 1 1 0 1 1 1 2 0 0 0 0 0 1 2 1 0 1 1 0 0 0 0 1 0 0 1 0 1 1 0 0 1 1 1 0 0 0 0 1 2 1 1 0 0 1 1 0 0 0 1 1 1 0 0 0 1 0 1 2 0 1 2 1 0 0 1 0 1 0 0 0 0 1 1 0 1 1 0 1 0 0 1 1 1 1 1 2 1 1 1 0 1 1 1 1 0 1 0 1 0 0 0 0 1 1 0 1 1 1 1 2 1 0 0 1 0 0 0 1 0 0 1 1 1 1 0 1 0 1 1 0 0 0 0 1 1 1 1 0 0 1 1 0 1 1 0 0 1 0 0 1 1 0 1 0 0 1 0 1 1 0 1 0 1 0 1 1 0 0 0 0 0 1 1 1 1 1 1 0 1 1 1 0 1 1 1 1 0 1 0 0 0 0 1 0 1 0 0 0 1 0 1 1 1 1 0 0 1 0 1 1 1 0 1 1 0 0 1 1 1 0 0 1 1 1 0 1 0 0 0 1 1 0 0 0 0 2 0 0 1 1 1 0 1 0 0 1 1 0 1 1 1 1 1 1 1 0 0 1 0 1 0 0 1 1 1 0 0 0 0 1 1 2 1 0 0 1 0 0 0 0 0 0 0 0 0 1 0 1 1 0 0 0 0 1 0 0 1 0 0 0 0 0 0 0 0 0 0 0 0 1 0 0 1 0 0 1 1 1 0 1 1 0 1 1 1 1 1 1 1 1 0 1 1 1 0 0 0 1 1 1 1 1 1 0 1 1 0 0 1 1 1 1 1 0 0 0 1 1 1 0 1 0 0 0 0 0 1 1 1 1 1 0 1 0 0 0 1 0 1 0 0 1 1 1 1 1 0 0 1 0 0 1 0 1 0 0 1 0 1 1 0 1 1 1 1 1 1 1 1 1 1 1 1 0 0 0 1 1 1 0 1 1 2 1 1 0 0 0 0 1 1 1 0 1 1 1 1 0 1 1 1 0 0 1 0 0 0 1 1 1 0 0 1 0 1 0 0 0 0 0 0 0 0 0 1 0 0 0 0 0 1 0 1 1 1 1 1 1 0 1 0 0 0 0 0 1 1 0 1 1 0 0 0 0 0 0 0 1 0 0 0 0 1 1 0 1 1 1 0 1 0 0 0 1 1 1 0 0 0 0 0 0 0 0 1 0 1 1 0 0 0 0 1 0 1 1 0 0 1 0 1 0 0 1 1 1 1 1 0 0 0 0 1 0 1 0 0 0 0 0 0 0 0 1 1 0 0 0 1 0 0 0 0 1 0 1 0 1 0 0 0 0 0 0 1 1 1 0 1 0 0 0 0 0 0 0 0 0 0 1 0 0 0 0 1 1 1 0 0 0 0 1 1 1 1 1 0 0 1 0 1 0 0 0 0 0 0 0 1 1 0 0 0 0 1 1 0 0 0 1 0 0 1 0 0 1 0 1 1 1 0 0 1 0 1 1 1 0 1 0 0 0 0 1 1 0 0 0 1 1 0 0 0 0 0 0 1 1 1 0 1 1 0 1 0 0 0 0 0 0 1 1 0 1 1 0 0 1 1 1 0 0 1 1 0 1 0 1 0 0 0 1 0 1 0 1 0 1 0 0 1 0 0 0 0 0 0 0 0 0 0 0 0 1 0 0 0 1 0 1 1 1 0 0 1 1 0 1 0 1 0 1 0 0 0 1 0 0 1 0 1 0 0 0 1 0 0 1 0 1 1 1 0 0 1 1 0 1 0 1 1 0 0 0 0 0 1 0 0 0 0 0 1 1 1 0 0 0 1 0 0 1 1 1 0 1 0 1 1 1 0 1 1 0 0 0 1 0 0 0 1 1 1 0 0 1 0 1 1 0 0 0 0 0 1 0 0 0 1 0 0 1 0 1 0 0 0 0 0 1 1 0 0 0 1 1 1 0 1 0 1 1 0 0 0 0 0 0 1 0 0 0 1 0 0 0 1 1 0 0 0 1 1 0 0 0 0 0 1 1 1 1 0 0 0 0 0 1 0 0 0 1 0 0 0 0 1 0 0 0 0 0 0 0 0 0 0 0 0 0 0 0 0 0 0 0 0 0 1 1 1 1 0 1 1 0 1 1 0 1 1 0 0 0 0 0 0 0 0 0 0 0 0 0 1 1 0 0 0 0 1 0 0 1 0 0 0 0 0 0 0 1 0 1 0 0 0 0 0 1 0 0 0 0 0 0 0 1 0 0 0 1 0 0 0 1 0 0 0 1 0 0 1 1 0 0 0 1 0 0 0 1 0 0 0 1 1 0 0 0 0 0 1 1 0 0 0 0 0 1 0 0 0 0 0 1 1 0 0 0 0 0 1 0 0 0 0 0 0 0 0 1 0 0 1 1 0 1 0 1 0 0 0 0 0 0 0 0 0 0 0 0 0 1 0 0 1 0 1 0 0 0 1 1 0 1 0 0 0 1 0 0 0 0 0 1 1 1 1 1 0 1 1 1 0 0 0 1 0 0 1 0 1 1 0 0 0 1 0 1 0 0 0 0 0 0 0 0 0 1 1 0 0 0 0 0 0 0 1 0 0 0 0 1 0 1 0 0 1 0 0 0 0 0 0 0 0 0 0 0 1 0 0 0 0 0 0 0 1 0 0 0 0 0 1 0 0 0 0 0 0 0 0 0 0 0 0 1 0 1 0 0 0 0 1 0 0 0 0 0 0 0 0 1 0 0 1 1 1 0 0 0 1 0 1 0 1 1 0 0 0 1 0 1 0 0 0 0 1 0 0 0 1 0 0 0 0 0 0 0 1 0 0 0 0 0 0 0 1 0 0 0 0 0 0 0 0 0 0 0 0 0 0 0 0 0 0 0 0 0 0 0 0 1 0 0 1 1 0 0 0 1 0 0 0 0 0 0 0 0 0 0 0 0 1 0 0 0 0 0 0 0 1 0 0 0 0 0 0 0 0 0 0 0 1 1 0 0 0 0 1 0 1 1 0 0 1 1 0 0 0 0 0 0 0 1 1 0 0 0 1 0 0 0 0 0 0 0 0 0 0 0 0 0 0 0 0 0 0 0 0 1 0 0 0 0 0 0 0 1 1 0 0 0 0 0 0 0 1 0 0 0 0 0 0 0 0 1 0 0 0 0 0 0 0 0 0 1 1 0 0 0 0 0 0 0 0 0 0 1 0 0 0 0 0 0 0 0 0 0 1 0 0 0 0 0 0 0 0 1 0 0 1 1 1 0 0 0 1 0 0 0 0 0 1 0 1 0 0 0 0 0 0 0 0 0 0 0 0 0 0 0 0 0 0 0 0 0 0 0 0 0 0 0 0 0 0 0 0 0 0 0 0 0 0 0 0 0 0 0 1 0 0 0 0 0 0 0 0 0 0 0 0 0 0 1 0 0 0 1 1 0 0 0 0 0 0 0 0 0 0 0 0 0 0 0 0 0 0 0 0 0 1 0 0 0 0 0 0 0 0 0 0 0 0 0 0 0 0 0 0 0 0 1 0 0 0 0 1 0 0 0 0 0 0 0 0 0 0 0 0 0 0 0 0 0 0 0 0 1 0 0 0 0 0 0 1 0 0 0 0 0 0 0 1 0 0 0 0 0 1 0 0 0 0 0 0 0 0 0 0 0 0 0 0 0 1 0 0 0 1 0 0 0 0 0 0 0 0 0 0 0 0 0 0 0 0 0 0 0 0 0 0 0 1 0 0 0 0 0 0 0 0 0 1 0 0 0 0 0 0 0 0 0 0 0 0 0 0 0 0 0 0 0 0 0 0 0 0 1 0 0 0 0 0 0 0 0 0 0 0 0 0 0 0 0 0 0 1 1 0 0 1 0 1 0 0 1 0 0 0 0 0 1 0 1 0 0 0 0 0 0 0 0 0 1 0 1 0 0 0 0 0 0 0 0 0 0 0 0 0 0 0 1 0 0 0 1 0 0 0 0 0 1 0 1 0 0 0 0 0 0 0 0 0 0 0 0 0 0 1 0 0 0 1 0 0 0 0 0 0 1 0 0 0 0 0 0 0 0 0 1 0 0 1 0 1 1 0 0 0 0 0 0 0 0 0 0 0 0 0 0 0 0 0 0 0 0 0 0 0 0 0 0 0 0 1 0 0 0 0 0 0 0 0 0 0 0 0 0 0 0 0 0 0 0 0 0 0 1 0 1 0 0 0 0 0 0 0 0 0 0 0 0 0 0 0 0 0 0 0 1 0 0 0 0 0 0 0 0 0 0 1 0 0 0 0 0 0 0 0 0 0 0 0 0 0 0 0 0 0 1 0 0 0 0 0 0 0 0 0 0 0 0 0 0 0 0 0 0 1 0 0 0 0 0 0 0 0 0 0 0 0 0 0 0 0 0 0 0 0 0 0 0 0 0 0 0 0 0 0 0 0 0 0 0 0 0 0 0 0 0 0 0 0 0 0 0 0 0 0 0 0 0 0 0 0 0 0 0 0 0 0 0 0 0 0 0 0 0 0 0 0 0 0 0 0 0 0 0 0 0 0 0 0 0 0 0 0 0 0 0 0 0 0 0 0 0 0 0 0 0 0 0 0 0 0 0 0 0 0 0 0 0 0 0 0 0 0 0 0 0 0 0 0 0 0 0 0 0 0 0 0 0 0 0 0 0 0 0 0 0 0 0 0 0 0 0 0 0 0 0 0 0 0 0 0 0 0 0 0 0 0 0 0 0 0 0 0 0 0 0 0 0 0 0 0 0 0 0 0 0 0 0 0 0 0 0 0 0 0 0 0 0 0 0 0 0 0 0 0 0 0 0 0 0 0 0 0 0 0 0 0 0 0 0 0 0 0 0 0 0 0 0 0 0 0 0 0 0 0 0 0 0 0 0 0 0 0 0 0 0 0 0 0 0 0 0 0 0 0 0 0 0 0 0 0 0 0 0 0 0 0 0 0 0 0 0 0 0 0 0 0 0 0 0 0 0 0 0 0 0 0 0 0 0 0 0 0 0 0 0 0 0 0 0 0 0 0 0 0 0 0 0 0 0 0 0 0 0 0 0 0 0 0 0 0 0 0 0 0 0 0 0 0 0 0 0 0 0 0 0 0 0 0 0 0 0 0 0 0 0 0 0 0 0 0 0 0 0 0 0 0 0 0 0 0 0 0 0 0 0 0 0 0 0 0 0 0 0 0 0 0 0 0 0 0 0 0 0 0 0 0 0 0 0 0 0 0 0 0 0 0 0 0 0 0 0 0 0 0 0 0 0 0 0 0 0 0 0 0 0 0 0 0 0 0 0 0 0 0 0 0 0 0 0 0 0 0 0 0 0 0 0 0 0 0 0 0 0 0 0 0 0 0 0 0 0 0 0 0 0 0 0 0 0 0 0 0 0 0 0 0 0 0 0 0 0 0 0 0 0 0 0 0 0 0 0 0 0 0 0 0 0 0 0 0 0 0 0 0 0 0 0 0 0 0 0 0 0 0 0 0 0 0 0 0 0 0 0 0 0 0 0 0 0 0 0 0 0 0 0 0 0 0 0 0 0 0 0 0 0 0 0 0 0 0 0 0 0 0 0 0 0 0 0 0 0 0 0 0 0 0 0 0 0 0 0 0 0 0 0 0 0 0 0 0 0 0 0 0 0 0 0 0 0 0 0 0 0 0 0 0 0 0 0 0 0 0 0 0 0 0 0 0 0 0 0 0 0 0 0 0 0 0 0 0 0 0 0 0 0 0 0 0 0 0 0 0 0 0 0 0 0 0 0 0 0 0 0 0 0 0 0 0 0 0 0 0 0 0 0 0 0 0 0 0 0 0 0 0 0 0 0 0 0 0 0 0 0 0 0 0 0 0 0 0 0 0 0 0 0 0 0 0 0 0 0 0 0 0 0 0 0 0 0 0 0 0 0 0 0 0 0 0 0 0 0 0 0 0 0 0 0 0 0 0 0 0 0 0 0 0 0 0 0 0 0 0 0 0 0 0 0 0 0 0 0 0 0 0 0 0 0 0 0 0 0 0 0 0 0
        </DataArray>
        <DataArray type="Int32" Name="n_trasformations" NumberOfComponents="1" format="ascii">
 0 0 0 0 0 0 0 0 0 0 0 0 0 0 0 0 0 0 0 0 0 0 0 0 0 0 0 0 0 0 0 0 0 0 0 0 0 0 0 0 0 0 0 0 0 0 0 0 0 0 0 0 0 0 0 0 0 0 0 0 0 0 0 0 0 0 0 0 0 0 0 0 0 0 0 0 0 0 0 0 0 0 0 0 0 0 0 0 0 0 0 0 0 0 0 0 0 0 0 0 0 0 0 0 0 0 0 0 0 0 0 0 0 0 0 0 0 0 0 0 0 0 0 0 0 0 0 0 0 0 0 0 0 0 0 0 0 0 0 0 0 0 0 0 0 0 0 0 0 0 0 0 0 0 0 0 0 0 0 0 0 0 0 0 0 0 0 0 0 0 0 0 0 0 0 0 0 0 0 0 0 0 0 0 0 0 0 0 0 0 0 0 0 0 0 0 0 0 0 0 0 0 0 0 0 0 0 0 0 0 0 0 0 0 0 0 0 0 0 0 0 0 0 0 0 0 0 0 0 0 0 0 0 0 0 0 0 0 0 0 0 0 0 0 0 0 0 0 0 0 0 0 0 0 0 0 0 0 0 0 0 0 0 0 0 0 0 0 0 0 0 0 0 0 0 0 0 0 0 0 0 0 0 0 0 0 0 0 0 0 0 0 0 0 0 0 0 0 0 0 0 0 0 0 0 0 0 0 0 0 0 0 0 0 0 0 0 0 0 0 0 0 0 0 0 0 0 0 0 0 0 0 0 0 0 0 0 0 0 0 0 0 0 0 0 0 0 0 0 0 0 0 0 0 0 0 0 0 0 0 0 0 0 0 0 0 0 0 0 0 0 0 0 0 0 0 0 0 0 0 0 0 0 0 0 0 0 0 0 0 0 0 0 0 0 0 0 0 0 0 0 0 0 0 0 0 0 0 0 0 0 0 0 0 0 0 0 0 0 0 0 0 0 0 0 0 0 0 0 0 0 0 0 0 0 0 0 0 0 0 0 0 0 0 0 0 0 0 0 0 0 0 0 0 0 0 0 0 0 0 0 0 0 0 0 0 0 0 0 0 0 0 0 0 0 0 0 0 0 0 0 0 0 0 0 0 0 0 0 0 0 0 0 0 0 0 0 0 0 0 0 0 0 0 0 0 0 0 0 0 0 0 0 0 0 0 0 0 0 0 0 0 0 0 0 0 0 0 0 0 0 0 0 0 0 0 0 0 0 0 0 0 0 0 0 0 0 0 0 0 0 0 0 0 0 0 0 0 0 0 0 0 0 0 0 0 0 0 0 0 0 0 0 0 0 0 0 0 0 0 0 0 0 0 0 0 0 0 0 0 0 0 0 0 0 0 0 0 0 0 0 0 0 0 0 0 0 0 0 0 0 0 0 0 0 0 0 0 0 0 0 0 0 0 0 0 0 0 0 0 0 0 0 0 0 0 0 0 0 0 0 0 0 0 0 0 0 0 0 0 0 0 0 0 0 0 0 0 0 0 0 0 0 0 0 0 0 0 0 0 0 0 0 0 0 0 0 0 0 0 0 0 0 0 0 0 0 0 0 0 0 0 0 0 0 0 0 0 0 0 0 0 0 0 0 0 0 0 0 0 0 0 0 0 0 0 0 0 0 0 0 0 0 0 0 0 0 0 0 0 0 0 0 0 0 0 0 0 0 0 0 0 0 0 0 0 0 0 0 0 0 0 0 0 0 0 0 0 0 0 0 0 0 0 0 0 0 0 0 0 0 0 0 0 0 0 0 0 0 0 0 0 0 0 0 0 0 0 0 0 0 0 0 0 0 0 0 0 0 0 0 0 0 0 0 0 0 0 0 0 0 0 0 0 0 0 0 0 0 0 0 0 0 0 0 0 0 0 0 0 0 0 0 0 0 0 0 0 0 0 0 0 0 0 0 0 0 0 0 0 0 0 0 0 0 0 0 0 0 0 0 0 0 0 0 0 0 0 0 0 0 0 0 0 0 0 0 0 0 0 0 0 0 0 0 0 0 0 0 0 0 0 0 0 0 0 0 0 0 0 0 0 0 0 0 0 0 0 0 0 0 0 0 0 0 0 0 0 0 0 0 0 0 0 0 0 0 0 0 0 0 0 0 0 0 0 0 0 0 0 0 0 0 0 0 0 0 0 0 0 0 0 0 0 0 0 0 0 0 0 0 0 0 0 0 0 0 0 0 0 0 0 0 0 0 0 0 0 0 0 0 0 0 0 0 0 0 0 0 0 0 0 0 0 0 0 0 0 0 0 0 0 0 0 0 0 0 0 0 0 0 0 0 0 0 0 0 0 0 0 0 0 0 0 0 0 0 0 0 0 0 0 0 0 0 0 0 0 0 0 0 0 0 0 0 0 0 0 0 0 0 0 0 0 0 0 0 0 0 0 0 0 0 0 0 0 0 0 0 0 0 0 0 0 0 0 0 0 0 0 0 0 0 0 0 0 0 0 0 0 0 0 0 0 0 0 0 0 0 0 0 0 0 0 0 0 0 0 0 0 0 0 0 0 0 0 0 0 0 0 0 0 0 0 0 0 0 0 0 0 0 0 0 0 0 0 0 0 0 0 0 0 0 0 0 0 0 0 0 0 0 0 0 0 0 0 0 0 0 0 0 0 0 0 0 0 0 0 0 0 0 0 0 0 0 0 0 0 0 0 0 0 0 0 0 0 0 0 0 0 0 0 0 0 0 0 0 0 0 0 0 0 0 0 0 0 0 0 0 0 0 0 0 0 0 0 0 0 0 0 0 0 0 0 0 0 0 0 0 0 0 0 0 0 0 0 0 0 0 0 0 0 0 0 0 0 0 0 0 0 0 0 0 0 0 0 0 0 0 0 0 0 0 0 0 0 0 0 0 0 0 0 0 0 0 0 0 0 0 0 0 0 0 0 0 0 0 0 0 0 0 0 0 0 0 0 0 0 0 0 0 0 0 0 0 0 0 0 0 0 0 0 0 0 0 0 0 0 0 0 0 0 0 0 0 0 0 0 0 0 0 0 0 0 0 0 0 0 0 0 0 0 0 0 0 0 0 0 0 0 0 0 0 0 0 0 0 0 0 0 0 0 0 0 0 0 0 0 0 0 0 0 0 0 0 0 0 0 0 0 0 0 0 0 0 0 0 0 0 0 0 0 0 0 0 0 0 0 0 0 0 0 0 0 0 0 0 0 0 0 0 0 0 0 0 0 0 0 0 0 0 0 0 0 0 0 0 0 0 0 0 0 0 0 0 0 0 0 0 0 0 0 0 0 0 0 0 0 0 0 0 0 0 0 0 0 0 0 0 0 0 0 0 0 0 0 0 0 0 0 0 0 0 0 0 0 0 0 0 0 0 0 0 0 0 0 0 0 0 0 0 0 0 0 0 0 0 0 0 0 0 0 0 0 0 0 0 0 0 0 0 0 0 0 0 0 0 0 0 0 0 0 0 0 0 0 0 0 0 0 0 0 0 0 0 0 0 0 0 0 0 0 0 0 0 0 0 0 0 0 0 0 0 0 0 0 0 0 0 0 0 0 0 0 0 0 0 0 0 0 0 0 0 0 0 0 0 0 0 0 0 0 0 0 0 0 0 0 0 0 0 0 0 0 0 0 0 0 0 0 0 0 0 0 0 0 0 0 0 0 0 0 0 0 0 0 0 0 0 0 0 0 0 0 0 0 0 0 0 0 0 0 0 0 0 0 0 0 0 0 0 0 0 0 0 0 0 0 0 0 0 0 0 0 0 0 0 0 0 0 0 0 0 0 0 0 0 0 0 0 0 0 0 0 0 0 0 0 0 0 0 0 0 0 0 0 0 0 0 0 0 0 0 0 0 0 0 0 0 0 0 0 0 0 0 0 0 0 0 0 0 0 0 0 0 0 0 0 0 0 0 0 0 0 0 0 0 0 0 0 0 0 0 0 0 0 0 0 0 0 0 0 0 0 0 0 0 0 0 0 0 0 0 0 0 0 0 0 0 0 0 0 0 0 0 0 0 0 0 0 0 0 0 0 0 0 0 0 0 0 0 0 0 0 0 0 0 0 0 0 0 0 0 0 0 0 0 0 0 0 0 0 0 0 0 0 0 0 0 0 0 0 0 0 0 0 0 0 0 0 0 0 0 0 0 0 0 0 0 0 0 0 0 0 0 0 0 0 0 0 0 0 0 0 0 0 0 0 0 0 0 0 0 0 0 0 0 0 0 0 0 0 0 0 0 0 0 0 0 0 0 0 0 0 0 0 0 0 0 0 0 0 0 0 0 0 0 0 0 0 0 0 0 0 0 0 0 0 0 0 0 0 0 0 0 0 0 0 0 0 0 0 0 0 0 0 0 0 0 0 0 0 0 0 0 0 0 0 0 0 0 0 0 0 0 0 0 0 0 0 0 0 0 0 0 0 0 0 0 0 0 0 0 0 0 0 0 0 0 0 0 0 0 0 0 0 0 0 0 0 0 0 0 0 0 0 0 0 0 0 0 0 0 0 0 0 0 0 0 0 0 0 0 0 0 0 0 0 0 0 0 0 0 0 0 0 0 0 0 0 0 0 0 0 0 0 0 0 0 0 0 0 0 0 0 0 0 0 0 0 0 0 0 0 0 0 0 0 0 0 0 0 0 0 0 0 0 0 0 0 0 0 0 0 0 0 0 0 0 0 0 0 0 0 0 0 0 0 0 0 0 0 0 0 0 0 0 0 0 0 0 0 0 0 0 0 0 0 0 0 0 0 0 0 0 0 0 0 0 0 0 0 0 0 0 0 0 0 0 0 0 0 0 0 0 0 0 0 0 0 0 0 0 0 0 0 0 0 0 0 0 0 0 0 0 0 0 0 0 0 0 0 0 0 0 0 0 0 0 0 0 0 0 0 0 0 0 0 0 0 0 0 0 0 0 0 0 0 0 0 0 0 0 0 0 0 0 0 0 0 0 0 0 0 0 0 0 0 0 0 0 0 0 0 0 0 0 0 0 0 0 0 0 0 0 0 0 0 0 0 0 0 0 0 0 0 0 0 0 0 0 0 0 0 0 0 0 0 0 0 0 0 0 0 0 0 0 0 0 0 0 0 0 0 0 0 0 0 0 0 0 0 0 0 0 0 0 0 0 0 0 0 0 0 0 0 0 0 0 0 0 0 0 0 0 0 0 0 0 0 0 0 0 0 0 0 0 0 0 0 0 0 0 0 0 0 0 0 0 0 0 0 0 0 0 0 0 0 0 0 0 0 0 0 0 0 0 0 0 0 0 0 0 0 0 0 0 0 0 0 0 0 0 0 0 0 0 0 0 0 0 0 0 0 0 0 0 0 0 0 0 0 0 0 0 0 0 0 0 0 0 0 0 0 0 0 0 0 0 0 0 0 0 0 0 0 0 0 0 0 0 0 0 0 0 0 0 0 0 0 0 0 0 0 0 0 0 0 0 0 0 0 0 0 0 0 0 0 0 0 0 0 0 0 0 0 0 0 0 0 0 0 0 0 0 0 0 0 0 0 0 0 0 0 0 0 0 0 0 0 0 0 0 0 0 0 0 0 0 0 0 0 0 0 0 0 0 0 0 0 0 0 0 0 0 0 0 0 0 0 0 0 0 0 0 0 0 0 0 0 0 0 0 0 0 0 0 0 0 0 0 0 0 0 0 0 0 0 0 0 0 0 0 0 0 0 0 0 0 0 0 0 0 0 0 0 0 0 0 0 0 0 0 0 0 0 0 0 0 0 0 0 0 0 0 0 0 0 0 0 0 0 0 0 0 0 0 0 0 0 0 0 0 0 0 0 0 0 0 0 0 0 0 0 0 0 0 0 0 0 0 0 0 0 0 0 0 0 0 0 0 0 0 0 0 0 0 0 0 0 0 0 0 0 0 0 0 0 0 0 0 0 0 0 0 0 0 0 0 0 0 0 0 0 0 0 0 0 0 0 0 0 0 0 0 0 0 0 0 0 0 0 0 0 0 0 0 0 0 0 0 0 0 0 0 0 0 0 0 0 0 0 0 0 0 0 0 0 0 0 0 0 0 0 0 0 0 0 0 0 0 0 0 0 0 0 0 0 0 0 0 0 0 0 0 0 0 0 0 0 0 0 0 0 0 0 0 0 0 0 0 0 0 0 0 0 0 0 0 0 0 0 0 0 0 0 0 0 0 0 0 0 0 0 0 0 0 0 0 0 0 0 0 0 0 0 0 0 0 0 0 0 0 0 0 0 0 0 0 0 0 0 0 0 0 0 0 0 0 0 0 0 0 0 0 0 0 0 0 0 0 0 0 0 0 0 0 0 0 0 0 0 0 0 0 0 0 0 0 0 0 0 0 0 0 0 0 0 0 0 0 0 0 0 0 0 0 0 0 0 0 0 0 0 0 0 0 0 0 0 0 0 0 0 0 0 0 0 0 0 0 0 0 0 0 0 0 0 0 0 0 0 0 0 0 0 0 0 0 0 0 0 0 0 0 0 0 0 0 0 0 0 0 0 0 0 0 0 0 0 0 0 0 0 0 0 0 0 0 0 0 0 0 0 0 0 0 0 0 0 0 0 0 0 0 0 0 0 0 0 0 0 0 0 0 0 0 0 0 0 0 0 0 0 0 0 0 0 0 0 0 0 0 0 0 0 0 0 0 0 0 0 0 0 0 0 0 0 0 0 0 0 0 0 0 0 0 0 0 0 0 0 0 0 0 0 0 0 0 0 0 0 0 0 0 0 0 0 0 0 0 0 0 0 0 0 0 0 0 0 0 0 0 0 0 0 0 0 0 0 0 0 0 0 0 0 0 0 0 0 0 0 0 0 0 0 0 0 0 0 0 0 0 0 0 0 0 0 0 0 0 0 0 0 0 0 0 0 0 0 0 0 0 0 0 0 0 0 0 0 0 0 0 0 0 0 0 0 0 0 0 0 0 0 0 0 0 0 0 0 0 0 0 0 0 0 0 0 0 0 0 0 0 0 0 0 0 0 0 0 0 0 0 0 0 0 0 0 0 0 0 0 0 0 0 0 0 0 0 0 0 0 0 0 0 0 0 0 0 0 0 0 0 0 0 0 0 0 0 0 0 0 0 0 0 0 0 0 0 0 0 0 0 0 0 0 0 0 0 0 0 0 0 0 0 0 0 0 0 0 0 0 0 0 0 0 0 0 0 0 0 0 0 0 0 0 0 0 0 0 0 0 0 0 0 0 0 0 0 0 0 0 0 0 0 0 0 0 0 0 0 0 0 0 0 0 0 0 0 0 0 0 0 0 0 0 0 0 0 0 0 0 0 0 0 0 0 0 0 0 0 0 0 0 0 0 0 0 0 0 0 0 0 0 0 0 0 0 0 0 0 0 0 0 0 0 0 0 0 0 0 0 0 0 0 0 0 0 0 0 0 0 0 0 0 0 0 0 0 0 0 0 0 0 0 0 0 0 0 0 0 0 0 0 0 0 0 0 0 0 0 0 0 0 0 0 0 0 0 0 0 0 0 0 0 0 0 0 0 0 0 0 0 0 0 0 0 0 0 0 0 0 0 0 0 0 0 0 0 0 0 0 0 0 0 0 0 0 0 0 0 0 0 0 0 0 0 0 0 0 0 0 0 0 0 0 0 0 0 0 0 0 0 0 0 0 0 0 0 0 0 0 0 0 0 0 0 0 0 0 0 0 0 0 0 0 0 0 0 0 0 0 0 0 0 0 0 0 0 0 0 0 0 0 0 0 0 0 0 0 0 0 0 0 0 0 0 0 0 0 0 0 0 0 0 0 0 0 0 0 0 0 0 0 0 0 0 0 0 0 0 0 0 0 0 0 0 0 0 0 0 0 0 0 0 0 0 0 0 0 0 0 0 0 0 0 0 0 0 0 0 0 0 0 0 0 0 0 0 0 0 0 0 0 0 0 0 0 0 0 0 0 0 0 0 0 0 0 0 0 0 0 0 0 0 0 0 0 0 0 0 0 0 0 0 0 0 0 0 0 0 0 0 0 0 0 0 0 0 0 0 0 0 0 0 0 0 0 0 0 0 0 0 0 0 0 0 0 0 0 0 0 0 0 0 0 0 0 0 0 0 0 0 0 0 0 0 0 0 0 0 0 0 0 0 0 0 0 0 0 0 0 0 0 0 0 0 0 0 0 0 0 0 0 0 0 0 0 0 0 0 0 0 0 0 0 0 0 0 0 0 0 0 0 0 0 0 0 0 0 0 0 0 0 0 0 0 0 0 0 0 0 0 0 0 0 0 0 0 0 0 0 0 0 0 0 0 0 0 0 0 0 0 0 0 0 0 0 0 0 0 0 0 0 0 0 0 0 0 0 0 0 0 0 0 0 0 0 0 0 0 0 0 0 0 0 0 0 0 0 0 0 0 0 0 0 0 0 0 0 0 0 0 0 0 0 0 0 0 0 0 0 0 0 0 0 0 0 0 0 0 0 0 0 0 0 0 0 0 0 0 0 0 0 0 0 0 0 0 0 0 0 0 0 0 0 0 0 0 0 0 0 0 0 0 0 0 0 0 0 0 0 0 0 0 0 0 0 0 0 0 0 0 0 0 0 0 0 0 0 0 0 0 0 0 0 0 0 0 0 0 0 0 0 0 0 0 0 0 0 0 0 0 0 0 0 0 0 0 0 0 0 0 0 0 0 0 0 0 0 0 0 0 0 0 0 0 0 0 0 0 0 0 0 0 0 0 0 0 0 0 0 0 0 0 0 0 0 0 0 0 0 0 0 0 0 0 0 0 0 0 0 0 0 0 0 0 0 0 0 0 0 0 0 0 0 0 0 0 0 0 0 0 0 0 0 0 0 0 0 0 0 0 0 0 0 0 0 0 0 0 0 0 0 0 0 0 0 0 0 0 0 0 0 0 0 0 0 0 0 0 0 0 0 0 0 0 0 0 0 0 0 0 0 0 0 0 0 0 0 0 0 0 0 0 0 0 0 0 0 0 0 0 0 0 0 0 0 0 0 0 0 0 0 0 0 0 0 0 0 0 0 0 0 0 0 0 0 0 0 0 0 0 0 0 0 0 0 0 0 0 0 0 0 0 0 0 0 0 0 0 0 0 0 0 0 0 0 0 0 0 0 0 0 0 0 0 0 0 0 0 0 0 0 0 0 0 0 0 0 0 0 0 0 0 0 0 0 0 0 0 0 0 0 0 0 0 0 0 0 0 0 0 0 0 0 0 0 0 0 0 0 0 0 0 0 0 0 0 0 0 0 0 0 0 0 0 0 0 0 0 0 0 0 0 0 0 0 0 0 0 0 0 0 0 0 0 0 0 0 0 0 0 0 0 0 0 0 0 0 0 0 0 0 0 0 0 0 0 0 0 0 0 0 0 0 0 0 0 0 0 0 0 0 0 0 0 0 0 0 0 0 0 0 0 0 0 0 0 0 0 0 0 0 0 0 0 0 0 0 0 0 0 0 0 0 0 0 0 0 0 0 0 0 0 0 0 0 0 0 0 0 0 0 0 0 0 0 0 0 0 0 0 0 0 0 0 0 0 0 0 0 0 0 0 0 0 0 0 0 0 0 0 0 0 0 0 0 0 0 0 0 0 0 0 0 0 0 0 0 0 0 0 0 0 0 0 0 0 0 0 0 0 0 0 0 0 0 0 0 0 0 0 0 0 0 0 0 0 0 0 0 0 0 0 0 0 0 0 0 0 0 0 0 0 0 0 0 0 0 0 0 0 0 0 0 0 0 0 0 0 0 0 0 0 0 0 0 0 0 0 0 0 0 0 0 0 0 0 0 0 0 0 0 0 0 0 0 0 0 0 0 0 0 0 0 0 0 0 0 0 0 0 0 0 0 0 0 0 0 0 0 0 0 0 0 0 0 0 0 0 0 0 0 0 0 0 0 0 0 0 0 0 0 0 0 0 0 0 0 0 0 0 0 0 0 0 0 0 0 0 0 0 0 0 0 0 0 0 0 0 0 0 0 0 0 0 0 0 0 0 0 0 0 0 0 0 0 0 0 0 0 0 0 0 0 0 0 0 0 0 0 0 0 0 0 0 0 0 0 0 0 0 0 0 0 0 0 0 0 0 0 0 0 0 0 0 0 0 0 0 0 0 0 0 0 0 0 0 0 0 0 0 0 0 0 0 0 0 0 0 0 0 0 0 0 0 0 0 0 0 0 0 0 0 0 0 0 0 0 0 0 0 0 0 0 0 0 0 0 0 0 0 0 0 0 0 0 0 0 0 0 0 0 0 0 0 0 0 0 0 0 0 0 0 0 0 0 0 0 0 0 0 0 0 0 0 0 0 0 0 0 0 0 0 0 0 0 0 0 0 0 0 0 0 0 0 0 0 0 0 0 0 0 0 0 0 0 0 0 0 0 0 0 0 0 0 0 0 0 0 0 0 0 0 0 0 0 0 0 0 0 0 0 0 0 0 0 0 0 0 0 0 0 0 0 0 0 0 0 0 0 0 0 0 0 0 0 0 0 0 0 0 0 0 0 0 0 0 0 0 0 0 0 0 0 0 0 0 0 0 0 0 0 0 0 0 0 0 0 0 0 0 0 0 0 0 0 0 0 0 0 0 0 0 0 0 0 0 0 0 0 0 0 0 0 0 0 0 0 0 0 0 0 0 0 0 0 0 0 0 0 0 0 0 0 0 0 0 0 0 0 0 0 0 0 0 0 0 0 0 0 0 0 0 0 0 0 0 0 0 0 0 0 0 0 0 0 0 0 0 0 0 0 0 0 0 0 0 0 0 0 0 0 0 0 0 0 0 0 0 0 0 0 0 0 0 0 0 0 0 0 0 0 0 0 0 0 0 0 0 0 0 0 0 0 0 0 0 0 0 0 0 0 0 0 0 0 0 0 0 0 0 0 0 0 0 0 0 0 0 0 0 0 0 0 0 0 0 0 0 0 0 0 0 0 0 0 0 0 0 0 0 0 0 0 0 0 0 0 0 0 0 0 0 0 0 0 0 0 0 0 0 0 0 0 0 0 0 0 0 0 0 0 0 0 0 0 0 0 0 0 0 0 0 0 0 0 0 0 0 0 0 0 0 0 0 0 0 0 0 0 0 0 0 0 0 0 0 0 0 0 0 0 0 0 0 0 0 0 0 0 0 0 0 0 0 0 0 0 0 0 0 0 0 0 0 0 0 0 0 0 0 0 0 0 0 0 0 0 0 0 0 0 0 0 0 0 0 0 0 0 0 0 0 0 0 0 0 0 0 0 0 0 0 0 0 0 0 0 0 0 0 0 0 0 0 0 0 0 0 0 0 0 0 0 0 0 0 0 0 0 0 0 0 0 0 0 0 0 0 0 0 0 0 0 0 0 0 0 0 0 0 0 0 0 0 0 0 0 0 0 0 0 0 0 0 0 0 0 0 0 0 0 0 0 0 0 0 0 0 0 0 0 0 0 0 0 0 0 0 0 0 0 0 0 0 0 0 0 0 0 0 0 0 0 0 0 0 0 0 0 0 0 0 0 0 0 0 0 0 0 0 0 0 0 0 0 0 0 0 0 0 0 0 0 0 0 0 0 0 0 0 0 0 0 0 0 0 0 0 0 0 0 0 0 0 0 0 0 0 0 0 0 0 0 0 0 0 0 0 0 0 0 0 0 0 0 0 0 0 0 0 0 0 0 0 0 0 0 0 0 0 0 0 0 0 0 0 0 0 0 0 0 0 0 0 0 0 0 0 0 0 0 0 0 0 0 0 0 0 0 0 0 0 0 0 0 0 0 0 0 0 0 0 0 0 0 0 0 0 0 0 0 0 0 0 0 0 0 0 0 0 0 0 0 0 0 0 0 0 0 0 0 0 0 0 0 0 0 0 0 0 0 0 0 0 0 0 0 0 0 0 0 0 0 0 0 0 0 0 0 0 0 0 0 0 0 0 0 0 0 0 0 0 0 0 0 0 0 0 0 0 0 0 0 0 0 0 0 0 0 0 0 0 0 0 0 0 0 0 0 0 0 0 0 0 0 0 0 0 0 0 0 0 0 0 0 0 0 0 0 0 0 0 0 0 0 0 0 0 0 0 0 0 0 0 0 0 0 0 0 0 0 0 0 0 0 0 0 0 0 0 0 0 0 0 0 0 0 0 0 0 0 0 0 0 0 0 0 0 0 0 0 0 0 0 0 0 0 0 0 0 0 0 0 0 0 0 0 0 0 0 0 0 0 0 0 0 0 0 0 0 0 0 0 0 0 0 0 0 0 0 0 0 0 0 0 0 0 0 0 0 0 0 0 0 0 0 0 0 0 0 0 0 0 0 0 0 0 0 0 0 0 0 0 0 0 0 0 0 0 0 0 0 0 0 0 0 0 0 0 0 0 0 0 0 0 0 0 0 0 0 0 0 0 0 0 0 0 0 0 0 0 0 0 0 0 0 0 0 0 0 0 0 0 0 0 0 0 0 0 0 0 0 0 0 0 0 0 0 0 0 0 0 0 0 0 0 0 0 0 0 0 0 0 0 0 0 0 0 0 0 0 0 0 0 0 0 0 0 0 0 0 0 0 0 0 0 0 0
        </DataArray>
        <DataArray type="Int32" Name="n_protrusions" NumberOfComponents="1" format="ascii">
 0 0 0 0 0 0 0 0 0 0 0 0 0 0 0 0 0 0 0 0 0 0 0 0 0 0 0 0 0 0 0 0 0 0 0 0 0 0 0 0 0 0 0 0 0 0 0 0 0 0 0 0 0 0 0 0 0 0 0 0 0 0 0 0 0 0 0 0 0 0 0 0 0 0 0 0 0 0 0 0 0 0 0 0 0 0 0 0 0 0 0 0 0 0 0 0 0 0 0 0 0 0 0 0 0 0 0 0 0 0 0 0 0 0 0 0 0 0 0 0 0 0 0 0 0 0 0 0 0 0 0 0 0 0 0 0 0 0 0 0 0 0 0 0 0 0 0 0 0 0 0 0 0 0 0 0 0 0 0 0 0 0 0 0 0 0 0 0 0 0 0 0 0 0 0 0 0 0 0 0 0 0 0 0 0 0 0 0 0 0 0 0 0 0 0 0 0 0 0 0 0 0 0 0 0 0 0 0 0 0 0 0 0 0 0 0 0 0 0 0 0 0 0 0 0 0 0 0 0 0 0 0 0 0 0 0 0 0 0 0 0 0 0 0 0 0 0 0 0 0 0 0 0 0 0 0 0 0 0 0 0 0 0 0 0 0 0 0 0 0 0 0 0 0 0 0 0 0 0 0 0 0 0 0 0 0 0 0 0 0 0 0 0 0 0 0 0 0 0 0 0 0 0 0 0 0 0 0 0 0 0 0 0 0 0 0 0 0 0 0 0 0 0 0 0 0 0 0 0 0 0 0 0 0 0 0 0 0 0 0 0 0 0 0 0 0 0 0 0 0 0 0 0 0 0 0 0 0 0 0 0 0 0 0 0 0 0 0 0 0 0 0 0 0 0 0 0 0 0 0 0 0 0 0 0 0 0 0 0 0 0 0 0 0 0 0 0 0 0 0 0 0 0 0 0 0 0 0 0 0 0 0 0 0 0 0 0 0 0 0 0 0 0 0 0 0 0 0 0 0 0 0 0 0 0 0 0 0 0 0 0 0 0 0 0 0 0 0 0 0 0 0 0 0 0 0 0 0 0 0 0 0 0 0 0 0 0 0 0 0 0 0 0 0 0 0 0 0 0 0 0 0 0 0 0 0 0 0 0 0 0 0 0 0 0 0 0 0 0 0 0 0 0 0 0 0 0 0 0 0 0 0 0 0 0 0 0 0 0 0 0 0 0 0 0 0 0 0 0 0 0 0 0 0 0 0 0 0 0 0 0 0 0 0 0 0 0 0 0 0 0 0 0 0 0 0 0 0 0 0 0 0 0 0 0 0 0 0 0 0 0 0 0 0 0 0 0 0 0 0 0 0 0 0 0 0 0 0 0 0 0 0 0 0 0 0 0 0 0 0 0 0 0 0 0 0 0 0 0 0 0 0 0 0 0 0 0 0 0 0 0 0 0 0 0 0 0 0 0 0 0 0 0 0 0 0 0 0 0 0 0 0 0 0 0 0 0 0 0 0 0 0 0 0 0 0 0 0 0 0 0 0 0 0 0 0 0 0 0 0 0 0 0 0 0 0 0 0 0 0 0 0 0 0 0 0 0 0 0 0 0 0 0 0 0 0 0 0 0 0 0 0 0 0 0 0 0 0 0 0 0 0 0 0 0 0 0 0 0 0 0 0 0 0 0 0 0 0 0 0 0 0 0 0 0 0 0 0 0 0 0 0 0 0 0 0 0 0 0 0 0 0 0 0 0 0 0 0 0 0 0 0 0 0 0 0 0 0 0 0 0 0 0 0 0 0 0 0 0 0 0 0 0 0 0 0 0 0 0 0 0 0 0 0 0 0 0 0 0 0 0 0 0 0 0 0 0 0 0 0 0 0 0 0 0 0 0 0 0 0 0 0 0 0 0 0 0 0 0 0 0 0 0 0 0 0 0 0 0 0 0 0 0 0 0 0 0 0 0 0 0 0 0 0 0 0 0 0 0 0 0 0 0 0 0 0 0 0 0 0 0 0 0 0 0 0 0 0 0 0 0 0 0 0 0 0 0 0 0 0 0 0 0 0 0 0 0 0 0 0 0 0 0 0 0 0 0 0 0 0 0 0 0 0 0 0 0 0 0 0 0 0 0 0 0 0 0 0 0 0 0 0 0 0 0 0 0 0 0 0 0 0 0 0 0 0 0 0 0 0 0 0 0 0 0 0 0 0 0 0 0 0 0 0 0 0 0 0 0 0 0 0 0 0 0 0 0 0 0 0 0 0 0 0 0 0 0 0 0 0 0 0 0 0 0 0 0 0 0 0 0 0 0 0 0 0 0 0 0 0 0 0 0 0 0 0 0 0 0 0 0 0 0 0 0 0 0 0 0 0 0 0 0 0 0 0 0 0 0 0 0 0 0 0 0 0 0 0 0 0 0 0 0 0 0 0 0 0 0 0 0 0 0 0 0 0 0 0 0 0 0 0 0 0 0 0 0 0 0 0 0 0 0 0 0 0 0 0 0 0 0 0 0 0 0 0 0 0 0 0 0 0 0 0 0 0 0 0 0 0 0 0 0 0 0 0 0 0 0 0 0 0 0 0 0 0 0 0 0 0 0 0 0 0 0 0 0 0 0 0 0 0 0 0 0 0 0 0 0 0 0 0 0 0 0 0 0 0 0 0 0 0 0 0 0 0 0 0 0 0 0 0 0 0 0 0 0 0 0 0 0 0 0 0 0 0 0 0 0 0 0 0 0 0 0 0 0 0 0 0 0 0 0 0 0 0 0 0 0 0 0 0 0 0 0 0 0 0 0 0 0 0 0 0 0 0 0 0 0 0 0 0 0 0 0 0 0 0 0 0 0 0 0 0 0 0 0 0 0 0 0 0 0 0 0 0 0 0 0 0 0 0 0 0 0 0 0 0 0 0 0 0 0 0 0 0 0 0 0 0 0 0 0 0 0 0 0 0 0 0 0 0 0 0 0 0 0 0 0 0 0 0 0 0 0 0 0 0 0 0 0 0 0 0 0 0 0 0 0 0 0 0 0 0 0 0 0 0 0 0 0 0 0 0 0 0 0 0 0 0 0 0 0 0 0 0 0 0 0 0 0 0 0 0 0 0 0 0 0 0 0 0 0 0 0 0 0 0 0 0 0 0 0 0 0 0 0 0 0 0 0 0 0 0 0 0 0 0 0 0 0 0 0 0 0 0 0 0 0 0 0 0 0 0 0 0 0 0 0 0 0 0 0 0 0 0 0 0 0 0 0 0 0 0 0 0 0 0 0 0 0 0 0 0 0 0 0 0 0 0 0 0 0 0 0 0 0 0 0 0 0 0 0 0 0 0 0 0 0 0 0 0 0 0 0 0 0 0 0 0 0 0 0 0 0 0 0 0 0 0 0 0 0 0 0 0 0 0 0 0 0 0 0 0 0 0 0 0 0 0 0 0 0 0 0 0 0 0 0 0 0 0 0 0 0 0 0 0 0 0 0 0 0 0 0 0 0 0 0 0 0 0 0 0 0 0 0 0 0 0 0 0 0 0 0 0 0 0 0 0 0 0 0 0 0 0 0 0 0 0 0 0 0 0 0 0 0 0 0 0 0 0 0 0 0 0 0 0 0 0 0 0 0 0 0 0 0 0 0 0 0 0 0 0 0 0 0 0 0 0 0 0 0 0 0 0 0 0 0 0 0 0 0 0 0 0 0 0 0 0 0 0 0 0 0 0 0 0 0 0 0 0 0 0 0 0 0 0 0 0 0 0 0 0 0 0 0 0 0 0 0 0 0 0 0 0 0 0 0 0 0 0 0 0 0 0 0 0 0 0 0 0 0 0 0 0 0 0 0 0 0 0 0 0 0 0 0 0 0 0 0 0 0 0 0 0 0 0 0 0 0 0 0 0 0 0 0 0 0 0 0 0 0 0 0 0 0 0 0 0 0 0 0 0 0 0 0 0 0 0 0 0 0 0 0 0 0 0 0 0 0 0 0 0 0 0 0 0 0 0 0 0 0 0 0 0 0 0 0 0 0 0 0 0 0 0 0 0 0 0 0 0 0 0 0 0 0 0 0 0 0 0 0 0 0 0 0 0 0 0 0 0 0 0 0 0 0 0 0 0 0 0 0 0 0 0 0 0 0 0 0 0 0 0 0 0 0 0 0 0 0 0 0 0 0 0 0 0 0 0 0 0 0 0 0 0 0 0 0 0 0 0 0 0 0 0 0 0 0 0 0 0 0 0 0 0 0 0 0 0 0 0 0 0 0 0 0 0 0 0 0 0 0 0 0 0 0 0 0 0 0 0 0 0 0 0 0 0 0 0 0 0 0 0 0 0 0 0 0 0 0 0 0 0 0 0 0 0 0 0 0 0 0 0 0 0 0 0 0 0 0 0 0 0 0 0 0 0 0 0 0 0 0 0 0 0 0 0 0 0 0 0 0 0 0 0 0 0 0 0 0 0 0 0 0 0 0 0 0 0 0 0 0 0 0 0 0 0 0 0 0 0 0 0 0 0 0 0 0 0 0 0 0 0 0 0 0 0 0 0 0 0 0 0 0 0 0 0 0 0 0 0 0 0 0 0 0 0 0 0 0 0 0 0 0 0 0 0 0 0 0 0 0 0 0 0 0 0 0 0 0 0 0 0 0 0 0 0 0 0 0 0 0 0 0 0 0 0 0 0 0 0 0 0 0 0 0 0 0 0 0 0 0 0 0 0 0 0 0 0 0 0 0 0 0 0 0 0 0 0 0 0 0 0 0 0 0 0 0 0 0 0 0 0 0 0 0 0 0 0 0 0 0 0 0 0 0 0 0 0 0 0 0 0 0 0 0 0 0 0 0 0 0 0 0 0 0 0 0 0 0 0 0 0 0 0 0 0 0 0 0 0 0 0 0 0 0 0 0 0 0 0 0 0 0 0 0 0 0 0 0 0 0 0 0 0 0 0 0 0 0 0 0 0 0 0 0 0 0 0 0 0 0 0 0 0 0 0 0 0 0 0 0 0 0 0 0 0 0 0 0 0 0 0 0 0 0 0 0 0 0 0 0 0 0 0 0 0 0 0 0 0 0 0 0 0 0 0 0 0 0 0 0 0 0 0 0 0 0 0 0 0 0 0 0 0 0 0 0 0 0 0 0 0 0 0 0 0 0 0 0 0 0 0 0 0 0 0 0 0 0 0 0 0 0 0 0 0 0 0 0 0 0 0 0 0 0 0 0 0 0 0 0 0 0 0 0 0 0 0 0 0 0 0 0 0 0 0 0 0 0 0 0 0 0 0 0 0 0 0 0 0 0 0 0 0 0 0 0 0 0 0 0 0 0 0 0 0 0 0 0 0 0 0 0 0 0 0 0 0 0 0 0 0 0 0 0 0 0 0 0 0 0 0 0 0 0 0 0 0 0 0 0 0 0 0 0 0 0 0 0 0 0 0 0 0 0 0 0 0 0 0 0 0 0 0 0 0 0 0 0 0 0 0 0 0 0 0 0 0 0 0 0 0 0 0 0 0 0 0 0 0 0 0 0 0 0 0 0 0 0 0 0 0 0 0 0 0 0 0 0 0 0 0 0 0 0 0 0 0 0 0 0 0 0 0 0 0 0 0 0 0 0 0 0 0 0 0 0 0 0 0 0 0 0 0 0 0 0 0 0 0 0 0 0 0 0 0 0 0 0 0 0 0 0 0 0 0 0 0 0 0 0 0 0 0 0 0 0 0 0 0 0 0 0 0 0 0 0 0 0 0 0 0 0 0 0 0 0 0 0 0 0 0 0 0 0 0 0 0 0 0 0 0 0 0 0 0 0 0 0 0 0 0 0 0 0 0 0 0 0 0 0 0 0 0 0 0 0 0 0 0 0 0 0 0 0 0 0 0 0 0 0 0 0 0 0 0 0 0 0 0 0 0 0 0 0 0 0 0 0 0 0 0 0 0 0 0 0 0 0 0 0 0 0 0 0 0 0 0 0 0 0 0 0 0 0 0 0 0 0 0 0 0 0 0 0 0 0 0 0 0 0 0 0 0 0 0 0 0 0 0 0 0 0 0 0 0 0 0 0 0 0 0 0 0 0 0 0 0 0 0 0 0 0 0 0 0 0 0 0 0 0 0 0 0 0 0 0 0 0 0 0 0 0 0 0 0 0 0 0 0 0 0 0 0 0 0 0 0 0 0 0 0 0 0 0 0 0 0 0 0 0 0 0 0 0 0 0 0 0 0 0 0 0 0 0 0 0 0 0 0 0 0 0 0 0 0 0 0 0 0 0 0 0 0 0 0 0 0 0 0 0 0 0 0 0 0 0 0 0 0 0 0 0 0 0 0 0 0 0 0 0 0 0 0 0 0 0 0 0 0 0 0 0 0 0 0 0 0 0 0 0 0 0 0 0 0 0 0 0 0 0 0 0 0 0 0 0 0 0 0 0 0 0 0 0 0 0 0 0 0 0 0 0 0 0 0 0 0 0 0 0 0 0 0 0 0 0 0 0 0 0 0 0 0 0 0 0 0 0 0 0 0 0 0 0 0 0 0 0 0 0 0 0 0 0 0 0 0 0 0 0 0 0 0 0 0 0 0 0 0 0 0 0 0 0 0 0 0 0 0 0 0 0 0 0 0 0 0 0 0 0 0 0 0 0 0 0 0 0 0 0 0 0 0 0 0 0 0 0 0 0 0 0 0 0 0 0 0 0 0 0 0 0 0 0 0 0 0 0 0 0 0 0 0 0 0 0 0 0 0 0 0 0 0 0 0 0 0 0 0 0 0 0 0 0 0 0 0 0 0 0 0 0 0 0 0 0 0 0 0 0 0 0 0 0 0 0 0 0 0 0 0 0 0 0 0 0 0 0 0 0 0 0 0 0 0 0 0 0 0 0 0 0 0 0 0 0 0 0 0 0 0 0 0 0 0 0 0 0 0 0 0 0 0 0 0 0 0 0 0 0 0 0 0 0 0 0 0 0 0 0 0 0 0 0 0 0 0 0 0 0 0 0 0 0 0 0 0 0 0 0 0 0 0 0 0 0 0 0 0 0 0 0 0 0 0 0 0 0 0 0 0 0 0 0 0 0 0 0 0 0 0 0 0 0 0 0 0 0 0 0 0 0 0 0 0 0 0 0 0 0 0 0 0 0 0 0 0 0 0 0 0 0 0 0 0 0 0 0 0 0 0 0 0 0 0 0 0 0 0 0 0 0 0 0 0 0 0 0 0 0 0 0 0 0 0 0 0 0 0 0 0 0 0 0 0 0 0 0 0 0 0 0 0 0 0 0 0 0 0 0 0 0 0 0 0 0 0 0 0 0 0 0 0 0 0 0 0 0 0 0 0 0 0 0 0 0 0 0 0 0 0 0 0 0 0 0 0 0 0 0 0 0 0 0 0 0 0 0 0 0 0 0 0 0 0 0 0 0 0 0 0 0 0 0 0 0 0 0 0 0 0 0 0 0 0 0 0 0 0 0 0 0 0 0 0 0 0 0 0 0 0 0 0 0 0 0 0 0 0 0 0 0 0 0 0 0 0 0 0 0 0 0 0 0 0 0 0 0 0 0 0 0 0 0 0 0 0 0 0 0 0 0 0 0 0 0 0 0 0 0 0 0 0 0 0 0 0 0 0 0 0 0 0 0 0 0 0 0 0 0 0 0 0 0 0 0 0 0 0 0 0 0 0 0 0 0 0 0 0 0 0 0 0 0 0 0 0 0 0 0 0 0 0 0 0 0 0 0 0 0 0 0 0 0 0 0 0 0 0 0 0 0 0 0 0 0 0 0 0 0 0 0 0 0 0 0 0 0 0 0 0 0 0 0 0 0 0 0 0 0 0 0 0 0 0 0 0 0 0 0 0 0 0 0 0 0 0 0 0 0 0 0 0 0 0 0 0 0 0 0 0 0 0 0 0 0 0 0 0 0 0 0 0 0 0 0 0 0 0 0 0 0 0 0 0 0 0 0 0 0 0 0 0 0 0 0 0 0 0 0 0 0 0 0 0 0 0 0 0 0 0 0 0 0 0 0 0 0 0 0 0 0 0 0 0 0 0 0 0 0 0 0 0 0 0 0 0 0 0 0 0 0 0 0 0 0 0 0 0 0 0 0 0 0 0 0 0 0 0 0 0 0 0 0 0 0 0 0 0 0 0 0 0 0 0 0 0 0 0 0 0 0 0 0 0 0 0 0 0 0 0 0 0 0 0 0 0 0 0 0 0 0 0 0 0 0 0 0 0 0 0 0 0 0 0 0 0 0 0 0 0 0 0 0 0 0 0 0 0 0 0 0 0 0 0 0 0 0 0 0 0 0 0 0 0 0 0 0 0 0 0 0 0 0 0 0 0 0 0 0 0 0 0 0 0 0 0 0 0 0 0 0 0 0 0 0 0 0 0 0 0 0 0 0 0 0 0 0 0 0 0 0 0 0 0 0 0 0 0 0 0 0 0 0 0 0 0 0 0 0 0 0 0 0 0 0 0 0 0 0 0 0 0 0 0 0 0 0 0 0 0 0 0 0 0 0 0 0 0 0 0 0 0 0 0 0 0 0 0 0 0 0 0 0 0 0 0 0 0 0 0 0 0 0 0 0 0 0 0 0 0 0 0 0 0 0 0 0 0 0 0 0 0 0 0 0 0 0 0 0 0 0 0 0 0 0 0 0 0 0 0 0 0 0 0 0 0 0 0 0 0 0 0 0 0 0 0 0 0 0 0 0 0 0 0 0 0 0 0 0 0 0 0 0 0 0 0 0 0 0 0 0 0 0 0 0 0 0 0 0 0 0 0 0 0 0 0 0 0 0 0 0 0 0 0 0 0 0 0 0 0 0 0 0 0 0 0 0 0 0 0 0 0 0 0 0 0 0 0 0 0 0 0 0 0 0 0 0 0 0 0 0 0 0 0 0 0 0 0 0 0 0 0 0 0 0 0 0 0 0 0 0 0 0 0 0 0 0 0 0 0 0 0 0 0 0 0 0 0 0 0 0 0 0 0 0 0 0 0 0 0 0 0 0 0 0 0 0 0 0 0 0 0 0 0 0 0 0 0 0 0 0 0 0 0 0 0 0 0 0 0 0 0 0 0 0 0 0 0 0 0 0 0 0 0 0 0 0 0 0 0 0 0 0 0 0 0 0 0 0 0 0 0 0 0 0 0 0 0 0 0 0 0 0 0 0 0 0 0 0 0 0 0 0 0 0 0 0 0 0 0 0 0 0 0 0 0 0 0 0 0 0 0 0 0 0 0 0 0 0 0 0 0 0 0 0 0 0 0 0 0 0 0 0 0 0 0 0 0 0 0 0 0 0 0 0 0 0 0 0 0 0 0 0 0 0 0 0 0 0 0 0 0 0 0 0 0 0 0 0 0 0 0 0 0 0 0 0 0 0 0 0 0 0 0 0 0 0 0 0 0 0 0 0 0 0 0 0 0 0 0 0 0 0 0 0 0 0 0 0 0 0 0 0 0 0 0 0 0 0 0 0 0 0 0 0 0 0 0 0 0 0 0 0 0 0 0 0 0 0 0 0 0 0 0 0 0 0 0 0 0 0 0 0 0 0 0 0 0 0 0 0 0 0 0 0 0 0 0 0 0 0 0 0 0 0 0 0 0 0 0 0 0 0 0 0 0 0 0 0 0 0 0 0 0 0 0 0 0 0 0 0 0 0 0 0 0 0 0 0 0 0 0 0 0 0 0 0 0 0 0 0 0 0 0 0 0 0 0 0 0 0 0 0 0 0 0 0 0 0 0 0 0 0 0 0 0 0 0 0 0 0 0 0 0 0 0 0 0 0 0 0 0 0 0 0 0 0 0 0 0 0 0 0 0 0 0 0 0 0 0 0 0 0 0 0 0 0 0 0 0 0 0 0 0 0 0 0 0 0 0 0 0 0 0 0 0 0 0 0 0 0 0 0 0 0 0 0 0 0 0 0 0 0 0 0 0 0 0 0 0 0 0 0 0 0 0 0 0 0 0 0 0 0 0 0 0 0 0 0 0 0 0 0 0 0 0 0 0 0 0 0 0 0 0 0 0 0 0 0 0 0 0 0 0 0 0 0 0 0 0 0 0 0 0 0 0 0 0 0 0 0 0 0 0 0 0 0 0 0 0 0 0 0 0 0 0 0 0 0 0 0 0 0 0 0 0 0 0 0 0 0 0 0 0 0 0 0 0 0 0 0 0 0 0 0 0 0 0 0 0 0 0 0 0 0 0 0 0 0 0 0 0 0 0 0 0 0 0 0 0 0 0 0 0 0 0 0 0 0 0 0 0 0 0 0 0 0 0 0 0 0 0 0 0 0 0 0 0 0 0 0 0 0 0 0 0 0 0 0 0 0 0 0 0 0 0 0 0 0 0 0 0 0 0 0 0 0 0 0 0 0 0 0 0 0 0 0 0 0 0 0 0 0 0 0 0 0 0 0 0 0 0 0 0 0 0 0 0 0 0 0 0 0 0 0 0 0 0 0 0 0 0 0 0 0 0 0 0 0 0 0 0 0 0 0 0 0 0 0 0 0 0 0 0 0 0 0 0 0 0 0 0 0 0 0 0 0 0 0 0 0 0 0 0 0 0 0 0 0 0 0 0 0 0 0 0 0 0 0 0 0 0 0 0 0 0 0 0 0 0 0 0 0 0 0 0 0 0 0 0 0 0 0 0 0 0 0 0 0 0 0 0 0 0 0 0 0 0 0 0 0 0 0 0 0 0 0 0 0 0 0 0 0 0 0 0 0 0 0 0 0 0 0 0 0 0 0 0 0 0 0 0 0 0 0 0 0 0 0 0 0 0 0 0 0 0 0 0 0 0 0 0 0 0 0 0 0 0 0 0 0 0 0 0 0 0 0 0 0 0 0 0 0 0 0 0 0 0 0 0 0 0 0 0 0 0 0 0 0 0 0 0 0 0 0 0 0 0 0 0 0 0 0 0 0 0 0 0 0 0 0 0 0 0 0 0 0 0 0 0 0 0 0 0 0 0 0 0 0 0 0 0 0 0 0 0 0 0 0 0 0 0 0 0 0 0 0 0 0 0 0 0 0 0 0 0 0 0 0 0 0 0 0 0 0 0 0 0 0 0 0 0 0 0 0 0 0 0 0 0 0 0 0 0 0 0 0 0 0 0 0 0 0 0 0 0 0 0 0 0 0 0 0 0 0 0 0 0 0 0 0 0 0 0 0 0 0 0 0 0 0 0 0 0 0 0 0 0 0 0 0 0 0 0 0 0 0 0 0 0 0 0 0 0 0 0 0 0 0 0 0 0 0 0 0 0 0 0 0 0 0 0 0 0 0 0 0 0 0 0 0 0 0 0 0 0 0 0 0 0 0 0 0 0 0 0 0 0 0 0 0 0 0 0 0 0 0 0 0 0 0 0 0 0 0 0 0 0 0 0 0 0 0 0 0 0 0 0 0 0 0 0 0 0 0 0 0 0 0 0 0 0 0 0 0 0 0 0 0 0 0 0 0 0 0 0 0 0 0 0 0 0 0 0 0 0 0 0 0 0 0 0 0 0 0 0 0 0 0 0 0 0 0 0 0 0 0 0 0 0 0 0 0 0 0 0 0 0 0 0 0 0 0 0 0 0 0 0 0 0 0 0 0 0 0 0 0 0 0 0 0 0 0 0 0 0 0 0 0 0 0 0 0 0 0 0 0 0 0 0 0 0 0 0 0 0 0 0 0 0 0 0 0 0 0 0 0 0 0 0 0 0 0 0 0 0 0 0 0 0 0 0 0 0 0 0 0 0 0 0 0 0 0 0 0 0 0 0 0 0 0 0 0 0 0 0 0 0 0 0 0 0 0 0 0 0 0 0 0 0 0 0 0 0 0 0 0 0 0 0 0 0 0 0 0 0 0 0 0 0 0 0 0 0 0 0 0 0 0 0 0 0 0 0 0 0 0 0 0 0 0 0 0 0 0 0 0 0 0 0 0 0 0 0 0 0 0 0 0 0 0 0 0 0 0 0 0 0 0 0 0 0 0 0 0 0 0 0 0 0 0 0 0 0 0 0 0 0 0 0 0 0 0 0 0 0 0 0 0 0 0 0 0 0 0 0 0 0 0 0 0 0 0 0 0 0 0 0 0 0 0 0 0 0 0 0 0 0 0 0 0 0 0 0 0 0 0 0 0 0 0 0 0 0 0 0 0 0 0 0 0 0 0 0 0 0 0 0 0 0 0 0 0 0 0 0 0 0 0 0 0 0 0 0 0 0 0 0 0 0 0 0 0 0 0 0 0 0 0 0 0 0 0 0 0 0 0 0 0 0 0 0 0 0 0 0 0 0 0 0 0 0 0 0 0 0 0 0 0 0 0 0 0 0 0 0 0 0 0 0 0 0 0 0 0 0 0 0 0 0 0 0 0 0 0 0 0 0 0 0 0 0 0 0 0 0 0 0 0 0 0 0 0 0 0 0 0 0 0 0 0 0 0 0 0 0 0 0 0 0 0 0 0 0 0 0 0 0 0 0 0 0 0 0 0 0 0 0 0 0 0 0 0 0 0 0 0 0 0 0 0 0 0 0 0 0 0
        </DataArray>
        <DataArray type="Float64" Name="shape" NumberOfComponents="9" format="ascii">
 10.6039 0 0 0 10.6039 0 0 0 10.6039 11.0945 0 0 0 11.0945 0 0 0 11.0945 8.03725 0 0 0 8.03725 0 0 0 8.03725 11.8172 0 0 0 11.8172 0 0 0 11.8172 10.843 0 0 0 10.843 0 0 0 10.843 12.5999 0 0 0 12.5999 0 0 0 12.5999 12.599 0 0 0 12.599 0 0 0 12.599 12.2989 0 0 0 12.2989 0 0 0 12.2989 10 0 0 0 10 0 0 0 10 10 0 0 0 10 0 0 0 10 9.64861 0 0 0 9.64861 0 0 0 9.64861 12.1435 0 0 0 12.1435 0 0 0 12.1435 9.06237 0 0 0 9.06237 0 0 0 9.06237 10 0 0 0 10 0 0 0 10 10 0 0 0 10 0 0 0 10 9.1551 0 0 0 9.1551 0 0 0 9.1551 10 0 0 0 10 0 0 0 10 12.865 0 0 0 12.865 0 0 0 12.865 11.89 0 0 0 11.89 0 0 0 11.89 11.0355 0 0 0 11.0355 0 0 0 11.0355 11.421 0 0 0 11.421 0 0 0 11.421 12.4272 0 0 0 12.4272 0 0 0 12.4272 12.2007 0 0 0 12.2007 0 0 0 12.2007 11.9458 0 0 0 11.9458 0 0 0 11.9458 8.26509 0 0 0 8.26509 0 0 0 8.26509 9.95844 0 0 0 9.95844 0 0 0 9.95844 12.2067 0 0 0 12.2067 0 0 0 12.2067 10 0 0 0 10 0 0 0 10 10 0 0 0 10 0 0 0 10 8.19582 0 0 0 8.19582 0 0 0 8.19582 9.85909 0 0 0 9.85909 0 0 0 9.85909 10 0 0 0 10 0 0 0 10 7.82559 0 0 0 7.82559 0 0 0 7.82559 8.88169 0 0 0 8.88169 0 0 0 8.88169 11.511 0 0 0 11.511 0 0 0 11.511 10 0 0 0 10 0 0 0 10 9.73993 0 0 0 9.73993 0 0 0 9.73993 10 0 0 0 10 0 0 0 10 12.6481 0 0 0 12.6481 0 0 0 12.6481 10 0 0 0 10 0 0 0 10 10.9608 0 0 0 10.9608 0 0 0 10.9608 10 0 0 0 10 0 0 0 10 9.30409 0 0 0 9.30409 0 0 0 9.30409 11.3974 0 0 0 11.3974 0 0 0 11.3974 10 0 0 0 10 0 0 0 10 12.2612 0 0 0 12.2612 0 0 0 12.2612 10 0 0 0 10 0 0 0 10 13.26 0 0 0 13.26 0 0 0 13.26 13.1755 0 0 0 13.1755 0 0 0 13.1755 10 0 0 0 10 0 0 0 10 11.7727 0 0 0 11.7727 0 0 0 11.7727 11.8895 0 0 0 11.8895 0 0 0 11.8895 12.7528 0 0 0 12.7528 0 0 0 12.7528 9.73156 0 0 0 9.73156 0 0 0 9.73156 12.1661 0 0 0 12.1661 0 0 0 12.1661 10 0 0 0 10 0 0 0 10 7.90884 0 0 0 7.90884 0 0 0 7.90884 7.91984 0 0 0 7.91984 0 0 0 7.91984 12.7525 0 0 0 12.7525 0 0 0 12.7525 10 0 0 0 10 0 0 0 10 10 0 0 0 10 0 0 0 10 12.4801 0 0 0 12.4801 0 0 0 12.4801 10 0 0 0 10 0 0 0 10 11.1337 0 0 0 11.1337 0 0 0 11.1337 11.8365 0 0 0 11.8365 0 0 0 11.8365 10.5436 0 0 0 10.5436 0 0 0 10.5436 11.2011 0 0 0 11.2011 0 0 0 11.2011 8.1041 0 0 0 8.1041 0 0 0 8.1041 10 0 0 0 10 0 0 0 10 11.1315 0 0 0 11.1315 0 0 0 11.1315 7.60521 0 0 0 7.60521 0 0 0 7.60521 8.63841 0 0 0 8.63841 0 0 0 8.63841 9.02129 0 0 0 9.02129 0 0 0 9.02129 11.5163 0 0 0 11.5163 0 0 0 11.5163 10 0 0 0 10 0 0 0 10 12.69 0 0 0 12.69 0 0 0 12.69 11.1309 0 0 0 11.1309 0 0 0 11.1309 7.92809 0 0 0 7.92809 0 0 0 7.92809 12.2085 0 0 0 12.2085 0 0 0 12.2085 12.2679 0 0 0 12.2679 0 0 0 12.2679 8.9926 0 0 0 8.9926 0 0 0 8.9926 11.9174 0 0 0 11.9174 0 0 0 11.9174 9.50184 0 0 0 9.50184 0 0 0 9.50184 9.49792 0 0 0 9.49792 0 0 0 9.49792 7.83358 0 0 0 7.83358 0 0 0 7.83358 10 0 0 0 10 0 0 0 10 11.0413 0 0 0 11.0413 0 0 0 11.0413 12.9098 0 0 0 12.9098 0 0 0 12.9098 12.371 0 0 0 12.371 0 0 0 12.371 12.1323 0 0 0 12.1323 0 0 0 12.1323 12.2953 0 0 0 12.2953 0 0 0 12.2953 12.9564 0 0 0 12.9564 0 0 0 12.9564 11.9959 0 0 0 11.9959 0 0 0 11.9959 12.3559 0 0 0 12.3559 0 0 0 12.3559 8.03804 0 0 0 8.03804 0 0 0 8.03804 9.25951 0 0 0 9.25951 0 0 0 9.25951 10 0 0 0 10 0 0 0 10 10.2846 0 0 0 10.2846 0 0 0 10.2846 13.1599 0 0 0 13.1599 0 0 0 13.1599 11.1943 0 0 0 11.1943 0 0 0 11.1943 9.55428 0 0 0 9.55428 0 0 0 9.55428 12.0507 0 0 0 12.0507 0 0 0 12.0507 9.39211 0 0 0 9.39211 0 0 0 9.39211 10 0 0 0 10 0 0 0 10 9.06752 0 0 0 9.06752 0 0 0 9.06752 9.75862 0 0 0 9.75862 0 0 0 9.75862 7.519 0 0 0 7.519 0 0 0 7.519 10 0 0 0 10 0 0 0 10 10 0 0 0 10 0 0 0 10 12.8587 0 0 0 12.8587 0 0 0 12.8587 12.1164 0 0 0 12.1164 0 0 0 12.1164 10 0 0 0 10 0 0 0 10 12.541 0 0 0 12.541 0 0 0 12.541 12.7011 0 0 0 12.7011 0 0 0 12.7011 8.04492 0 0 0 8.04492 0 0 0 8.04492 12.3056 0 0 0 12.3056 0 0 0 12.3056 10 0 0 0 10 0 0 0 10 8.00881 0 0 0 8.00881 0 0 0 8.00881 8.98582 0 0 0 8.98582 0 0 0 8.98582 9.1922 0 0 0 9.1922 0 0 0 9.1922 11.1028 0 0 0 11.1028 0 0 0 11.1028 12.6488 0 0 0 12.6488 0 0 0 12.6488 12.7151 0 0 0 12.7151 0 0 0 12.7151 10.9134 0 0 0 10.9134 0 0 0 10.9134 11.6655 0 0 0 11.6655 0 0 0 11.6655 11.0151 0 0 0 11.0151 0 0 0 11.0151 11.424 0 0 0 11.424 0 0 0 11.424 10 0 0 0 10 0 0 0 10 8.07139 0 0 0 8.07139 0 0 0 8.07139 12.3693 0 0 0 12.3693 0 0 0 12.3693 8.58869 0 0 0 8.58869 0 0 0 8.58869 11.1098 0 0 0 11.1098 0 0 0 11.1098 12.8471 0 0 0 12.8471 0 0 0 12.8471 13.1507 0 0 0 13.1507 0 0 0 13.1507 11.9919 0 0 0 11.9919 0 0 0 11.9919 10 0 0 0 10 0 0 0 10 13.0707 0 0 0 13.0707 0 0 0 13.0707 9.37625 0 0 0 9.37625 0 0 0 9.37625 10 0 0 0 10 0 0 0 10 10 0 0 0 10 0 0 0 10 12.856 0 0 0 12.856 0 0 0 12.856 10.8105 0 0 0 10.8105 0 0 0 10.8105 9.11303 0 0 0 9.11303 0 0 0 9.11303 11.2104 0 0 0 11.2104 0 0 0 11.2104 12.4673 0 0 0 12.4673 0 0 0 12.4673 10 0 0 0 10 0 0 0 10 8.74389 0 0 0 8.74389 0 0 0 8.74389 11.7643 0 0 0 11.7643 0 0 0 11.7643 13.1551 0 0 0 13.1551 0 0 0 13.1551 8.52922 0 0 0 8.52922 0 0 0 8.52922 10.8717 0 0 0 10.8717 0 0 0 10.8717 12.0886 0 0 0 12.0886 0 0 0 12.0886 7.88767 0 0 0 7.88767 0 0 0 7.88767 12.7337 0 0 0 12.7337 0 0 0 12.7337 8.46157 0 0 0 8.46157 0 0 0 8.46157 11.3463 0 0 0 11.3463 0 0 0 11.3463 8.6454 0 0 0 8.6454 0 0 0 8.6454 10 0 0 0 10 0 0 0 10 9.22963 0 0 0 9.22963 0 0 0 9.22963 10 0 0 0 10 0 0 0 10 10 0 0 0 10 0 0 0 10 12.9389 0 0 0 12.9389 0 0 0 12.9389 9.39946 0 0 0 9.39946 0 0 0 9.39946 13.0503 0 0 0 13.0503 0 0 0 13.0503 11.1161 0 0 0 11.1161 0 0 0 11.1161 10 0 0 0 10 0 0 0 10 10 0 0 0 10 0 0 0 10 8.9029 0 0 0 8.9029 0 0 0 8.9029 10 0 0 0 10 0 0 0 10 12.8625 0 0 0 12.8625 0 0 0 12.8625 13.1972 0 0 0 13.1972 0 0 0 13.1972 13.2015 0 0 0 13.2015 0 0 0 13.2015 10 0 0 0 10 0 0 0 10 8.81497 0 0 0 8.81497 0 0 0 8.81497 12.1282 0 0 0 12.1282 0 0 0 12.1282 10 0 0 0 10 0 0 0 10 10 0 0 0 10 0 0 0 10 12.0182 0 0 0 12.0182 0 0 0 12.0182 10 0 0 0 10 0 0 0 10 11.069 0 0 0 11.069 0 0 0 11.069 10.6487 0 0 0 10.6487 0 0 0 10.6487 9.35587 0 0 0 9.35587 0 0 0 9.35587 10 0 0 0 10 0 0 0 10 10 0 0 0 10 0 0 0 10 10 0 0 0 10 0 0 0 10 12.5085 0 0 0 12.5085 0 0 0 12.5085 10.5363 0 0 0 10.5363 0 0 0 10.5363 12.3106 0 0 0 12.3106 0 0 0 12.3106 8.8653 0 0 0 8.8653 0 0 0 8.8653 9.92241 0 0 0 9.92241 0 0 0 9.92241 11.5524 0 0 0 11.5524 0 0 0 11.5524 11.8971 0 0 0 11.8971 0 0 0 11.8971 12.335 0 0 0 12.335 0 0 0 12.335 11.1681 0 0 0 11.1681 0 0 0 11.1681 11.2725 0 0 0 11.2725 0 0 0 11.2725 11.7214 0 0 0 11.7214 0 0 0 11.7214 12.4199 0 0 0 12.4199 0 0 0 12.4199 11.7556 0 0 0 11.7556 0 0 0 11.7556 12.5622 0 0 0 12.5622 0 0 0 12.5622 10 0 0 0 10 0 0 0 10 11.1344 0 0 0 11.1344 0 0 0 11.1344 10 0 0 0 10 0 0 0 10 9.36087 0 0 0 9.36087 0 0 0 9.36087 10 0 0 0 10 0 0 0 10 12.5035 0 0 0 12.5035 0 0 0 12.5035 12.6819 0 0 0 12.6819 0 0 0 12.6819 12.3962 0 0 0 12.3962 0 0 0 12.3962 10.9446 0 0 0 10.9446 0 0 0 10.9446 10 0 0 0 10 0 0 0 10 12.8912 0 0 0 12.8912 0 0 0 12.8912 11.641 0 0 0 11.641 0 0 0 11.641 10 0 0 0 10 0 0 0 10 10 0 0 0 10 0 0 0 10 10 0 0 0 10 0 0 0 10 11.2107 0 0 0 11.2107 0 0 0 11.2107 11.3613 0 0 0 11.3613 0 0 0 11.3613 9.06879 0 0 0 9.06879 0 0 0 9.06879 13.2477 0 0 0 13.2477 0 0 0 13.2477 7.08634 0 0 0 7.08634 0 0 0 7.08634 12.1494 0 0 0 12.1494 0 0 0 12.1494 10 0 0 0 10 0 0 0 10 11.7533 0 0 0 11.7533 0 0 0 11.7533 9.64739 0 0 0 9.64739 0 0 0 9.64739 12.3583 0 0 0 12.3583 0 0 0 12.3583 12.1354 0 0 0 12.1354 0 0 0 12.1354 13.1319 0 0 0 13.1319 0 0 0 13.1319 12.3228 0 0 0 12.3228 0 0 0 12.3228 10 0 0 0 10 0 0 0 10 13.1596 0 0 0 13.1596 0 0 0 13.1596 12.4827 0 0 0 12.4827 0 0 0 12.4827 9.60229 0 0 0 9.60229 0 0 0 9.60229 8.9651 0 0 0 8.9651 0 0 0 8.9651 11.0684 0 0 0 11.0684 0 0 0 11.0684 8.84243 0 0 0 8.84243 0 0 0 8.84243 10 0 0 0 10 0 0 0 10 12.6773 0 0 0 12.6773 0 0 0 12.6773 8.59523 0 0 0 8.59523 0 0 0 8.59523 12.5991 0 0 0 12.5991 0 0 0 12.5991 11.9559 0 0 0 11.9559 0 0 0 11.9559 10 0 0 0 10 0 0 0 10 7.9599 0 0 0 7.9599 0 0 0 7.9599 13.114 0 0 0 13.114 0 0 0 13.114 12.2295 0 0 0 12.2295 0 0 0 12.2295 11.4912 0 0 0 11.4912 0 0 0 11.4912 7.96056 0 0 0 7.96056 0 0 0 7.96056 10 0 0 0 10 0 0 0 10 10 0 0 0 10 0 0 0 10 12.2373 0 0 0 12.2373 0 0 0 12.2373 11.8359 0 0 0 11.8359 0 0 0 11.8359 8.00043 0 0 0 8.00043 0 0 0 8.00043 9.99371 0 0 0 9.99371 0 0 0 9.99371 11.3795 0 0 0 11.3795 0 0 0 11.3795 8.74561 0 0 0 8.74561 0 0 0 8.74561 9.53842 0 0 0 9.53842 0 0 0 9.53842 12.876 0 0 0 12.876 0 0 0 12.876 7.66586 0 0 0 7.66586 0 0 0 7.66586 7.21494 0 0 0 7.21494 0 0 0 7.21494 11.1169 0 0 0 11.1169 0 0 0 11.1169 12.0223 0 0 0 12.0223 0 0 0 12.0223 10.9373 0 0 0 10.9373 0 0 0 10.9373 11.095 0 0 0 11.095 0 0 0 11.095 8.85647 0 0 0 8.85647 0 0 0 8.85647 12.2681 0 0 0 12.2681 0 0 0 12.2681 12.0635 0 0 0 12.0635 0 0 0 12.0635 10 0 0 0 10 0 0 0 10 12.9635 0 0 0 12.9635 0 0 0 12.9635 12.1067 0 0 0 12.1067 0 0 0 12.1067 12.5838 0 0 0 12.5838 0 0 0 12.5838 13.0798 0 0 0 13.0798 0 0 0 13.0798 9.65747 0 0 0 9.65747 0 0 0 9.65747 10.9371 0 0 0 10.9371 0 0 0 10.9371 10 0 0 0 10 0 0 0 10 12.9973 0 0 0 12.9973 0 0 0 12.9973 11.9403 0 0 0 11.9403 0 0 0 11.9403 9.09093 0 0 0 9.09093 0 0 0 9.09093 10 0 0 0 10 0 0 0 10 9.2483 0 0 0 9.2483 0 0 0 9.2483 8.74726 0 0 0 8.74726 0 0 0 8.74726 10 0 0 0 10 0 0 0 10 13.0673 0 0 0 13.0673 0 0 0 13.0673 12.3981 0 0 0 12.3981 0 0 0 12.3981 12.8212 0 0 0 12.8212 0 0 0 12.8212 12.7742 0 0 0 12.7742 0 0 0 12.7742 11.8283 0 0 0 11.8283 0 0 0 11.8283 12.5159 0 0 0 12.5159 0 0 0 12.5159 10 0 0 0 10 0 0 0 10 11.2822 0 0 0 11.2822 0 0 0 11.2822 10 0 0 0 10 0 0 0 10 8.82946 0 0 0 8.82946 0 0 0 8.82946 9.50672 0 0 0 9.50672 0 0 0 9.50672 12.4948 0 0 0 12.4948 0 0 0 12.4948 10 0 0 0 10 0 0 0 10 13.0739 0 0 0 13.0739 0 0 0 13.0739 7.81841 0 0 0 7.81841 0 0 0 7.81841 8.33475 0 0 0 8.33475 0 0 0 8.33475 12.8268 0 0 0 12.8268 0 0 0 12.8268 13.0814 0 0 0 13.0814 0 0 0 13.0814 12.08 0 0 0 12.08 0 0 0 12.08 10 0 0 0 10 0 0 0 10 11.65 0 0 0 11.65 0 0 0 11.65 12.565 0 0 0 12.565 0 0 0 12.565 12.9682 0 0 0 12.9682 0 0 0 12.9682 10.9927 0 0 0 10.9927 0 0 0 10.9927 12.3109 0 0 0 12.3109 0 0 0 12.3109 9.55275 0 0 0 9.55275 0 0 0 9.55275 9.00846 0 0 0 9.00846 0 0 0 9.00846 11.355 0 0 0 11.355 0 0 0 11.355 9.66882 0 0 0 9.66882 0 0 0 9.66882 10.1992 0 0 0 10.1992 0 0 0 10.1992 12.9804 0 0 0 12.9804 0 0 0 12.9804 11.7458 0 0 0 11.7458 0 0 0 11.7458 11.8954 0 0 0 11.8954 0 0 0 11.8954 8.58121 0 0 0 8.58121 0 0 0 8.58121 9.72179 0 0 0 9.72179 0 0 0 9.72179 10 0 0 0 10 0 0 0 10 8.62405 0 0 0 8.62405 0 0 0 8.62405 10 0 0 0 10 0 0 0 10 9.97409 0 0 0 9.97409 0 0 0 9.97409 11.0974 0 0 0 11.0974 0 0 0 11.0974 12.9547 0 0 0 12.9547 0 0 0 12.9547 8.64557 0 0 0 8.64557 0 0 0 8.64557 11.2354 0 0 0 11.2354 0 0 0 11.2354 7.49302 0 0 0 7.49302 0 0 0 7.49302 11.0487 0 0 0 11.0487 0 0 0 11.0487 11.9967 0 0 0 11.9967 0 0 0 11.9967 9.73077 0 0 0 9.73077 0 0 0 9.73077 10.3272 0 0 0 10.3272 0 0 0 10.3272 13.1764 0 0 0 13.1764 0 0 0 13.1764 8.83418 0 0 0 8.83418 0 0 0 8.83418 11.137 0 0 0 11.137 0 0 0 11.137 12.3809 0 0 0 12.3809 0 0 0 12.3809 13.137 0 0 0 13.137 0 0 0 13.137 13.2257 0 0 0 13.2257 0 0 0 13.2257 11.7317 0 0 0 11.7317 0 0 0 11.7317 10 0 0 0 10 0 0 0 10 11.7478 0 0 0 11.7478 0 0 0 11.7478 12.6976 0 0 0 12.6976 0 0 0 12.6976 9.0778 0 0 0 9.0778 0 0 0 9.0778 10 0 0 0 10 0 0 0 10 10 0 0 0 10 0 0 0 10 8.37094 0 0 0 8.37094 0 0 0 8.37094 10 0 0 0 10 0 0 0 10 7.73444 0 0 0 7.73444 0 0 0 7.73444 8.90799 0 0 0 8.90799 0 0 0 8.90799 12.4007 0 0 0 12.4007 0 0 0 12.4007 12.8381 0 0 0 12.8381 0 0 0 12.8381 7.95368 0 0 0 7.95368 0 0 0 7.95368 7.98131 0 0 0 7.98131 0 0 0 7.98131 10.6025 0 0 0 10.6025 0 0 0 10.6025 13.2837 0 0 0 13.2837 0 0 0 13.2837 12.5004 0 0 0 12.5004 0 0 0 12.5004 12.0444 0 0 0 12.0444 0 0 0 12.0444 9.4376 0 0 0 9.4376 0 0 0 9.4376 10.272 0 0 0 10.272 0 0 0 10.272 13.1693 0 0 0 13.1693 0 0 0 13.1693 9.08439 0 0 0 9.08439 0 0 0 9.08439 10.9452 0 0 0 10.9452 0 0 0 10.9452 11.9425 0 0 0 11.9425 0 0 0 11.9425 9.47679 0 0 0 9.47679 0 0 0 9.47679 10 0 0 0 10 0 0 0 10 10 0 0 0 10 0 0 0 10 12.4689 0 0 0 12.4689 0 0 0 12.4689 11.629 0 0 0 11.629 0 0 0 11.629 9.86886 0 0 0 9.86886 0 0 0 9.86886 9.75728 0 0 0 9.75728 0 0 0 9.75728 12.6169 0 0 0 12.6169 0 0 0 12.6169 10 0 0 0 10 0 0 0 10 7.85569 0 0 0 7.85569 0 0 0 7.85569 11.9364 0 0 0 11.9364 0 0 0 11.9364 9.42281 0 0 0 9.42281 0 0 0 9.42281 8.77603 0 0 0 8.77603 0 0 0 8.77603 12.8611 0 0 0 12.8611 0 0 0 12.8611 12.5786 0 0 0 12.5786 0 0 0 12.5786 10.9371 0 0 0 10.9371 0 0 0 10.9371 12.7642 0 0 0 12.7642 0 0 0 12.7642 12.3535 0 0 0 12.3535 0 0 0 12.3535 12.6841 0 0 0 12.6841 0 0 0 12.6841 11.3398 0 0 0 11.3398 0 0 0 11.3398 12.9002 0 0 0 12.9002 0 0 0 12.9002 5.11256 0 0 0 5.11256 0 0 0 5.11256 8.11648 0 0 0 8.11648 0 0 0 8.11648 11.9963 0 0 0 11.9963 0 0 0 11.9963 6.02837 0 0 0 6.02837 0 0 0 6.02837 10.7249 0 0 0 10.7249 0 0 0 10.7249 9.7067 0 0 0 9.7067 0 0 0 9.7067 10 0 0 0 10 0 0 0 10 7.97658 0 0 0 7.97658 0 0 0 7.97658 8.91369 0 0 0 8.91369 0 0 0 8.91369 8.26461 0 0 0 8.26461 0 0 0 8.26461 11.0287 0 0 0 11.0287 0 0 0 11.0287 9.22444 0 0 0 9.22444 0 0 0 9.22444 13.2246 0 0 0 13.2246 0 0 0 13.2246 11.1586 0 0 0 11.1586 0 0 0 11.1586 11.1862 0 0 0 11.1862 0 0 0 11.1862 8.93298 0 0 0 8.93298 0 0 0 8.93298 8.61943 0 0 0 8.61943 0 0 0 8.61943 12.0371 0 0 0 12.0371 0 0 0 12.0371 12.7588 0 0 0 12.7588 0 0 0 12.7588 9.47767 0 0 0 9.47767 0 0 0 9.47767 10.7999 0 0 0 10.7999 0 0 0 10.7999 9.96843 0 0 0 9.96843 0 0 0 9.96843 12.1087 0 0 0 12.1087 0 0 0 12.1087 10 0 0 0 10 0 0 0 10 12.6402 0 0 0 12.6402 0 0 0 12.6402 8.02748 0 0 0 8.02748 0 0 0 8.02748 10 0 0 0 10 0 0 0 10 10.1657 0 0 0 10.1657 0 0 0 10.1657 10 0 0 0 10 0 0 0 10 8.37821 0 0 0 8.37821 0 0 0 8.37821 11.6414 0 0 0 11.6414 0 0 0 11.6414 12.6006 0 0 0 12.6006 0 0 0 12.6006 12.4222 0 0 0 12.4222 0 0 0 12.4222 13.2576 0 0 0 13.2576 0 0 0 13.2576 9.06193 0 0 0 9.06193 0 0 0 9.06193 8.30967 0 0 0 8.30967 0 0 0 8.30967 13.1184 0 0 0 13.1184 0 0 0 13.1184 12.8496 0 0 0 12.8496 0 0 0 12.8496 10.3961 0 0 0 10.3961 0 0 0 10.3961 12.2913 0 0 0 12.2913 0 0 0 12.2913 11.9842 0 0 0 11.9842 0 0 0 11.9842 12.2705 0 0 0 12.2705 0 0 0 12.2705 13.1028 0 0 0 13.1028 0 0 0 13.1028 11.5565 0 0 0 11.5565 0 0 0 11.5565 8.93843 0 0 0 8.93843 0 0 0 8.93843 10 0 0 0 10 0 0 0 10 8.92144 0 0 0 8.92144 0 0 0 8.92144 11.8073 0 0 0 11.8073 0 0 0 11.8073 10 0 0 0 10 0 0 0 10 12.949 0 0 0 12.949 0 0 0 12.949 10 0 0 0 10 0 0 0 10 12.0135 0 0 0 12.0135 0 0 0 12.0135 13.2772 0 0 0 13.2772 0 0 0 13.2772 7.9594 0 0 0 7.9594 0 0 0 7.9594 11.0089 0 0 0 11.0089 0 0 0 11.0089 11.0348 0 0 0 11.0348 0 0 0 11.0348 11.1641 0 0 0 11.1641 0 0 0 11.1641 11.1926 0 0 0 11.1926 0 0 0 11.1926 10 0 0 0 10 0 0 0 10 12.2217 0 0 0 12.2217 0 0 0 12.2217 9.54111 0 0 0 9.54111 0 0 0 9.54111 9.41232 0 0 0 9.41232 0 0 0 9.41232 11.9458 0 0 0 11.9458 0 0 0 11.9458 12.8727 0 0 0 12.8727 0 0 0 12.8727 12.8561 0 0 0 12.8561 0 0 0 12.8561 10 0 0 0 10 0 0 0 10 12.5561 0 0 0 12.5561 0 0 0 12.5561 8.67273 0 0 0 8.67273 0 0 0 8.67273 12.5562 0 0 0 12.5562 0 0 0 12.5562 11.9946 0 0 0 11.9946 0 0 0 11.9946 13.1261 0 0 0 13.1261 0 0 0 13.1261 9.20038 0 0 0 9.20038 0 0 0 9.20038 10.9639 0 0 0 10.9639 0 0 0 10.9639 10 0 0 0 10 0 0 0 10 10.3457 0 0 0 10.3457 0 0 0 10.3457 12.2656 0 0 0 12.2656 0 0 0 12.2656 7.95743 0 0 0 7.95743 0 0 0 7.95743 9.25357 0 0 0 9.25357 0 0 0 9.25357 10 0 0 0 10 0 0 0 10 9.07256 0 0 0 9.07256 0 0 0 9.07256 13.1583 0 0 0 13.1583 0 0 0 13.1583 7.91215 0 0 0 7.91215 0 0 0 7.91215 10.2967 0 0 0 10.2967 0 0 0 10.2967 12.0876 0 0 0 12.0876 0 0 0 12.0876 12.7642 0 0 0 12.7642 0 0 0 12.7642 10 0 0 0 10 0 0 0 10 12.6899 0 0 0 12.6899 0 0 0 12.6899 12.3414 0 0 0 12.3414 0 0 0 12.3414 10 0 0 0 10 0 0 0 10 12.5994 0 0 0 12.5994 0 0 0 12.5994 9.72627 0 0 0 9.72627 0 0 0 9.72627 9.18357 0 0 0 9.18357 0 0 0 9.18357 12.9235 0 0 0 12.9235 0 0 0 12.9235 8.91743 0 0 0 8.91743 0 0 0 8.91743 11.6404 0 0 0 11.6404 0 0 0 11.6404 13.0916 0 0 0 13.0916 0 0 0 13.0916 12.3754 0 0 0 12.3754 0 0 0 12.3754 12.0736 0 0 0 12.0736 0 0 0 12.0736 11.0673 0 0 0 11.0673 0 0 0 11.0673 10.3702 0 0 0 10.3702 0 0 0 10.3702 10 0 0 0 10 0 0 0 10 11.4072 0 0 0 11.4072 0 0 0 11.4072 11.5511 0 0 0 11.5511 0 0 0 11.5511 9.29399 0 0 0 9.29399 0 0 0 9.29399 10.3057 0 0 0 10.3057 0 0 0 10.3057 8.00703 0 0 0 8.00703 0 0 0 8.00703 9.22475 0 0 0 9.22475 0 0 0 9.22475 12.2387 0 0 0 12.2387 0 0 0 12.2387 10 0 0 0 10 0 0 0 10 8.30382 0 0 0 8.30382 0 0 0 8.30382 11.8241 0 0 0 11.8241 0 0 0 11.8241 10.9686 0 0 0 10.9686 0 0 0 10.9686 7.41572 0 0 0 7.41572 0 0 0 7.41572 12.5983 0 0 0 12.5983 0 0 0 12.5983 13.1658 0 0 0 13.1658 0 0 0 13.1658 12.5604 0 0 0 12.5604 0 0 0 12.5604 9.60299 0 0 0 9.60299 0 0 0 9.60299 10 0 0 0 10 0 0 0 10 11.969 0 0 0 11.969 0 0 0 11.969 10 0 0 0 10 0 0 0 10 12.0968 0 0 0 12.0968 0 0 0 12.0968 12.0819 0 0 0 12.0819 0 0 0 12.0819 10.7962 0 0 0 10.7962 0 0 0 10.7962 10 0 0 0 10 0 0 0 10 10 0 0 0 10 0 0 0 10 11.0226 0 0 0 11.0226 0 0 0 11.0226 8.71856 0 0 0 8.71856 0 0 0 8.71856 12.0242 0 0 0 12.0242 0 0 0 12.0242 10 0 0 0 10 0 0 0 10 10 0 0 0 10 0 0 0 10 12.4445 0 0 0 12.4445 0 0 0 12.4445 8.88096 0 0 0 8.88096 0 0 0 8.88096 9.47727 0 0 0 9.47727 0 0 0 9.47727 9.69234 0 0 0 9.69234 0 0 0 9.69234 8.03061 0 0 0 8.03061 0 0 0 8.03061 11.3202 0 0 0 11.3202 0 0 0 11.3202 8.89422 0 0 0 8.89422 0 0 0 8.89422 11.6812 0 0 0 11.6812 0 0 0 11.6812 12.2771 0 0 0 12.2771 0 0 0 12.2771 10 0 0 0 10 0 0 0 10 10 0 0 0 10 0 0 0 10 12.809 0 0 0 12.809 0 0 0 12.809 9.55919 0 0 0 9.55919 0 0 0 9.55919 10 0 0 0 10 0 0 0 10 10 0 0 0 10 0 0 0 10 9.54552 0 0 0 9.54552 0 0 0 9.54552 8.64978 0 0 0 8.64978 0 0 0 8.64978 11.1715 0 0 0 11.1715 0 0 0 11.1715 11.6132 0 0 0 11.6132 0 0 0 11.6132 12.0548 0 0 0 12.0548 0 0 0 12.0548 9.46377 0 0 0 9.46377 0 0 0 9.46377 11.929 0 0 0 11.929 0 0 0 11.929 12.3945 0 0 0 12.3945 0 0 0 12.3945 10.878 0 0 0 10.878 0 0 0 10.878 10 0 0 0 10 0 0 0 10 8.74526 0 0 0 8.74526 0 0 0 8.74526 8.8613 0 0 0 8.8613 0 0 0 8.8613 13.2835 0 0 0 13.2835 0 0 0 13.2835 10 0 0 0 10 0 0 0 10 12.8476 0 0 0 12.8476 0 0 0 12.8476 13.0357 0 0 0 13.0357 0 0 0 13.0357 10 0 0 0 10 0 0 0 10 11.5331 0 0 0 11.5331 0 0 0 11.5331 10 0 0 0 10 0 0 0 10 12.9494 0 0 0 12.9494 0 0 0 12.9494 11.9889 0 0 0 11.9889 0 0 0 11.9889 11.7353 0 0 0 11.7353 0 0 0 11.7353 13.1276 0 0 0 13.1276 0 0 0 13.1276 11.4734 0 0 0 11.4734 0 0 0 11.4734 11.9086 0 0 0 11.9086 0 0 0 11.9086 13.0639 0 0 0 13.0639 0 0 0 13.0639 7.53103 0 0 0 7.53103 0 0 0 7.53103 11.1875 0 0 0 11.1875 0 0 0 11.1875 12.7603 0 0 0 12.7603 0 0 0 12.7603 11.1742 0 0 0 11.1742 0 0 0 11.1742 12.1137 0 0 0 12.1137 0 0 0 12.1137 12.4793 0 0 0 12.4793 0 0 0 12.4793 10 0 0 0 10 0 0 0 10 11.8325 0 0 0 11.8325 0 0 0 11.8325 9.4926 0 0 0 9.4926 0 0 0 9.4926 11.1344 0 0 0 11.1344 0 0 0 11.1344 9.96832 0 0 0 9.96832 0 0 0 9.96832 9.34183 0 0 0 9.34183 0 0 0 9.34183 10 0 0 0 10 0 0 0 10 12.4058 0 0 0 12.4058 0 0 0 12.4058 12.8537 0 0 0 12.8537 0 0 0 12.8537 11.4746 0 0 0 11.4746 0 0 0 11.4746 10 0 0 0 10 0 0 0 10 11.2171 0 0 0 11.2171 0 0 0 11.2171 9.54487 0 0 0 9.54487 0 0 0 9.54487 11.8854 0 0 0 11.8854 0 0 0 11.8854 7.92274 0 0 0 7.92274 0 0 0 7.92274 12.1905 0 0 0 12.1905 0 0 0 12.1905 12.1306 0 0 0 12.1306 0 0 0 12.1306 10 0 0 0 10 0 0 0 10 10 0 0 0 10 0 0 0 10 10.2762 0 0 0 10.2762 0 0 0 10.2762 7.96785 0 0 0 7.96785 0 0 0 7.96785 11.1731 0 0 0 11.1731 0 0 0 11.1731 11.1166 0 0 0 11.1166 0 0 0 11.1166 8.86343 0 0 0 8.86343 0 0 0 8.86343 12.405 0 0 0 12.405 0 0 0 12.405 10 0 0 0 10 0 0 0 10 7.92177 0 0 0 7.92177 0 0 0 7.92177 8.71423 0 0 0 8.71423 0 0 0 8.71423 8.8605 0 0 0 8.8605 0 0 0 8.8605 10 0 0 0 10 0 0 0 10 9.71728 0 0 0 9.71728 0 0 0 9.71728 12.254 0 0 0 12.254 0 0 0 12.254 8.47981 0 0 0 8.47981 0 0 0 8.47981 11.894 0 0 0 11.894 0 0 0 11.894 10 0 0 0 10 0 0 0 10 10 0 0 0 10 0 0 0 10 12.8709 0 0 0 12.8709 0 0 0 12.8709 10 0 0 0 10 0 0 0 10 8.59733 0 0 0 8.59733 0 0 0 8.59733 10 0 0 0 10 0 0 0 10 8.85925 0 0 0 8.85925 0 0 0 8.85925 8.8461 0 0 0 8.8461 0 0 0 8.8461 12.5905 0 0 0 12.5905 0 0 0 12.5905 9.93163 0 0 0 9.93163 0 0 0 9.93163 13.1186 0 0 0 13.1186 0 0 0 13.1186 11.8921 0 0 0 11.8921 0 0 0 11.8921 11.1579 0 0 0 11.1579 0 0 0 11.1579 7.9745 0 0 0 7.9745 0 0 0 7.9745 12.517 0 0 0 12.517 0 0 0 12.517 10.772 0 0 0 10.772 0 0 0 10.772 12.2424 0 0 0 12.2424 0 0 0 12.2424 10 0 0 0 10 0 0 0 10 12.1239 0 0 0 12.1239 0 0 0 12.1239 10 0 0 0 10 0 0 0 10 11.4889 0 0 0 11.4889 0 0 0 11.4889 10 0 0 0 10 0 0 0 10 9.48936 0 0 0 9.48936 0 0 0 9.48936 12.4461 0 0 0 12.4461 0 0 0 12.4461 9.2645 0 0 0 9.2645 0 0 0 9.2645 11.1321 0 0 0 11.1321 0 0 0 11.1321 8.71866 0 0 0 8.71866 0 0 0 8.71866 13.2317 0 0 0 13.2317 0 0 0 13.2317 11.201 0 0 0 11.201 0 0 0 11.201 11.0012 0 0 0 11.0012 0 0 0 11.0012 10 0 0 0 10 0 0 0 10 10 0 0 0 10 0 0 0 10 11.7056 0 0 0 11.7056 0 0 0 11.7056 12.6114 0 0 0 12.6114 0 0 0 12.6114 10 0 0 0 10 0 0 0 10 8.04969 0 0 0 8.04969 0 0 0 8.04969 13.0609 0 0 0 13.0609 0 0 0 13.0609 13.2353 0 0 0 13.2353 0 0 0 13.2353 11.7237 0 0 0 11.7237 0 0 0 11.7237 10 0 0 0 10 0 0 0 10 8.37485 0 0 0 8.37485 0 0 0 8.37485 10.3057 0 0 0 10.3057 0 0 0 10.3057 8.30071 0 0 0 8.30071 0 0 0 8.30071 11.7684 0 0 0 11.7684 0 0 0 11.7684 9.53242 0 0 0 9.53242 0 0 0 9.53242 10 0 0 0 10 0 0 0 10 11.3365 0 0 0 11.3365 0 0 0 11.3365 13.0365 0 0 0 13.0365 0 0 0 13.0365 11.5115 0 0 0 11.5115 0 0 0 11.5115 10.9604 0 0 0 10.9604 0 0 0 10.9604 9.32827 0 0 0 9.32827 0 0 0 9.32827 11.9161 0 0 0 11.9161 0 0 0 11.9161 11.7374 0 0 0 11.7374 0 0 0 11.7374 11.5886 0 0 0 11.5886 0 0 0 11.5886 12.1846 0 0 0 12.1846 0 0 0 12.1846 12.8713 0 0 0 12.8713 0 0 0 12.8713 11.0243 0 0 0 11.0243 0 0 0 11.0243 7.96045 0 0 0 7.96045 0 0 0 7.96045 13.2478 0 0 0 13.2478 0 0 0 13.2478 11.0563 0 0 0 11.0563 0 0 0 11.0563 9.74457 0 0 0 9.74457 0 0 0 9.74457 10.9825 0 0 0 10.9825 0 0 0 10.9825 12.8627 0 0 0 12.8627 0 0 0 12.8627 12.705 0 0 0 12.705 0 0 0 12.705 12.0666 0 0 0 12.0666 0 0 0 12.0666 10 0 0 0 10 0 0 0 10 13.1388 0 0 0 13.1388 0 0 0 13.1388 9.62042 0 0 0 9.62042 0 0 0 9.62042 13.2332 0 0 0 13.2332 0 0 0 13.2332 12.1265 0 0 0 12.1265 0 0 0 12.1265 10.4754 0 0 0 10.4754 0 0 0 10.4754 12.3361 0 0 0 12.3361 0 0 0 12.3361 10 0 0 0 10 0 0 0 10 11.9381 0 0 0 11.9381 0 0 0 11.9381 12.038 0 0 0 12.038 0 0 0 12.038 12.5254 0 0 0 12.5254 0 0 0 12.5254 11.1255 0 0 0 11.1255 0 0 0 11.1255 12.1035 0 0 0 12.1035 0 0 0 12.1035 11.4683 0 0 0 11.4683 0 0 0 11.4683 9.49932 0 0 0 9.49932 0 0 0 9.49932 7.4525 0 0 0 7.4525 0 0 0 7.4525 11.6705 0 0 0 11.6705 0 0 0 11.6705 12.7216 0 0 0 12.7216 0 0 0 12.7216 10 0 0 0 10 0 0 0 10 11.048 0 0 0 11.048 0 0 0 11.048 9.51127 0 0 0 9.51127 0 0 0 9.51127 12.8297 0 0 0 12.8297 0 0 0 12.8297 11.0012 0 0 0 11.0012 0 0 0 11.0012 12.6649 0 0 0 12.6649 0 0 0 12.6649 11.939 0 0 0 11.939 0 0 0 11.939 11.1574 0 0 0 11.1574 0 0 0 11.1574 9.39967 0 0 0 9.39967 0 0 0 9.39967 9.05035 0 0 0 9.05035 0 0 0 9.05035 11.9506 0 0 0 11.9506 0 0 0 11.9506 10.453 0 0 0 10.453 0 0 0 10.453 10 0 0 0 10 0 0 0 10 10 0 0 0 10 0 0 0 10 12.1396 0 0 0 12.1396 0 0 0 12.1396 10 0 0 0 10 0 0 0 10 12.6426 0 0 0 12.6426 0 0 0 12.6426 12.9176 0 0 0 12.9176 0 0 0 12.9176 7.95791 0 0 0 7.95791 0 0 0 7.95791 10.5192 0 0 0 10.5192 0 0 0 10.5192 12.766 0 0 0 12.766 0 0 0 12.766 12.3371 0 0 0 12.3371 0 0 0 12.3371 12.047 0 0 0 12.047 0 0 0 12.047 10.7565 0 0 0 10.7565 0 0 0 10.7565 8.073 0 0 0 8.073 0 0 0 8.073 11.0751 0 0 0 11.0751 0 0 0 11.0751 11.7566 0 0 0 11.7566 0 0 0 11.7566 9.12326 0 0 0 9.12326 0 0 0 9.12326 7.85973 0 0 0 7.85973 0 0 0 7.85973 9.41691 0 0 0 9.41691 0 0 0 9.41691 9.83017 0 0 0 9.83017 0 0 0 9.83017 12.2779 0 0 0 12.2779 0 0 0 12.2779 13.2456 0 0 0 13.2456 0 0 0 13.2456 8.48263 0 0 0 8.48263 0 0 0 8.48263 12.0203 0 0 0 12.0203 0 0 0 12.0203 10.5865 0 0 0 10.5865 0 0 0 10.5865 11.2009 0 0 0 11.2009 0 0 0 11.2009 11.752 0 0 0 11.752 0 0 0 11.752 10 0 0 0 10 0 0 0 10 12.7943 0 0 0 12.7943 0 0 0 12.7943 11.44 0 0 0 11.44 0 0 0 11.44 7.68368 0 0 0 7.68368 0 0 0 7.68368 7.27648 0 0 0 7.27648 0 0 0 7.27648 12.1511 0 0 0 12.1511 0 0 0 12.1511 11.6469 0 0 0 11.6469 0 0 0 11.6469 11.6325 0 0 0 11.6325 0 0 0 11.6325 12.3888 0 0 0 12.3888 0 0 0 12.3888 13.1529 0 0 0 13.1529 0 0 0 13.1529 10 0 0 0 10 0 0 0 10 12.383 0 0 0 12.383 0 0 0 12.383 11.6511 0 0 0 11.6511 0 0 0 11.6511 13.2927 0 0 0 13.2927 0 0 0 13.2927 9.60409 0 0 0 9.60409 0 0 0 9.60409 10 0 0 0 10 0 0 0 10 13.1719 0 0 0 13.1719 0 0 0 13.1719 11.7501 0 0 0 11.7501 0 0 0 11.7501 10 0 0 0 10 0 0 0 10 7.71166 0 0 0 7.71166 0 0 0 7.71166 10 0 0 0 10 0 0 0 10 12.2541 0 0 0 12.2541 0 0 0 12.2541 13.2534 0 0 0 13.2534 0 0 0 13.2534 12.7305 0 0 0 12.7305 0 0 0 12.7305 10.9273 0 0 0 10.9273 0 0 0 10.9273 10 0 0 0 10 0 0 0 10 10 0 0 0 10 0 0 0 10 12.5895 0 0 0 12.5895 0 0 0 12.5895 9.84528 0 0 0 9.84528 0 0 0 9.84528 11.4839 0 0 0 11.4839 0 0 0 11.4839 13.0351 0 0 0 13.0351 0 0 0 13.0351 13.2641 0 0 0 13.2641 0 0 0 13.2641 12.1979 0 0 0 12.1979 0 0 0 12.1979 9.61764 0 0 0 9.61764 0 0 0 9.61764 10 0 0 0 10 0 0 0 10 11.8922 0 0 0 11.8922 0 0 0 11.8922 12.9496 0 0 0 12.9496 0 0 0 12.9496 12.0081 0 0 0 12.0081 0 0 0 12.0081 7.9147 0 0 0 7.9147 0 0 0 7.9147 13.1724 0 0 0 13.1724 0 0 0 13.1724 9.06065 0 0 0 9.06065 0 0 0 9.06065 11.0693 0 0 0 11.0693 0 0 0 11.0693 12.8746 0 0 0 12.8746 0 0 0 12.8746 10.4167 0 0 0 10.4167 0 0 0 10.4167 10 0 0 0 10 0 0 0 10 8.02004 0 0 0 8.02004 0 0 0 8.02004 12.3881 0 0 0 12.3881 0 0 0 12.3881 11.2099 0 0 0 11.2099 0 0 0 11.2099 12.195 0 0 0 12.195 0 0 0 12.195 13.036 0 0 0 13.036 0 0 0 13.036 8.03746 0 0 0 8.03746 0 0 0 8.03746 10 0 0 0 10 0 0 0 10 9.45938 0 0 0 9.45938 0 0 0 9.45938 12.6797 0 0 0 12.6797 0 0 0 12.6797 11.7232 0 0 0 11.7232 0 0 0 11.7232 11.0085 0 0 0 11.0085 0 0 0 11.0085 7.24472 0 0 0 7.24472 0 0 0 7.24472 11.8622 0 0 0 11.8622 0 0 0 11.8622 8.26077 0 0 0 8.26077 0 0 0 8.26077 9.42868 0 0 0 9.42868 0 0 0 9.42868 12.0532 0 0 0 12.0532 0 0 0 12.0532 12.7155 0 0 0 12.7155 0 0 0 12.7155 10 0 0 0 10 0 0 0 10 9.94023 0 0 0 9.94023 0 0 0 9.94023 13.2822 0 0 0 13.2822 0 0 0 13.2822 12.8492 0 0 0 12.8492 0 0 0 12.8492 7.8711 0 0 0 7.8711 0 0 0 7.8711 11.3172 0 0 0 11.3172 0 0 0 11.3172 10.2116 0 0 0 10.2116 0 0 0 10.2116 12.8896 0 0 0 12.8896 0 0 0 12.8896 12.2131 0 0 0 12.2131 0 0 0 12.2131 12.801 0 0 0 12.801 0 0 0 12.801 10 0 0 0 10 0 0 0 10 12.5961 0 0 0 12.5961 0 0 0 12.5961 11.6999 0 0 0 11.6999 0 0 0 11.6999 12.9367 0 0 0 12.9367 0 0 0 12.9367 11.2978 0 0 0 11.2978 0 0 0 11.2978 11.1537 0 0 0 11.1537 0 0 0 11.1537 12.6483 0 0 0 12.6483 0 0 0 12.6483 11.0324 0 0 0 11.0324 0 0 0 11.0324 10.8387 0 0 0 10.8387 0 0 0 10.8387 11.5438 0 0 0 11.5438 0 0 0 11.5438 12.1183 0 0 0 12.1183 0 0 0 12.1183 10 0 0 0 10 0 0 0 10 12.4635 0 0 0 12.4635 0 0 0 12.4635 12.3565 0 0 0 12.3565 0 0 0 12.3565 12.4805 0 0 0 12.4805 0 0 0 12.4805 10.9214 0 0 0 10.9214 0 0 0 10.9214 11.9194 0 0 0 11.9194 0 0 0 11.9194 8.80654 0 0 0 8.80654 0 0 0 8.80654 8.62704 0 0 0 8.62704 0 0 0 8.62704 8.95439 0 0 0 8.95439 0 0 0 8.95439 12.7568 0 0 0 12.7568 0 0 0 12.7568 11.4277 0 0 0 11.4277 0 0 0 11.4277 12.5725 0 0 0 12.5725 0 0 0 12.5725 9.40099 0 0 0 9.40099 0 0 0 9.40099 10 0 0 0 10 0 0 0 10 11.3145 0 0 0 11.3145 0 0 0 11.3145 9.70026 0 0 0 9.70026 0 0 0 9.70026 12.8545 0 0 0 12.8545 0 0 0 12.8545 9.13591 0 0 0 9.13591 0 0 0 9.13591 12.983 0 0 0 12.983 0 0 0 12.983 9.98861 0 0 0 9.98861 0 0 0 9.98861 9.83847 0 0 0 9.83847 0 0 0 9.83847 9.70268 0 0 0 9.70268 0 0 0 9.70268 12.9885 0 0 0 12.9885 0 0 0 12.9885 11.3033 0 0 0 11.3033 0 0 0 11.3033 8.92465 0 0 0 8.92465 0 0 0 8.92465 10 0 0 0 10 0 0 0 10 9.0441 0 0 0 9.0441 0 0 0 9.0441 12.1792 0 0 0 12.1792 0 0 0 12.1792 13.0392 0 0 0 13.0392 0 0 0 13.0392 10.2738 0 0 0 10.2738 0 0 0 10.2738 11.0455 0 0 0 11.0455 0 0 0 11.0455 8.86877 0 0 0 8.86877 0 0 0 8.86877 11.9351 0 0 0 11.9351 0 0 0 11.9351 8.11661 0 0 0 8.11661 0 0 0 8.11661 10.82 0 0 0 10.82 0 0 0 10.82 11.0934 0 0 0 11.0934 0 0 0 11.0934 9.88375 0 0 0 9.88375 0 0 0 9.88375 10 0 0 0 10 0 0 0 10 11.5961 0 0 0 11.5961 0 0 0 11.5961 12.1795 0 0 0 12.1795 0 0 0 12.1795 12.7695 0 0 0 12.7695 0 0 0 12.7695 9.42235 0 0 0 9.42235 0 0 0 9.42235 8.75301 0 0 0 8.75301 0 0 0 8.75301 10.4013 0 0 0 10.4013 0 0 0 10.4013 9.85482 0 0 0 9.85482 0 0 0 9.85482 10 0 0 0 10 0 0 0 10 9.75836 0 0 0 9.75836 0 0 0 9.75836 11.7809 0 0 0 11.7809 0 0 0 11.7809 9.05345 0 0 0 9.05345 0 0 0 9.05345 10 0 0 0 10 0 0 0 10 12.3907 0 0 0 12.3907 0 0 0 12.3907 9.41302 0 0 0 9.41302 0 0 0 9.41302 11.2354 0 0 0 11.2354 0 0 0 11.2354 10 0 0 0 10 0 0 0 10 7.93494 0 0 0 7.93494 0 0 0 7.93494 8.9318 0 0 0 8.9318 0 0 0 8.9318 12.344 0 0 0 12.344 0 0 0 12.344 10 0 0 0 10 0 0 0 10 11.0242 0 0 0 11.0242 0 0 0 11.0242 7.39216 0 0 0 7.39216 0 0 0 7.39216 11.304 0 0 0 11.304 0 0 0 11.304 9.85454 0 0 0 9.85454 0 0 0 9.85454 12.0057 0 0 0 12.0057 0 0 0 12.0057 11.9731 0 0 0 11.9731 0 0 0 11.9731 7.53395 0 0 0 7.53395 0 0 0 7.53395 10 0 0 0 10 0 0 0 10 12.2799 0 0 0 12.2799 0 0 0 12.2799 11.8481 0 0 0 11.8481 0 0 0 11.8481 10.2687 0 0 0 10.2687 0 0 0 10.2687 10.5333 0 0 0 10.5333 0 0 0 10.5333 12.8127 0 0 0 12.8127 0 0 0 12.8127 10.1212 0 0 0 10.1212 0 0 0 10.1212 8.83935 0 0 0 8.83935 0 0 0 8.83935 10.2643 0 0 0 10.2643 0 0 0 10.2643 9.15983 0 0 0 9.15983 0 0 0 9.15983 12.0588 0 0 0 12.0588 0 0 0 12.0588 12.5344 0 0 0 12.5344 0 0 0 12.5344 11.8123 0 0 0 11.8123 0 0 0 11.8123 10.6338 0 0 0 10.6338 0 0 0 10.6338 11.4027 0 0 0 11.4027 0 0 0 11.4027 9.29147 0 0 0 9.29147 0 0 0 9.29147 11.354 0 0 0 11.354 0 0 0 11.354 12.3301 0 0 0 12.3301 0 0 0 12.3301 12.2799 0 0 0 12.2799 0 0 0 12.2799 13.2796 0 0 0 13.2796 0 0 0 13.2796 10.3688 0 0 0 10.3688 0 0 0 10.3688 11.0438 0 0 0 11.0438 0 0 0 11.0438 12.4016 0 0 0 12.4016 0 0 0 12.4016 7.97192 0 0 0 7.97192 0 0 0 7.97192 7.89994 0 0 0 7.89994 0 0 0 7.89994 12.2984 0 0 0 12.2984 0 0 0 12.2984 12.1847 0 0 0 12.1847 0 0 0 12.1847 10 0 0 0 10 0 0 0 10 10.6099 0 0 0 10.6099 0 0 0 10.6099 11.794 0 0 0 11.794 0 0 0 11.794 8.59578 0 0 0 8.59578 0 0 0 8.59578 9.95466 0 0 0 9.95466 0 0 0 9.95466 8.24723 0 0 0 8.24723 0 0 0 8.24723 12.012 0 0 0 12.012 0 0 0 12.012 8.8908 0 0 0 8.8908 0 0 0 8.8908 13.1038 0 0 0 13.1038 0 0 0 13.1038 12.0294 0 0 0 12.0294 0 0 0 12.0294 10.1971 0 0 0 10.1971 0 0 0 10.1971 10 0 0 0 10 0 0 0 10 9.60036 0 0 0 9.60036 0 0 0 9.60036 13.2651 0 0 0 13.2651 0 0 0 13.2651 10.7653 0 0 0 10.7653 0 0 0 10.7653 10 0 0 0 10 0 0 0 10 12.4133 0 0 0 12.4133 0 0 0 12.4133 10.1907 0 0 0 10.1907 0 0 0 10.1907 10.8435 0 0 0 10.8435 0 0 0 10.8435 10 0 0 0 10 0 0 0 10 10 0 0 0 10 0 0 0 10 13.115 0 0 0 13.115 0 0 0 13.115 10 0 0 0 10 0 0 0 10 8.54826 0 0 0 8.54826 0 0 0 8.54826 10 0 0 0 10 0 0 0 10 8.02165 0 0 0 8.02165 0 0 0 8.02165 11.1662 0 0 0 11.1662 0 0 0 11.1662 12.4181 0 0 0 12.4181 0 0 0 12.4181 11.5658 0 0 0 11.5658 0 0 0 11.5658 11.3758 0 0 0 11.3758 0 0 0 11.3758 8.76433 0 0 0 8.76433 0 0 0 8.76433 7.91256 0 0 0 7.91256 0 0 0 7.91256 13.0913 0 0 0 13.0913 0 0 0 13.0913 8.19829 0 0 0 8.19829 0 0 0 8.19829 12.1942 0 0 0 12.1942 0 0 0 12.1942 8.95195 0 0 0 8.95195 0 0 0 8.95195 11.5981 0 0 0 11.5981 0 0 0 11.5981 11.8893 0 0 0 11.8893 0 0 0 11.8893 9.84248 0 0 0 9.84248 0 0 0 9.84248 9.62763 0 0 0 9.62763 0 0 0 9.62763 10 0 0 0 10 0 0 0 10 13.0641 0 0 0 13.0641 0 0 0 13.0641 12.947 0 0 0 12.947 0 0 0 12.947 12.9963 0 0 0 12.9963 0 0 0 12.9963 9.06092 0 0 0 9.06092 0 0 0 9.06092 8.72782 0 0 0 8.72782 0 0 0 8.72782 12.9609 0 0 0 12.9609 0 0 0 12.9609 10 0 0 0 10 0 0 0 10 11.2617 0 0 0 11.2617 0 0 0 11.2617 9.41502 0 0 0 9.41502 0 0 0 9.41502 8.93117 0 0 0 8.93117 0 0 0 8.93117 9.23806 0 0 0 9.23806 0 0 0 9.23806 7.87211 0 0 0 7.87211 0 0 0 7.87211 10.6116 0 0 0 10.6116 0 0 0 10.6116 11.4143 0 0 0 11.4143 0 0 0 11.4143 12.8203 0 0 0 12.8203 0 0 0 12.8203 11.0881 0 0 0 11.0881 0 0 0 11.0881 10 0 0 0 10 0 0 0 10 7.97873 0 0 0 7.97873 0 0 0 7.97873 11.1118 0 0 0 11.1118 0 0 0 11.1118 9.3526 0 0 0 9.3526 0 0 0 9.3526 10.3427 0 0 0 10.3427 0 0 0 10.3427 12.6787 0 0 0 12.6787 0 0 0 12.6787 10.7072 0 0 0 10.7072 0 0 0 10.7072 8.82178 0 0 0 8.82178 0 0 0 8.82178 10 0 0 0 10 0 0 0 10 11.0714 0 0 0 11.0714 0 0 0 11.0714 7.44126 0 0 0 7.44126 0 0 0 7.44126 13.2762 0 0 0 13.2762 0 0 0 13.2762 10 0 0 0 10 0 0 0 10 7.23259 0 0 0 7.23259 0 0 0 7.23259 10 0 0 0 10 0 0 0 10 11.7475 0 0 0 11.7475 0 0 0 11.7475 11.8236 0 0 0 11.8236 0 0 0 11.8236 10 0 0 0 10 0 0 0 10 9.56444 0 0 0 9.56444 0 0 0 9.56444 10.3995 0 0 0 10.3995 0 0 0 10.3995 11.301 0 0 0 11.301 0 0 0 11.301 7.91396 0 0 0 7.91396 0 0 0 7.91396 9.69941 0 0 0 9.69941 0 0 0 9.69941 11.0432 0 0 0 11.0432 0 0 0 11.0432 8.68751 0 0 0 8.68751 0 0 0 8.68751 10 0 0 0 10 0 0 0 10 7.28434 0 0 0 7.28434 0 0 0 7.28434 10.9283 0 0 0 10.9283 0 0 0 10.9283 10 0 0 0 10 0 0 0 10 11.9699 0 0 0 11.9699 0 0 0 11.9699 10 0 0 0 10 0 0 0 10 13.2704 0 0 0 13.2704 0 0 0 13.2704 9.12448 0 0 0 9.12448 0 0 0 9.12448 11.8708 0 0 0 11.8708 0 0 0 11.8708 10 0 0 0 10 0 0 0 10 12.8158 0 0 0 12.8158 0 0 0 12.8158 12.7787 0 0 0 12.7787 0 0 0 12.7787 10.2887 0 0 0 10.2887 0 0 0 10.2887 10 0 0 0 10 0 0 0 10 11.6598 0 0 0 11.6598 0 0 0 11.6598 10 0 0 0 10 0 0 0 10 12.7917 0 0 0 12.7917 0 0 0 12.7917 10.7986 0 0 0 10.7986 0 0 0 10.7986 12.1838 0 0 0 12.1838 0 0 0 12.1838 12.5021 0 0 0 12.5021 0 0 0 12.5021 12.9283 0 0 0 12.9283 0 0 0 12.9283 10.5638 0 0 0 10.5638 0 0 0 10.5638 12.1579 0 0 0 12.1579 0 0 0 12.1579 9.82688 0 0 0 9.82688 0 0 0 9.82688 11.9784 0 0 0 11.9784 0 0 0 11.9784 13.2126 0 0 0 13.2126 0 0 0 13.2126 9.78478 0 0 0 9.78478 0 0 0 9.78478 11.029 0 0 0 11.029 0 0 0 11.029 12.1824 0 0 0 12.1824 0 0 0 12.1824 11.7779 0 0 0 11.7779 0 0 0 11.7779 10 0 0 0 10 0 0 0 10 12.3973 0 0 0 12.3973 0 0 0 12.3973 10 0 0 0 10 0 0 0 10 8.81478 0 0 0 8.81478 0 0 0 8.81478 9.35792 0 0 0 9.35792 0 0 0 9.35792 12.7935 0 0 0 12.7935 0 0 0 12.7935 10 0 0 0 10 0 0 0 10 11.4255 0 0 0 11.4255 0 0 0 11.4255 9.30441 0 0 0 9.30441 0 0 0 9.30441 10 0 0 0 10 0 0 0 10 8.55878 0 0 0 8.55878 0 0 0 8.55878 11.9773 0 0 0 11.9773 0 0 0 11.9773 9.64081 0 0 0 9.64081 0 0 0 9.64081 11.147 0 0 0 11.147 0 0 0 11.147 11.5327 0 0 0 11.5327 0 0 0 11.5327 7.33591 0 0 0 7.33591 0 0 0 7.33591 11.0756 0 0 0 11.0756 0 0 0 11.0756 12.4565 0 0 0 12.4565 0 0 0 12.4565 13.2261 0 0 0 13.2261 0 0 0 13.2261 12.4703 0 0 0 12.4703 0 0 0 12.4703 8.18548 0 0 0 8.18548 0 0 0 8.18548 13.2798 0 0 0 13.2798 0 0 0 13.2798 10 0 0 0 10 0 0 0 10 12.5217 0 0 0 12.5217 0 0 0 12.5217 10.6688 0 0 0 10.6688 0 0 0 10.6688 10 0 0 0 10 0 0 0 10 10.1468 0 0 0 10.1468 0 0 0 10.1468 12.7157 0 0 0 12.7157 0 0 0 12.7157 8.80525 0 0 0 8.80525 0 0 0 8.80525 12.318 0 0 0 12.318 0 0 0 12.318 11.9951 0 0 0 11.9951 0 0 0 11.9951 10 0 0 0 10 0 0 0 10 10 0 0 0 10 0 0 0 10 10 0 0 0 10 0 0 0 10 11.2081 0 0 0 11.2081 0 0 0 11.2081 11.6227 0 0 0 11.6227 0 0 0 11.6227 10.1818 0 0 0 10.1818 0 0 0 10.1818 12.2266 0 0 0 12.2266 0 0 0 12.2266 8.0368 0 0 0 8.0368 0 0 0 8.0368 11.1522 0 0 0 11.1522 0 0 0 11.1522 12.3337 0 0 0 12.3337 0 0 0 12.3337 12.9033 0 0 0 12.9033 0 0 0 12.9033 12.8574 0 0 0 12.8574 0 0 0 12.8574 10 0 0 0 10 0 0 0 10 12.556 0 0 0 12.556 0 0 0 12.556 10 0 0 0 10 0 0 0 10 12.3933 0 0 0 12.3933 0 0 0 12.3933 12.6784 0 0 0 12.6784 0 0 0 12.6784 12.8517 0 0 0 12.8517 0 0 0 12.8517 9.7508 0 0 0 9.7508 0 0 0 9.7508 11.7865 0 0 0 11.7865 0 0 0 11.7865 10 0 0 0 10 0 0 0 10 13.2754 0 0 0 13.2754 0 0 0 13.2754 12.7431 0 0 0 12.7431 0 0 0 12.7431 10 0 0 0 10 0 0 0 10 9.54858 0 0 0 9.54858 0 0 0 9.54858 12.9638 0 0 0 12.9638 0 0 0 12.9638 9.26431 0 0 0 9.26431 0 0 0 9.26431 11.7814 0 0 0 11.7814 0 0 0 11.7814 10 0 0 0 10 0 0 0 10 8.96264 0 0 0 8.96264 0 0 0 8.96264 10 0 0 0 10 0 0 0 10 12.9613 0 0 0 12.9613 0 0 0 12.9613 10 0 0 0 10 0 0 0 10 12.5627 0 0 0 12.5627 0 0 0 12.5627 10.7507 0 0 0 10.7507 0 0 0 10.7507 10.9242 0 0 0 10.9242 0 0 0 10.9242 9.06592 0 0 0 9.06592 0 0 0 9.06592 9.78596 0 0 0 9.78596 0 0 0 9.78596 12.1936 0 0 0 12.1936 0 0 0 12.1936 10 0 0 0 10 0 0 0 10 12.7203 0 0 0 12.7203 0 0 0 12.7203 12.2699 0 0 0 12.2699 0 0 0 12.2699 11.9854 0 0 0 11.9854 0 0 0 11.9854 12.6634 0 0 0 12.6634 0 0 0 12.6634 10.5798 0 0 0 10.5798 0 0 0 10.5798 11.8707 0 0 0 11.8707 0 0 0 11.8707 13.183 0 0 0 13.183 0 0 0 13.183 12.9632 0 0 0 12.9632 0 0 0 12.9632 9.79158 0 0 0 9.79158 0 0 0 9.79158 12.1775 0 0 0 12.1775 0 0 0 12.1775 12.1604 0 0 0 12.1604 0 0 0 12.1604 10 0 0 0 10 0 0 0 10 10 0 0 0 10 0 0 0 10 12.74 0 0 0 12.74 0 0 0 12.74 11.7666 0 0 0 11.7666 0 0 0 11.7666 12.3719 0 0 0 12.3719 0 0 0 12.3719 9.36996 0 0 0 9.36996 0 0 0 9.36996 9.48618 0 0 0 9.48618 0 0 0 9.48618 12.0626 0 0 0 12.0626 0 0 0 12.0626 10 0 0 0 10 0 0 0 10 10 0 0 0 10 0 0 0 10 8.25264 0 0 0 8.25264 0 0 0 8.25264 10 0 0 0 10 0 0 0 10 12.2524 0 0 0 12.2524 0 0 0 12.2524 10.5342 0 0 0 10.5342 0 0 0 10.5342 11.7799 0 0 0 11.7799 0 0 0 11.7799 12.6337 0 0 0 12.6337 0 0 0 12.6337 10 0 0 0 10 0 0 0 10 7.83946 0 0 0 7.83946 0 0 0 7.83946 11.5492 0 0 0 11.5492 0 0 0 11.5492 10 0 0 0 10 0 0 0 10 9.78494 0 0 0 9.78494 0 0 0 9.78494 13.0655 0 0 0 13.0655 0 0 0 13.0655 11.8265 0 0 0 11.8265 0 0 0 11.8265 9.77081 0 0 0 9.77081 0 0 0 9.77081 7.91475 0 0 0 7.91475 0 0 0 7.91475 11.1925 0 0 0 11.1925 0 0 0 11.1925 12.6889 0 0 0 12.6889 0 0 0 12.6889 13.0756 0 0 0 13.0756 0 0 0 13.0756 12.9799 0 0 0 12.9799 0 0 0 12.9799 12.1836 0 0 0 12.1836 0 0 0 12.1836 12.2478 0 0 0 12.2478 0 0 0 12.2478 10.9338 0 0 0 10.9338 0 0 0 10.9338 7.89017 0 0 0 7.89017 0 0 0 7.89017 10.3593 0 0 0 10.3593 0 0 0 10.3593 8.37546 0 0 0 8.37546 0 0 0 8.37546 9.07512 0 0 0 9.07512 0 0 0 9.07512 10 0 0 0 10 0 0 0 10 12.6432 0 0 0 12.6432 0 0 0 12.6432 13.0763 0 0 0 13.0763 0 0 0 13.0763 12.2415 0 0 0 12.2415 0 0 0 12.2415 8.5893 0 0 0 8.5893 0 0 0 8.5893 11.7782 0 0 0 11.7782 0 0 0 11.7782 11.8958 0 0 0 11.8958 0 0 0 11.8958 10.9804 0 0 0 10.9804 0 0 0 10.9804 11.0371 0 0 0 11.0371 0 0 0 11.0371 8.36705 0 0 0 8.36705 0 0 0 8.36705 9.61663 0 0 0 9.61663 0 0 0 9.61663 12.1294 0 0 0 12.1294 0 0 0 12.1294 12.0545 0 0 0 12.0545 0 0 0 12.0545 11.86 0 0 0 11.86 0 0 0 11.86 10.649 0 0 0 10.649 0 0 0 10.649 11.0426 0 0 0 11.0426 0 0 0 11.0426 8.81029 0 0 0 8.81029 0 0 0 8.81029 8.23128 0 0 0 8.23128 0 0 0 8.23128 7.93677 0 0 0 7.93677 0 0 0 7.93677 12.9126 0 0 0 12.9126 0 0 0 12.9126 12.4022 0 0 0 12.4022 0 0 0 12.4022 8.24953 0 0 0 8.24953 0 0 0 8.24953 11.6926 0 0 0 11.6926 0 0 0 11.6926 10 0 0 0 10 0 0 0 10 10 0 0 0 10 0 0 0 10 9.71408 0 0 0 9.71408 0 0 0 9.71408 11.3399 0 0 0 11.3399 0 0 0 11.3399 8.52717 0 0 0 8.52717 0 0 0 8.52717 12.3405 0 0 0 12.3405 0 0 0 12.3405 10 0 0 0 10 0 0 0 10 11.1209 0 0 0 11.1209 0 0 0 11.1209 11.0274 0 0 0 11.0274 0 0 0 11.0274 8.6361 0 0 0 8.6361 0 0 0 8.6361 11.1497 0 0 0 11.1497 0 0 0 11.1497 12.8812 0 0 0 12.8812 0 0 0 12.8812 11.9013 0 0 0 11.9013 0 0 0 11.9013 9.75196 0 0 0 9.75196 0 0 0 9.75196 10.5259 0 0 0 10.5259 0 0 0 10.5259 12.2507 0 0 0 12.2507 0 0 0 12.2507 12.424 0 0 0 12.424 0 0 0 12.424 11.2903 0 0 0 11.2903 0 0 0 11.2903 9.24958 0 0 0 9.24958 0 0 0 9.24958 10 0 0 0 10 0 0 0 10 12.3692 0 0 0 12.3692 0 0 0 12.3692 8.85655 0 0 0 8.85655 0 0 0 8.85655 11.9332 0 0 0 11.9332 0 0 0 11.9332 7.22975 0 0 0 7.22975 0 0 0 7.22975 11.0671 0 0 0 11.0671 0 0 0 11.0671 11.78 0 0 0 11.78 0 0 0 11.78 12.4698 0 0 0 12.4698 0 0 0 12.4698 11.166 0 0 0 11.166 0 0 0 11.166 11.9096 0 0 0 11.9096 0 0 0 11.9096 10.5042 0 0 0 10.5042 0 0 0 10.5042 9.77371 0 0 0 9.77371 0 0 0 9.77371 11.8556 0 0 0 11.8556 0 0 0 11.8556 11.4734 0 0 0 11.4734 0 0 0 11.4734 13.0786 0 0 0 13.0786 0 0 0 13.0786 11.7627 0 0 0 11.7627 0 0 0 11.7627 10 0 0 0 10 0 0 0 10 10 0 0 0 10 0 0 0 10 9.61599 0 0 0 9.61599 0 0 0 9.61599 12.0287 0 0 0 12.0287 0 0 0 12.0287 10 0 0 0 10 0 0 0 10 11.3875 0 0 0 11.3875 0 0 0 11.3875 9.89639 0 0 0 9.89639 0 0 0 9.89639 10 0 0 0 10 0 0 0 10 10 0 0 0 10 0 0 0 10 12.7378 0 0 0 12.7378 0 0 0 12.7378 10 0 0 0 10 0 0 0 10 12.7219 0 0 0 12.7219 0 0 0 12.7219 9.32732 0 0 0 9.32732 0 0 0 9.32732 12.4306 0 0 0 12.4306 0 0 0 12.4306 12.8454 0 0 0 12.8454 0 0 0 12.8454 10.6788 0 0 0 10.6788 0 0 0 10.6788 12.642 0 0 0 12.642 0 0 0 12.642 12.6986 0 0 0 12.6986 0 0 0 12.6986 12.5509 0 0 0 12.5509 0 0 0 12.5509 11.8132 0 0 0 11.8132 0 0 0 11.8132 11.0787 0 0 0 11.0787 0 0 0 11.0787 8.02224 0 0 0 8.02224 0 0 0 8.02224 10.4519 0 0 0 10.4519 0 0 0 10.4519 13.2505 0 0 0 13.2505 0 0 0 13.2505 12.6671 0 0 0 12.6671 0 0 0 12.6671 12.29 0 0 0 12.29 0 0 0 12.29 11.4308 0 0 0 11.4308 0 0 0 11.4308 8.50216 0 0 0 8.50216 0 0 0 8.50216 9.6943 0 0 0 9.6943 0 0 0 9.6943 11.9416 0 0 0 11.9416 0 0 0 11.9416 11.0306 0 0 0 11.0306 0 0 0 11.0306 10 0 0 0 10 0 0 0 10 8.33673 0 0 0 8.33673 0 0 0 8.33673 11.1856 0 0 0 11.1856 0 0 0 11.1856 12.2845 0 0 0 12.2845 0 0 0 12.2845 10 0 0 0 10 0 0 0 10 11.8122 0 0 0 11.8122 0 0 0 11.8122 9.8672 0 0 0 9.8672 0 0 0 9.8672 10.4394 0 0 0 10.4394 0 0 0 10.4394 8.87992 0 0 0 8.87992 0 0 0 8.87992 9.38398 0 0 0 9.38398 0 0 0 9.38398 9.39859 0 0 0 9.39859 0 0 0 9.39859 12.3089 0 0 0 12.3089 0 0 0 12.3089 7.81906 0 0 0 7.81906 0 0 0 7.81906 10.9567 0 0 0 10.9567 0 0 0 10.9567 11.8138 0 0 0 11.8138 0 0 0 11.8138 11.8414 0 0 0 11.8414 0 0 0 11.8414 8.77109 0 0 0 8.77109 0 0 0 8.77109 10 0 0 0 10 0 0 0 10 10.9306 0 0 0 10.9306 0 0 0 10.9306 10 0 0 0 10 0 0 0 10 12.3145 0 0 0 12.3145 0 0 0 12.3145 10.9252 0 0 0 10.9252 0 0 0 10.9252 10 0 0 0 10 0 0 0 10 10.7808 0 0 0 10.7808 0 0 0 10.7808 8.27893 0 0 0 8.27893 0 0 0 8.27893 12.4585 0 0 0 12.4585 0 0 0 12.4585 13.2624 0 0 0 13.2624 0 0 0 13.2624 10 0 0 0 10 0 0 0 10 11.8753 0 0 0 11.8753 0 0 0 11.8753 9.62357 0 0 0 9.62357 0 0 0 9.62357 11.8189 0 0 0 11.8189 0 0 0 11.8189 10 0 0 0 10 0 0 0 10 12.7913 0 0 0 12.7913 0 0 0 12.7913 9.16706 0 0 0 9.16706 0 0 0 9.16706 10 0 0 0 10 0 0 0 10 12.5864 0 0 0 12.5864 0 0 0 12.5864 11.4247 0 0 0 11.4247 0 0 0 11.4247 10.6161 0 0 0 10.6161 0 0 0 10.6161 12.6675 0 0 0 12.6675 0 0 0 12.6675 12.7481 0 0 0 12.7481 0 0 0 12.7481 11.1445 0 0 0 11.1445 0 0 0 11.1445 12.9003 0 0 0 12.9003 0 0 0 12.9003 7.91281 0 0 0 7.91281 0 0 0 7.91281 12.6155 0 0 0 12.6155 0 0 0 12.6155 11.2022 0 0 0 11.2022 0 0 0 11.2022 8.06938 0 0 0 8.06938 0 0 0 8.06938 10.2455 0 0 0 10.2455 0 0 0 10.2455 10.6364 0 0 0 10.6364 0 0 0 10.6364 9.19033 0 0 0 9.19033 0 0 0 9.19033 11.7967 0 0 0 11.7967 0 0 0 11.7967 12.0172 0 0 0 12.0172 0 0 0 12.0172 9.80841 0 0 0 9.80841 0 0 0 9.80841 12.0492 0 0 0 12.0492 0 0 0 12.0492 7.94846 0 0 0 7.94846 0 0 0 7.94846 12.4042 0 0 0 12.4042 0 0 0 12.4042 12.0339 0 0 0 12.0339 0 0 0 12.0339 11.3994 0 0 0 11.3994 0 0 0 11.3994 10 0 0 0 10 0 0 0 10 10 0 0 0 10 0 0 0 10 12.5987 0 0 0 12.5987 0 0 0 12.5987 12.1336 0 0 0 12.1336 0 0 0 12.1336 13.0919 0 0 0 13.0919 0 0 0 13.0919 9.17605 0 0 0 9.17605 0 0 0 9.17605 10.5194 0 0 0 10.5194 0 0 0 10.5194 10 0 0 0 10 0 0 0 10 8.73213 0 0 0 8.73213 0 0 0 8.73213 10 0 0 0 10 0 0 0 10 13.0168 0 0 0 13.0168 0 0 0 13.0168 12.0642 0 0 0 12.0642 0 0 0 12.0642 12.0391 0 0 0 12.0391 0 0 0 12.0391 12.1777 0 0 0 12.1777 0 0 0 12.1777 9.28839 0 0 0 9.28839 0 0 0 9.28839 10 0 0 0 10 0 0 0 10 9.98274 0 0 0 9.98274 0 0 0 9.98274 11.7935 0 0 0 11.7935 0 0 0 11.7935 11.5325 0 0 0 11.5325 0 0 0 11.5325 11.7091 0 0 0 11.7091 0 0 0 11.7091 8.75849 0 0 0 8.75849 0 0 0 8.75849 10 0 0 0 10 0 0 0 10 8.55757 0 0 0 8.55757 0 0 0 8.55757 11.3414 0 0 0 11.3414 0 0 0 11.3414 12.0019 0 0 0 12.0019 0 0 0 12.0019 9.14612 0 0 0 9.14612 0 0 0 9.14612 9.54757 0 0 0 9.54757 0 0 0 9.54757 11.6058 0 0 0 11.6058 0 0 0 11.6058 10.9131 0 0 0 10.9131 0 0 0 10.9131 11.1821 0 0 0 11.1821 0 0 0 11.1821 8.76028 0 0 0 8.76028 0 0 0 8.76028 10.5984 0 0 0 10.5984 0 0 0 10.5984 8.33707 0 0 0 8.33707 0 0 0 8.33707 11.8192 0 0 0 11.8192 0 0 0 11.8192 10.8883 0 0 0 10.8883 0 0 0 10.8883 12.2069 0 0 0 12.2069 0 0 0 12.2069 12.3415 0 0 0 12.3415 0 0 0 12.3415 8.94089 0 0 0 8.94089 0 0 0 8.94089 10 0 0 0 10 0 0 0 10 8.40972 0 0 0 8.40972 0 0 0 8.40972 12.9187 0 0 0 12.9187 0 0 0 12.9187 11.054 0 0 0 11.054 0 0 0 11.054 11.6166 0 0 0 11.6166 0 0 0 11.6166 8.7916 0 0 0 8.7916 0 0 0 8.7916 10 0 0 0 10 0 0 0 10 12.029 0 0 0 12.029 0 0 0 12.029 9.90863 0 0 0 9.90863 0 0 0 9.90863 11.7207 0 0 0 11.7207 0 0 0 11.7207 10.9211 0 0 0 10.9211 0 0 0 10.9211 9.56834 0 0 0 9.56834 0 0 0 9.56834 11.0347 0 0 0 11.0347 0 0 0 11.0347 11.3249 0 0 0 11.3249 0 0 0 11.3249 11.6154 0 0 0 11.6154 0 0 0 11.6154 12.2552 0 0 0 12.2552 0 0 0 12.2552 12.595 0 0 0 12.595 0 0 0 12.595 11.3601 0 0 0 11.3601 0 0 0 11.3601 8.85128 0 0 0 8.85128 0 0 0 8.85128 10.3838 0 0 0 10.3838 0 0 0 10.3838 11.1612 0 0 0 11.1612 0 0 0 11.1612 9.55995 0 0 0 9.55995 0 0 0 9.55995 12.8598 0 0 0 12.8598 0 0 0 12.8598 11.6629 0 0 0 11.6629 0 0 0 11.6629 8.9496 0 0 0 8.9496 0 0 0 8.9496 11.6422 0 0 0 11.6422 0 0 0 11.6422 9.45577 0 0 0 9.45577 0 0 0 9.45577 10 0 0 0 10 0 0 0 10 12.3938 0 0 0 12.3938 0 0 0 12.3938 10.5614 0 0 0 10.5614 0 0 0 10.5614 10 0 0 0 10 0 0 0 10 12.9278 0 0 0 12.9278 0 0 0 12.9278 11.7139 0 0 0 11.7139 0 0 0 11.7139 10 0 0 0 10 0 0 0 10 10.1698 0 0 0 10.1698 0 0 0 10.1698 12.6362 0 0 0 12.6362 0 0 0 12.6362 12.1881 0 0 0 12.1881 0 0 0 12.1881 8.04489 0 0 0 8.04489 0 0 0 8.04489 12.6327 0 0 0 12.6327 0 0 0 12.6327 11.4687 0 0 0 11.4687 0 0 0 11.4687 7.83072 0 0 0 7.83072 0 0 0 7.83072 12.1864 0 0 0 12.1864 0 0 0 12.1864 10.3991 0 0 0 10.3991 0 0 0 10.3991 8.64809 0 0 0 8.64809 0 0 0 8.64809 11.6855 0 0 0 11.6855 0 0 0 11.6855 11.6427 0 0 0 11.6427 0 0 0 11.6427 8.06654 0 0 0 8.06654 0 0 0 8.06654 12.8519 0 0 0 12.8519 0 0 0 12.8519 8.6897 0 0 0 8.6897 0 0 0 8.6897 7.95284 0 0 0 7.95284 0 0 0 7.95284 13.0291 0 0 0 13.0291 0 0 0 13.0291 11.4028 0 0 0 11.4028 0 0 0 11.4028 12.2147 0 0 0 12.2147 0 0 0 12.2147 11.1845 0 0 0 11.1845 0 0 0 11.1845 12.4155 0 0 0 12.4155 0 0 0 12.4155 8.76271 0 0 0 8.76271 0 0 0 8.76271 12.1629 0 0 0 12.1629 0 0 0 12.1629 8.78199 0 0 0 8.78199 0 0 0 8.78199 12.4269 0 0 0 12.4269 0 0 0 12.4269 12.4287 0 0 0 12.4287 0 0 0 12.4287 10.5025 0 0 0 10.5025 0 0 0 10.5025 12.3872 0 0 0 12.3872 0 0 0 12.3872 11.2495 0 0 0 11.2495 0 0 0 11.2495 10 0 0 0 10 0 0 0 10 9.22758 0 0 0 9.22758 0 0 0 9.22758 8.24089 0 0 0 8.24089 0 0 0 8.24089 12.5056 0 0 0 12.5056 0 0 0 12.5056 12.9379 0 0 0 12.9379 0 0 0 12.9379 11.7926 0 0 0 11.7926 0 0 0 11.7926 9.38257 0 0 0 9.38257 0 0 0 9.38257 9.36449 0 0 0 9.36449 0 0 0 9.36449 8.81859 0 0 0 8.81859 0 0 0 8.81859 8.89309 0 0 0 8.89309 0 0 0 8.89309 8.87217 0 0 0 8.87217 0 0 0 8.87217 10.447 0 0 0 10.447 0 0 0 10.447 8.47188 0 0 0 8.47188 0 0 0 8.47188 12.4896 0 0 0 12.4896 0 0 0 12.4896 10 0 0 0 10 0 0 0 10 13.2506 0 0 0 13.2506 0 0 0 13.2506 10.8537 0 0 0 10.8537 0 0 0 10.8537 11.885 0 0 0 11.885 0 0 0 11.885 11.2897 0 0 0 11.2897 0 0 0 11.2897 11.9927 0 0 0 11.9927 0 0 0 11.9927 12.124 0 0 0 12.124 0 0 0 12.124 10 0 0 0 10 0 0 0 10 10 0 0 0 10 0 0 0 10 8.42626 0 0 0 8.42626 0 0 0 8.42626 13.2509 0 0 0 13.2509 0 0 0 13.2509 12.0912 0 0 0 12.0912 0 0 0 12.0912 13.165 0 0 0 13.165 0 0 0 13.165 12.4057 0 0 0 12.4057 0 0 0 12.4057 12.4864 0 0 0 12.4864 0 0 0 12.4864 12.5148 0 0 0 12.5148 0 0 0 12.5148 13.0049 0 0 0 13.0049 0 0 0 13.0049 10 0 0 0 10 0 0 0 10 10 0 0 0 10 0 0 0 10 10.3692 0 0 0 10.3692 0 0 0 10.3692 11.004 0 0 0 11.004 0 0 0 11.004 10 0 0 0 10 0 0 0 10 12.8309 0 0 0 12.8309 0 0 0 12.8309 11.639 0 0 0 11.639 0 0 0 11.639 11.5418 0 0 0 11.5418 0 0 0 11.5418 10 0 0 0 10 0 0 0 10 8.62154 0 0 0 8.62154 0 0 0 8.62154 11.6512 0 0 0 11.6512 0 0 0 11.6512 12.3093 0 0 0 12.3093 0 0 0 12.3093 11.3738 0 0 0 11.3738 0 0 0 11.3738 10 0 0 0 10 0 0 0 10 7.21012 0 0 0 7.21012 0 0 0 7.21012 10.9608 0 0 0 10.9608 0 0 0 10.9608 8.82685 0 0 0 8.82685 0 0 0 8.82685 10 0 0 0 10 0 0 0 10 11.9369 0 0 0 11.9369 0 0 0 11.9369 11.1609 0 0 0 11.1609 0 0 0 11.1609 10 0 0 0 10 0 0 0 10 11.1945 0 0 0 11.1945 0 0 0 11.1945 12.0223 0 0 0 12.0223 0 0 0 12.0223 11.6435 0 0 0 11.6435 0 0 0 11.6435 7.36372 0 0 0 7.36372 0 0 0 7.36372 8.00854 0 0 0 8.00854 0 0 0 8.00854 8.72592 0 0 0 8.72592 0 0 0 8.72592 10 0 0 0 10 0 0 0 10 12.2047 0 0 0 12.2047 0 0 0 12.2047 12.8936 0 0 0 12.8936 0 0 0 12.8936 8.64686 0 0 0 8.64686 0 0 0 8.64686 10 0 0 0 10 0 0 0 10 11.6475 0 0 0 11.6475 0 0 0 11.6475 9.48439 0 0 0 9.48439 0 0 0 9.48439 11.0345 0 0 0 11.0345 0 0 0 11.0345 9.78784 0 0 0 9.78784 0 0 0 9.78784 8.58063 0 0 0 8.58063 0 0 0 8.58063 11.0022 0 0 0 11.0022 0 0 0 11.0022 11.8839 0 0 0 11.8839 0 0 0 11.8839 10 0 0 0 10 0 0 0 10 10 0 0 0 10 0 0 0 10 11.8329 0 0 0 11.8329 0 0 0 11.8329 11.641 0 0 0 11.641 0 0 0 11.641 12.8538 0 0 0 12.8538 0 0 0 12.8538 12.8964 0 0 0 12.8964 0 0 0 12.8964 9.29422 0 0 0 9.29422 0 0 0 9.29422 12.1275 0 0 0 12.1275 0 0 0 12.1275 7.98936 0 0 0 7.98936 0 0 0 7.98936 8.03609 0 0 0 8.03609 0 0 0 8.03609 10 0 0 0 10 0 0 0 10 10.3145 0 0 0 10.3145 0 0 0 10.3145 8.42465 0 0 0 8.42465 0 0 0 8.42465 9.22173 0 0 0 9.22173 0 0 0 9.22173 10 0 0 0 10 0 0 0 10 11.1922 0 0 0 11.1922 0 0 0 11.1922 8.44114 0 0 0 8.44114 0 0 0 8.44114 9.03641 0 0 0 9.03641 0 0 0 9.03641 8.66892 0 0 0 8.66892 0 0 0 8.66892 13.1891 0 0 0 13.1891 0 0 0 13.1891 12.8575 0 0 0 12.8575 0 0 0 12.8575 10 0 0 0 10 0 0 0 10 11.9776 0 0 0 11.9776 0 0 0 11.9776 8.77809 0 0 0 8.77809 0 0 0 8.77809 10 0 0 0 10 0 0 0 10 7.84165 0 0 0 7.84165 0 0 0 7.84165 11.5339 0 0 0 11.5339 0 0 0 11.5339 8.3838 0 0 0 8.3838 0 0 0 8.3838 11.3946 0 0 0 11.3946 0 0 0 11.3946 9.40321 0 0 0 9.40321 0 0 0 9.40321 10 0 0 0 10 0 0 0 10 7.93804 0 0 0 7.93804 0 0 0 7.93804 12.6642 0 0 0 12.6642 0 0 0 12.6642 10 0 0 0 10 0 0 0 10 7.87062 0 0 0 7.87062 0 0 0 7.87062 12.9656 0 0 0 12.9656 0 0 0 12.9656 12.3539 0 0 0 12.3539 0 0 0 12.3539 7.99234 0 0 0 7.99234 0 0 0 7.99234 10 0 0 0 10 0 0 0 10 8.43586 0 0 0 8.43586 0 0 0 8.43586 10 0 0 0 10 0 0 0 10 11.9955 0 0 0 11.9955 0 0 0 11.9955 11.5549 0 0 0 11.5549 0 0 0 11.5549 7.96046 0 0 0 7.96046 0 0 0 7.96046 12.6604 0 0 0 12.6604 0 0 0 12.6604 11.1228 0 0 0 11.1228 0 0 0 11.1228 10.9487 0 0 0 10.9487 0 0 0 10.9487 10 0 0 0 10 0 0 0 10 11.2538 0 0 0 11.2538 0 0 0 11.2538 12.1542 0 0 0 12.1542 0 0 0 12.1542 10 0 0 0 10 0 0 0 10 8.91696 0 0 0 8.91696 0 0 0 8.91696 11.8276 0 0 0 11.8276 0 0 0 11.8276 8.88276 0 0 0 8.88276 0 0 0 8.88276 10.6725 0 0 0 10.6725 0 0 0 10.6725 9.88229 0 0 0 9.88229 0 0 0 9.88229 9.15976 0 0 0 9.15976 0 0 0 9.15976 10.9818 0 0 0 10.9818 0 0 0 10.9818 10 0 0 0 10 0 0 0 10 10 0 0 0 10 0 0 0 10 13.2337 0 0 0 13.2337 0 0 0 13.2337 8.20817 0 0 0 8.20817 0 0 0 8.20817 8.80567 0 0 0 8.80567 0 0 0 8.80567 12.7906 0 0 0 12.7906 0 0 0 12.7906 10 0 0 0 10 0 0 0 10 12.5576 0 0 0 12.5576 0 0 0 12.5576 8.15253 0 0 0 8.15253 0 0 0 8.15253 10 0 0 0 10 0 0 0 10 11.9657 0 0 0 11.9657 0 0 0 11.9657 9.47382 0 0 0 9.47382 0 0 0 9.47382 9.46433 0 0 0 9.46433 0 0 0 9.46433 11.8029 0 0 0 11.8029 0 0 0 11.8029 11.1745 0 0 0 11.1745 0 0 0 11.1745 11.9111 0 0 0 11.9111 0 0 0 11.9111 12.6611 0 0 0 12.6611 0 0 0 12.6611 8.77842 0 0 0 8.77842 0 0 0 8.77842 11.8655 0 0 0 11.8655 0 0 0 11.8655 12.9858 0 0 0 12.9858 0 0 0 12.9858 8.25204 0 0 0 8.25204 0 0 0 8.25204 10 0 0 0 10 0 0 0 10 12.5103 0 0 0 12.5103 0 0 0 12.5103 13.1534 0 0 0 13.1534 0 0 0 13.1534 12.8581 0 0 0 12.8581 0 0 0 12.8581 11.9463 0 0 0 11.9463 0 0 0 11.9463 8.1699 0 0 0 8.1699 0 0 0 8.1699 9.59913 0 0 0 9.59913 0 0 0 9.59913 10 0 0 0 10 0 0 0 10 11.1871 0 0 0 11.1871 0 0 0 11.1871 12.2646 0 0 0 12.2646 0 0 0 12.2646 10.3475 0 0 0 10.3475 0 0 0 10.3475 9.54923 0 0 0 9.54923 0 0 0 9.54923 12.3266 0 0 0 12.3266 0 0 0 12.3266 12.1811 0 0 0 12.1811 0 0 0 12.1811 7.79788 0 0 0 7.79788 0 0 0 7.79788 10 0 0 0 10 0 0 0 10 11.1188 0 0 0 11.1188 0 0 0 11.1188 12.3958 0 0 0 12.3958 0 0 0 12.3958 9.35649 0 0 0 9.35649 0 0 0 9.35649 8.27064 0 0 0 8.27064 0 0 0 8.27064 12.2096 0 0 0 12.2096 0 0 0 12.2096 10.8139 0 0 0 10.8139 0 0 0 10.8139 11.4362 0 0 0 11.4362 0 0 0 11.4362 11.9478 0 0 0 11.9478 0 0 0 11.9478 12.611 0 0 0 12.611 0 0 0 12.611 7.96718 0 0 0 7.96718 0 0 0 7.96718 12.5857 0 0 0 12.5857 0 0 0 12.5857 13.1139 0 0 0 13.1139 0 0 0 13.1139 12.3149 0 0 0 12.3149 0 0 0 12.3149 12.4275 0 0 0 12.4275 0 0 0 12.4275 11.9204 0 0 0 11.9204 0 0 0 11.9204 12.8634 0 0 0 12.8634 0 0 0 12.8634 13.1361 0 0 0 13.1361 0 0 0 13.1361 12.1524 0 0 0 12.1524 0 0 0 12.1524 13.0087 0 0 0 13.0087 0 0 0 13.0087 9.33988 0 0 0 9.33988 0 0 0 9.33988 12.111 0 0 0 12.111 0 0 0 12.111 9.82332 0 0 0 9.82332 0 0 0 9.82332 10 0 0 0 10 0 0 0 10 12.5067 0 0 0 12.5067 0 0 0 12.5067 10 0 0 0 10 0 0 0 10 9.56474 0 0 0 9.56474 0 0 0 9.56474 11.2331 0 0 0 11.2331 0 0 0 11.2331 7.5851 0 0 0 7.5851 0 0 0 7.5851 8.28833 0 0 0 8.28833 0 0 0 8.28833 10 0 0 0 10 0 0 0 10 9.29483 0 0 0 9.29483 0 0 0 9.29483 9.35583 0 0 0 9.35583 0 0 0 9.35583 11.0659 0 0 0 11.0659 0 0 0 11.0659 9.27967 0 0 0 9.27967 0 0 0 9.27967 10 0 0 0 10 0 0 0 10 9.26192 0 0 0 9.26192 0 0 0 9.26192 10.7096 0 0 0 10.7096 0 0 0 10.7096 11.5565 0 0 0 11.5565 0 0 0 11.5565 12.9319 0 0 0 12.9319 0 0 0 12.9319 8.58806 0 0 0 8.58806 0 0 0 8.58806 11.749 0 0 0 11.749 0 0 0 11.749 10 0 0 0 10 0 0 0 10 9.84305 0 0 0 9.84305 0 0 0 9.84305 10 0 0 0 10 0 0 0 10 10 0 0 0 10 0 0 0 10 11.0368 0 0 0 11.0368 0 0 0 11.0368 8.81404 0 0 0 8.81404 0 0 0 8.81404 12.3128 0 0 0 12.3128 0 0 0 12.3128 12.5874 0 0 0 12.5874 0 0 0 12.5874 11.0982 0 0 0 11.0982 0 0 0 11.0982 9.57296 0 0 0 9.57296 0 0 0 9.57296 8.00116 0 0 0 8.00116 0 0 0 8.00116 9.00574 0 0 0 9.00574 0 0 0 9.00574 13.2832 0 0 0 13.2832 0 0 0 13.2832 12.0737 0 0 0 12.0737 0 0 0 12.0737 11.9533 0 0 0 11.9533 0 0 0 11.9533 11.2047 0 0 0 11.2047 0 0 0 11.2047 7.92511 0 0 0 7.92511 0 0 0 7.92511 7.90994 0 0 0 7.90994 0 0 0 7.90994 10.587 0 0 0 10.587 0 0 0 10.587 9.27065 0 0 0 9.27065 0 0 0 9.27065 11.1888 0 0 0 11.1888 0 0 0 11.1888 13.1421 0 0 0 13.1421 0 0 0 13.1421 11.017 0 0 0 11.017 0 0 0 11.017 11.362 0 0 0 11.362 0 0 0 11.362 12.811 0 0 0 12.811 0 0 0 12.811 10 0 0 0 10 0 0 0 10 11.8961 0 0 0 11.8961 0 0 0 11.8961 9.97218 0 0 0 9.97218 0 0 0 9.97218 12.0773 0 0 0 12.0773 0 0 0 12.0773 7.87812 0 0 0 7.87812 0 0 0 7.87812 12.787 0 0 0 12.787 0 0 0 12.787 10 0 0 0 10 0 0 0 10 9.0952 0 0 0 9.0952 0 0 0 9.0952 10.8233 0 0 0 10.8233 0 0 0 10.8233 11.0001 0 0 0 11.0001 0 0 0 11.0001 12.1945 0 0 0 12.1945 0 0 0 12.1945 9.5884 0 0 0 9.5884 0 0 0 9.5884 12.0132 0 0 0 12.0132 0 0 0 12.0132 12.6549 0 0 0 12.6549 0 0 0 12.6549 10 0 0 0 10 0 0 0 10 9.89128 0 0 0 9.89128 0 0 0 9.89128 12.0422 0 0 0 12.0422 0 0 0 12.0422 8.08463 0 0 0 8.08463 0 0 0 8.08463 8.44455 0 0 0 8.44455 0 0 0 8.44455 13.2551 0 0 0 13.2551 0 0 0 13.2551 11.8233 0 0 0 11.8233 0 0 0 11.8233 10 0 0 0 10 0 0 0 10 11.937 0 0 0 11.937 0 0 0 11.937 12.8806 0 0 0 12.8806 0 0 0 12.8806 12.0441 0 0 0 12.0441 0 0 0 12.0441 11.8837 0 0 0 11.8837 0 0 0 11.8837 10 0 0 0 10 0 0 0 10 8.01345 0 0 0 8.01345 0 0 0 8.01345 7.53812 0 0 0 7.53812 0 0 0 7.53812 12.3342 0 0 0 12.3342 0 0 0 12.3342 8.87062 0 0 0 8.87062 0 0 0 8.87062 7.82511 0 0 0 7.82511 0 0 0 7.82511 9.65044 0 0 0 9.65044 0 0 0 9.65044 9.31685 0 0 0 9.31685 0 0 0 9.31685 10 0 0 0 10 0 0 0 10 12.8201 0 0 0 12.8201 0 0 0 12.8201 13.2677 0 0 0 13.2677 0 0 0 13.2677 10 0 0 0 10 0 0 0 10 10 0 0 0 10 0 0 0 10 12.1436 0 0 0 12.1436 0 0 0 12.1436 7.88678 0 0 0 7.88678 0 0 0 7.88678 11.09 0 0 0 11.09 0 0 0 11.09 13.0763 0 0 0 13.0763 0 0 0 13.0763 9.00298 0 0 0 9.00298 0 0 0 9.00298 8.87519 0 0 0 8.87519 0 0 0 8.87519 8.99453 0 0 0 8.99453 0 0 0 8.99453 9.56439 0 0 0 9.56439 0 0 0 9.56439 11.1649 0 0 0 11.1649 0 0 0 11.1649 11.1045 0 0 0 11.1045 0 0 0 11.1045 12.1495 0 0 0 12.1495 0 0 0 12.1495 11.0787 0 0 0 11.0787 0 0 0 11.0787 10 0 0 0 10 0 0 0 10 10 0 0 0 10 0 0 0 10 12.0357 0 0 0 12.0357 0 0 0 12.0357 8.69244 0 0 0 8.69244 0 0 0 8.69244 7.94511 0 0 0 7.94511 0 0 0 7.94511 8.81489 0 0 0 8.81489 0 0 0 8.81489 9.5455 0 0 0 9.5455 0 0 0 9.5455 7.87555 0 0 0 7.87555 0 0 0 7.87555 12.7127 0 0 0 12.7127 0 0 0 12.7127 13.2651 0 0 0 13.2651 0 0 0 13.2651 10 0 0 0 10 0 0 0 10 8.62638 0 0 0 8.62638 0 0 0 8.62638 11.0454 0 0 0 11.0454 0 0 0 11.0454 11.189 0 0 0 11.189 0 0 0 11.189 10 0 0 0 10 0 0 0 10 10 0 0 0 10 0 0 0 10 12.2141 0 0 0 12.2141 0 0 0 12.2141 9.62005 0 0 0 9.62005 0 0 0 9.62005 11.8658 0 0 0 11.8658 0 0 0 11.8658 11.1624 0 0 0 11.1624 0 0 0 11.1624 7.59552 0 0 0 7.59552 0 0 0 7.59552 11.9562 0 0 0 11.9562 0 0 0 11.9562 11.9339 0 0 0 11.9339 0 0 0 11.9339 7.90872 0 0 0 7.90872 0 0 0 7.90872 11.9125 0 0 0 11.9125 0 0 0 11.9125 11.7849 0 0 0 11.7849 0 0 0 11.7849 11.9834 0 0 0 11.9834 0 0 0 11.9834 9.31001 0 0 0 9.31001 0 0 0 9.31001 9.38065 0 0 0 9.38065 0 0 0 9.38065 10 0 0 0 10 0 0 0 10 9.01977 0 0 0 9.01977 0 0 0 9.01977 12.1084 0 0 0 12.1084 0 0 0 12.1084 8.38923 0 0 0 8.38923 0 0 0 8.38923 11.959 0 0 0 11.959 0 0 0 11.959 11.44 0 0 0 11.44 0 0 0 11.44 7.87087 0 0 0 7.87087 0 0 0 7.87087 10.3456 0 0 0 10.3456 0 0 0 10.3456 10 0 0 0 10 0 0 0 10 10 0 0 0 10 0 0 0 10 8.97775 0 0 0 8.97775 0 0 0 8.97775 12.9063 0 0 0 12.9063 0 0 0 12.9063 12.5539 0 0 0 12.5539 0 0 0 12.5539 10.3824 0 0 0 10.3824 0 0 0 10.3824 9.57594 0 0 0 9.57594 0 0 0 9.57594 8.63789 0 0 0 8.63789 0 0 0 8.63789 12.4261 0 0 0 12.4261 0 0 0 12.4261 12.3697 0 0 0 12.3697 0 0 0 12.3697 7.98007 0 0 0 7.98007 0 0 0 7.98007 11.0019 0 0 0 11.0019 0 0 0 11.0019 7.42136 0 0 0 7.42136 0 0 0 7.42136 9.48548 0 0 0 9.48548 0 0 0 9.48548 12.5999 0 0 0 12.5999 0 0 0 12.5999 12.9683 0 0 0 12.9683 0 0 0 12.9683 8.39832 0 0 0 8.39832 0 0 0 8.39832 10.5585 0 0 0 10.5585 0 0 0 10.5585 13.2177 0 0 0 13.2177 0 0 0 13.2177 9.42277 0 0 0 9.42277 0 0 0 9.42277 13.1382 0 0 0 13.1382 0 0 0 13.1382 11.57 0 0 0 11.57 0 0 0 11.57 10 0 0 0 10 0 0 0 10 12.2507 0 0 0 12.2507 0 0 0 12.2507 8.16214 0 0 0 8.16214 0 0 0 8.16214 10.9589 0 0 0 10.9589 0 0 0 10.9589 10.2032 0 0 0 10.2032 0 0 0 10.2032 7.84273 0 0 0 7.84273 0 0 0 7.84273 11.9732 0 0 0 11.9732 0 0 0 11.9732 11.0335 0 0 0 11.0335 0 0 0 11.0335 10.409 0 0 0 10.409 0 0 0 10.409 12.6646 0 0 0 12.6646 0 0 0 12.6646 12.3072 0 0 0 12.3072 0 0 0 12.3072 8.05497 0 0 0 8.05497 0 0 0 8.05497 10 0 0 0 10 0 0 0 10 12.9667 0 0 0 12.9667 0 0 0 12.9667 11.8395 0 0 0 11.8395 0 0 0 11.8395 7.87111 0 0 0 7.87111 0 0 0 7.87111 8.83181 0 0 0 8.83181 0 0 0 8.83181 12.5353 0 0 0 12.5353 0 0 0 12.5353 12.7979 0 0 0 12.7979 0 0 0 12.7979 8.12944 0 0 0 8.12944 0 0 0 8.12944 11.8139 0 0 0 11.8139 0 0 0 11.8139 11.1553 0 0 0 11.1553 0 0 0 11.1553 11.9087 0 0 0 11.9087 0 0 0 11.9087 8.36147 0 0 0 8.36147 0 0 0 8.36147 11.6968 0 0 0 11.6968 0 0 0 11.6968 11.1832 0 0 0 11.1832 0 0 0 11.1832 10 0 0 0 10 0 0 0 10 12.6029 0 0 0 12.6029 0 0 0 12.6029 10 0 0 0 10 0 0 0 10 11.0737 0 0 0 11.0737 0 0 0 11.0737 9.97028 0 0 0 9.97028 0 0 0 9.97028 7.88612 0 0 0 7.88612 0 0 0 7.88612 8.56552 0 0 0 8.56552 0 0 0 8.56552 9.00664 0 0 0 9.00664 0 0 0 9.00664 9.59443 0 0 0 9.59443 0 0 0 9.59443 11.6396 0 0 0 11.6396 0 0 0 11.6396 13.2737 0 0 0 13.2737 0 0 0 13.2737 10 0 0 0 10 0 0 0 10 13.1345 0 0 0 13.1345 0 0 0 13.1345 8.95214 0 0 0 8.95214 0 0 0 8.95214 10 0 0 0 10 0 0 0 10 10.6909 0 0 0 10.6909 0 0 0 10.6909 8.7417 0 0 0 8.7417 0 0 0 8.7417 12.9541 0 0 0 12.9541 0 0 0 12.9541 12.635 0 0 0 12.635 0 0 0 12.635 8.30053 0 0 0 8.30053 0 0 0 8.30053 11.0279 0 0 0 11.0279 0 0 0 11.0279 13.1646 0 0 0 13.1646 0 0 0 13.1646 11.8215 0 0 0 11.8215 0 0 0 11.8215 13.2521 0 0 0 13.2521 0 0 0 13.2521 11.1607 0 0 0 11.1607 0 0 0 11.1607 10 0 0 0 10 0 0 0 10 11.6039 0 0 0 11.6039 0 0 0 11.6039 12.0113 0 0 0 12.0113 0 0 0 12.0113 13.2285 0 0 0 13.2285 0 0 0 13.2285 10 0 0 0 10 0 0 0 10 8.03321 0 0 0 8.03321 0 0 0 8.03321 12.1575 0 0 0 12.1575 0 0 0 12.1575 10.9963 0 0 0 10.9963 0 0 0 10.9963 10 0 0 0 10 0 0 0 10 10.9819 0 0 0 10.9819 0 0 0 10.9819 10.3414 0 0 0 10.3414 0 0 0 10.3414 12.5836 0 0 0 12.5836 0 0 0 12.5836 10.9985 0 0 0 10.9985 0 0 0 10.9985 12.6453 0 0 0 12.6453 0 0 0 12.6453 7.83333 0 0 0 7.83333 0 0 0 7.83333 11.1086 0 0 0 11.1086 0 0 0 11.1086 9.29314 0 0 0 9.29314 0 0 0 9.29314 12.4113 0 0 0 12.4113 0 0 0 12.4113 10 0 0 0 10 0 0 0 10 10 0 0 0 10 0 0 0 10 9.19373 0 0 0 9.19373 0 0 0 9.19373 10.8964 0 0 0 10.8964 0 0 0 10.8964 10 0 0 0 10 0 0 0 10 9.26253 0 0 0 9.26253 0 0 0 9.26253 10 0 0 0 10 0 0 0 10 7.98356 0 0 0 7.98356 0 0 0 7.98356 7.98633 0 0 0 7.98633 0 0 0 7.98633 10 0 0 0 10 0 0 0 10 12.8408 0 0 0 12.8408 0 0 0 12.8408 10 0 0 0 10 0 0 0 10 9.27404 0 0 0 9.27404 0 0 0 9.27404 10 0 0 0 10 0 0 0 10 13.2815 0 0 0 13.2815 0 0 0 13.2815 10.8644 0 0 0 10.8644 0 0 0 10.8644 11.0784 0 0 0 11.0784 0 0 0 11.0784 11.7714 0 0 0 11.7714 0 0 0 11.7714 9.37285 0 0 0 9.37285 0 0 0 9.37285 11.1735 0 0 0 11.1735 0 0 0 11.1735 7.87247 0 0 0 7.87247 0 0 0 7.87247 8.65257 0 0 0 8.65257 0 0 0 8.65257 10 0 0 0 10 0 0 0 10 8.88806 0 0 0 8.88806 0 0 0 8.88806 10 0 0 0 10 0 0 0 10 7.86575 0 0 0 7.86575 0 0 0 7.86575 11.8714 0 0 0 11.8714 0 0 0 11.8714 8.9887 0 0 0 8.9887 0 0 0 8.9887 12.6793 0 0 0 12.6793 0 0 0 12.6793 8.74856 0 0 0 8.74856 0 0 0 8.74856 12.2185 0 0 0 12.2185 0 0 0 12.2185 10 0 0 0 10 0 0 0 10 10 0 0 0 10 0 0 0 10 8.14492 0 0 0 8.14492 0 0 0 8.14492 11.6877 0 0 0 11.6877 0 0 0 11.6877 12.8809 0 0 0 12.8809 0 0 0 12.8809 11.1093 0 0 0 11.1093 0 0 0 11.1093 13.1455 0 0 0 13.1455 0 0 0 13.1455 10 0 0 0 10 0 0 0 10 8.06157 0 0 0 8.06157 0 0 0 8.06157 12.0396 0 0 0 12.0396 0 0 0 12.0396 12.1384 0 0 0 12.1384 0 0 0 12.1384 12.1981 0 0 0 12.1981 0 0 0 12.1981 11.8367 0 0 0 11.8367 0 0 0 11.8367 9.23239 0 0 0 9.23239 0 0 0 9.23239 10 0 0 0 10 0 0 0 10 12.2067 0 0 0 12.2067 0 0 0 12.2067 7.40141 0 0 0 7.40141 0 0 0 7.40141 7.77084 0 0 0 7.77084 0 0 0 7.77084 7.34502 0 0 0 7.34502 0 0 0 7.34502 12.605 0 0 0 12.605 0 0 0 12.605 11.9827 0 0 0 11.9827 0 0 0 11.9827 12.1634 0 0 0 12.1634 0 0 0 12.1634 11.9257 0 0 0 11.9257 0 0 0 11.9257 12.1472 0 0 0 12.1472 0 0 0 12.1472 11.7601 0 0 0 11.7601 0 0 0 11.7601 11.0021 0 0 0 11.0021 0 0 0 11.0021 10 0 0 0 10 0 0 0 10 11.6471 0 0 0 11.6471 0 0 0 11.6471 8.8977 0 0 0 8.8977 0 0 0 8.8977 9.17981 0 0 0 9.17981 0 0 0 9.17981 7.79127 0 0 0 7.79127 0 0 0 7.79127 11.5082 0 0 0 11.5082 0 0 0 11.5082 10 0 0 0 10 0 0 0 10 7.26374 0 0 0 7.26374 0 0 0 7.26374 8.869 0 0 0 8.869 0 0 0 8.869 10 0 0 0 10 0 0 0 10 12.6098 0 0 0 12.6098 0 0 0 12.6098 10 0 0 0 10 0 0 0 10 12.4039 0 0 0 12.4039 0 0 0 12.4039 9.57239 0 0 0 9.57239 0 0 0 9.57239 7.83376 0 0 0 7.83376 0 0 0 7.83376 7.54994 0 0 0 7.54994 0 0 0 7.54994 10 0 0 0 10 0 0 0 10 10 0 0 0 10 0 0 0 10 9.0286 0 0 0 9.0286 0 0 0 9.0286 11.9725 0 0 0 11.9725 0 0 0 11.9725 8.83383 0 0 0 8.83383 0 0 0 8.83383 13.223 0 0 0 13.223 0 0 0 13.223 12.7179 0 0 0 12.7179 0 0 0 12.7179 10 0 0 0 10 0 0 0 10 8.00412 0 0 0 8.00412 0 0 0 8.00412 8.15649 0 0 0 8.15649 0 0 0 8.15649 11.0307 0 0 0 11.0307 0 0 0 11.0307 11.8389 0 0 0 11.8389 0 0 0 11.8389 11.8154 0 0 0 11.8154 0 0 0 11.8154 8.96873 0 0 0 8.96873 0 0 0 8.96873 11.6565 0 0 0 11.6565 0 0 0 11.6565 9.16306 0 0 0 9.16306 0 0 0 9.16306 12.5737 0 0 0 12.5737 0 0 0 12.5737 11.0194 0 0 0 11.0194 0 0 0 11.0194 11.139 0 0 0 11.139 0 0 0 11.139 10 0 0 0 10 0 0 0 10 10 0 0 0 10 0 0 0 10 10 0 0 0 10 0 0 0 10 10 0 0 0 10 0 0 0 10 11.3652 0 0 0 11.3652 0 0 0 11.3652 12.6729 0 0 0 12.6729 0 0 0 12.6729 7.56766 0 0 0 7.56766 0 0 0 7.56766 8.70929 0 0 0 8.70929 0 0 0 8.70929 12.8975 0 0 0 12.8975 0 0 0 12.8975 11.188 0 0 0 11.188 0 0 0 11.188 12.6074 0 0 0 12.6074 0 0 0 12.6074 10.2217 0 0 0 10.2217 0 0 0 10.2217 9.79164 0 0 0 9.79164 0 0 0 9.79164 10 0 0 0 10 0 0 0 10 10 0 0 0 10 0 0 0 10 12.478 0 0 0 12.478 0 0 0 12.478 8.84208 0 0 0 8.84208 0 0 0 8.84208 10.9696 0 0 0 10.9696 0 0 0 10.9696 9.69836 0 0 0 9.69836 0 0 0 9.69836 12.8799 0 0 0 12.8799 0 0 0 12.8799 12.8481 0 0 0 12.8481 0 0 0 12.8481 10.6193 0 0 0 10.6193 0 0 0 10.6193 9.30602 0 0 0 9.30602 0 0 0 9.30602 11.6043 0 0 0 11.6043 0 0 0 11.6043 10 0 0 0 10 0 0 0 10 12.9885 0 0 0 12.9885 0 0 0 12.9885 8.05244 0 0 0 8.05244 0 0 0 8.05244 12.9873 0 0 0 12.9873 0 0 0 12.9873 11.1507 0 0 0 11.1507 0 0 0 11.1507 8.36265 0 0 0 8.36265 0 0 0 8.36265 9.88678 0 0 0 9.88678 0 0 0 9.88678 9.91439 0 0 0 9.91439 0 0 0 9.91439 10 0 0 0 10 0 0 0 10 10.6687 0 0 0 10.6687 0 0 0 10.6687 13.086 0 0 0 13.086 0 0 0 13.086 10.9731 0 0 0 10.9731 0 0 0 10.9731 10 0 0 0 10 0 0 0 10 8.81525 0 0 0 8.81525 0 0 0 8.81525 11.8158 0 0 0 11.8158 0 0 0 11.8158 8.68661 0 0 0 8.68661 0 0 0 8.68661 9.25299 0 0 0 9.25299 0 0 0 9.25299 12.197 0 0 0 12.197 0 0 0 12.197 13.2509 0 0 0 13.2509 0 0 0 13.2509 7.95949 0 0 0 7.95949 0 0 0 7.95949 12.7482 0 0 0 12.7482 0 0 0 12.7482 10 0 0 0 10 0 0 0 10 11.8478 0 0 0 11.8478 0 0 0 11.8478 10 0 0 0 10 0 0 0 10 8.59659 0 0 0 8.59659 0 0 0 8.59659 11.9217 0 0 0 11.9217 0 0 0 11.9217 11.9163 0 0 0 11.9163 0 0 0 11.9163 10 0 0 0 10 0 0 0 10 12.067 0 0 0 12.067 0 0 0 12.067 8.54394 0 0 0 8.54394 0 0 0 8.54394 10 0 0 0 10 0 0 0 10 8.92814 0 0 0 8.92814 0 0 0 8.92814 13.1945 0 0 0 13.1945 0 0 0 13.1945 12.6051 0 0 0 12.6051 0 0 0 12.6051 12.5146 0 0 0 12.5146 0 0 0 12.5146 11.9725 0 0 0 11.9725 0 0 0 11.9725 12.5368 0 0 0 12.5368 0 0 0 12.5368 13.2674 0 0 0 13.2674 0 0 0 13.2674 12.5474 0 0 0 12.5474 0 0 0 12.5474 10.9777 0 0 0 10.9777 0 0 0 10.9777 11.1175 0 0 0 11.1175 0 0 0 11.1175 11.1475 0 0 0 11.1475 0 0 0 11.1475 10.9867 0 0 0 10.9867 0 0 0 10.9867 10.9488 0 0 0 10.9488 0 0 0 10.9488 12.7072 0 0 0 12.7072 0 0 0 12.7072 12.6359 0 0 0 12.6359 0 0 0 12.6359 7.7839 0 0 0 7.7839 0 0 0 7.7839 12.7554 0 0 0 12.7554 0 0 0 12.7554 8.47504 0 0 0 8.47504 0 0 0 8.47504 8.61636 0 0 0 8.61636 0 0 0 8.61636 10 0 0 0 10 0 0 0 10 10 0 0 0 10 0 0 0 10 10 0 0 0 10 0 0 0 10 12.5668 0 0 0 12.5668 0 0 0 12.5668 9.84008 0 0 0 9.84008 0 0 0 9.84008 9.77197 0 0 0 9.77197 0 0 0 9.77197 10 0 0 0 10 0 0 0 10 10 0 0 0 10 0 0 0 10 8.86978 0 0 0 8.86978 0 0 0 8.86978 7.03833 0 0 0 7.03833 0 0 0 7.03833 11.8074 0 0 0 11.8074 0 0 0 11.8074 8.3682 0 0 0 8.3682 0 0 0 8.3682 10 0 0 0 10 0 0 0 10 9.74986 0 0 0 9.74986 0 0 0 9.74986 11.1864 0 0 0 11.1864 0 0 0 11.1864 11.8414 0 0 0 11.8414 0 0 0 11.8414 11.8547 0 0 0 11.8547 0 0 0 11.8547 12.1826 0 0 0 12.1826 0 0 0 12.1826 8.99456 0 0 0 8.99456 0 0 0 8.99456 11.1609 0 0 0 11.1609 0 0 0 11.1609 13.2431 0 0 0 13.2431 0 0 0 13.2431 12.4696 0 0 0 12.4696 0 0 0 12.4696 13.2779 0 0 0 13.2779 0 0 0 13.2779 7.86419 0 0 0 7.86419 0 0 0 7.86419 11.7161 0 0 0 11.7161 0 0 0 11.7161 10.6963 0 0 0 10.6963 0 0 0 10.6963 10 0 0 0 10 0 0 0 10 10 0 0 0 10 0 0 0 10 13.1866 0 0 0 13.1866 0 0 0 13.1866 12.1236 0 0 0 12.1236 0 0 0 12.1236 8.39832 0 0 0 8.39832 0 0 0 8.39832 10.4839 0 0 0 10.4839 0 0 0 10.4839 11.614 0 0 0 11.614 0 0 0 11.614 12.2035 0 0 0 12.2035 0 0 0 12.2035 7.96004 0 0 0 7.96004 0 0 0 7.96004 12.5256 0 0 0 12.5256 0 0 0 12.5256 9.21994 0 0 0 9.21994 0 0 0 9.21994 12.9038 0 0 0 12.9038 0 0 0 12.9038 7.96497 0 0 0 7.96497 0 0 0 7.96497 8.53147 0 0 0 8.53147 0 0 0 8.53147 10 0 0 0 10 0 0 0 10 12.7812 0 0 0 12.7812 0 0 0 12.7812 12.7399 0 0 0 12.7399 0 0 0 12.7399 9.85749 0 0 0 9.85749 0 0 0 9.85749 8.56348 0 0 0 8.56348 0 0 0 8.56348 11.97 0 0 0 11.97 0 0 0 11.97 10.468 0 0 0 10.468 0 0 0 10.468 12.9131 0 0 0 12.9131 0 0 0 12.9131 10.8454 0 0 0 10.8454 0 0 0 10.8454 8.00324 0 0 0 8.00324 0 0 0 8.00324 8.89674 0 0 0 8.89674 0 0 0 8.89674 8.06984 0 0 0 8.06984 0 0 0 8.06984 10.415 0 0 0 10.415 0 0 0 10.415 10 0 0 0 10 0 0 0 10 8.55168 0 0 0 8.55168 0 0 0 8.55168 9.63023 0 0 0 9.63023 0 0 0 9.63023 11.0683 0 0 0 11.0683 0 0 0 11.0683 9.04367 0 0 0 9.04367 0 0 0 9.04367 12.413 0 0 0 12.413 0 0 0 12.413 10 0 0 0 10 0 0 0 10 8.66107 0 0 0 8.66107 0 0 0 8.66107 10 0 0 0 10 0 0 0 10 11.1466 0 0 0 11.1466 0 0 0 11.1466 12.3086 0 0 0 12.3086 0 0 0 12.3086 8.2333 0 0 0 8.2333 0 0 0 8.2333 13.0779 0 0 0 13.0779 0 0 0 13.0779 8.93143 0 0 0 8.93143 0 0 0 8.93143 8.03042 0 0 0 8.03042 0 0 0 8.03042 11.7692 0 0 0 11.7692 0 0 0 11.7692 12.3142 0 0 0 12.3142 0 0 0 12.3142 11.03 0 0 0 11.03 0 0 0 11.03 9.39047 0 0 0 9.39047 0 0 0 9.39047 7.58334 0 0 0 7.58334 0 0 0 7.58334 10.9783 0 0 0 10.9783 0 0 0 10.9783 10.717 0 0 0 10.717 0 0 0 10.717 9.64332 0 0 0 9.64332 0 0 0 9.64332 8.30738 0 0 0 8.30738 0 0 0 8.30738 10 0 0 0 10 0 0 0 10 13.1387 0 0 0 13.1387 0 0 0 13.1387 7.77154 0 0 0 7.77154 0 0 0 7.77154 10.625 0 0 0 10.625 0 0 0 10.625 9.93654 0 0 0 9.93654 0 0 0 9.93654 10 0 0 0 10 0 0 0 10 10 0 0 0 10 0 0 0 10 12.7255 0 0 0 12.7255 0 0 0 12.7255 12.0073 0 0 0 12.0073 0 0 0 12.0073 10 0 0 0 10 0 0 0 10 11.0592 0 0 0 11.0592 0 0 0 11.0592 12.7919 0 0 0 12.7919 0 0 0 12.7919 7.84474 0 0 0 7.84474 0 0 0 7.84474 9.65576 0 0 0 9.65576 0 0 0 9.65576 11.2164 0 0 0 11.2164 0 0 0 11.2164 11.2473 0 0 0 11.2473 0 0 0 11.2473 10.9673 0 0 0 10.9673 0 0 0 10.9673 10 0 0 0 10 0 0 0 10 7.83994 0 0 0 7.83994 0 0 0 7.83994 7.92474 0 0 0 7.92474 0 0 0 7.92474 13.2127 0 0 0 13.2127 0 0 0 13.2127 12.962 0 0 0 12.962 0 0 0 12.962 11.3529 0 0 0 11.3529 0 0 0 11.3529 12.6061 0 0 0 12.6061 0 0 0 12.6061 8.82075 0 0 0 8.82075 0 0 0 8.82075 11.7641 0 0 0 11.7641 0 0 0 11.7641 10 0 0 0 10 0 0 0 10 13.0388 0 0 0 13.0388 0 0 0 13.0388 10.9238 0 0 0 10.9238 0 0 0 10.9238 9.73231 0 0 0 9.73231 0 0 0 9.73231 10 0 0 0 10 0 0 0 10 12.1002 0 0 0 12.1002 0 0 0 12.1002 11.2823 0 0 0 11.2823 0 0 0 11.2823 13.1046 0 0 0 13.1046 0 0 0 13.1046 8.01206 0 0 0 8.01206 0 0 0 8.01206 10 0 0 0 10 0 0 0 10 11.5982 0 0 0 11.5982 0 0 0 11.5982 13.1825 0 0 0 13.1825 0 0 0 13.1825 9.13379 0 0 0 9.13379 0 0 0 9.13379 8.83341 0 0 0 8.83341 0 0 0 8.83341 7.11485 0 0 0 7.11485 0 0 0 7.11485 11.2576 0 0 0 11.2576 0 0 0 11.2576 11.1721 0 0 0 11.1721 0 0 0 11.1721 12.9359 0 0 0 12.9359 0 0 0 12.9359 11.1435 0 0 0 11.1435 0 0 0 11.1435 11.541 0 0 0 11.541 0 0 0 11.541 10 0 0 0 10 0 0 0 10 11.9112 0 0 0 11.9112 0 0 0 11.9112 11.9575 0 0 0 11.9575 0 0 0 11.9575 9.44897 0 0 0 9.44897 0 0 0 9.44897 12.1102 0 0 0 12.1102 0 0 0 12.1102 7.98433 0 0 0 7.98433 0 0 0 7.98433 11.0612 0 0 0 11.0612 0 0 0 11.0612 9.48514 0 0 0 9.48514 0 0 0 9.48514 9.53522 0 0 0 9.53522 0 0 0 9.53522 10.7918 0 0 0 10.7918 0 0 0 10.7918 10.2944 0 0 0 10.2944 0 0 0 10.2944 11.884 0 0 0 11.884 0 0 0 11.884 11.9424 0 0 0 11.9424 0 0 0 11.9424 11.1276 0 0 0 11.1276 0 0 0 11.1276 8.82277 0 0 0 8.82277 0 0 0 8.82277 8.62302 0 0 0 8.62302 0 0 0 8.62302 9.66112 0 0 0 9.66112 0 0 0 9.66112 11.1883 0 0 0 11.1883 0 0 0 11.1883 10 0 0 0 10 0 0 0 10 11.1787 0 0 0 11.1787 0 0 0 11.1787 10.9799 0 0 0 10.9799 0 0 0 10.9799 10 0 0 0 10 0 0 0 10 12.8718 0 0 0 12.8718 0 0 0 12.8718 12.3655 0 0 0 12.3655 0 0 0 12.3655 8.80306 0 0 0 8.80306 0 0 0 8.80306 10.4302 0 0 0 10.4302 0 0 0 10.4302 9.73406 0 0 0 9.73406 0 0 0 9.73406 11.1861 0 0 0 11.1861 0 0 0 11.1861 12.407 0 0 0 12.407 0 0 0 12.407 11.202 0 0 0 11.202 0 0 0 11.202 7.92143 0 0 0 7.92143 0 0 0 7.92143 13.0516 0 0 0 13.0516 0 0 0 13.0516 12.7069 0 0 0 12.7069 0 0 0 12.7069 7.9865 0 0 0 7.9865 0 0 0 7.9865 11.0586 0 0 0 11.0586 0 0 0 11.0586 7.35353 0 0 0 7.35353 0 0 0 7.35353 13.0284 0 0 0 13.0284 0 0 0 13.0284 8.18112 0 0 0 8.18112 0 0 0 8.18112 9.14499 0 0 0 9.14499 0 0 0 9.14499 10 0 0 0 10 0 0 0 10 8.01677 0 0 0 8.01677 0 0 0 8.01677 12.1017 0 0 0 12.1017 0 0 0 12.1017 8.90043 0 0 0 8.90043 0 0 0 8.90043 9.30757 0 0 0 9.30757 0 0 0 9.30757 11.1983 0 0 0 11.1983 0 0 0 11.1983 9.99462 0 0 0 9.99462 0 0 0 9.99462 10.5327 0 0 0 10.5327 0 0 0 10.5327 9.04605 0 0 0 9.04605 0 0 0 9.04605 11.1873 0 0 0 11.1873 0 0 0 11.1873 10.6016 0 0 0 10.6016 0 0 0 10.6016 8.28232 0 0 0 8.28232 0 0 0 8.28232 8.4291 0 0 0 8.4291 0 0 0 8.4291 7.54625 0 0 0 7.54625 0 0 0 7.54625 7.88819 0 0 0 7.88819 0 0 0 7.88819 8.23299 0 0 0 8.23299 0 0 0 8.23299 9.73331 0 0 0 9.73331 0 0 0 9.73331 11.8114 0 0 0 11.8114 0 0 0 11.8114 13.0259 0 0 0 13.0259 0 0 0 13.0259 10.4122 0 0 0 10.4122 0 0 0 10.4122 12.734 0 0 0 12.734 0 0 0 12.734 10.5476 0 0 0 10.5476 0 0 0 10.5476 11.0241 0 0 0 11.0241 0 0 0 11.0241 7.20869 0 0 0 7.20869 0 0 0 7.20869 7.94241 0 0 0 7.94241 0 0 0 7.94241 12.3048 0 0 0 12.3048 0 0 0 12.3048 10 0 0 0 10 0 0 0 10 10.4091 0 0 0 10.4091 0 0 0 10.4091 10 0 0 0 10 0 0 0 10 10 0 0 0 10 0 0 0 10 10.7646 0 0 0 10.7646 0 0 0 10.7646 12.8467 0 0 0 12.8467 0 0 0 12.8467 7.96598 0 0 0 7.96598 0 0 0 7.96598 11.5698 0 0 0 11.5698 0 0 0 11.5698 12.99 0 0 0 12.99 0 0 0 12.99 11.1868 0 0 0 11.1868 0 0 0 11.1868 10 0 0 0 10 0 0 0 10 12.1153 0 0 0 12.1153 0 0 0 12.1153 13.0488 0 0 0 13.0488 0 0 0 13.0488 7.84429 0 0 0 7.84429 0 0 0 7.84429 10 0 0 0 10 0 0 0 10 10.2181 0 0 0 10.2181 0 0 0 10.2181 10.7471 0 0 0 10.7471 0 0 0 10.7471 11.0177 0 0 0 11.0177 0 0 0 11.0177 10.9402 0 0 0 10.9402 0 0 0 10.9402 12.0252 0 0 0 12.0252 0 0 0 12.0252 9.06561 0 0 0 9.06561 0 0 0 9.06561 12.6004 0 0 0 12.6004 0 0 0 12.6004 13.1156 0 0 0 13.1156 0 0 0 13.1156 13.2174 0 0 0 13.2174 0 0 0 13.2174 8.90136 0 0 0 8.90136 0 0 0 8.90136 10 0 0 0 10 0 0 0 10 10 0 0 0 10 0 0 0 10 12.1362 0 0 0 12.1362 0 0 0 12.1362 13.2701 0 0 0 13.2701 0 0 0 13.2701 11.9387 0 0 0 11.9387 0 0 0 11.9387 12.608 0 0 0 12.608 0 0 0 12.608 11.5314 0 0 0 11.5314 0 0 0 11.5314 8.06435 0 0 0 8.06435 0 0 0 8.06435 10 0 0 0 10 0 0 0 10 11.1952 0 0 0 11.1952 0 0 0 11.1952 10 0 0 0 10 0 0 0 10 9.59656 0 0 0 9.59656 0 0 0 9.59656 8.21722 0 0 0 8.21722 0 0 0 8.21722 8.96955 0 0 0 8.96955 0 0 0 8.96955 8.90462 0 0 0 8.90462 0 0 0 8.90462 12.7281 0 0 0 12.7281 0 0 0 12.7281 9.53769 0 0 0 9.53769 0 0 0 9.53769 8.96996 0 0 0 8.96996 0 0 0 8.96996 9.20721 0 0 0 9.20721 0 0 0 9.20721 8.6806 0 0 0 8.6806 0 0 0 8.6806 11.1177 0 0 0 11.1177 0 0 0 11.1177 7.93511 0 0 0 7.93511 0 0 0 7.93511 12.9691 0 0 0 12.9691 0 0 0 12.9691 11.7686 0 0 0 11.7686 0 0 0 11.7686 13.18 0 0 0 13.18 0 0 0 13.18 13.1172 0 0 0 13.1172 0 0 0 13.1172 11.9933 0 0 0 11.9933 0 0 0 11.9933 11.0688 0 0 0 11.0688 0 0 0 11.0688 7.31305 0 0 0 7.31305 0 0 0 7.31305 11.1534 0 0 0 11.1534 0 0 0 11.1534 8.90249 0 0 0 8.90249 0 0 0 8.90249 12.0463 0 0 0 12.0463 0 0 0 12.0463 10.4926 0 0 0 10.4926 0 0 0 10.4926 10 0 0 0 10 0 0 0 10 8.95448 0 0 0 8.95448 0 0 0 8.95448 10 0 0 0 10 0 0 0 10 8.74476 0 0 0 8.74476 0 0 0 8.74476 9.83475 0 0 0 9.83475 0 0 0 9.83475 7.83695 0 0 0 7.83695 0 0 0 7.83695 7.88079 0 0 0 7.88079 0 0 0 7.88079 8.73686 0 0 0 8.73686 0 0 0 8.73686 9.82387 0 0 0 9.82387 0 0 0 9.82387 10.7145 0 0 0 10.7145 0 0 0 10.7145 11.1441 0 0 0 11.1441 0 0 0 11.1441 9.76433 0 0 0 9.76433 0 0 0 9.76433 13.2152 0 0 0 13.2152 0 0 0 13.2152 8.64278 0 0 0 8.64278 0 0 0 8.64278 11.3183 0 0 0 11.3183 0 0 0 11.3183 12.0236 0 0 0 12.0236 0 0 0 12.0236 12.8111 0 0 0 12.8111 0 0 0 12.8111 11.4859 0 0 0 11.4859 0 0 0 11.4859 10.6653 0 0 0 10.6653 0 0 0 10.6653 10 0 0 0 10 0 0 0 10 11.9478 0 0 0 11.9478 0 0 0 11.9478 12.7518 0 0 0 12.7518 0 0 0 12.7518 12.9306 0 0 0 12.9306 0 0 0 12.9306 10 0 0 0 10 0 0 0 10 13.1872 0 0 0 13.1872 0 0 0 13.1872 7.92113 0 0 0 7.92113 0 0 0 7.92113 8.82099 0 0 0 8.82099 0 0 0 8.82099 7.87863 0 0 0 7.87863 0 0 0 7.87863 7.99936 0 0 0 7.99936 0 0 0 7.99936 13.2229 0 0 0 13.2229 0 0 0 13.2229 12.765 0 0 0 12.765 0 0 0 12.765 10.9635 0 0 0 10.9635 0 0 0 10.9635 8.87251 0 0 0 8.87251 0 0 0 8.87251 11.7653 0 0 0 11.7653 0 0 0 11.7653 10 0 0 0 10 0 0 0 10 12.3953 0 0 0 12.3953 0 0 0 12.3953 9.4016 0 0 0 9.4016 0 0 0 9.4016 12.5929 0 0 0 12.5929 0 0 0 12.5929 10.2381 0 0 0 10.2381 0 0 0 10.2381 7.98416 0 0 0 7.98416 0 0 0 7.98416 11.9543 0 0 0 11.9543 0 0 0 11.9543 10 0 0 0 10 0 0 0 10 11.6032 0 0 0 11.6032 0 0 0 11.6032 8.63967 0 0 0 8.63967 0 0 0 8.63967 8.59899 0 0 0 8.59899 0 0 0 8.59899 11.5088 0 0 0 11.5088 0 0 0 11.5088 11.1485 0 0 0 11.1485 0 0 0 11.1485 11.507 0 0 0 11.507 0 0 0 11.507 10 0 0 0 10 0 0 0 10 12.7058 0 0 0 12.7058 0 0 0 12.7058 12.4984 0 0 0 12.4984 0 0 0 12.4984 10 0 0 0 10 0 0 0 10 8.03268 0 0 0 8.03268 0 0 0 8.03268 11.1181 0 0 0 11.1181 0 0 0 11.1181 11.3889 0 0 0 11.3889 0 0 0 11.3889 8.582 0 0 0 8.582 0 0 0 8.582 9.27377 0 0 0 9.27377 0 0 0 9.27377 10 0 0 0 10 0 0 0 10 11.3091 0 0 0 11.3091 0 0 0 11.3091 9.88451 0 0 0 9.88451 0 0 0 9.88451 10 0 0 0 10 0 0 0 10 10 0 0 0 10 0 0 0 10 12.2045 0 0 0 12.2045 0 0 0 12.2045 8.78691 0 0 0 8.78691 0 0 0 8.78691 8.05797 0 0 0 8.05797 0 0 0 8.05797 10.4138 0 0 0 10.4138 0 0 0 10.4138 9.64224 0 0 0 9.64224 0 0 0 9.64224 8.81978 0 0 0 8.81978 0 0 0 8.81978 10 0 0 0 10 0 0 0 10 11.4988 0 0 0 11.4988 0 0 0 11.4988 9.67341 0 0 0 9.67341 0 0 0 9.67341 9.79561 0 0 0 9.79561 0 0 0 9.79561 7.75406 0 0 0 7.75406 0 0 0 7.75406 12.6236 0 0 0 12.6236 0 0 0 12.6236 11.7654 0 0 0 11.7654 0 0 0 11.7654 10 0 0 0 10 0 0 0 10 8.86449 0 0 0 8.86449 0 0 0 8.86449 10 0 0 0 10 0 0 0 10 13.1344 0 0 0 13.1344 0 0 0 13.1344 9.99485 0 0 0 9.99485 0 0 0 9.99485 12.1409 0 0 0 12.1409 0 0 0 12.1409 12.5814 0 0 0 12.5814 0 0 0 12.5814 8.58054 0 0 0 8.58054 0 0 0 8.58054 10 0 0 0 10 0 0 0 10 13.2744 0 0 0 13.2744 0 0 0 13.2744 11.0381 0 0 0 11.0381 0 0 0 11.0381 12.1698 0 0 0 12.1698 0 0 0 12.1698 10 0 0 0 10 0 0 0 10 10 0 0 0 10 0 0 0 10 11.0378 0 0 0 11.0378 0 0 0 11.0378 10.7885 0 0 0 10.7885 0 0 0 10.7885 7.84016 0 0 0 7.84016 0 0 0 7.84016 10 0 0 0 10 0 0 0 10 11.0821 0 0 0 11.0821 0 0 0 11.0821 9.8866 0 0 0 9.8866 0 0 0 9.8866 11.7971 0 0 0 11.7971 0 0 0 11.7971 7.95933 0 0 0 7.95933 0 0 0 7.95933 11.0299 0 0 0 11.0299 0 0 0 11.0299 8.104 0 0 0 8.104 0 0 0 8.104 8.84137 0 0 0 8.84137 0 0 0 8.84137 13.1653 0 0 0 13.1653 0 0 0 13.1653 11.0436 0 0 0 11.0436 0 0 0 11.0436 10.9636 0 0 0 10.9636 0 0 0 10.9636 13.0826 0 0 0 13.0826 0 0 0 13.0826 8.74469 0 0 0 8.74469 0 0 0 8.74469 10 0 0 0 10 0 0 0 10 10.3527 0 0 0 10.3527 0 0 0 10.3527 9.56789 0 0 0 9.56789 0 0 0 9.56789 12.4199 0 0 0 12.4199 0 0 0 12.4199 8.0833 0 0 0 8.0833 0 0 0 8.0833 10 0 0 0 10 0 0 0 10 11.8562 0 0 0 11.8562 0 0 0 11.8562 13.2128 0 0 0 13.2128 0 0 0 13.2128 8.56166 0 0 0 8.56166 0 0 0 8.56166 10 0 0 0 10 0 0 0 10 11.6706 0 0 0 11.6706 0 0 0 11.6706 11.1368 0 0 0 11.1368 0 0 0 11.1368 10.6268 0 0 0 10.6268 0 0 0 10.6268 11.4364 0 0 0 11.4364 0 0 0 11.4364 10 0 0 0 10 0 0 0 10 10 0 0 0 10 0 0 0 10 7.17417 0 0 0 7.17417 0 0 0 7.17417 11.5737 0 0 0 11.5737 0 0 0 11.5737 10 0 0 0 10 0 0 0 10 7.82017 0 0 0 7.82017 0 0 0 7.82017 8.05577 0 0 0 8.05577 0 0 0 8.05577 13.0158 0 0 0 13.0158 0 0 0 13.0158 11.7825 0 0 0 11.7825 0 0 0 11.7825 10.9605 0 0 0 10.9605 0 0 0 10.9605 10.3051 0 0 0 10.3051 0 0 0 10.3051 7.88099 0 0 0 7.88099 0 0 0 7.88099 7.38036 0 0 0 7.38036 0 0 0 7.38036 11.9883 0 0 0 11.9883 0 0 0 11.9883 8.15368 0 0 0 8.15368 0 0 0 8.15368 8.79257 0 0 0 8.79257 0 0 0 8.79257 10 0 0 0 10 0 0 0 10 12.3191 0 0 0 12.3191 0 0 0 12.3191 10 0 0 0 10 0 0 0 10 8.32419 0 0 0 8.32419 0 0 0 8.32419 11.1024 0 0 0 11.1024 0 0 0 11.1024 10.9368 0 0 0 10.9368 0 0 0 10.9368 11.1824 0 0 0 11.1824 0 0 0 11.1824 11.9024 0 0 0 11.9024 0 0 0 11.9024 12.665 0 0 0 12.665 0 0 0 12.665 7.86585 0 0 0 7.86585 0 0 0 7.86585 8.16722 0 0 0 8.16722 0 0 0 8.16722 11.7377 0 0 0 11.7377 0 0 0 11.7377 10.7867 0 0 0 10.7867 0 0 0 10.7867 9.57122 0 0 0 9.57122 0 0 0 9.57122 11.082 0 0 0 11.082 0 0 0 11.082 12.3127 0 0 0 12.3127 0 0 0 12.3127 10.6116 0 0 0 10.6116 0 0 0 10.6116 10 0 0 0 10 0 0 0 10 11.1131 0 0 0 11.1131 0 0 0 11.1131 13.2082 0 0 0 13.2082 0 0 0 13.2082 9.4235 0 0 0 9.4235 0 0 0 9.4235 8.15617 0 0 0 8.15617 0 0 0 8.15617 10 0 0 0 10 0 0 0 10 10.974 0 0 0 10.974 0 0 0 10.974 10.7027 0 0 0 10.7027 0 0 0 10.7027 8.01764 0 0 0 8.01764 0 0 0 8.01764 10 0 0 0 10 0 0 0 10 9.05367 0 0 0 9.05367 0 0 0 9.05367 7.72144 0 0 0 7.72144 0 0 0 7.72144 7.7263 0 0 0 7.7263 0 0 0 7.7263 11.4457 0 0 0 11.4457 0 0 0 11.4457 8.97331 0 0 0 8.97331 0 0 0 8.97331 12.1848 0 0 0 12.1848 0 0 0 12.1848 9.6676 0 0 0 9.6676 0 0 0 9.6676 12.0722 0 0 0 12.0722 0 0 0 12.0722 10.3513 0 0 0 10.3513 0 0 0 10.3513 7.40723 0 0 0 7.40723 0 0 0 7.40723 12.5705 0 0 0 12.5705 0 0 0 12.5705 13.2758 0 0 0 13.2758 0 0 0 13.2758 10 0 0 0 10 0 0 0 10 10 0 0 0 10 0 0 0 10 11.1585 0 0 0 11.1585 0 0 0 11.1585 11.0739 0 0 0 11.0739 0 0 0 11.0739 9.75926 0 0 0 9.75926 0 0 0 9.75926 11.2284 0 0 0 11.2284 0 0 0 11.2284 10 0 0 0 10 0 0 0 10 12.7944 0 0 0 12.7944 0 0 0 12.7944 10 0 0 0 10 0 0 0 10 7.90685 0 0 0 7.90685 0 0 0 7.90685 12.5758 0 0 0 12.5758 0 0 0 12.5758 9.51076 0 0 0 9.51076 0 0 0 9.51076 12.2909 0 0 0 12.2909 0 0 0 12.2909 12.1856 0 0 0 12.1856 0 0 0 12.1856 10 0 0 0 10 0 0 0 10 11.1214 0 0 0 11.1214 0 0 0 11.1214 9.74616 0 0 0 9.74616 0 0 0 9.74616 9.69909 0 0 0 9.69909 0 0 0 9.69909 11.6956 0 0 0 11.6956 0 0 0 11.6956 8.33722 0 0 0 8.33722 0 0 0 8.33722 12.2375 0 0 0 12.2375 0 0 0 12.2375 10 0 0 0 10 0 0 0 10 12.3743 0 0 0 12.3743 0 0 0 12.3743 10.4463 0 0 0 10.4463 0 0 0 10.4463 8.95228 0 0 0 8.95228 0 0 0 8.95228 12.4918 0 0 0 12.4918 0 0 0 12.4918 8.81837 0 0 0 8.81837 0 0 0 8.81837 7.71963 0 0 0 7.71963 0 0 0 7.71963 9.38308 0 0 0 9.38308 0 0 0 9.38308 10.314 0 0 0 10.314 0 0 0 10.314 8.89076 0 0 0 8.89076 0 0 0 8.89076 8.65579 0 0 0 8.65579 0 0 0 8.65579 10 0 0 0 10 0 0 0 10 9.26848 0 0 0 9.26848 0 0 0 9.26848 11.8959 0 0 0 11.8959 0 0 0 11.8959 12.9435 0 0 0 12.9435 0 0 0 12.9435 13.0585 0 0 0 13.0585 0 0 0 13.0585 11.1021 0 0 0 11.1021 0 0 0 11.1021 11.0414 0 0 0 11.0414 0 0 0 11.0414 10.7141 0 0 0 10.7141 0 0 0 10.7141 13.2546 0 0 0 13.2546 0 0 0 13.2546 12.8876 0 0 0 12.8876 0 0 0 12.8876 12.6915 0 0 0 12.6915 0 0 0 12.6915 12.1167 0 0 0 12.1167 0 0 0 12.1167 8.12639 0 0 0 8.12639 0 0 0 8.12639 11.1376 0 0 0 11.1376 0 0 0 11.1376 10 0 0 0 10 0 0 0 10 10 0 0 0 10 0 0 0 10 8.56115 0 0 0 8.56115 0 0 0 8.56115 10 0 0 0 10 0 0 0 10 8.78368 0 0 0 8.78368 0 0 0 8.78368 10.8211 0 0 0 10.8211 0 0 0 10.8211 11.6128 0 0 0 11.6128 0 0 0 11.6128 11.1405 0 0 0 11.1405 0 0 0 11.1405 7.82636 0 0 0 7.82636 0 0 0 7.82636 11.0007 0 0 0 11.0007 0 0 0 11.0007 8.78329 0 0 0 8.78329 0 0 0 8.78329 12.8388 0 0 0 12.8388 0 0 0 12.8388 11.1022 0 0 0 11.1022 0 0 0 11.1022 11.7857 0 0 0 11.7857 0 0 0 11.7857 7.87853 0 0 0 7.87853 0 0 0 7.87853 10.9428 0 0 0 10.9428 0 0 0 10.9428 12.1679 0 0 0 12.1679 0 0 0 12.1679 12.0848 0 0 0 12.0848 0 0 0 12.0848 8.46022 0 0 0 8.46022 0 0 0 8.46022 10 0 0 0 10 0 0 0 10 10 0 0 0 10 0 0 0 10 9.96046 0 0 0 9.96046 0 0 0 9.96046 11.7129 0 0 0 11.7129 0 0 0 11.7129 12.9384 0 0 0 12.9384 0 0 0 12.9384 9.90557 0 0 0 9.90557 0 0 0 9.90557 10 0 0 0 10 0 0 0 10 12.6877 0 0 0 12.6877 0 0 0 12.6877 13.0911 0 0 0 13.0911 0 0 0 13.0911 10 0 0 0 10 0 0 0 10 10 0 0 0 10 0 0 0 10 11.0268 0 0 0 11.0268 0 0 0 11.0268 12.6733 0 0 0 12.6733 0 0 0 12.6733 12.8907 0 0 0 12.8907 0 0 0 12.8907 10.4648 0 0 0 10.4648 0 0 0 10.4648 10.7493 0 0 0 10.7493 0 0 0 10.7493 10 0 0 0 10 0 0 0 10 7.81549 0 0 0 7.81549 0 0 0 7.81549 7.883 0 0 0 7.883 0 0 0 7.883 10 0 0 0 10 0 0 0 10 9.64702 0 0 0 9.64702 0 0 0 9.64702 7.81463 0 0 0 7.81463 0 0 0 7.81463 10.9887 0 0 0 10.9887 0 0 0 10.9887 10.9858 0 0 0 10.9858 0 0 0 10.9858 12.6071 0 0 0 12.6071 0 0 0 12.6071 10.321 0 0 0 10.321 0 0 0 10.321 10 0 0 0 10 0 0 0 10 12.0365 0 0 0 12.0365 0 0 0 12.0365 8.75386 0 0 0 8.75386 0 0 0 8.75386 10 0 0 0 10 0 0 0 10 8.99967 0 0 0 8.99967 0 0 0 8.99967 10.8894 0 0 0 10.8894 0 0 0 10.8894 12.0135 0 0 0 12.0135 0 0 0 12.0135 11.6403 0 0 0 11.6403 0 0 0 11.6403 11.0187 0 0 0 11.0187 0 0 0 11.0187 10 0 0 0 10 0 0 0 10 8.59829 0 0 0 8.59829 0 0 0 8.59829 8.74864 0 0 0 8.74864 0 0 0 8.74864 10.5583 0 0 0 10.5583 0 0 0 10.5583 11.9005 0 0 0 11.9005 0 0 0 11.9005 8.83402 0 0 0 8.83402 0 0 0 8.83402 8.00651 0 0 0 8.00651 0 0 0 8.00651 11.5874 0 0 0 11.5874 0 0 0 11.5874 9.34218 0 0 0 9.34218 0 0 0 9.34218 10 0 0 0 10 0 0 0 10 11.1815 0 0 0 11.1815 0 0 0 11.1815 9.25587 0 0 0 9.25587 0 0 0 9.25587 7.38784 0 0 0 7.38784 0 0 0 7.38784 7.9528 0 0 0 7.9528 0 0 0 7.9528 8.89369 0 0 0 8.89369 0 0 0 8.89369 10.657 0 0 0 10.657 0 0 0 10.657 11.0456 0 0 0 11.0456 0 0 0 11.0456 11.2165 0 0 0 11.2165 0 0 0 11.2165 12.7016 0 0 0 12.7016 0 0 0 12.7016 13.2338 0 0 0 13.2338 0 0 0 13.2338 10 0 0 0 10 0 0 0 10 11.3056 0 0 0 11.3056 0 0 0 11.3056 12.2014 0 0 0 12.2014 0 0 0 12.2014 8.79318 0 0 0 8.79318 0 0 0 8.79318 11.0189 0 0 0 11.0189 0 0 0 11.0189 12.6698 0 0 0 12.6698 0 0 0 12.6698 8.76496 0 0 0 8.76496 0 0 0 8.76496 10.931 0 0 0 10.931 0 0 0 10.931 10.8542 0 0 0 10.8542 0 0 0 10.8542 8.58342 0 0 0 8.58342 0 0 0 8.58342 12.7143 0 0 0 12.7143 0 0 0 12.7143 11.42 0 0 0 11.42 0 0 0 11.42 7.83403 0 0 0 7.83403 0 0 0 7.83403 10.855 0 0 0 10.855 0 0 0 10.855 11.3042 0 0 0 11.3042 0 0 0 11.3042 11.2941 0 0 0 11.2941 0 0 0 11.2941 12.8749 0 0 0 12.8749 0 0 0 12.8749 10.9989 0 0 0 10.9989 0 0 0 10.9989 10 0 0 0 10 0 0 0 10 8.2864 0 0 0 8.2864 0 0 0 8.2864 8.5283 0 0 0 8.5283 0 0 0 8.5283 12.0948 0 0 0 12.0948 0 0 0 12.0948 12.164 0 0 0 12.164 0 0 0 12.164 10 0 0 0 10 0 0 0 10 8.09692 0 0 0 8.09692 0 0 0 8.09692 12.0611 0 0 0 12.0611 0 0 0 12.0611 11.5592 0 0 0 11.5592 0 0 0 11.5592 10.2894 0 0 0 10.2894 0 0 0 10.2894 10 0 0 0 10 0 0 0 10 10.6962 0 0 0 10.6962 0 0 0 10.6962 10 0 0 0 10 0 0 0 10 10.3039 0 0 0 10.3039 0 0 0 10.3039 12.0822 0 0 0 12.0822 0 0 0 12.0822 7.44209 0 0 0 7.44209 0 0 0 7.44209 10 0 0 0 10 0 0 0 10 11.7555 0 0 0 11.7555 0 0 0 11.7555 9.52672 0 0 0 9.52672 0 0 0 9.52672 10.3743 0 0 0 10.3743 0 0 0 10.3743 12.6845 0 0 0 12.6845 0 0 0 12.6845 11.2367 0 0 0 11.2367 0 0 0 11.2367 12.6123 0 0 0 12.6123 0 0 0 12.6123 10.997 0 0 0 10.997 0 0 0 10.997 8.45976 0 0 0 8.45976 0 0 0 8.45976 11.1651 0 0 0 11.1651 0 0 0 11.1651 8.69514 0 0 0 8.69514 0 0 0 8.69514 10.9395 0 0 0 10.9395 0 0 0 10.9395 13.2028 0 0 0 13.2028 0 0 0 13.2028 11.1973 0 0 0 11.1973 0 0 0 11.1973 10.7125 0 0 0 10.7125 0 0 0 10.7125 9.53199 0 0 0 9.53199 0 0 0 9.53199 7.94183 0 0 0 7.94183 0 0 0 7.94183 12.8551 0 0 0 12.8551 0 0 0 12.8551 12.7108 0 0 0 12.7108 0 0 0 12.7108 8.82488 0 0 0 8.82488 0 0 0 8.82488 8.71833 0 0 0 8.71833 0 0 0 8.71833 10.9714 0 0 0 10.9714 0 0 0 10.9714 10.9954 0 0 0 10.9954 0 0 0 10.9954 7.1693 0 0 0 7.1693 0 0 0 7.1693 9.40531 0 0 0 9.40531 0 0 0 9.40531 10 0 0 0 10 0 0 0 10 9.57245 0 0 0 9.57245 0 0 0 9.57245 10.6022 0 0 0 10.6022 0 0 0 10.6022 10 0 0 0 10 0 0 0 10 10.6613 0 0 0 10.6613 0 0 0 10.6613 10 0 0 0 10 0 0 0 10 12.0539 0 0 0 12.0539 0 0 0 12.0539 8.73717 0 0 0 8.73717 0 0 0 8.73717 13.0711 0 0 0 13.0711 0 0 0 13.0711 12.6888 0 0 0 12.6888 0 0 0 12.6888 8.7736 0 0 0 8.7736 0 0 0 8.7736 9.9465 0 0 0 9.9465 0 0 0 9.9465 12.2067 0 0 0 12.2067 0 0 0 12.2067 8.76495 0 0 0 8.76495 0 0 0 8.76495 11.8201 0 0 0 11.8201 0 0 0 11.8201 10.9353 0 0 0 10.9353 0 0 0 10.9353 12.8004 0 0 0 12.8004 0 0 0 12.8004 12.6799 0 0 0 12.6799 0 0 0 12.6799 10 0 0 0 10 0 0 0 10 8.85598 0 0 0 8.85598 0 0 0 8.85598 9.00905 0 0 0 9.00905 0 0 0 9.00905 10.5389 0 0 0 10.5389 0 0 0 10.5389 10 0 0 0 10 0 0 0 10 12.1724 0 0 0 12.1724 0 0 0 12.1724 9.06277 0 0 0 9.06277 0 0 0 9.06277 8.87319 0 0 0 8.87319 0 0 0 8.87319 11.0846 0 0 0 11.0846 0 0 0 11.0846 12.1975 0 0 0 12.1975 0 0 0 12.1975 9.72585 0 0 0 9.72585 0 0 0 9.72585 9.93582 0 0 0 9.93582 0 0 0 9.93582 12.4406 0 0 0 12.4406 0 0 0 12.4406 10 0 0 0 10 0 0 0 10 10 0 0 0 10 0 0 0 10 12.0666 0 0 0 12.0666 0 0 0 12.0666 12.4894 0 0 0 12.4894 0 0 0 12.4894 9.54902 0 0 0 9.54902 0 0 0 9.54902 11.2862 0 0 0 11.2862 0 0 0 11.2862 13.157 0 0 0 13.157 0 0 0 13.157 9.78983 0 0 0 9.78983 0 0 0 9.78983 8.664 0 0 0 8.664 0 0 0 8.664 12.733 0 0 0 12.733 0 0 0 12.733 12.5537 0 0 0 12.5537 0 0 0 12.5537 11.9549 0 0 0 11.9549 0 0 0 11.9549 10 0 0 0 10 0 0 0 10 7.89143 0 0 0 7.89143 0 0 0 7.89143 10.9428 0 0 0 10.9428 0 0 0 10.9428 11.8731 0 0 0 11.8731 0 0 0 11.8731 7.94881 0 0 0 7.94881 0 0 0 7.94881 10.1614 0 0 0 10.1614 0 0 0 10.1614 11.0457 0 0 0 11.0457 0 0 0 11.0457 10.9248 0 0 0 10.9248 0 0 0 10.9248 11.8824 0 0 0 11.8824 0 0 0 11.8824 8.88221 0 0 0 8.88221 0 0 0 8.88221 12.1357 0 0 0 12.1357 0 0 0 12.1357 12.0478 0 0 0 12.0478 0 0 0 12.0478 12.6542 0 0 0 12.6542 0 0 0 12.6542 10 0 0 0 10 0 0 0 10 10.5766 0 0 0 10.5766 0 0 0 10.5766 12.4277 0 0 0 12.4277 0 0 0 12.4277 10 0 0 0 10 0 0 0 10 8.71533 0 0 0 8.71533 0 0 0 8.71533 8.00403 0 0 0 8.00403 0 0 0 8.00403 8.85993 0 0 0 8.85993 0 0 0 8.85993 7.32909 0 0 0 7.32909 0 0 0 7.32909 9.68031 0 0 0 9.68031 0 0 0 9.68031 12.9958 0 0 0 12.9958 0 0 0 12.9958 11.7481 0 0 0 11.7481 0 0 0 11.7481 8.11719 0 0 0 8.11719 0 0 0 8.11719 10.9949 0 0 0 10.9949 0 0 0 10.9949 9.49399 0 0 0 9.49399 0 0 0 9.49399 9.12711 0 0 0 9.12711 0 0 0 9.12711 9.62599 0 0 0 9.62599 0 0 0 9.62599 8.58141 0 0 0 8.58141 0 0 0 8.58141 7.95707 0 0 0 7.95707 0 0 0 7.95707 10.2547 0 0 0 10.2547 0 0 0 10.2547 12.8939 0 0 0 12.8939 0 0 0 12.8939 9.42945 0 0 0 9.42945 0 0 0 9.42945 10.9826 0 0 0 10.9826 0 0 0 10.9826 10.965 0 0 0 10.965 0 0 0 10.965 12.659 0 0 0 12.659 0 0 0 12.659 8.67758 0 0 0 8.67758 0 0 0 8.67758 10 0 0 0 10 0 0 0 10 9.76194 0 0 0 9.76194 0 0 0 9.76194 9.28904 0 0 0 9.28904 0 0 0 9.28904 12.6716 0 0 0 12.6716 0 0 0 12.6716 10 0 0 0 10 0 0 0 10 10 0 0 0 10 0 0 0 10 9.22591 0 0 0 9.22591 0 0 0 9.22591 12.6376 0 0 0 12.6376 0 0 0 12.6376 10 0 0 0 10 0 0 0 10 12.093 0 0 0 12.093 0 0 0 12.093 12.0858 0 0 0 12.0858 0 0 0 12.0858 8.18715 0 0 0 8.18715 0 0 0 8.18715 9.02449 0 0 0 9.02449 0 0 0 9.02449 12.3908 0 0 0 12.3908 0 0 0 12.3908 7.84636 0 0 0 7.84636 0 0 0 7.84636 12.9611 0 0 0 12.9611 0 0 0 12.9611 8.34911 0 0 0 8.34911 0 0 0 8.34911 12.8444 0 0 0 12.8444 0 0 0 12.8444 10 0 0 0 10 0 0 0 10 7.87839 0 0 0 7.87839 0 0 0 7.87839 11.8022 0 0 0 11.8022 0 0 0 11.8022 10 0 0 0 10 0 0 0 10 11.8202 0 0 0 11.8202 0 0 0 11.8202 8.0614 0 0 0 8.0614 0 0 0 8.0614 7.38406 0 0 0 7.38406 0 0 0 7.38406 7.93389 0 0 0 7.93389 0 0 0 7.93389 8.25982 0 0 0 8.25982 0 0 0 8.25982 10 0 0 0 10 0 0 0 10 8.71942 0 0 0 8.71942 0 0 0 8.71942 11.3186 0 0 0 11.3186 0 0 0 11.3186 10 0 0 0 10 0 0 0 10 9.73114 0 0 0 9.73114 0 0 0 9.73114 12.1773 0 0 0 12.1773 0 0 0 12.1773 10.9129 0 0 0 10.9129 0 0 0 10.9129 11.904 0 0 0 11.904 0 0 0 11.904 10 0 0 0 10 0 0 0 10 8.31621 0 0 0 8.31621 0 0 0 8.31621 8.64985 0 0 0 8.64985 0 0 0 8.64985 7.93316 0 0 0 7.93316 0 0 0 7.93316 8.83008 0 0 0 8.83008 0 0 0 8.83008 8.83722 0 0 0 8.83722 0 0 0 8.83722 11.6048 0 0 0 11.6048 0 0 0 11.6048 11.1321 0 0 0 11.1321 0 0 0 11.1321 11.3829 0 0 0 11.3829 0 0 0 11.3829 8.74707 0 0 0 8.74707 0 0 0 8.74707 12.8294 0 0 0 12.8294 0 0 0 12.8294 7.38736 0 0 0 7.38736 0 0 0 7.38736 10 0 0 0 10 0 0 0 10 11.1468 0 0 0 11.1468 0 0 0 11.1468 11.3227 0 0 0 11.3227 0 0 0 11.3227 10 0 0 0 10 0 0 0 10 10.5076 0 0 0 10.5076 0 0 0 10.5076 8.26604 0 0 0 8.26604 0 0 0 8.26604 9.93498 0 0 0 9.93498 0 0 0 9.93498 11.9918 0 0 0 11.9918 0 0 0 11.9918 8.66292 0 0 0 8.66292 0 0 0 8.66292 10.9243 0 0 0 10.9243 0 0 0 10.9243 10 0 0 0 10 0 0 0 10 8.87735 0 0 0 8.87735 0 0 0 8.87735 7.96629 0 0 0 7.96629 0 0 0 7.96629 8.69301 0 0 0 8.69301 0 0 0 8.69301 8.99516 0 0 0 8.99516 0 0 0 8.99516 12.8288 0 0 0 12.8288 0 0 0 12.8288 10.2247 0 0 0 10.2247 0 0 0 10.2247 8.03506 0 0 0 8.03506 0 0 0 8.03506 13.0523 0 0 0 13.0523 0 0 0 13.0523 10 0 0 0 10 0 0 0 10 10 0 0 0 10 0 0 0 10 10.495 0 0 0 10.495 0 0 0 10.495 8.34421 0 0 0 8.34421 0 0 0 8.34421 8.13535 0 0 0 8.13535 0 0 0 8.13535 12.5325 0 0 0 12.5325 0 0 0 12.5325 7.39834 0 0 0 7.39834 0 0 0 7.39834 12.8272 0 0 0 12.8272 0 0 0 12.8272 11.4279 0 0 0 11.4279 0 0 0 11.4279 9.83173 0 0 0 9.83173 0 0 0 9.83173 7.85059 0 0 0 7.85059 0 0 0 7.85059 10 0 0 0 10 0 0 0 10 12.9803 0 0 0 12.9803 0 0 0 12.9803 10.53 0 0 0 10.53 0 0 0 10.53 7.94157 0 0 0 7.94157 0 0 0 7.94157 12.1277 0 0 0 12.1277 0 0 0 12.1277 9.58442 0 0 0 9.58442 0 0 0 9.58442 12.6153 0 0 0 12.6153 0 0 0 12.6153 12.6636 0 0 0 12.6636 0 0 0 12.6636 10 0 0 0 10 0 0 0 10 11.8777 0 0 0 11.8777 0 0 0 11.8777 12.3358 0 0 0 12.3358 0 0 0 12.3358 13.0291 0 0 0 13.0291 0 0 0 13.0291 9.42976 0 0 0 9.42976 0 0 0 9.42976 8.07673 0 0 0 8.07673 0 0 0 8.07673 11.4277 0 0 0 11.4277 0 0 0 11.4277 8.79171 0 0 0 8.79171 0 0 0 8.79171 9.9346 0 0 0 9.9346 0 0 0 9.9346 7.85917 0 0 0 7.85917 0 0 0 7.85917 10.4465 0 0 0 10.4465 0 0 0 10.4465 12.1693 0 0 0 12.1693 0 0 0 12.1693 10.9149 0 0 0 10.9149 0 0 0 10.9149 11.0459 0 0 0 11.0459 0 0 0 11.0459 8.78731 0 0 0 8.78731 0 0 0 8.78731 11.1191 0 0 0 11.1191 0 0 0 11.1191 13.234 0 0 0 13.234 0 0 0 13.234 10.8559 0 0 0 10.8559 0 0 0 10.8559 10.549 0 0 0 10.549 0 0 0 10.549 12.5657 0 0 0 12.5657 0 0 0 12.5657 10.1849 0 0 0 10.1849 0 0 0 10.1849 10.9387 0 0 0 10.9387 0 0 0 10.9387 10.5814 0 0 0 10.5814 0 0 0 10.5814 9.75755 0 0 0 9.75755 0 0 0 9.75755 11.1593 0 0 0 11.1593 0 0 0 11.1593 11.0368 0 0 0 11.0368 0 0 0 11.0368 11.1465 0 0 0 11.1465 0 0 0 11.1465 10.1793 0 0 0 10.1793 0 0 0 10.1793 10 0 0 0 10 0 0 0 10 11.1847 0 0 0 11.1847 0 0 0 11.1847 12.3634 0 0 0 12.3634 0 0 0 12.3634 10 0 0 0 10 0 0 0 10 12.0552 0 0 0 12.0552 0 0 0 12.0552 7.50887 0 0 0 7.50887 0 0 0 7.50887 12.7942 0 0 0 12.7942 0 0 0 12.7942 7.99299 0 0 0 7.99299 0 0 0 7.99299 7.69178 0 0 0 7.69178 0 0 0 7.69178 7.89106 0 0 0 7.89106 0 0 0 7.89106 10 0 0 0 10 0 0 0 10 11.3658 0 0 0 11.3658 0 0 0 11.3658 11.1062 0 0 0 11.1062 0 0 0 11.1062 8.26229 0 0 0 8.26229 0 0 0 8.26229 7.85223 0 0 0 7.85223 0 0 0 7.85223 8.34511 0 0 0 8.34511 0 0 0 8.34511 12.098 0 0 0 12.098 0 0 0 12.098 11.2778 0 0 0 11.2778 0 0 0 11.2778 12.6067 0 0 0 12.6067 0 0 0 12.6067 9.59555 0 0 0 9.59555 0 0 0 9.59555 7.41913 0 0 0 7.41913 0 0 0 7.41913 11.8418 0 0 0 11.8418 0 0 0 11.8418 10.9281 0 0 0 10.9281 0 0 0 10.9281 12.0491 0 0 0 12.0491 0 0 0 12.0491 11.1825 0 0 0 11.1825 0 0 0 11.1825 11.0309 0 0 0 11.0309 0 0 0 11.0309 9.93443 0 0 0 9.93443 0 0 0 9.93443 10.5416 0 0 0 10.5416 0 0 0 10.5416 12.6253 0 0 0 12.6253 0 0 0 12.6253 10.3345 0 0 0 10.3345 0 0 0 10.3345 10.8327 0 0 0 10.8327 0 0 0 10.8327 10 0 0 0 10 0 0 0 10 12.4479 0 0 0 12.4479 0 0 0 12.4479 12.4162 0 0 0 12.4162 0 0 0 12.4162 10.9881 0 0 0 10.9881 0 0 0 10.9881 11.9654 0 0 0 11.9654 0 0 0 11.9654 8.81226 0 0 0 8.81226 0 0 0 8.81226 11.8287 0 0 0 11.8287 0 0 0 11.8287 11.1874 0 0 0 11.1874 0 0 0 11.1874 10.9138 0 0 0 10.9138 0 0 0 10.9138 10.8457 0 0 0 10.8457 0 0 0 10.8457 10.6386 0 0 0 10.6386 0 0 0 10.6386 8.33091 0 0 0 8.33091 0 0 0 8.33091 11.1674 0 0 0 11.1674 0 0 0 11.1674 8.98072 0 0 0 8.98072 0 0 0 8.98072 12.1305 0 0 0 12.1305 0 0 0 12.1305 11.818 0 0 0 11.818 0 0 0 11.818 12.8671 0 0 0 12.8671 0 0 0 12.8671 8.33749 0 0 0 8.33749 0 0 0 8.33749 12.5395 0 0 0 12.5395 0 0 0 12.5395 10 0 0 0 10 0 0 0 10 12.4879 0 0 0 12.4879 0 0 0 12.4879 12.2641 0 0 0 12.2641 0 0 0 12.2641 10.6073 0 0 0 10.6073 0 0 0 10.6073 10.4421 0 0 0 10.4421 0 0 0 10.4421 10.7592 0 0 0 10.7592 0 0 0 10.7592 11.6881 0 0 0 11.6881 0 0 0 11.6881 11.9213 0 0 0 11.9213 0 0 0 11.9213 12.9976 0 0 0 12.9976 0 0 0 12.9976 7.40589 0 0 0 7.40589 0 0 0 7.40589 10 0 0 0 10 0 0 0 10 8.82242 0 0 0 8.82242 0 0 0 8.82242 8.51514 0 0 0 8.51514 0 0 0 8.51514 10.5623 0 0 0 10.5623 0 0 0 10.5623 12.0115 0 0 0 12.0115 0 0 0 12.0115 11.2449 0 0 0 11.2449 0 0 0 11.2449 11.9721 0 0 0 11.9721 0 0 0 11.9721 9.42186 0 0 0 9.42186 0 0 0 9.42186 12.6776 0 0 0 12.6776 0 0 0 12.6776 10 0 0 0 10 0 0 0 10 10.5479 0 0 0 10.5479 0 0 0 10.5479 8.15984 0 0 0 8.15984 0 0 0 8.15984 8.04051 0 0 0 8.04051 0 0 0 8.04051 11.6462 0 0 0 11.6462 0 0 0 11.6462 13.1691 0 0 0 13.1691 0 0 0 13.1691 12.105 0 0 0 12.105 0 0 0 12.105 8.82039 0 0 0 8.82039 0 0 0 8.82039 9.43115 0 0 0 9.43115 0 0 0 9.43115 10.9313 0 0 0 10.9313 0 0 0 10.9313 9.31196 0 0 0 9.31196 0 0 0 9.31196 8.30548 0 0 0 8.30548 0 0 0 8.30548 8.74653 0 0 0 8.74653 0 0 0 8.74653 12.2555 0 0 0 12.2555 0 0 0 12.2555 12.4982 0 0 0 12.4982 0 0 0 12.4982 8.84675 0 0 0 8.84675 0 0 0 8.84675 10 0 0 0 10 0 0 0 10 12.6627 0 0 0 12.6627 0 0 0 12.6627 10 0 0 0 10 0 0 0 10 8.18305 0 0 0 8.18305 0 0 0 8.18305 12.8146 0 0 0 12.8146 0 0 0 12.8146 7.89096 0 0 0 7.89096 0 0 0 7.89096 9.47468 0 0 0 9.47468 0 0 0 9.47468 10.8695 0 0 0 10.8695 0 0 0 10.8695 11.3403 0 0 0 11.3403 0 0 0 11.3403 9.41143 0 0 0 9.41143 0 0 0 9.41143 9.72725 0 0 0 9.72725 0 0 0 9.72725 11.1205 0 0 0 11.1205 0 0 0 11.1205 11.267 0 0 0 11.267 0 0 0 11.267 10.3961 0 0 0 10.3961 0 0 0 10.3961 9.79654 0 0 0 9.79654 0 0 0 9.79654 10.6513 0 0 0 10.6513 0 0 0 10.6513 13.1532 0 0 0 13.1532 0 0 0 13.1532 9.84784 0 0 0 9.84784 0 0 0 9.84784 12.3387 0 0 0 12.3387 0 0 0 12.3387 10.994 0 0 0 10.994 0 0 0 10.994 10.6802 0 0 0 10.6802 0 0 0 10.6802 10.982 0 0 0 10.982 0 0 0 10.982 12.2587 0 0 0 12.2587 0 0 0 12.2587 10 0 0 0 10 0 0 0 10 12.3401 0 0 0 12.3401 0 0 0 12.3401 8.05084 0 0 0 8.05084 0 0 0 8.05084 11.1808 0 0 0 11.1808 0 0 0 11.1808 7.82447 0 0 0 7.82447 0 0 0 7.82447 12.5551 0 0 0 12.5551 0 0 0 12.5551 10 0 0 0 10 0 0 0 10 10 0 0 0 10 0 0 0 10 10.9737 0 0 0 10.9737 0 0 0 10.9737 11.0865 0 0 0 11.0865 0 0 0 11.0865 11.0033 0 0 0 11.0033 0 0 0 11.0033 12.9279 0 0 0 12.9279 0 0 0 12.9279 12.7788 0 0 0 12.7788 0 0 0 12.7788 10.9652 0 0 0 10.9652 0 0 0 10.9652 10 0 0 0 10 0 0 0 10 9.83519 0 0 0 9.83519 0 0 0 9.83519 9.90641 0 0 0 9.90641 0 0 0 9.90641 7.57186 0 0 0 7.57186 0 0 0 7.57186 9.60519 0 0 0 9.60519 0 0 0 9.60519 9.03073 0 0 0 9.03073 0 0 0 9.03073 12.6119 0 0 0 12.6119 0 0 0 12.6119 7.91225 0 0 0 7.91225 0 0 0 7.91225 8.2983 0 0 0 8.2983 0 0 0 8.2983 8.22245 0 0 0 8.22245 0 0 0 8.22245 12.9417 0 0 0 12.9417 0 0 0 12.9417 8.00111 0 0 0 8.00111 0 0 0 8.00111 10 0 0 0 10 0 0 0 10 7.78961 0 0 0 7.78961 0 0 0 7.78961 8.20708 0 0 0 8.20708 0 0 0 8.20708 10 0 0 0 10 0 0 0 10 11.0309 0 0 0 11.0309 0 0 0 11.0309 7.48551 0 0 0 7.48551 0 0 0 7.48551 13.2242 0 0 0 13.2242 0 0 0 13.2242 13.0011 0 0 0 13.0011 0 0 0 13.0011 8.23992 0 0 0 8.23992 0 0 0 8.23992 13.1536 0 0 0 13.1536 0 0 0 13.1536 11.2696 0 0 0 11.2696 0 0 0 11.2696 10 0 0 0 10 0 0 0 10 12.1255 0 0 0 12.1255 0 0 0 12.1255 11.7982 0 0 0 11.7982 0 0 0 11.7982 7.9174 0 0 0 7.9174 0 0 0 7.9174 8.81495 0 0 0 8.81495 0 0 0 8.81495 10 0 0 0 10 0 0 0 10 7.4735 0 0 0 7.4735 0 0 0 7.4735 7.8477 0 0 0 7.8477 0 0 0 7.8477 10.731 0 0 0 10.731 0 0 0 10.731 10 0 0 0 10 0 0 0 10 11.831 0 0 0 11.831 0 0 0 11.831 11.9053 0 0 0 11.9053 0 0 0 11.9053 10 0 0 0 10 0 0 0 10 10.1219 0 0 0 10.1219 0 0 0 10.1219 10 0 0 0 10 0 0 0 10 12.4526 0 0 0 12.4526 0 0 0 12.4526 9.28103 0 0 0 9.28103 0 0 0 9.28103 11.9744 0 0 0 11.9744 0 0 0 11.9744 8.61683 0 0 0 8.61683 0 0 0 8.61683 8.3798 0 0 0 8.3798 0 0 0 8.3798 12.9344 0 0 0 12.9344 0 0 0 12.9344 10.2992 0 0 0 10.2992 0 0 0 10.2992 8.2656 0 0 0 8.2656 0 0 0 8.2656 8.71959 0 0 0 8.71959 0 0 0 8.71959 7.89884 0 0 0 7.89884 0 0 0 7.89884 10.7668 0 0 0 10.7668 0 0 0 10.7668 10.9754 0 0 0 10.9754 0 0 0 10.9754 7.33977 0 0 0 7.33977 0 0 0 7.33977 10.7658 0 0 0 10.7658 0 0 0 10.7658 10 0 0 0 10 0 0 0 10 10 0 0 0 10 0 0 0 10 10.8879 0 0 0 10.8879 0 0 0 10.8879 10 0 0 0 10 0 0 0 10 12.7114 0 0 0 12.7114 0 0 0 12.7114 10.5391 0 0 0 10.5391 0 0 0 10.5391 8.44718 0 0 0 8.44718 0 0 0 8.44718 8.3756 0 0 0 8.3756 0 0 0 8.3756 11.6058 0 0 0 11.6058 0 0 0 11.6058 8.2728 0 0 0 8.2728 0 0 0 8.2728 9.58818 0 0 0 9.58818 0 0 0 9.58818 10 0 0 0 10 0 0 0 10 8.1528 0 0 0 8.1528 0 0 0 8.1528 8.36421 0 0 0 8.36421 0 0 0 8.36421 10.1638 0 0 0 10.1638 0 0 0 10.1638 10.9507 0 0 0 10.9507 0 0 0 10.9507 7.87454 0 0 0 7.87454 0 0 0 7.87454 10.303 0 0 0 10.303 0 0 0 10.303 10 0 0 0 10 0 0 0 10 7.85502 0 0 0 7.85502 0 0 0 7.85502 7.87552 0 0 0 7.87552 0 0 0 7.87552 10.8498 0 0 0 10.8498 0 0 0 10.8498 13.0886 0 0 0 13.0886 0 0 0 13.0886 8.83547 0 0 0 8.83547 0 0 0 8.83547 9.14484 0 0 0 9.14484 0 0 0 9.14484 8.70446 0 0 0 8.70446 0 0 0 8.70446 12.962 0 0 0 12.962 0 0 0 12.962 7.92202 0 0 0 7.92202 0 0 0 7.92202 7.84002 0 0 0 7.84002 0 0 0 7.84002 12.2289 0 0 0 12.2289 0 0 0 12.2289 11.3498 0 0 0 11.3498 0 0 0 11.3498 13.0754 0 0 0 13.0754 0 0 0 13.0754 8.85856 0 0 0 8.85856 0 0 0 8.85856 11.2188 0 0 0 11.2188 0 0 0 11.2188 10 0 0 0 10 0 0 0 10 12.5232 0 0 0 12.5232 0 0 0 12.5232 8.39077 0 0 0 8.39077 0 0 0 8.39077 8.64305 0 0 0 8.64305 0 0 0 8.64305 10 0 0 0 10 0 0 0 10 12.5748 0 0 0 12.5748 0 0 0 12.5748 10 0 0 0 10 0 0 0 10 11.0393 0 0 0 11.0393 0 0 0 11.0393 12.9934 0 0 0 12.9934 0 0 0 12.9934 10 0 0 0 10 0 0 0 10 11.0281 0 0 0 11.0281 0 0 0 11.0281 9.23596 0 0 0 9.23596 0 0 0 9.23596 12.7632 0 0 0 12.7632 0 0 0 12.7632 7.89481 0 0 0 7.89481 0 0 0 7.89481 11.9943 0 0 0 11.9943 0 0 0 11.9943 12.7729 0 0 0 12.7729 0 0 0 12.7729 8.83625 0 0 0 8.83625 0 0 0 8.83625 8.79956 0 0 0 8.79956 0 0 0 8.79956 11.8786 0 0 0 11.8786 0 0 0 11.8786 10.5626 0 0 0 10.5626 0 0 0 10.5626 8.01814 0 0 0 8.01814 0 0 0 8.01814 10.9356 0 0 0 10.9356 0 0 0 10.9356 10 0 0 0 10 0 0 0 10 11.7593 0 0 0 11.7593 0 0 0 11.7593 8.86411 0 0 0 8.86411 0 0 0 8.86411 10 0 0 0 10 0 0 0 10 10 0 0 0 10 0 0 0 10 12.8491 0 0 0 12.8491 0 0 0 12.8491 12.366 0 0 0 12.366 0 0 0 12.366 11.7415 0 0 0 11.7415 0 0 0 11.7415 7.8259 0 0 0 7.8259 0 0 0 7.8259 10 0 0 0 10 0 0 0 10 7.87219 0 0 0 7.87219 0 0 0 7.87219 11.1665 0 0 0 11.1665 0 0 0 11.1665 10 0 0 0 10 0 0 0 10 11.0159 0 0 0 11.0159 0 0 0 11.0159 12.4625 0 0 0 12.4625 0 0 0 12.4625 12.5969 0 0 0 12.5969 0 0 0 12.5969 7.99024 0 0 0 7.99024 0 0 0 7.99024 8.83484 0 0 0 8.83484 0 0 0 8.83484 10.3418 0 0 0 10.3418 0 0 0 10.3418 11.0446 0 0 0 11.0446 0 0 0 11.0446 10 0 0 0 10 0 0 0 10 12.5013 0 0 0 12.5013 0 0 0 12.5013 8.83463 0 0 0 8.83463 0 0 0 8.83463 12.1439 0 0 0 12.1439 0 0 0 12.1439 8.55477 0 0 0 8.55477 0 0 0 8.55477 10.9429 0 0 0 10.9429 0 0 0 10.9429 10.9731 0 0 0 10.9731 0 0 0 10.9731 8.07282 0 0 0 8.07282 0 0 0 8.07282 7.93609 0 0 0 7.93609 0 0 0 7.93609 11.075 0 0 0 11.075 0 0 0 11.075 9.30216 0 0 0 9.30216 0 0 0 9.30216 11.4496 0 0 0 11.4496 0 0 0 11.4496 10.9982 0 0 0 10.9982 0 0 0 10.9982 9.57894 0 0 0 9.57894 0 0 0 9.57894 9.95762 0 0 0 9.95762 0 0 0 9.95762 11.0504 0 0 0 11.0504 0 0 0 11.0504 10 0 0 0 10 0 0 0 10 12.3822 0 0 0 12.3822 0 0 0 12.3822 7.68481 0 0 0 7.68481 0 0 0 7.68481 8.84581 0 0 0 8.84581 0 0 0 8.84581 11.1572 0 0 0 11.1572 0 0 0 11.1572 10.2026 0 0 0 10.2026 0 0 0 10.2026 8.79247 0 0 0 8.79247 0 0 0 8.79247 10 0 0 0 10 0 0 0 10 10.4587 0 0 0 10.4587 0 0 0 10.4587 10.4274 0 0 0 10.4274 0 0 0 10.4274 8.31057 0 0 0 8.31057 0 0 0 8.31057 11.9691 0 0 0 11.9691 0 0 0 11.9691 10.9141 0 0 0 10.9141 0 0 0 10.9141 8.26459 0 0 0 8.26459 0 0 0 8.26459 8.88143 0 0 0 8.88143 0 0 0 8.88143 12.8565 0 0 0 12.8565 0 0 0 12.8565 10 0 0 0 10 0 0 0 10 11.5993 0 0 0 11.5993 0 0 0 11.5993 12.3634 0 0 0 12.3634 0 0 0 12.3634 11.0516 0 0 0 11.0516 0 0 0 11.0516 10.9382 0 0 0 10.9382 0 0 0 10.9382 11.0569 0 0 0 11.0569 0 0 0 11.0569 9.41664 0 0 0 9.41664 0 0 0 9.41664 8.65312 0 0 0 8.65312 0 0 0 8.65312 10 0 0 0 10 0 0 0 10 11.1411 0 0 0 11.1411 0 0 0 11.1411 7.83773 0 0 0 7.83773 0 0 0 7.83773 7.54486 0 0 0 7.54486 0 0 0 7.54486 11.7056 0 0 0 11.7056 0 0 0 11.7056 9.51354 0 0 0 9.51354 0 0 0 9.51354 9.29296 0 0 0 9.29296 0 0 0 9.29296 7.9731 0 0 0 7.9731 0 0 0 7.9731 8.84469 0 0 0 8.84469 0 0 0 8.84469 10 0 0 0 10 0 0 0 10 10.9313 0 0 0 10.9313 0 0 0 10.9313 12.1058 0 0 0 12.1058 0 0 0 12.1058 9.60507 0 0 0 9.60507 0 0 0 9.60507 10.1998 0 0 0 10.1998 0 0 0 10.1998 11.9226 0 0 0 11.9226 0 0 0 11.9226 10.9117 0 0 0 10.9117 0 0 0 10.9117 8.74095 0 0 0 8.74095 0 0 0 8.74095 12.8493 0 0 0 12.8493 0 0 0 12.8493 7.85224 0 0 0 7.85224 0 0 0 7.85224 10.665 0 0 0 10.665 0 0 0 10.665 11.0131 0 0 0 11.0131 0 0 0 11.0131 10 0 0 0 10 0 0 0 10 8.06652 0 0 0 8.06652 0 0 0 8.06652 8.31438 0 0 0 8.31438 0 0 0 8.31438 12.8939 0 0 0 12.8939 0 0 0 12.8939 12.4964 0 0 0 12.4964 0 0 0 12.4964 13.1158 0 0 0 13.1158 0 0 0 13.1158 12.5591 0 0 0 12.5591 0 0 0 12.5591 7.81126 0 0 0 7.81126 0 0 0 7.81126 8.40302 0 0 0 8.40302 0 0 0 8.40302 11.8645 0 0 0 11.8645 0 0 0 11.8645 10 0 0 0 10 0 0 0 10 9.57196 0 0 0 9.57196 0 0 0 9.57196 12.842 0 0 0 12.842 0 0 0 12.842 10 0 0 0 10 0 0 0 10 10.7461 0 0 0 10.7461 0 0 0 10.7461 11.8936 0 0 0 11.8936 0 0 0 11.8936 11.1405 0 0 0 11.1405 0 0 0 11.1405 11.734 0 0 0 11.734 0 0 0 11.734 9.95984 0 0 0 9.95984 0 0 0 9.95984 12.3308 0 0 0 12.3308 0 0 0 12.3308 9.585 0 0 0 9.585 0 0 0 9.585 12.3834 0 0 0 12.3834 0 0 0 12.3834 11.1593 0 0 0 11.1593 0 0 0 11.1593 12.8155 0 0 0 12.8155 0 0 0 12.8155 10 0 0 0 10 0 0 0 10 11.9636 0 0 0 11.9636 0 0 0 11.9636 9.63332 0 0 0 9.63332 0 0 0 9.63332 10.8444 0 0 0 10.8444 0 0 0 10.8444 7.88752 0 0 0 7.88752 0 0 0 7.88752 10.2063 0 0 0 10.2063 0 0 0 10.2063 11.1753 0 0 0 11.1753 0 0 0 11.1753 10 0 0 0 10 0 0 0 10 7.84297 0 0 0 7.84297 0 0 0 7.84297 10.735 0 0 0 10.735 0 0 0 10.735 7.56011 0 0 0 7.56011 0 0 0 7.56011 12.3423 0 0 0 12.3423 0 0 0 12.3423 10 0 0 0 10 0 0 0 10 11.3683 0 0 0 11.3683 0 0 0 11.3683 9.64114 0 0 0 9.64114 0 0 0 9.64114 12.9495 0 0 0 12.9495 0 0 0 12.9495 10.6411 0 0 0 10.6411 0 0 0 10.6411 8.03804 0 0 0 8.03804 0 0 0 8.03804 12.4375 0 0 0 12.4375 0 0 0 12.4375 10 0 0 0 10 0 0 0 10 9.62055 0 0 0 9.62055 0 0 0 9.62055 11.7428 0 0 0 11.7428 0 0 0 11.7428 10 0 0 0 10 0 0 0 10 8.84847 0 0 0 8.84847 0 0 0 8.84847 11.7625 0 0 0 11.7625 0 0 0 11.7625 9.82853 0 0 0 9.82853 0 0 0 9.82853 8.7614 0 0 0 8.7614 0 0 0 8.7614 8.95633 0 0 0 8.95633 0 0 0 8.95633 11.0718 0 0 0 11.0718 0 0 0 11.0718 12.954 0 0 0 12.954 0 0 0 12.954 9.3078 0 0 0 9.3078 0 0 0 9.3078 10.9886 0 0 0 10.9886 0 0 0 10.9886 7.37959 0 0 0 7.37959 0 0 0 7.37959 12.3548 0 0 0 12.3548 0 0 0 12.3548 12.6914 0 0 0 12.6914 0 0 0 12.6914 13.2799 0 0 0 13.2799 0 0 0 13.2799 11.0893 0 0 0 11.0893 0 0 0 11.0893 9.41811 0 0 0 9.41811 0 0 0 9.41811 10 0 0 0 10 0 0 0 10 11.2986 0 0 0 11.2986 0 0 0 11.2986 10.9229 0 0 0 10.9229 0 0 0 10.9229 8.04168 0 0 0 8.04168 0 0 0 8.04168 10.3949 0 0 0 10.3949 0 0 0 10.3949 10 0 0 0 10 0 0 0 10 12.8074 0 0 0 12.8074 0 0 0 12.8074 7.35447 0 0 0 7.35447 0 0 0 7.35447 12.0479 0 0 0 12.0479 0 0 0 12.0479 7.78638 0 0 0 7.78638 0 0 0 7.78638 11.0085 0 0 0 11.0085 0 0 0 11.0085 7.50233 0 0 0 7.50233 0 0 0 7.50233 7.45818 0 0 0 7.45818 0 0 0 7.45818 13.0537 0 0 0 13.0537 0 0 0 13.0537 11.1381 0 0 0 11.1381 0 0 0 11.1381 10 0 0 0 10 0 0 0 10 11.1511 0 0 0 11.1511 0 0 0 11.1511 11.6536 0 0 0 11.6536 0 0 0 11.6536 11.9406 0 0 0 11.9406 0 0 0 11.9406 10.6542 0 0 0 10.6542 0 0 0 10.6542 7.31808 0 0 0 7.31808 0 0 0 7.31808 11.4684 0 0 0 11.4684 0 0 0 11.4684 12.4292 0 0 0 12.4292 0 0 0 12.4292 11.1951 0 0 0 11.1951 0 0 0 11.1951 11.0938 0 0 0 11.0938 0 0 0 11.0938 8.86038 0 0 0 8.86038 0 0 0 8.86038 8.11064 0 0 0 8.11064 0 0 0 8.11064 8.75747 0 0 0 8.75747 0 0 0 8.75747 7.31484 0 0 0 7.31484 0 0 0 7.31484 8.75854 0 0 0 8.75854 0 0 0 8.75854 10.9973 0 0 0 10.9973 0 0 0 10.9973 12.9424 0 0 0 12.9424 0 0 0 12.9424 11.1705 0 0 0 11.1705 0 0 0 11.1705 10 0 0 0 10 0 0 0 10 11.8698 0 0 0 11.8698 0 0 0 11.8698 8.59025 0 0 0 8.59025 0 0 0 8.59025 7.38477 0 0 0 7.38477 0 0 0 7.38477 10 0 0 0 10 0 0 0 10 10.8839 0 0 0 10.8839 0 0 0 10.8839 8.03536 0 0 0 8.03536 0 0 0 8.03536 8.68376 0 0 0 8.68376 0 0 0 8.68376 12.4151 0 0 0 12.4151 0 0 0 12.4151 8.70507 0 0 0 8.70507 0 0 0 8.70507 10 0 0 0 10 0 0 0 10 12.0169 0 0 0 12.0169 0 0 0 12.0169 12.7968 0 0 0 12.7968 0 0 0 12.7968 10 0 0 0 10 0 0 0 10 13.1554 0 0 0 13.1554 0 0 0 13.1554 10 0 0 0 10 0 0 0 10 12.9923 0 0 0 12.9923 0 0 0 12.9923 13.0727 0 0 0 13.0727 0 0 0 13.0727 9.01905 0 0 0 9.01905 0 0 0 9.01905 7.9085 0 0 0 7.9085 0 0 0 7.9085 11.0351 0 0 0 11.0351 0 0 0 11.0351 10.4921 0 0 0 10.4921 0 0 0 10.4921 10 0 0 0 10 0 0 0 10 10.9374 0 0 0 10.9374 0 0 0 10.9374 10.4251 0 0 0 10.4251 0 0 0 10.4251 8.83155 0 0 0 8.83155 0 0 0 8.83155 8.5789 0 0 0 8.5789 0 0 0 8.5789 9.41555 0 0 0 9.41555 0 0 0 9.41555 13.1759 0 0 0 13.1759 0 0 0 13.1759 12.1619 0 0 0 12.1619 0 0 0 12.1619 11.5493 0 0 0 11.5493 0 0 0 11.5493 12.6628 0 0 0 12.6628 0 0 0 12.6628 10 0 0 0 10 0 0 0 10 10 0 0 0 10 0 0 0 10 10 0 0 0 10 0 0 0 10 12.9167 0 0 0 12.9167 0 0 0 12.9167 10 0 0 0 10 0 0 0 10 10 0 0 0 10 0 0 0 10 8.6727 0 0 0 8.6727 0 0 0 8.6727 8.43778 0 0 0 8.43778 0 0 0 8.43778 7.83391 0 0 0 7.83391 0 0 0 7.83391 11.9598 0 0 0 11.9598 0 0 0 11.9598 10.9001 0 0 0 10.9001 0 0 0 10.9001 10 0 0 0 10 0 0 0 10 11.2629 0 0 0 11.2629 0 0 0 11.2629 9.95715 0 0 0 9.95715 0 0 0 9.95715 10 0 0 0 10 0 0 0 10 10 0 0 0 10 0 0 0 10 11.202 0 0 0 11.202 0 0 0 11.202 12.8472 0 0 0 12.8472 0 0 0 12.8472 12.2945 0 0 0 12.2945 0 0 0 12.2945 9.4898 0 0 0 9.4898 0 0 0 9.4898 11.1408 0 0 0 11.1408 0 0 0 11.1408 11.309 0 0 0 11.309 0 0 0 11.309 7.79542 0 0 0 7.79542 0 0 0 7.79542 10.3649 0 0 0 10.3649 0 0 0 10.3649 11.4573 0 0 0 11.4573 0 0 0 11.4573 7.90524 0 0 0 7.90524 0 0 0 7.90524 7.23862 0 0 0 7.23862 0 0 0 7.23862 10 0 0 0 10 0 0 0 10 8.70545 0 0 0 8.70545 0 0 0 8.70545 13.2326 0 0 0 13.2326 0 0 0 13.2326 10.3789 0 0 0 10.3789 0 0 0 10.3789 10 0 0 0 10 0 0 0 10 7.906 0 0 0 7.906 0 0 0 7.906 11.8612 0 0 0 11.8612 0 0 0 11.8612 11.4863 0 0 0 11.4863 0 0 0 11.4863 11.1889 0 0 0 11.1889 0 0 0 11.1889 9.62181 0 0 0 9.62181 0 0 0 9.62181 10 0 0 0 10 0 0 0 10 12.6583 0 0 0 12.6583 0 0 0 12.6583 9.59248 0 0 0 9.59248 0 0 0 9.59248 9.18357 0 0 0 9.18357 0 0 0 9.18357 7.62106 0 0 0 7.62106 0 0 0 7.62106 7.4947 0 0 0 7.4947 0 0 0 7.4947 12.8367 0 0 0 12.8367 0 0 0 12.8367 10 0 0 0 10 0 0 0 10 12.3475 0 0 0 12.3475 0 0 0 12.3475 8.65437 0 0 0 8.65437 0 0 0 8.65437 7.92236 0 0 0 7.92236 0 0 0 7.92236 10.3932 0 0 0 10.3932 0 0 0 10.3932 10 0 0 0 10 0 0 0 10 12.0554 0 0 0 12.0554 0 0 0 12.0554 9.8644 0 0 0 9.8644 0 0 0 9.8644 11.1141 0 0 0 11.1141 0 0 0 11.1141 10.351 0 0 0 10.351 0 0 0 10.351 10.9693 0 0 0 10.9693 0 0 0 10.9693 8.63719 0 0 0 8.63719 0 0 0 8.63719 11.044 0 0 0 11.044 0 0 0 11.044 8.58706 0 0 0 8.58706 0 0 0 8.58706 11.0038 0 0 0 11.0038 0 0 0 11.0038 8.5908 0 0 0 8.5908 0 0 0 8.5908 10 0 0 0 10 0 0 0 10 11.1637 0 0 0 11.1637 0 0 0 11.1637 11.1104 0 0 0 11.1104 0 0 0 11.1104 12.6251 0 0 0 12.6251 0 0 0 12.6251 10.5064 0 0 0 10.5064 0 0 0 10.5064 10.9597 0 0 0 10.9597 0 0 0 10.9597 8.54271 0 0 0 8.54271 0 0 0 8.54271 11.4381 0 0 0 11.4381 0 0 0 11.4381 7.37279 0 0 0 7.37279 0 0 0 7.37279 8.4865 0 0 0 8.4865 0 0 0 8.4865 7.47781 0 0 0 7.47781 0 0 0 7.47781 7.27117 0 0 0 7.27117 0 0 0 7.27117 12.2447 0 0 0 12.2447 0 0 0 12.2447 12.1142 0 0 0 12.1142 0 0 0 12.1142 8.89345 0 0 0 8.89345 0 0 0 8.89345 8.14545 0 0 0 8.14545 0 0 0 8.14545 10.5935 0 0 0 10.5935 0 0 0 10.5935 7.87932 0 0 0 7.87932 0 0 0 7.87932 7.77638 0 0 0 7.77638 0 0 0 7.77638 8.03721 0 0 0 8.03721 0 0 0 8.03721 9.71542 0 0 0 9.71542 0 0 0 9.71542 8.35812 0 0 0 8.35812 0 0 0 8.35812 12.3856 0 0 0 12.3856 0 0 0 12.3856 11.075 0 0 0 11.075 0 0 0 11.075 12.2231 0 0 0 12.2231 0 0 0 12.2231 11.3958 0 0 0 11.3958 0 0 0 11.3958 11.7871 0 0 0 11.7871 0 0 0 11.7871 12.3158 0 0 0 12.3158 0 0 0 12.3158 12.0754 0 0 0 12.0754 0 0 0 12.0754 9.33247 0 0 0 9.33247 0 0 0 9.33247 8.02748 0 0 0 8.02748 0 0 0 8.02748 12.6853 0 0 0 12.6853 0 0 0 12.6853 11.068 0 0 0 11.068 0 0 0 11.068 12.7412 0 0 0 12.7412 0 0 0 12.7412 12.5298 0 0 0 12.5298 0 0 0 12.5298 10.9386 0 0 0 10.9386 0 0 0 10.9386 10.7027 0 0 0 10.7027 0 0 0 10.7027 8.69485 0 0 0 8.69485 0 0 0 8.69485 10 0 0 0 10 0 0 0 10 12.1397 0 0 0 12.1397 0 0 0 12.1397 10 0 0 0 10 0 0 0 10 9.45213 0 0 0 9.45213 0 0 0 9.45213 11.106 0 0 0 11.106 0 0 0 11.106 10 0 0 0 10 0 0 0 10 13.0162 0 0 0 13.0162 0 0 0 13.0162 10.5423 0 0 0 10.5423 0 0 0 10.5423 10.3988 0 0 0 10.3988 0 0 0 10.3988 9.44633 0 0 0 9.44633 0 0 0 9.44633 10 0 0 0 10 0 0 0 10 10 0 0 0 10 0 0 0 10 11.0458 0 0 0 11.0458 0 0 0 11.0458 10 0 0 0 10 0 0 0 10 10 0 0 0 10 0 0 0 10 9.07709 0 0 0 9.07709 0 0 0 9.07709 11.0112 0 0 0 11.0112 0 0 0 11.0112 7.59354 0 0 0 7.59354 0 0 0 7.59354 8.75731 0 0 0 8.75731 0 0 0 8.75731 10 0 0 0 10 0 0 0 10 8.5957 0 0 0 8.5957 0 0 0 8.5957 11.0106 0 0 0 11.0106 0 0 0 11.0106 11.6614 0 0 0 11.6614 0 0 0 11.6614 8.00033 0 0 0 8.00033 0 0 0 8.00033 10.6473 0 0 0 10.6473 0 0 0 10.6473 10.9535 0 0 0 10.9535 0 0 0 10.9535 11.0335 0 0 0 11.0335 0 0 0 11.0335 9.06691 0 0 0 9.06691 0 0 0 9.06691 12.5191 0 0 0 12.5191 0 0 0 12.5191 11.5588 0 0 0 11.5588 0 0 0 11.5588 12.5887 0 0 0 12.5887 0 0 0 12.5887 9.22231 0 0 0 9.22231 0 0 0 9.22231 7.92428 0 0 0 7.92428 0 0 0 7.92428 10.2611 0 0 0 10.2611 0 0 0 10.2611 11.8524 0 0 0 11.8524 0 0 0 11.8524 10.9997 0 0 0 10.9997 0 0 0 10.9997 10.4566 0 0 0 10.4566 0 0 0 10.4566 11.1759 0 0 0 11.1759 0 0 0 11.1759 12.0499 0 0 0 12.0499 0 0 0 12.0499 10 0 0 0 10 0 0 0 10 11.1072 0 0 0 11.1072 0 0 0 11.1072 10.3857 0 0 0 10.3857 0 0 0 10.3857 11.3522 0 0 0 11.3522 0 0 0 11.3522 9.91474 0 0 0 9.91474 0 0 0 9.91474 10 0 0 0 10 0 0 0 10 12.2116 0 0 0 12.2116 0 0 0 12.2116 12.0125 0 0 0 12.0125 0 0 0 12.0125 11.125 0 0 0 11.125 0 0 0 11.125 10 0 0 0 10 0 0 0 10 9.44775 0 0 0 9.44775 0 0 0 9.44775 7.5413 0 0 0 7.5413 0 0 0 7.5413 8.75921 0 0 0 8.75921 0 0 0 8.75921 7.85229 0 0 0 7.85229 0 0 0 7.85229 8.61929 0 0 0 8.61929 0 0 0 8.61929 8.37654 0 0 0 8.37654 0 0 0 8.37654 12.5197 0 0 0 12.5197 0 0 0 12.5197 11.9609 0 0 0 11.9609 0 0 0 11.9609 11.2718 0 0 0 11.2718 0 0 0 11.2718 12.8504 0 0 0 12.8504 0 0 0 12.8504 10 0 0 0 10 0 0 0 10 11.9851 0 0 0 11.9851 0 0 0 11.9851 10 0 0 0 10 0 0 0 10 10.5997 0 0 0 10.5997 0 0 0 10.5997 8.11426 0 0 0 8.11426 0 0 0 8.11426 12.6017 0 0 0 12.6017 0 0 0 12.6017 11.957 0 0 0 11.957 0 0 0 11.957 11.163 0 0 0 11.163 0 0 0 11.163 12.1511 0 0 0 12.1511 0 0 0 12.1511 10 0 0 0 10 0 0 0 10 12.3092 0 0 0 12.3092 0 0 0 12.3092 12.7951 0 0 0 12.7951 0 0 0 12.7951 9.47502 0 0 0 9.47502 0 0 0 9.47502 11.0719 0 0 0 11.0719 0 0 0 11.0719 10 0 0 0 10 0 0 0 10 7.88343 0 0 0 7.88343 0 0 0 7.88343 7.40511 0 0 0 7.40511 0 0 0 7.40511 8.99284 0 0 0 8.99284 0 0 0 8.99284 8.38126 0 0 0 8.38126 0 0 0 8.38126 11.034 0 0 0 11.034 0 0 0 11.034 10.7024 0 0 0 10.7024 0 0 0 10.7024 8.25383 0 0 0 8.25383 0 0 0 8.25383 12.1451 0 0 0 12.1451 0 0 0 12.1451 8.80272 0 0 0 8.80272 0 0 0 8.80272 12.7752 0 0 0 12.7752 0 0 0 12.7752 11.0359 0 0 0 11.0359 0 0 0 11.0359 11.1896 0 0 0 11.1896 0 0 0 11.1896 8.53007 0 0 0 8.53007 0 0 0 8.53007 10.6235 0 0 0 10.6235 0 0 0 10.6235 11.1529 0 0 0 11.1529 0 0 0 11.1529 12.2354 0 0 0 12.2354 0 0 0 12.2354 8.81485 0 0 0 8.81485 0 0 0 8.81485 12.9682 0 0 0 12.9682 0 0 0 12.9682 8.91806 0 0 0 8.91806 0 0 0 8.91806 7.09687 0 0 0 7.09687 0 0 0 7.09687 10.2652 0 0 0 10.2652 0 0 0 10.2652 11.0056 0 0 0 11.0056 0 0 0 11.0056 11.1553 0 0 0 11.1553 0 0 0 11.1553 8.88558 0 0 0 8.88558 0 0 0 8.88558 7.85179 0 0 0 7.85179 0 0 0 7.85179 8.75834 0 0 0 8.75834 0 0 0 8.75834 12.201 0 0 0 12.201 0 0 0 12.201 11.8656 0 0 0 11.8656 0 0 0 11.8656 11.1648 0 0 0 11.1648 0 0 0 11.1648 11.1638 0 0 0 11.1638 0 0 0 11.1638 10.9304 0 0 0 10.9304 0 0 0 10.9304 8.57635 0 0 0 8.57635 0 0 0 8.57635 7.55589 0 0 0 7.55589 0 0 0 7.55589 10.5619 0 0 0 10.5619 0 0 0 10.5619 7.85987 0 0 0 7.85987 0 0 0 7.85987 9.15618 0 0 0 9.15618 0 0 0 9.15618 9.76032 0 0 0 9.76032 0 0 0 9.76032 10 0 0 0 10 0 0 0 10 12.5509 0 0 0 12.5509 0 0 0 12.5509 11.2404 0 0 0 11.2404 0 0 0 11.2404 9.8478 0 0 0 9.8478 0 0 0 9.8478 12.1408 0 0 0 12.1408 0 0 0 12.1408 11.1742 0 0 0 11.1742 0 0 0 11.1742 12.4241 0 0 0 12.4241 0 0 0 12.4241 11.4789 0 0 0 11.4789 0 0 0 11.4789 12.7639 0 0 0 12.7639 0 0 0 12.7639 11.2727 0 0 0 11.2727 0 0 0 11.2727 9.33844 0 0 0 9.33844 0 0 0 9.33844 13.1305 0 0 0 13.1305 0 0 0 13.1305 12.8567 0 0 0 12.8567 0 0 0 12.8567 10 0 0 0 10 0 0 0 10 12.5336 0 0 0 12.5336 0 0 0 12.5336 13.1417 0 0 0 13.1417 0 0 0 13.1417 9.46687 0 0 0 9.46687 0 0 0 9.46687 12.1203 0 0 0 12.1203 0 0 0 12.1203 10 0 0 0 10 0 0 0 10 8.20488 0 0 0 8.20488 0 0 0 8.20488 11.8712 0 0 0 11.8712 0 0 0 11.8712 10 0 0 0 10 0 0 0 10 9.90249 0 0 0 9.90249 0 0 0 9.90249 10 0 0 0 10 0 0 0 10 7.53366 0 0 0 7.53366 0 0 0 7.53366 11.0524 0 0 0 11.0524 0 0 0 11.0524 12.2016 0 0 0 12.2016 0 0 0 12.2016 8.01932 0 0 0 8.01932 0 0 0 8.01932 10 0 0 0 10 0 0 0 10 10 0 0 0 10 0 0 0 10 13.0263 0 0 0 13.0263 0 0 0 13.0263 12.8729 0 0 0 12.8729 0 0 0 12.8729 7.66108 0 0 0 7.66108 0 0 0 7.66108 13.2593 0 0 0 13.2593 0 0 0 13.2593 8.00011 0 0 0 8.00011 0 0 0 8.00011 13.1391 0 0 0 13.1391 0 0 0 13.1391 10.6584 0 0 0 10.6584 0 0 0 10.6584 10.569 0 0 0 10.569 0 0 0 10.569 10 0 0 0 10 0 0 0 10 11.5005 0 0 0 11.5005 0 0 0 11.5005 11.9553 0 0 0 11.9553 0 0 0 11.9553 11.1363 0 0 0 11.1363 0 0 0 11.1363 7.77849 0 0 0 7.77849 0 0 0 7.77849 12.9348 0 0 0 12.9348 0 0 0 12.9348 8.06138 0 0 0 8.06138 0 0 0 8.06138 10 0 0 0 10 0 0 0 10 11.0634 0 0 0 11.0634 0 0 0 11.0634 10.2154 0 0 0 10.2154 0 0 0 10.2154 10 0 0 0 10 0 0 0 10 12.6357 0 0 0 12.6357 0 0 0 12.6357 9.29104 0 0 0 9.29104 0 0 0 9.29104 7.92442 0 0 0 7.92442 0 0 0 7.92442 12.4738 0 0 0 12.4738 0 0 0 12.4738 9.35845 0 0 0 9.35845 0 0 0 9.35845 7.81784 0 0 0 7.81784 0 0 0 7.81784 11.8168 0 0 0 11.8168 0 0 0 11.8168 11.3235 0 0 0 11.3235 0 0 0 11.3235 8.99101 0 0 0 8.99101 0 0 0 8.99101 7.89397 0 0 0 7.89397 0 0 0 7.89397 8.82711 0 0 0 8.82711 0 0 0 8.82711 7.82362 0 0 0 7.82362 0 0 0 7.82362 10.9066 0 0 0 10.9066 0 0 0 10.9066 12.1535 0 0 0 12.1535 0 0 0 12.1535 7.32912 0 0 0 7.32912 0 0 0 7.32912 10 0 0 0 10 0 0 0 10 8.86126 0 0 0 8.86126 0 0 0 8.86126 12.1127 0 0 0 12.1127 0 0 0 12.1127 7.32606 0 0 0 7.32606 0 0 0 7.32606 11.8844 0 0 0 11.8844 0 0 0 11.8844 11.1275 0 0 0 11.1275 0 0 0 11.1275 8.86876 0 0 0 8.86876 0 0 0 8.86876 10.902 0 0 0 10.902 0 0 0 10.902 12.7182 0 0 0 12.7182 0 0 0 12.7182 8.88067 0 0 0 8.88067 0 0 0 8.88067 7.98569 0 0 0 7.98569 0 0 0 7.98569 7.38029 0 0 0 7.38029 0 0 0 7.38029 7.86417 0 0 0 7.86417 0 0 0 7.86417 9.36483 0 0 0 9.36483 0 0 0 9.36483 11.1598 0 0 0 11.1598 0 0 0 11.1598 10.4921 0 0 0 10.4921 0 0 0 10.4921 10.6434 0 0 0 10.6434 0 0 0 10.6434 10.9028 0 0 0 10.9028 0 0 0 10.9028 8.03775 0 0 0 8.03775 0 0 0 8.03775 10.7687 0 0 0 10.7687 0 0 0 10.7687 10 0 0 0 10 0 0 0 10 11.8135 0 0 0 11.8135 0 0 0 11.8135 11.178 0 0 0 11.178 0 0 0 11.178 12.0264 0 0 0 12.0264 0 0 0 12.0264 11.3681 0 0 0 11.3681 0 0 0 11.3681 11.6591 0 0 0 11.6591 0 0 0 11.6591 11.0773 0 0 0 11.0773 0 0 0 11.0773 10.9577 0 0 0 10.9577 0 0 0 10.9577 10.9865 0 0 0 10.9865 0 0 0 10.9865 11.0698 0 0 0 11.0698 0 0 0 11.0698 8.51867 0 0 0 8.51867 0 0 0 8.51867 7.81408 0 0 0 7.81408 0 0 0 7.81408 7.19212 0 0 0 7.19212 0 0 0 7.19212 10.1377 0 0 0 10.1377 0 0 0 10.1377 10.3746 0 0 0 10.3746 0 0 0 10.3746 11.0198 0 0 0 11.0198 0 0 0 11.0198 11.498 0 0 0 11.498 0 0 0 11.498 8.28716 0 0 0 8.28716 0 0 0 8.28716 12.7054 0 0 0 12.7054 0 0 0 12.7054 11.826 0 0 0 11.826 0 0 0 11.826 10.7735 0 0 0 10.7735 0 0 0 10.7735 10 0 0 0 10 0 0 0 10 12.1449 0 0 0 12.1449 0 0 0 12.1449 7.43346 0 0 0 7.43346 0 0 0 7.43346 8.62766 0 0 0 8.62766 0 0 0 8.62766 10.9199 0 0 0 10.9199 0 0 0 10.9199 7.82713 0 0 0 7.82713 0 0 0 7.82713 9.45788 0 0 0 9.45788 0 0 0 9.45788 8.2427 0 0 0 8.2427 0 0 0 8.2427 11.8784 0 0 0 11.8784 0 0 0 11.8784 12.8223 0 0 0 12.8223 0 0 0 12.8223 11.3576 0 0 0 11.3576 0 0 0 11.3576 12.9703 0 0 0 12.9703 0 0 0 12.9703 11.132 0 0 0 11.132 0 0 0 11.132 7.81879 0 0 0 7.81879 0 0 0 7.81879 10.9467 0 0 0 10.9467 0 0 0 10.9467 11.7639 0 0 0 11.7639 0 0 0 11.7639 10 0 0 0 10 0 0 0 10 8.29496 0 0 0 8.29496 0 0 0 8.29496 10 0 0 0 10 0 0 0 10 7.86757 0 0 0 7.86757 0 0 0 7.86757 7.67113 0 0 0 7.67113 0 0 0 7.67113 12.4413 0 0 0 12.4413 0 0 0 12.4413 10 0 0 0 10 0 0 0 10 10 0 0 0 10 0 0 0 10 7.92786 0 0 0 7.92786 0 0 0 7.92786 8.70663 0 0 0 8.70663 0 0 0 8.70663 11.0329 0 0 0 11.0329 0 0 0 11.0329 7.57397 0 0 0 7.57397 0 0 0 7.57397 8.87021 0 0 0 8.87021 0 0 0 8.87021 9.72599 0 0 0 9.72599 0 0 0 9.72599 7.96544 0 0 0 7.96544 0 0 0 7.96544 12.155 0 0 0 12.155 0 0 0 12.155 9.69036 0 0 0 9.69036 0 0 0 9.69036 7.87335 0 0 0 7.87335 0 0 0 7.87335 10 0 0 0 10 0 0 0 10 8.44666 0 0 0 8.44666 0 0 0 8.44666 7.79531 0 0 0 7.79531 0 0 0 7.79531 10.9708 0 0 0 10.9708 0 0 0 10.9708 9.22193 0 0 0 9.22193 0 0 0 9.22193 8.81922 0 0 0 8.81922 0 0 0 8.81922 13.1902 0 0 0 13.1902 0 0 0 13.1902 7.61846 0 0 0 7.61846 0 0 0 7.61846 12.5919 0 0 0 12.5919 0 0 0 12.5919 8.02697 0 0 0 8.02697 0 0 0 8.02697 8.48811 0 0 0 8.48811 0 0 0 8.48811 8.90451 0 0 0 8.90451 0 0 0 8.90451 10.2324 0 0 0 10.2324 0 0 0 10.2324 12.3964 0 0 0 12.3964 0 0 0 12.3964 7.92249 0 0 0 7.92249 0 0 0 7.92249 11.0908 0 0 0 11.0908 0 0 0 11.0908 12.8338 0 0 0 12.8338 0 0 0 12.8338 13.0188 0 0 0 13.0188 0 0 0 13.0188 12.2753 0 0 0 12.2753 0 0 0 12.2753 10 0 0 0 10 0 0 0 10 10 0 0 0 10 0 0 0 10 11.6578 0 0 0 11.6578 0 0 0 11.6578 11.8448 0 0 0 11.8448 0 0 0 11.8448 13.0406 0 0 0 13.0406 0 0 0 13.0406 11.1338 0 0 0 11.1338 0 0 0 11.1338 12.6755 0 0 0 12.6755 0 0 0 12.6755 12.8928 0 0 0 12.8928 0 0 0 12.8928 7.98375 0 0 0 7.98375 0 0 0 7.98375 10.9296 0 0 0 10.9296 0 0 0 10.9296 10.9992 0 0 0 10.9992 0 0 0 10.9992 7.81232 0 0 0 7.81232 0 0 0 7.81232 10.5082 0 0 0 10.5082 0 0 0 10.5082 7.69445 0 0 0 7.69445 0 0 0 7.69445 10 0 0 0 10 0 0 0 10 11.1201 0 0 0 11.1201 0 0 0 11.1201 12.3018 0 0 0 12.3018 0 0 0 12.3018 8.99803 0 0 0 8.99803 0 0 0 8.99803 11.7454 0 0 0 11.7454 0 0 0 11.7454 9.30961 0 0 0 9.30961 0 0 0 9.30961 12.8644 0 0 0 12.8644 0 0 0 12.8644 13.0993 0 0 0 13.0993 0 0 0 13.0993 9.62097 0 0 0 9.62097 0 0 0 9.62097 8.45885 0 0 0 8.45885 0 0 0 8.45885 8.77533 0 0 0 8.77533 0 0 0 8.77533 10.9555 0 0 0 10.9555 0 0 0 10.9555 13.2555 0 0 0 13.2555 0 0 0 13.2555 11.7637 0 0 0 11.7637 0 0 0 11.7637 13.0146 0 0 0 13.0146 0 0 0 13.0146 10 0 0 0 10 0 0 0 10 12.6476 0 0 0 12.6476 0 0 0 12.6476 11.0558 0 0 0 11.0558 0 0 0 11.0558 11.0697 0 0 0 11.0697 0 0 0 11.0697 11.9889 0 0 0 11.9889 0 0 0 11.9889 8.05378 0 0 0 8.05378 0 0 0 8.05378 8.00307 0 0 0 8.00307 0 0 0 8.00307 8.45284 0 0 0 8.45284 0 0 0 8.45284 9.6999 0 0 0 9.6999 0 0 0 9.6999 9.98198 0 0 0 9.98198 0 0 0 9.98198 7.35793 0 0 0 7.35793 0 0 0 7.35793 12.6141 0 0 0 12.6141 0 0 0 12.6141 9.44544 0 0 0 9.44544 0 0 0 9.44544 8.00395 0 0 0 8.00395 0 0 0 8.00395 7.44153 0 0 0 7.44153 0 0 0 7.44153 13.1854 0 0 0 13.1854 0 0 0 13.1854 7.32358 0 0 0 7.32358 0 0 0 7.32358 11.989 0 0 0 11.989 0 0 0 11.989 10 0 0 0 10 0 0 0 10 10 0 0 0 10 0 0 0 10 7.13207 0 0 0 7.13207 0 0 0 7.13207 10.9277 0 0 0 10.9277 0 0 0 10.9277 7.87411 0 0 0 7.87411 0 0 0 7.87411 12.5189 0 0 0 12.5189 0 0 0 12.5189 12.9528 0 0 0 12.9528 0 0 0 12.9528 12.8808 0 0 0 12.8808 0 0 0 12.8808 9.80354 0 0 0 9.80354 0 0 0 9.80354 9.09301 0 0 0 9.09301 0 0 0 9.09301 8.80482 0 0 0 8.80482 0 0 0 8.80482 12.1085 0 0 0 12.1085 0 0 0 12.1085 7.55208 0 0 0 7.55208 0 0 0 7.55208 7.30572 0 0 0 7.30572 0 0 0 7.30572 7.10348 0 0 0 7.10348 0 0 0 7.10348 7.95728 0 0 0 7.95728 0 0 0 7.95728 12.7845 0 0 0 12.7845 0 0 0 12.7845 10.3693 0 0 0 10.3693 0 0 0 10.3693 7.54714 0 0 0 7.54714 0 0 0 7.54714 11.1164 0 0 0 11.1164 0 0 0 11.1164 7.82302 0 0 0 7.82302 0 0 0 7.82302 12.498 0 0 0 12.498 0 0 0 12.498 8.83854 0 0 0 8.83854 0 0 0 8.83854 10.5358 0 0 0 10.5358 0 0 0 10.5358 7.89399 0 0 0 7.89399 0 0 0 7.89399 7.98649 0 0 0 7.98649 0 0 0 7.98649 11.7798 0 0 0 11.7798 0 0 0 11.7798 11.1678 0 0 0 11.1678 0 0 0 11.1678 10 0 0 0 10 0 0 0 10 11.0759 0 0 0 11.0759 0 0 0 11.0759 10 0 0 0 10 0 0 0 10 12.8615 0 0 0 12.8615 0 0 0 12.8615 9.73828 0 0 0 9.73828 0 0 0 9.73828 10 0 0 0 10 0 0 0 10 10.9285 0 0 0 10.9285 0 0 0 10.9285 12.7377 0 0 0 12.7377 0 0 0 12.7377 8.02717 0 0 0 8.02717 0 0 0 8.02717 9.53726 0 0 0 9.53726 0 0 0 9.53726 7.94085 0 0 0 7.94085 0 0 0 7.94085 10.8968 0 0 0 10.8968 0 0 0 10.8968 10 0 0 0 10 0 0 0 10 11.8353 0 0 0 11.8353 0 0 0 11.8353 13.1741 0 0 0 13.1741 0 0 0 13.1741 10.2385 0 0 0 10.2385 0 0 0 10.2385 11.9718 0 0 0 11.9718 0 0 0 11.9718 8.69836 0 0 0 8.69836 0 0 0 8.69836 11.3687 0 0 0 11.3687 0 0 0 11.3687 11.9775 0 0 0 11.9775 0 0 0 11.9775 10 0 0 0 10 0 0 0 10 10.4638 0 0 0 10.4638 0 0 0 10.4638 10 0 0 0 10 0 0 0 10 7.72487 0 0 0 7.72487 0 0 0 7.72487 9.53795 0 0 0 9.53795 0 0 0 9.53795 10 0 0 0 10 0 0 0 10 8.89203 0 0 0 8.89203 0 0 0 8.89203 12.9043 0 0 0 12.9043 0 0 0 12.9043 8.1847 0 0 0 8.1847 0 0 0 8.1847 12.0528 0 0 0 12.0528 0 0 0 12.0528 7.7867 0 0 0 7.7867 0 0 0 7.7867 9.89614 0 0 0 9.89614 0 0 0 9.89614 9.4672 0 0 0 9.4672 0 0 0 9.4672 10 0 0 0 10 0 0 0 10 10 0 0 0 10 0 0 0 10 10 0 0 0 10 0 0 0 10 10 0 0 0 10 0 0 0 10 13.1504 0 0 0 13.1504 0 0 0 13.1504 10.9602 0 0 0 10.9602 0 0 0 10.9602 10 0 0 0 10 0 0 0 10 12.5199 0 0 0 12.5199 0 0 0 12.5199 11.0237 0 0 0 11.0237 0 0 0 11.0237 10 0 0 0 10 0 0 0 10 12.737 0 0 0 12.737 0 0 0 12.737 11.9408 0 0 0 11.9408 0 0 0 11.9408 9.61658 0 0 0 9.61658 0 0 0 9.61658 10 0 0 0 10 0 0 0 10 10.9783 0 0 0 10.9783 0 0 0 10.9783 13.2542 0 0 0 13.2542 0 0 0 13.2542 10 0 0 0 10 0 0 0 10 8.61654 0 0 0 8.61654 0 0 0 8.61654 12.5754 0 0 0 12.5754 0 0 0 12.5754 10.1416 0 0 0 10.1416 0 0 0 10.1416 10.2501 0 0 0 10.2501 0 0 0 10.2501 11.073 0 0 0 11.073 0 0 0 11.073 7.82007 0 0 0 7.82007 0 0 0 7.82007 12.9981 0 0 0 12.9981 0 0 0 12.9981 12.1167 0 0 0 12.1167 0 0 0 12.1167 9.12299 0 0 0 9.12299 0 0 0 9.12299 7.9965 0 0 0 7.9965 0 0 0 7.9965 8.71678 0 0 0 8.71678 0 0 0 8.71678 11.96 0 0 0 11.96 0 0 0 11.96 10.9981 0 0 0 10.9981 0 0 0 10.9981 11.5794 0 0 0 11.5794 0 0 0 11.5794 7.97593 0 0 0 7.97593 0 0 0 7.97593 7.78803 0 0 0 7.78803 0 0 0 7.78803 10.9775 0 0 0 10.9775 0 0 0 10.9775 11.5168 0 0 0 11.5168 0 0 0 11.5168 7.11919 0 0 0 7.11919 0 0 0 7.11919 10 0 0 0 10 0 0 0 10 12.8604 0 0 0 12.8604 0 0 0 12.8604 12.9924 0 0 0 12.9924 0 0 0 12.9924 9.86564 0 0 0 9.86564 0 0 0 9.86564 7.83701 0 0 0 7.83701 0 0 0 7.83701 10.7321 0 0 0 10.7321 0 0 0 10.7321 10.9961 0 0 0 10.9961 0 0 0 10.9961 9.50252 0 0 0 9.50252 0 0 0 9.50252 7.77757 0 0 0 7.77757 0 0 0 7.77757 10.8716 0 0 0 10.8716 0 0 0 10.8716 7.47103 0 0 0 7.47103 0 0 0 7.47103 10 0 0 0 10 0 0 0 10 11.0093 0 0 0 11.0093 0 0 0 11.0093 7.95549 0 0 0 7.95549 0 0 0 7.95549 12.7366 0 0 0 12.7366 0 0 0 12.7366 7.37648 0 0 0 7.37648 0 0 0 7.37648 9.23444 0 0 0 9.23444 0 0 0 9.23444 12.3645 0 0 0 12.3645 0 0 0 12.3645 12.3851 0 0 0 12.3851 0 0 0 12.3851 13.1757 0 0 0 13.1757 0 0 0 13.1757 11.9691 0 0 0 11.9691 0 0 0 11.9691 12.4604 0 0 0 12.4604 0 0 0 12.4604 8.64011 0 0 0 8.64011 0 0 0 8.64011 10 0 0 0 10 0 0 0 10 11.0072 0 0 0 11.0072 0 0 0 11.0072 9.4448 0 0 0 9.4448 0 0 0 9.4448 9.82791 0 0 0 9.82791 0 0 0 9.82791 12.7662 0 0 0 12.7662 0 0 0 12.7662 9.71491 0 0 0 9.71491 0 0 0 9.71491 10 0 0 0 10 0 0 0 10 10 0 0 0 10 0 0 0 10 9.21126 0 0 0 9.21126 0 0 0 9.21126 12.8786 0 0 0 12.8786 0 0 0 12.8786 10 0 0 0 10 0 0 0 10 8.54899 0 0 0 8.54899 0 0 0 8.54899 9.64009 0 0 0 9.64009 0 0 0 9.64009 9.14119 0 0 0 9.14119 0 0 0 9.14119 10 0 0 0 10 0 0 0 10 10 0 0 0 10 0 0 0 10 12.3291 0 0 0 12.3291 0 0 0 12.3291 12.9927 0 0 0 12.9927 0 0 0 12.9927 8.5523 0 0 0 8.5523 0 0 0 8.5523 9.54208 0 0 0 9.54208 0 0 0 9.54208 9.41539 0 0 0 9.41539 0 0 0 9.41539 10 0 0 0 10 0 0 0 10 12.5268 0 0 0 12.5268 0 0 0 12.5268 7.15944 0 0 0 7.15944 0 0 0 7.15944 8.47615 0 0 0 8.47615 0 0 0 8.47615 7.7081 0 0 0 7.7081 0 0 0 7.7081 7.82444 0 0 0 7.82444 0 0 0 7.82444 12.025 0 0 0 12.025 0 0 0 12.025 8.76891 0 0 0 8.76891 0 0 0 8.76891 12.4104 0 0 0 12.4104 0 0 0 12.4104 7.99737 0 0 0 7.99737 0 0 0 7.99737 7.50947 0 0 0 7.50947 0 0 0 7.50947 7.99477 0 0 0 7.99477 0 0 0 7.99477 8.94326 0 0 0 8.94326 0 0 0 8.94326 7.31947 0 0 0 7.31947 0 0 0 7.31947 7.9437 0 0 0 7.9437 0 0 0 7.9437 12.6432 0 0 0 12.6432 0 0 0 12.6432 7.88537 0 0 0 7.88537 0 0 0 7.88537 10.7182 0 0 0 10.7182 0 0 0 10.7182 11.0904 0 0 0 11.0904 0 0 0 11.0904 8.85425 0 0 0 8.85425 0 0 0 8.85425 10 0 0 0 10 0 0 0 10 8.73438 0 0 0 8.73438 0 0 0 8.73438 7.72757 0 0 0 7.72757 0 0 0 7.72757 10 0 0 0 10 0 0 0 10 9.09975 0 0 0 9.09975 0 0 0 9.09975 7.99084 0 0 0 7.99084 0 0 0 7.99084 9.46725 0 0 0 9.46725 0 0 0 9.46725 11.4001 0 0 0 11.4001 0 0 0 11.4001 12.9629 0 0 0 12.9629 0 0 0 12.9629 7.32377 0 0 0 7.32377 0 0 0 7.32377 7.51994 0 0 0 7.51994 0 0 0 7.51994 8.39592 0 0 0 8.39592 0 0 0 8.39592 10 0 0 0 10 0 0 0 10 8.00924 0 0 0 8.00924 0 0 0 8.00924 7.25447 0 0 0 7.25447 0 0 0 7.25447 8.64577 0 0 0 8.64577 0 0 0 8.64577 8.14586 0 0 0 8.14586 0 0 0 8.14586 8.23821 0 0 0 8.23821 0 0 0 8.23821 11.0688 0 0 0 11.0688 0 0 0 11.0688 10 0 0 0 10 0 0 0 10 9.73923 0 0 0 9.73923 0 0 0 9.73923 7.85588 0 0 0 7.85588 0 0 0 7.85588 8.73857 0 0 0 8.73857 0 0 0 8.73857 11.3962 0 0 0 11.3962 0 0 0 11.3962 10.9536 0 0 0 10.9536 0 0 0 10.9536 8.91186 0 0 0 8.91186 0 0 0 8.91186 11.0284 0 0 0 11.0284 0 0 0 11.0284 8.69418 0 0 0 8.69418 0 0 0 8.69418 11.0957 0 0 0 11.0957 0 0 0 11.0957 12.9244 0 0 0 12.9244 0 0 0 12.9244 11.1366 0 0 0 11.1366 0 0 0 11.1366 11.1446 0 0 0 11.1446 0 0 0 11.1446 10.4352 0 0 0 10.4352 0 0 0 10.4352 11.0931 0 0 0 11.0931 0 0 0 11.0931 7.93968 0 0 0 7.93968 0 0 0 7.93968 10.9467 0 0 0 10.9467 0 0 0 10.9467 10.5207 0 0 0 10.5207 0 0 0 10.5207 11.9634 0 0 0 11.9634 0 0 0 11.9634 7.90171 0 0 0 7.90171 0 0 0 7.90171 10.1688 0 0 0 10.1688 0 0 0 10.1688 13.0278 0 0 0 13.0278 0 0 0 13.0278 7.61978 0 0 0 7.61978 0 0 0 7.61978 11.7549 0 0 0 11.7549 0 0 0 11.7549 10 0 0 0 10 0 0 0 10 11.3362 0 0 0 11.3362 0 0 0 11.3362 8.61617 0 0 0 8.61617 0 0 0 8.61617 10 0 0 0 10 0 0 0 10 12.0083 0 0 0 12.0083 0 0 0 12.0083 10.9547 0 0 0 10.9547 0 0 0 10.9547 11.8968 0 0 0 11.8968 0 0 0 11.8968 12.9881 0 0 0 12.9881 0 0 0 12.9881 13.0269 0 0 0 13.0269 0 0 0 13.0269 12.4803 0 0 0 12.4803 0 0 0 12.4803 7.93912 0 0 0 7.93912 0 0 0 7.93912 8.96519 0 0 0 8.96519 0 0 0 8.96519 9.57863 0 0 0 9.57863 0 0 0 9.57863 13.178 0 0 0 13.178 0 0 0 13.178 7.87297 0 0 0 7.87297 0 0 0 7.87297 9.19796 0 0 0 9.19796 0 0 0 9.19796 10.594 0 0 0 10.594 0 0 0 10.594 8.60066 0 0 0 8.60066 0 0 0 8.60066 7.60978 0 0 0 7.60978 0 0 0 7.60978 12.4974 0 0 0 12.4974 0 0 0 12.4974 7.98642 0 0 0 7.98642 0 0 0 7.98642 7.35911 0 0 0 7.35911 0 0 0 7.35911 7.90515 0 0 0 7.90515 0 0 0 7.90515 11.7443 0 0 0 11.7443 0 0 0 11.7443 12.3886 0 0 0 12.3886 0 0 0 12.3886 10 0 0 0 10 0 0 0 10 10 0 0 0 10 0 0 0 10 7.80447 0 0 0 7.80447 0 0 0 7.80447 12.518 0 0 0 12.518 0 0 0 12.518 13.0072 0 0 0 13.0072 0 0 0 13.0072 12.3047 0 0 0 12.3047 0 0 0 12.3047 11.0912 0 0 0 11.0912 0 0 0 11.0912 10 0 0 0 10 0 0 0 10 10.9279 0 0 0 10.9279 0 0 0 10.9279 11.7422 0 0 0 11.7422 0 0 0 11.7422 7.86326 0 0 0 7.86326 0 0 0 7.86326 7.90813 0 0 0 7.90813 0 0 0 7.90813 10 0 0 0 10 0 0 0 10 9.96882 0 0 0 9.96882 0 0 0 9.96882 12.6128 0 0 0 12.6128 0 0 0 12.6128 8.85691 0 0 0 8.85691 0 0 0 8.85691 9.80731 0 0 0 9.80731 0 0 0 9.80731 12.6663 0 0 0 12.6663 0 0 0 12.6663 12.9011 0 0 0 12.9011 0 0 0 12.9011 7.56033 0 0 0 7.56033 0 0 0 7.56033 10 0 0 0 10 0 0 0 10 10 0 0 0 10 0 0 0 10 13.1125 0 0 0 13.1125 0 0 0 13.1125 12.1907 0 0 0 12.1907 0 0 0 12.1907 10.5928 0 0 0 10.5928 0 0 0 10.5928 10 0 0 0 10 0 0 0 10 12.946 0 0 0 12.946 0 0 0 12.946 9.04785 0 0 0 9.04785 0 0 0 9.04785 8.15809 0 0 0 8.15809 0 0 0 8.15809 8.01083 0 0 0 8.01083 0 0 0 8.01083 8.05006 0 0 0 8.05006 0 0 0 8.05006 10 0 0 0 10 0 0 0 10 11.2585 0 0 0 11.2585 0 0 0 11.2585 8.43847 0 0 0 8.43847 0 0 0 8.43847 11.7656 0 0 0 11.7656 0 0 0 11.7656 9.02613 0 0 0 9.02613 0 0 0 9.02613 9.96453 0 0 0 9.96453 0 0 0 9.96453 12.7091 0 0 0 12.7091 0 0 0 12.7091 8.92693 0 0 0 8.92693 0 0 0 8.92693 11.6473 0 0 0 11.6473 0 0 0 11.6473 10 0 0 0 10 0 0 0 10 13.1776 0 0 0 13.1776 0 0 0 13.1776 9.87735 0 0 0 9.87735 0 0 0 9.87735 9.98382 0 0 0 9.98382 0 0 0 9.98382 11.775 0 0 0 11.775 0 0 0 11.775 9.27932 0 0 0 9.27932 0 0 0 9.27932 11.0281 0 0 0 11.0281 0 0 0 11.0281 8.74051 0 0 0 8.74051 0 0 0 8.74051 8.03763 0 0 0 8.03763 0 0 0 8.03763 13.0804 0 0 0 13.0804 0 0 0 13.0804 10 0 0 0 10 0 0 0 10 10 0 0 0 10 0 0 0 10 9.75803 0 0 0 9.75803 0 0 0 9.75803 8.65433 0 0 0 8.65433 0 0 0 8.65433 11.8868 0 0 0 11.8868 0 0 0 11.8868 9.062 0 0 0 9.062 0 0 0 9.062 12.3318 0 0 0 12.3318 0 0 0 12.3318 7.90782 0 0 0 7.90782 0 0 0 7.90782 7.87001 0 0 0 7.87001 0 0 0 7.87001 8.80343 0 0 0 8.80343 0 0 0 8.80343 12.7343 0 0 0 12.7343 0 0 0 12.7343 10 0 0 0 10 0 0 0 10 8.7096 0 0 0 8.7096 0 0 0 8.7096 8.94325 0 0 0 8.94325 0 0 0 8.94325 11.4389 0 0 0 11.4389 0 0 0 11.4389 10.5884 0 0 0 10.5884 0 0 0 10.5884 13.0247 0 0 0 13.0247 0 0 0 13.0247 7.47858 0 0 0 7.47858 0 0 0 7.47858 10 0 0 0 10 0 0 0 10 9.50076 0 0 0 9.50076 0 0 0 9.50076 8.79909 0 0 0 8.79909 0 0 0 8.79909 9.30156 0 0 0 9.30156 0 0 0 9.30156 8.74758 0 0 0 8.74758 0 0 0 8.74758 8.69365 0 0 0 8.69365 0 0 0 8.69365 12.3565 0 0 0 12.3565 0 0 0 12.3565 7.95651 0 0 0 7.95651 0 0 0 7.95651 10 0 0 0 10 0 0 0 10 7.87955 0 0 0 7.87955 0 0 0 7.87955 7.51555 0 0 0 7.51555 0 0 0 7.51555 7.94031 0 0 0 7.94031 0 0 0 7.94031 11.7908 0 0 0 11.7908 0 0 0 11.7908 11.0844 0 0 0 11.0844 0 0 0 11.0844 10 0 0 0 10 0 0 0 10 7.3447 0 0 0 7.3447 0 0 0 7.3447 11.0956 0 0 0 11.0956 0 0 0 11.0956 7.81904 0 0 0 7.81904 0 0 0 7.81904 11.0848 0 0 0 11.0848 0 0 0 11.0848 8.74935 0 0 0 8.74935 0 0 0 8.74935 10.4468 0 0 0 10.4468 0 0 0 10.4468 7.82395 0 0 0 7.82395 0 0 0 7.82395 8.02158 0 0 0 8.02158 0 0 0 8.02158 7.87193 0 0 0 7.87193 0 0 0 7.87193 8.32989 0 0 0 8.32989 0 0 0 8.32989 10.919 0 0 0 10.919 0 0 0 10.919 10.2127 0 0 0 10.2127 0 0 0 10.2127 10.2494 0 0 0 10.2494 0 0 0 10.2494 7.2967 0 0 0 7.2967 0 0 0 7.2967 7.83194 0 0 0 7.83194 0 0 0 7.83194 7.21528 0 0 0 7.21528 0 0 0 7.21528 9.93116 0 0 0 9.93116 0 0 0 9.93116 10.9621 0 0 0 10.9621 0 0 0 10.9621 7.1182 0 0 0 7.1182 0 0 0 7.1182 10 0 0 0 10 0 0 0 10 7.94153 0 0 0 7.94153 0 0 0 7.94153 11.117 0 0 0 11.117 0 0 0 11.117 12.8608 0 0 0 12.8608 0 0 0 12.8608 10.6587 0 0 0 10.6587 0 0 0 10.6587 7.57899 0 0 0 7.57899 0 0 0 7.57899 11.2853 0 0 0 11.2853 0 0 0 11.2853 10 0 0 0 10 0 0 0 10 11.1656 0 0 0 11.1656 0 0 0 11.1656 8.77171 0 0 0 8.77171 0 0 0 8.77171 8.73105 0 0 0 8.73105 0 0 0 8.73105 11.9302 0 0 0 11.9302 0 0 0 11.9302 9.09012 0 0 0 9.09012 0 0 0 9.09012 11.0426 0 0 0 11.0426 0 0 0 11.0426 11.9593 0 0 0 11.9593 0 0 0 11.9593 13.2251 0 0 0 13.2251 0 0 0 13.2251 10 0 0 0 10 0 0 0 10 10 0 0 0 10 0 0 0 10 11.5445 0 0 0 11.5445 0 0 0 11.5445 10.6382 0 0 0 10.6382 0 0 0 10.6382 12.1359 0 0 0 12.1359 0 0 0 12.1359 8.87639 0 0 0 8.87639 0 0 0 8.87639 10 0 0 0 10 0 0 0 10 11.8431 0 0 0 11.8431 0 0 0 11.8431 12.7898 0 0 0 12.7898 0 0 0 12.7898 10 0 0 0 10 0 0 0 10 7.25761 0 0 0 7.25761 0 0 0 7.25761 10 0 0 0 10 0 0 0 10 11.8949 0 0 0 11.8949 0 0 0 11.8949 10.3122 0 0 0 10.3122 0 0 0 10.3122 7.34373 0 0 0 7.34373 0 0 0 7.34373 10.7538 0 0 0 10.7538 0 0 0 10.7538 9.87559 0 0 0 9.87559 0 0 0 9.87559 12.3407 0 0 0 12.3407 0 0 0 12.3407 7.92552 0 0 0 7.92552 0 0 0 7.92552 12.4509 0 0 0 12.4509 0 0 0 12.4509 7.96062 0 0 0 7.96062 0 0 0 7.96062 7.51593 0 0 0 7.51593 0 0 0 7.51593 12.7758 0 0 0 12.7758 0 0 0 12.7758 7.80222 0 0 0 7.80222 0 0 0 7.80222 10 0 0 0 10 0 0 0 10 9.28896 0 0 0 9.28896 0 0 0 9.28896 12.2985 0 0 0 12.2985 0 0 0 12.2985 7.97931 0 0 0 7.97931 0 0 0 7.97931 9.65256 0 0 0 9.65256 0 0 0 9.65256 9.47073 0 0 0 9.47073 0 0 0 9.47073 8.71451 0 0 0 8.71451 0 0 0 8.71451 9.28847 0 0 0 9.28847 0 0 0 9.28847 10 0 0 0 10 0 0 0 10 7.2719 0 0 0 7.2719 0 0 0 7.2719 11.4751 0 0 0 11.4751 0 0 0 11.4751 7.19454 0 0 0 7.19454 0 0 0 7.19454 7.8441 0 0 0 7.8441 0 0 0 7.8441 7.76154 0 0 0 7.76154 0 0 0 7.76154 10 0 0 0 10 0 0 0 10 10 0 0 0 10 0 0 0 10 10 0 0 0 10 0 0 0 10 8.01429 0 0 0 8.01429 0 0 0 8.01429 8.97619 0 0 0 8.97619 0 0 0 8.97619 11.1235 0 0 0 11.1235 0 0 0 11.1235 7.89483 0 0 0 7.89483 0 0 0 7.89483 10.5789 0 0 0 10.5789 0 0 0 10.5789 10 0 0 0 10 0 0 0 10 11.0937 0 0 0 11.0937 0 0 0 11.0937 10.944 0 0 0 10.944 0 0 0 10.944 12.5664 0 0 0 12.5664 0 0 0 12.5664 7.9329 0 0 0 7.9329 0 0 0 7.9329 7.72955 0 0 0 7.72955 0 0 0 7.72955 7.60099 0 0 0 7.60099 0 0 0 7.60099 11.028 0 0 0 11.028 0 0 0 11.028 11.9104 0 0 0 11.9104 0 0 0 11.9104 7.91391 0 0 0 7.91391 0 0 0 7.91391 8.98437 0 0 0 8.98437 0 0 0 8.98437 9.27732 0 0 0 9.27732 0 0 0 9.27732 12.7942 0 0 0 12.7942 0 0 0 12.7942 12.1457 0 0 0 12.1457 0 0 0 12.1457 8.8978 0 0 0 8.8978 0 0 0 8.8978 13.1974 0 0 0 13.1974 0 0 0 13.1974 7.97697 0 0 0 7.97697 0 0 0 7.97697 9.35253 0 0 0 9.35253 0 0 0 9.35253 11.7007 0 0 0 11.7007 0 0 0 11.7007 10 0 0 0 10 0 0 0 10 10 0 0 0 10 0 0 0 10 7.81866 0 0 0 7.81866 0 0 0 7.81866 7.98304 0 0 0 7.98304 0 0 0 7.98304 12.6423 0 0 0 12.6423 0 0 0 12.6423 11.3475 0 0 0 11.3475 0 0 0 11.3475 11.96 0 0 0 11.96 0 0 0 11.96 13.2235 0 0 0 13.2235 0 0 0 13.2235 11.064 0 0 0 11.064 0 0 0 11.064 12.6392 0 0 0 12.6392 0 0 0 12.6392 13.1917 0 0 0 13.1917 0 0 0 13.1917 10 0 0 0 10 0 0 0 10 9.86031 0 0 0 9.86031 0 0 0 9.86031 8.05155 0 0 0 8.05155 0 0 0 8.05155 12.8077 0 0 0 12.8077 0 0 0 12.8077 12.1705 0 0 0 12.1705 0 0 0 12.1705 8.01695 0 0 0 8.01695 0 0 0 8.01695 12.054 0 0 0 12.054 0 0 0 12.054 7.88436 0 0 0 7.88436 0 0 0 7.88436 9.41124 0 0 0 9.41124 0 0 0 9.41124 8.26863 0 0 0 8.26863 0 0 0 8.26863 7.3687 0 0 0 7.3687 0 0 0 7.3687 7.19296 0 0 0 7.19296 0 0 0 7.19296 8.02097 0 0 0 8.02097 0 0 0 8.02097 11.1546 0 0 0 11.1546 0 0 0 11.1546 8.71845 0 0 0 8.71845 0 0 0 8.71845 10 0 0 0 10 0 0 0 10 12.3526 0 0 0 12.3526 0 0 0 12.3526 12.7782 0 0 0 12.7782 0 0 0 12.7782 9.63906 0 0 0 9.63906 0 0 0 9.63906 7.85561 0 0 0 7.85561 0 0 0 7.85561 12.671 0 0 0 12.671 0 0 0 12.671 8.78411 0 0 0 8.78411 0 0 0 8.78411 8.84122 0 0 0 8.84122 0 0 0 8.84122 11.7872 0 0 0 11.7872 0 0 0 11.7872 9.64714 0 0 0 9.64714 0 0 0 9.64714 13.139 0 0 0 13.139 0 0 0 13.139 11.8339 0 0 0 11.8339 0 0 0 11.8339 10 0 0 0 10 0 0 0 10 7.89704 0 0 0 7.89704 0 0 0 7.89704 13.2077 0 0 0 13.2077 0 0 0 13.2077 7.39499 0 0 0 7.39499 0 0 0 7.39499 11.9162 0 0 0 11.9162 0 0 0 11.9162 7.80048 0 0 0 7.80048 0 0 0 7.80048 7.83264 0 0 0 7.83264 0 0 0 7.83264 9.60156 0 0 0 9.60156 0 0 0 9.60156 10 0 0 0 10 0 0 0 10 10 0 0 0 10 0 0 0 10 11.0497 0 0 0 11.0497 0 0 0 11.0497 11.1598 0 0 0 11.1598 0 0 0 11.1598 8.79729 0 0 0 8.79729 0 0 0 8.79729 11.9047 0 0 0 11.9047 0 0 0 11.9047 9.47008 0 0 0 9.47008 0 0 0 9.47008 9.48806 0 0 0 9.48806 0 0 0 9.48806 11.1159 0 0 0 11.1159 0 0 0 11.1159 12.3678 0 0 0 12.3678 0 0 0 12.3678 7.83394 0 0 0 7.83394 0 0 0 7.83394 7.2593 0 0 0 7.2593 0 0 0 7.2593 10.6398 0 0 0 10.6398 0 0 0 10.6398 9.7488 0 0 0 9.7488 0 0 0 9.7488 7.90216 0 0 0 7.90216 0 0 0 7.90216 10.3318 0 0 0 10.3318 0 0 0 10.3318 8.79144 0 0 0 8.79144 0 0 0 8.79144 12.3055 0 0 0 12.3055 0 0 0 12.3055 10.9827 0 0 0 10.9827 0 0 0 10.9827 10 0 0 0 10 0 0 0 10 10.3755 0 0 0 10.3755 0 0 0 10.3755 7.53456 0 0 0 7.53456 0 0 0 7.53456 9.73281 0 0 0 9.73281 0 0 0 9.73281 10.7911 0 0 0 10.7911 0 0 0 10.7911 10 0 0 0 10 0 0 0 10 11.0543 0 0 0 11.0543 0 0 0 11.0543 7.9691 0 0 0 7.9691 0 0 0 7.9691 8.79798 0 0 0 8.79798 0 0 0 8.79798 11.23 0 0 0 11.23 0 0 0 11.23 8.38023 0 0 0 8.38023 0 0 0 8.38023 10 0 0 0 10 0 0 0 10 7.8101 0 0 0 7.8101 0 0 0 7.8101 10.9999 0 0 0 10.9999 0 0 0 10.9999 10 0 0 0 10 0 0 0 10 10 0 0 0 10 0 0 0 10 9.20728 0 0 0 9.20728 0 0 0 9.20728 10.5333 0 0 0 10.5333 0 0 0 10.5333 13.1288 0 0 0 13.1288 0 0 0 13.1288 12.6716 0 0 0 12.6716 0 0 0 12.6716 7.4054 0 0 0 7.4054 0 0 0 7.4054 10.6884 0 0 0 10.6884 0 0 0 10.6884 9.75978 0 0 0 9.75978 0 0 0 9.75978 8.09083 0 0 0 8.09083 0 0 0 8.09083 8.06434 0 0 0 8.06434 0 0 0 8.06434 8.73049 0 0 0 8.73049 0 0 0 8.73049 9.2261 0 0 0 9.2261 0 0 0 9.2261 11.8031 0 0 0 11.8031 0 0 0 11.8031 11.5528 0 0 0 11.5528 0 0 0 11.5528 8.58902 0 0 0 8.58902 0 0 0 8.58902 10 0 0 0 10 0 0 0 10 8.29721 0 0 0 8.29721 0 0 0 8.29721 9.43845 0 0 0 9.43845 0 0 0 9.43845 10 0 0 0 10 0 0 0 10 9.86702 0 0 0 9.86702 0 0 0 9.86702 11.841 0 0 0 11.841 0 0 0 11.841 9.70049 0 0 0 9.70049 0 0 0 9.70049 11.9407 0 0 0 11.9407 0 0 0 11.9407 10 0 0 0 10 0 0 0 10 13.177 0 0 0 13.177 0 0 0 13.177 9.05401 0 0 0 9.05401 0 0 0 9.05401 9.15114 0 0 0 9.15114 0 0 0 9.15114 12.6719 0 0 0 12.6719 0 0 0 12.6719 11.9719 0 0 0 11.9719 0 0 0 11.9719 10.2756 0 0 0 10.2756 0 0 0 10.2756 12.1749 0 0 0 12.1749 0 0 0 12.1749 7.83954 0 0 0 7.83954 0 0 0 7.83954 12.3615 0 0 0 12.3615 0 0 0 12.3615 8.04393 0 0 0 8.04393 0 0 0 8.04393 10 0 0 0 10 0 0 0 10 12.5886 0 0 0 12.5886 0 0 0 12.5886 12.8685 0 0 0 12.8685 0 0 0 12.8685 8.04268 0 0 0 8.04268 0 0 0 8.04268 8.45895 0 0 0 8.45895 0 0 0 8.45895 8.75585 0 0 0 8.75585 0 0 0 8.75585 9.13002 0 0 0 9.13002 0 0 0 9.13002 10.9322 0 0 0 10.9322 0 0 0 10.9322 9.20341 0 0 0 9.20341 0 0 0 9.20341 12.2197 0 0 0 12.2197 0 0 0 12.2197 10 0 0 0 10 0 0 0 10 8.75269 0 0 0 8.75269 0 0 0 8.75269 10 0 0 0 10 0 0 0 10 12.2731 0 0 0 12.2731 0 0 0 12.2731 10.9018 0 0 0 10.9018 0 0 0 10.9018 11.1725 0 0 0 11.1725 0 0 0 11.1725 9.14834 0 0 0 9.14834 0 0 0 9.14834 8.98477 0 0 0 8.98477 0 0 0 8.98477 9.18937 0 0 0 9.18937 0 0 0 9.18937 8.93281 0 0 0 8.93281 0 0 0 8.93281 8.0398 0 0 0 8.0398 0 0 0 8.0398 7.8336 0 0 0 7.8336 0 0 0 7.8336 12.5373 0 0 0 12.5373 0 0 0 12.5373 10 0 0 0 10 0 0 0 10 12.3342 0 0 0 12.3342 0 0 0 12.3342 12.0764 0 0 0 12.0764 0 0 0 12.0764 8.48124 0 0 0 8.48124 0 0 0 8.48124 8.58147 0 0 0 8.58147 0 0 0 8.58147 11.0503 0 0 0 11.0503 0 0 0 11.0503 13.0264 0 0 0 13.0264 0 0 0 13.0264 9.23457 0 0 0 9.23457 0 0 0 9.23457 9.69742 0 0 0 9.69742 0 0 0 9.69742 7.73828 0 0 0 7.73828 0 0 0 7.73828 10 0 0 0 10 0 0 0 10 8.83488 0 0 0 8.83488 0 0 0 8.83488 8.84336 0 0 0 8.84336 0 0 0 8.84336 7.80999 0 0 0 7.80999 0 0 0 7.80999 12.027 0 0 0 12.027 0 0 0 12.027 7.09243 0 0 0 7.09243 0 0 0 7.09243 8.54653 0 0 0 8.54653 0 0 0 8.54653 7.2921 0 0 0 7.2921 0 0 0 7.2921 7.9833 0 0 0 7.9833 0 0 0 7.9833 8.70383 0 0 0 8.70383 0 0 0 8.70383 12.3011 0 0 0 12.3011 0 0 0 12.3011 12.8809 0 0 0 12.8809 0 0 0 12.8809 9.43993 0 0 0 9.43993 0 0 0 9.43993 12.979 0 0 0 12.979 0 0 0 12.979 7.83643 0 0 0 7.83643 0 0 0 7.83643 9.96127 0 0 0 9.96127 0 0 0 9.96127 8.22109 0 0 0 8.22109 0 0 0 8.22109 8.87555 0 0 0 8.87555 0 0 0 8.87555 12.6697 0 0 0 12.6697 0 0 0 12.6697 8.96525 0 0 0 8.96525 0 0 0 8.96525 7.53712 0 0 0 7.53712 0 0 0 7.53712 7.9066 0 0 0 7.9066 0 0 0 7.9066 12.7585 0 0 0 12.7585 0 0 0 12.7585 8.87146 0 0 0 8.87146 0 0 0 8.87146 10.913 0 0 0 10.913 0 0 0 10.913 9.25154 0 0 0 9.25154 0 0 0 9.25154 12.707 0 0 0 12.707 0 0 0 12.707 7.80654 0 0 0 7.80654 0 0 0 7.80654 7.59418 0 0 0 7.59418 0 0 0 7.59418 11.9283 0 0 0 11.9283 0 0 0 11.9283 9.21379 0 0 0 9.21379 0 0 0 9.21379 10 0 0 0 10 0 0 0 10 9.74234 0 0 0 9.74234 0 0 0 9.74234 7.88689 0 0 0 7.88689 0 0 0 7.88689 9.62451 0 0 0 9.62451 0 0 0 9.62451 8.73711 0 0 0 8.73711 0 0 0 8.73711 13.2802 0 0 0 13.2802 0 0 0 13.2802 10 0 0 0 10 0 0 0 10 7.88572 0 0 0 7.88572 0 0 0 7.88572 8.74483 0 0 0 8.74483 0 0 0 8.74483 7.18763 0 0 0 7.18763 0 0 0 7.18763 8.7061 0 0 0 8.7061 0 0 0 8.7061 13.2298 0 0 0 13.2298 0 0 0 13.2298 8.69136 0 0 0 8.69136 0 0 0 8.69136 12.1046 0 0 0 12.1046 0 0 0 12.1046 10 0 0 0 10 0 0 0 10 8.71918 0 0 0 8.71918 0 0 0 8.71918 7.6914 0 0 0 7.6914 0 0 0 7.6914 10 0 0 0 10 0 0 0 10 7.96216 0 0 0 7.96216 0 0 0 7.96216 12.1464 0 0 0 12.1464 0 0 0 12.1464 13.224 0 0 0 13.224 0 0 0 13.224 10 0 0 0 10 0 0 0 10 7.96829 0 0 0 7.96829 0 0 0 7.96829 9.89705 0 0 0 9.89705 0 0 0 9.89705 10 0 0 0 10 0 0 0 10 8.60812 0 0 0 8.60812 0 0 0 8.60812 7.9026 0 0 0 7.9026 0 0 0 7.9026 7.19696 0 0 0 7.19696 0 0 0 7.19696 10.9348 0 0 0 10.9348 0 0 0 10.9348 10.9982 0 0 0 10.9982 0 0 0 10.9982 8.20598 0 0 0 8.20598 0 0 0 8.20598 8.37026 0 0 0 8.37026 0 0 0 8.37026 8.04557 0 0 0 8.04557 0 0 0 8.04557 11.8914 0 0 0 11.8914 0 0 0 11.8914 11.1063 0 0 0 11.1063 0 0 0 11.1063 7.94465 0 0 0 7.94465 0 0 0 7.94465 10 0 0 0 10 0 0 0 10 12.9288 0 0 0 12.9288 0 0 0 12.9288 11.9704 0 0 0 11.9704 0 0 0 11.9704 8.81144 0 0 0 8.81144 0 0 0 8.81144 11.8442 0 0 0 11.8442 0 0 0 11.8442 8.9344 0 0 0 8.9344 0 0 0 8.9344 8.89567 0 0 0 8.89567 0 0 0 8.89567 10.417 0 0 0 10.417 0 0 0 10.417 8.63954 0 0 0 8.63954 0 0 0 8.63954 8.84984 0 0 0 8.84984 0 0 0 8.84984 8.71582 0 0 0 8.71582 0 0 0 8.71582 10 0 0 0 10 0 0 0 10 10.1859 0 0 0 10.1859 0 0 0 10.1859 12.5862 0 0 0 12.5862 0 0 0 12.5862 9.3249 0 0 0 9.3249 0 0 0 9.3249 12.0189 0 0 0 12.0189 0 0 0 12.0189 11.1653 0 0 0 11.1653 0 0 0 11.1653 9.91631 0 0 0 9.91631 0 0 0 9.91631 11.1396 0 0 0 11.1396 0 0 0 11.1396 10.9816 0 0 0 10.9816 0 0 0 10.9816 8.67431 0 0 0 8.67431 0 0 0 8.67431 7.97957 0 0 0 7.97957 0 0 0 7.97957 7.94613 0 0 0 7.94613 0 0 0 7.94613 8.01053 0 0 0 8.01053 0 0 0 8.01053 8.39807 0 0 0 8.39807 0 0 0 8.39807 8.74081 0 0 0 8.74081 0 0 0 8.74081 13.2832 0 0 0 13.2832 0 0 0 13.2832 11.9722 0 0 0 11.9722 0 0 0 11.9722 10 0 0 0 10 0 0 0 10 7.49798 0 0 0 7.49798 0 0 0 7.49798 13.1949 0 0 0 13.1949 0 0 0 13.1949 10 0 0 0 10 0 0 0 10 8.48884 0 0 0 8.48884 0 0 0 8.48884 12.9479 0 0 0 12.9479 0 0 0 12.9479 12.6475 0 0 0 12.6475 0 0 0 12.6475 9.28301 0 0 0 9.28301 0 0 0 9.28301 11.663 0 0 0 11.663 0 0 0 11.663 7.76439 0 0 0 7.76439 0 0 0 7.76439 11.0509 0 0 0 11.0509 0 0 0 11.0509 10.4355 0 0 0 10.4355 0 0 0 10.4355 11.1553 0 0 0 11.1553 0 0 0 11.1553 11.904 0 0 0 11.904 0 0 0 11.904 12.7262 0 0 0 12.7262 0 0 0 12.7262 8.16383 0 0 0 8.16383 0 0 0 8.16383 7.8329 0 0 0 7.8329 0 0 0 7.8329 9.17932 0 0 0 9.17932 0 0 0 9.17932 7.55282 0 0 0 7.55282 0 0 0 7.55282 10 0 0 0 10 0 0 0 10 12.7929 0 0 0 12.7929 0 0 0 12.7929 9.57195 0 0 0 9.57195 0 0 0 9.57195 11.1303 0 0 0 11.1303 0 0 0 11.1303 8.29735 0 0 0 8.29735 0 0 0 8.29735 12.0111 0 0 0 12.0111 0 0 0 12.0111 11.7369 0 0 0 11.7369 0 0 0 11.7369 8.98315 0 0 0 8.98315 0 0 0 8.98315 8.77043 0 0 0 8.77043 0 0 0 8.77043 8.03533 0 0 0 8.03533 0 0 0 8.03533 7.97072 0 0 0 7.97072 0 0 0 7.97072 12.6555 0 0 0 12.6555 0 0 0 12.6555 7.90018 0 0 0 7.90018 0 0 0 7.90018 11.8015 0 0 0 11.8015 0 0 0 11.8015 13.1494 0 0 0 13.1494 0 0 0 13.1494 8.17897 0 0 0 8.17897 0 0 0 8.17897 10 0 0 0 10 0 0 0 10 9.22163 0 0 0 9.22163 0 0 0 9.22163 9.68796 0 0 0 9.68796 0 0 0 9.68796 10 0 0 0 10 0 0 0 10 9.14328 0 0 0 9.14328 0 0 0 9.14328 7.21784 0 0 0 7.21784 0 0 0 7.21784 8.82584 0 0 0 8.82584 0 0 0 8.82584 10.9353 0 0 0 10.9353 0 0 0 10.9353 13.2894 0 0 0 13.2894 0 0 0 13.2894 9.03347 0 0 0 9.03347 0 0 0 9.03347 12.4952 0 0 0 12.4952 0 0 0 12.4952 9.34853 0 0 0 9.34853 0 0 0 9.34853 9.09879 0 0 0 9.09879 0 0 0 9.09879 9.21822 0 0 0 9.21822 0 0 0 9.21822 9.51758 0 0 0 9.51758 0 0 0 9.51758 10 0 0 0 10 0 0 0 10 7.36801 0 0 0 7.36801 0 0 0 7.36801 13.194 0 0 0 13.194 0 0 0 13.194 9.90463 0 0 0 9.90463 0 0 0 9.90463 11.0805 0 0 0 11.0805 0 0 0 11.0805 9.13237 0 0 0 9.13237 0 0 0 9.13237 9.71765 0 0 0 9.71765 0 0 0 9.71765 12.8729 0 0 0 12.8729 0 0 0 12.8729 11.7624 0 0 0 11.7624 0 0 0 11.7624 10.9287 0 0 0 10.9287 0 0 0 10.9287 7.43573 0 0 0 7.43573 0 0 0 7.43573 10 0 0 0 10 0 0 0 10 8.55498 0 0 0 8.55498 0 0 0 8.55498 7.91411 0 0 0 7.91411 0 0 0 7.91411 8.05141 0 0 0 8.05141 0 0 0 8.05141 7.59534 0 0 0 7.59534 0 0 0 7.59534 7.86639 0 0 0 7.86639 0 0 0 7.86639 8.27694 0 0 0 8.27694 0 0 0 8.27694 7.75756 0 0 0 7.75756 0 0 0 7.75756 7.26679 0 0 0 7.26679 0 0 0 7.26679 12.6004 0 0 0 12.6004 0 0 0 12.6004 9.20032 0 0 0 9.20032 0 0 0 9.20032 10 0 0 0 10 0 0 0 10 11.4698 0 0 0 11.4698 0 0 0 11.4698 8.21125 0 0 0 8.21125 0 0 0 8.21125 8.93004 0 0 0 8.93004 0 0 0 8.93004 9.91443 0 0 0 9.91443 0 0 0 9.91443 10.5533 0 0 0 10.5533 0 0 0 10.5533 10 0 0 0 10 0 0 0 10 8.60331 0 0 0 8.60331 0 0 0 8.60331 12.2674 0 0 0 12.2674 0 0 0 12.2674 10 0 0 0 10 0 0 0 10 8.00097 0 0 0 8.00097 0 0 0 8.00097 11.6455 0 0 0 11.6455 0 0 0 11.6455 10.9869 0 0 0 10.9869 0 0 0 10.9869 9.31763 0 0 0 9.31763 0 0 0 9.31763 8.36394 0 0 0 8.36394 0 0 0 8.36394 12.5584 0 0 0 12.5584 0 0 0 12.5584 10 0 0 0 10 0 0 0 10 11.0006 0 0 0 11.0006 0 0 0 11.0006 8.75737 0 0 0 8.75737 0 0 0 8.75737 10 0 0 0 10 0 0 0 10 11.0008 0 0 0 11.0008 0 0 0 11.0008 8.51243 0 0 0 8.51243 0 0 0 8.51243 9.28475 0 0 0 9.28475 0 0 0 9.28475 8.33067 0 0 0 8.33067 0 0 0 8.33067 11.9702 0 0 0 11.9702 0 0 0 11.9702 8.31664 0 0 0 8.31664 0 0 0 8.31664 10 0 0 0 10 0 0 0 10 9.4223 0 0 0 9.4223 0 0 0 9.4223 12.3035 0 0 0 12.3035 0 0 0 12.3035 9.07955 0 0 0 9.07955 0 0 0 9.07955 10 0 0 0 10 0 0 0 10 7.91684 0 0 0 7.91684 0 0 0 7.91684 9.97328 0 0 0 9.97328 0 0 0 9.97328 11.8956 0 0 0 11.8956 0 0 0 11.8956 7.88022 0 0 0 7.88022 0 0 0 7.88022 10 0 0 0 10 0 0 0 10 12.1353 0 0 0 12.1353 0 0 0 12.1353 12.2286 0 0 0 12.2286 0 0 0 12.2286 7.51927 0 0 0 7.51927 0 0 0 7.51927 8.04643 0 0 0 8.04643 0 0 0 8.04643 7.24593 0 0 0 7.24593 0 0 0 7.24593 10.7688 0 0 0 10.7688 0 0 0 10.7688 11.7132 0 0 0 11.7132 0 0 0 11.7132 9.91013 0 0 0 9.91013 0 0 0 9.91013 10.6425 0 0 0 10.6425 0 0 0 10.6425 8.23521 0 0 0 8.23521 0 0 0 8.23521 10.9423 0 0 0 10.9423 0 0 0 10.9423 10.213 0 0 0 10.213 0 0 0 10.213 10 0 0 0 10 0 0 0 10 7.46652 0 0 0 7.46652 0 0 0 7.46652 7.45306 0 0 0 7.45306 0 0 0 7.45306 7.76554 0 0 0 7.76554 0 0 0 7.76554 7.8086 0 0 0 7.8086 0 0 0 7.8086 7.49868 0 0 0 7.49868 0 0 0 7.49868 7.83778 0 0 0 7.83778 0 0 0 7.83778 7.93622 0 0 0 7.93622 0 0 0 7.93622 12.9075 0 0 0 12.9075 0 0 0 12.9075 10.5947 0 0 0 10.5947 0 0 0 10.5947 7.86982 0 0 0 7.86982 0 0 0 7.86982 10.2652 0 0 0 10.2652 0 0 0 10.2652 7.333 0 0 0 7.333 0 0 0 7.333 7.97955 0 0 0 7.97955 0 0 0 7.97955 9.94562 0 0 0 9.94562 0 0 0 9.94562 9.22973 0 0 0 9.22973 0 0 0 9.22973 8.01184 0 0 0 8.01184 0 0 0 8.01184 10.6413 0 0 0 10.6413 0 0 0 10.6413 11.1094 0 0 0 11.1094 0 0 0 11.1094 10 0 0 0 10 0 0 0 10 7.88927 0 0 0 7.88927 0 0 0 7.88927 8.38729 0 0 0 8.38729 0 0 0 8.38729 10 0 0 0 10 0 0 0 10 12.7024 0 0 0 12.7024 0 0 0 12.7024 8.4702 0 0 0 8.4702 0 0 0 8.4702 12.7378 0 0 0 12.7378 0 0 0 12.7378 12.331 0 0 0 12.331 0 0 0 12.331 9.63259 0 0 0 9.63259 0 0 0 9.63259 10.7458 0 0 0 10.7458 0 0 0 10.7458 9.87287 0 0 0 9.87287 0 0 0 9.87287 13.2307 0 0 0 13.2307 0 0 0 13.2307 8.78101 0 0 0 8.78101 0 0 0 8.78101 12.0811 0 0 0 12.0811 0 0 0 12.0811 8.04626 0 0 0 8.04626 0 0 0 8.04626 10.8409 0 0 0 10.8409 0 0 0 10.8409 7.81671 0 0 0 7.81671 0 0 0 7.81671 10 0 0 0 10 0 0 0 10 7.81669 0 0 0 7.81669 0 0 0 7.81669 9.76121 0 0 0 9.76121 0 0 0 9.76121 11.1745 0 0 0 11.1745 0 0 0 11.1745 10 0 0 0 10 0 0 0 10 7.76014 0 0 0 7.76014 0 0 0 7.76014 7.67979 0 0 0 7.67979 0 0 0 7.67979 8.0402 0 0 0 8.0402 0 0 0 8.0402 10.9683 0 0 0 10.9683 0 0 0 10.9683 9.88329 0 0 0 9.88329 0 0 0 9.88329 10 0 0 0 10 0 0 0 10 8.02717 0 0 0 8.02717 0 0 0 8.02717 8.03175 0 0 0 8.03175 0 0 0 8.03175 8.82957 0 0 0 8.82957 0 0 0 8.82957 8.65338 0 0 0 8.65338 0 0 0 8.65338 7.65297 0 0 0 7.65297 0 0 0 7.65297 8.35623 0 0 0 8.35623 0 0 0 8.35623 8.80573 0 0 0 8.80573 0 0 0 8.80573 10 0 0 0 10 0 0 0 10 7.98725 0 0 0 7.98725 0 0 0 7.98725 10 0 0 0 10 0 0 0 10 8.89352 0 0 0 8.89352 0 0 0 8.89352 8.00051 0 0 0 8.00051 0 0 0 8.00051 11.9487 0 0 0 11.9487 0 0 0 11.9487 12.0693 0 0 0 12.0693 0 0 0 12.0693 7.16148 0 0 0 7.16148 0 0 0 7.16148 10 0 0 0 10 0 0 0 10 8.74777 0 0 0 8.74777 0 0 0 8.74777 9.96021 0 0 0 9.96021 0 0 0 9.96021 9.0033 0 0 0 9.0033 0 0 0 9.0033 12.615 0 0 0 12.615 0 0 0 12.615 12.8502 0 0 0 12.8502 0 0 0 12.8502 9.58309 0 0 0 9.58309 0 0 0 9.58309 7.58667 0 0 0 7.58667 0 0 0 7.58667 8.35912 0 0 0 8.35912 0 0 0 8.35912 12.3718 0 0 0 12.3718 0 0 0 12.3718 9.14043 0 0 0 9.14043 0 0 0 9.14043 8.02563 0 0 0 8.02563 0 0 0 8.02563 12.1017 0 0 0 12.1017 0 0 0 12.1017 8.78125 0 0 0 8.78125 0 0 0 8.78125 12.6612 0 0 0 12.6612 0 0 0 12.6612 8.17562 0 0 0 8.17562 0 0 0 8.17562 8.09435 0 0 0 8.09435 0 0 0 8.09435 9.74084 0 0 0 9.74084 0 0 0 9.74084 11.107 0 0 0 11.107 0 0 0 11.107 11.0785 0 0 0 11.0785 0 0 0 11.0785 10 0 0 0 10 0 0 0 10 9.16408 0 0 0 9.16408 0 0 0 9.16408 9.21615 0 0 0 9.21615 0 0 0 9.21615 9.97273 0 0 0 9.97273 0 0 0 9.97273 11.9467 0 0 0 11.9467 0 0 0 11.9467 9.16866 0 0 0 9.16866 0 0 0 9.16866 8.14726 0 0 0 8.14726 0 0 0 8.14726 10 0 0 0 10 0 0 0 10 8.04317 0 0 0 8.04317 0 0 0 8.04317 8.61009 0 0 0 8.61009 0 0 0 8.61009 11.4208 0 0 0 11.4208 0 0 0 11.4208 9.20578 0 0 0 9.20578 0 0 0 9.20578 10 0 0 0 10 0 0 0 10 12.0419 0 0 0 12.0419 0 0 0 12.0419 9.2809 0 0 0 9.2809 0 0 0 9.2809 9.5139 0 0 0 9.5139 0 0 0 9.5139 9.54068 0 0 0 9.54068 0 0 0 9.54068 13.0177 0 0 0 13.0177 0 0 0 13.0177 10 0 0 0 10 0 0 0 10 10 0 0 0 10 0 0 0 10 9.48266 0 0 0 9.48266 0 0 0 9.48266 9.74373 0 0 0 9.74373 0 0 0 9.74373 12.3938 0 0 0 12.3938 0 0 0 12.3938 7.68934 0 0 0 7.68934 0 0 0 7.68934 8.91383 0 0 0 8.91383 0 0 0 8.91383 12.276 0 0 0 12.276 0 0 0 12.276 9.02396 0 0 0 9.02396 0 0 0 9.02396 9.54494 0 0 0 9.54494 0 0 0 9.54494 9.9699 0 0 0 9.9699 0 0 0 9.9699 8.99331 0 0 0 8.99331 0 0 0 8.99331 7.79955 0 0 0 7.79955 0 0 0 7.79955 10 0 0 0 10 0 0 0 10 12.9869 0 0 0 12.9869 0 0 0 12.9869 9.53097 0 0 0 9.53097 0 0 0 9.53097 8.03039 0 0 0 8.03039 0 0 0 8.03039 10 0 0 0 10 0 0 0 10 13.1473 0 0 0 13.1473 0 0 0 13.1473 10 0 0 0 10 0 0 0 10 9.52831 0 0 0 9.52831 0 0 0 9.52831 10 0 0 0 10 0 0 0 10 9.74709 0 0 0 9.74709 0 0 0 9.74709 12.8834 0 0 0 12.8834 0 0 0 12.8834 9.32542 0 0 0 9.32542 0 0 0 9.32542 11.9207 0 0 0 11.9207 0 0 0 11.9207 9.57485 0 0 0 9.57485 0 0 0 9.57485 8.05319 0 0 0 8.05319 0 0 0 8.05319 8.6496 0 0 0 8.6496 0 0 0 8.6496 11.3076 0 0 0 11.3076 0 0 0 11.3076 8.13089 0 0 0 8.13089 0 0 0 8.13089 8.72721 0 0 0 8.72721 0 0 0 8.72721 7.9651 0 0 0 7.9651 0 0 0 7.9651 12.6161 0 0 0 12.6161 0 0 0 12.6161 9.66718 0 0 0 9.66718 0 0 0 9.66718 12.3333 0 0 0 12.3333 0 0 0 12.3333 11.5394 0 0 0 11.5394 0 0 0 11.5394 11.501 0 0 0 11.501 0 0 0 11.501 10 0 0 0 10 0 0 0 10 11.959 0 0 0 11.959 0 0 0 11.959 8.01744 0 0 0 8.01744 0 0 0 8.01744 12.9816 0 0 0 12.9816 0 0 0 12.9816 9.61009 0 0 0 9.61009 0 0 0 9.61009 7.24626 0 0 0 7.24626 0 0 0 7.24626 13.2203 0 0 0 13.2203 0 0 0 13.2203 8.60675 0 0 0 8.60675 0 0 0 8.60675 10 0 0 0 10 0 0 0 10 10.3608 0 0 0 10.3608 0 0 0 10.3608 10 0 0 0 10 0 0 0 10 7.76286 0 0 0 7.76286 0 0 0 7.76286 10.9281 0 0 0 10.9281 0 0 0 10.9281 10 0 0 0 10 0 0 0 10 10 0 0 0 10 0 0 0 10 9.53873 0 0 0 9.53873 0 0 0 9.53873 8.85273 0 0 0 8.85273 0 0 0 8.85273 7.82582 0 0 0 7.82582 0 0 0 7.82582 8.69307 0 0 0 8.69307 0 0 0 8.69307 8.71342 0 0 0 8.71342 0 0 0 8.71342 11.9123 0 0 0 11.9123 0 0 0 11.9123 13.1124 0 0 0 13.1124 0 0 0 13.1124 9.47007 0 0 0 9.47007 0 0 0 9.47007 8.33081 0 0 0 8.33081 0 0 0 8.33081 8.87014 0 0 0 8.87014 0 0 0 8.87014 12.7035 0 0 0 12.7035 0 0 0 12.7035 7.80312 0 0 0 7.80312 0 0 0 7.80312 10 0 0 0 10 0 0 0 10 9.41233 0 0 0 9.41233 0 0 0 9.41233 10 0 0 0 10 0 0 0 10 8.3815 0 0 0 8.3815 0 0 0 8.3815 7.80371 0 0 0 7.80371 0 0 0 7.80371 11.0694 0 0 0 11.0694 0 0 0 11.0694 9.95961 0 0 0 9.95961 0 0 0 9.95961 11.8274 0 0 0 11.8274 0 0 0 11.8274 7.98574 0 0 0 7.98574 0 0 0 7.98574 11.145 0 0 0 11.145 0 0 0 11.145 12.2359 0 0 0 12.2359 0 0 0 12.2359 8.05269 0 0 0 8.05269 0 0 0 8.05269 7.30639 0 0 0 7.30639 0 0 0 7.30639 12.8053 0 0 0 12.8053 0 0 0 12.8053 7.95147 0 0 0 7.95147 0 0 0 7.95147 7.98553 0 0 0 7.98553 0 0 0 7.98553 7.91638 0 0 0 7.91638 0 0 0 7.91638 10 0 0 0 10 0 0 0 10 8.05059 0 0 0 8.05059 0 0 0 8.05059 8.41097 0 0 0 8.41097 0 0 0 8.41097 10 0 0 0 10 0 0 0 10 8.49604 0 0 0 8.49604 0 0 0 8.49604 7.96568 0 0 0 7.96568 0 0 0 7.96568 7.78805 0 0 0 7.78805 0 0 0 7.78805 8.80578 0 0 0 8.80578 0 0 0 8.80578 8.92697 0 0 0 8.92697 0 0 0 8.92697 7.74594 0 0 0 7.74594 0 0 0 7.74594 10.899 0 0 0 10.899 0 0 0 10.899 10.9282 0 0 0 10.9282 0 0 0 10.9282 10.9514 0 0 0 10.9514 0 0 0 10.9514 11.8883 0 0 0 11.8883 0 0 0 11.8883 9.959 0 0 0 9.959 0 0 0 9.959 7.40663 0 0 0 7.40663 0 0 0 7.40663 7.84224 0 0 0 7.84224 0 0 0 7.84224 13.0055 0 0 0 13.0055 0 0 0 13.0055 9.48636 0 0 0 9.48636 0 0 0 9.48636 10 0 0 0 10 0 0 0 10 7.96161 0 0 0 7.96161 0 0 0 7.96161 8.72984 0 0 0 8.72984 0 0 0 8.72984 10.3864 0 0 0 10.3864 0 0 0 10.3864 11.051 0 0 0 11.051 0 0 0 11.051 10 0 0 0 10 0 0 0 10 9.78555 0 0 0 9.78555 0 0 0 9.78555 7.22386 0 0 0 7.22386 0 0 0 7.22386 8.89932 0 0 0 8.89932 0 0 0 8.89932 9.49684 0 0 0 9.49684 0 0 0 9.49684 12.1013 0 0 0 12.1013 0 0 0 12.1013 11.8801 0 0 0 11.8801 0 0 0 11.8801 7.51803 0 0 0 7.51803 0 0 0 7.51803 10 0 0 0 10 0 0 0 10 9.41635 0 0 0 9.41635 0 0 0 9.41635 10 0 0 0 10 0 0 0 10 10 0 0 0 10 0 0 0 10 7.21717 0 0 0 7.21717 0 0 0 7.21717 7.88706 0 0 0 7.88706 0 0 0 7.88706 12.6593 0 0 0 12.6593 0 0 0 12.6593 11.1797 0 0 0 11.1797 0 0 0 11.1797 11.1115 0 0 0 11.1115 0 0 0 11.1115 8.67844 0 0 0 8.67844 0 0 0 8.67844 8.74351 0 0 0 8.74351 0 0 0 8.74351 9.6325 0 0 0 9.6325 0 0 0 9.6325 7.81112 0 0 0 7.81112 0 0 0 7.81112 7.93421 0 0 0 7.93421 0 0 0 7.93421 9.82338 0 0 0 9.82338 0 0 0 9.82338 10 0 0 0 10 0 0 0 10 9.22541 0 0 0 9.22541 0 0 0 9.22541 8.9701 0 0 0 8.9701 0 0 0 8.9701 8.59548 0 0 0 8.59548 0 0 0 8.59548 11.8074 0 0 0 11.8074 0 0 0 11.8074 9.60847 0 0 0 9.60847 0 0 0 9.60847 10 0 0 0 10 0 0 0 10 7.82801 0 0 0 7.82801 0 0 0 7.82801 8.05881 0 0 0 8.05881 0 0 0 8.05881 10 0 0 0 10 0 0 0 10 10 0 0 0 10 0 0 0 10 10 0 0 0 10 0 0 0 10 12.2132 0 0 0 12.2132 0 0 0 12.2132 11.5996 0 0 0 11.5996 0 0 0 11.5996 8.18865 0 0 0 8.18865 0 0 0 8.18865 11.0273 0 0 0 11.0273 0 0 0 11.0273 10 0 0 0 10 0 0 0 10 12.4622 0 0 0 12.4622 0 0 0 12.4622 8.56949 0 0 0 8.56949 0 0 0 8.56949 10 0 0 0 10 0 0 0 10 8.47692 0 0 0 8.47692 0 0 0 8.47692 10.8009 0 0 0 10.8009 0 0 0 10.8009 12.5779 0 0 0 12.5779 0 0 0 12.5779 8.948 0 0 0 8.948 0 0 0 8.948 7.34076 0 0 0 7.34076 0 0 0 7.34076 10 0 0 0 10 0 0 0 10 9.52817 0 0 0 9.52817 0 0 0 9.52817 9.41524 0 0 0 9.41524 0 0 0 9.41524 11.817 0 0 0 11.817 0 0 0 11.817 7.34368 0 0 0 7.34368 0 0 0 7.34368 8.57923 0 0 0 8.57923 0 0 0 8.57923 12.1897 0 0 0 12.1897 0 0 0 12.1897 10 0 0 0 10 0 0 0 10 12.279 0 0 0 12.279 0 0 0 12.279 9.01835 0 0 0 9.01835 0 0 0 9.01835 7.9948 0 0 0 7.9948 0 0 0 7.9948 11.0778 0 0 0 11.0778 0 0 0 11.0778 7.24322 0 0 0 7.24322 0 0 0 7.24322 10.9401 0 0 0 10.9401 0 0 0 10.9401 12.9177 0 0 0 12.9177 0 0 0 12.9177 8.71225 0 0 0 8.71225 0 0 0 8.71225 7.92266 0 0 0 7.92266 0 0 0 7.92266 10.6476 0 0 0 10.6476 0 0 0 10.6476 8.03966 0 0 0 8.03966 0 0 0 8.03966 8.03983 0 0 0 8.03983 0 0 0 8.03983 8.01669 0 0 0 8.01669 0 0 0 8.01669 12.0181 0 0 0 12.0181 0 0 0 12.0181 8.95496 0 0 0 8.95496 0 0 0 8.95496 10 0 0 0 10 0 0 0 10 12.0968 0 0 0 12.0968 0 0 0 12.0968 10 0 0 0 10 0 0 0 10 12.5647 0 0 0 12.5647 0 0 0 12.5647 10 0 0 0 10 0 0 0 10 9.07108 0 0 0 9.07108 0 0 0 9.07108 7.3732 0 0 0 7.3732 0 0 0 7.3732 9.88319 0 0 0 9.88319 0 0 0 9.88319 8.75612 0 0 0 8.75612 0 0 0 8.75612 13.1957 0 0 0 13.1957 0 0 0 13.1957 8.81026 0 0 0 8.81026 0 0 0 8.81026 8.39868 0 0 0 8.39868 0 0 0 8.39868 8.68513 0 0 0 8.68513 0 0 0 8.68513 12.2522 0 0 0 12.2522 0 0 0 12.2522 8.82801 0 0 0 8.82801 0 0 0 8.82801 7.23717 0 0 0 7.23717 0 0 0 7.23717 12.0355 0 0 0 12.0355 0 0 0 12.0355 8.69505 0 0 0 8.69505 0 0 0 8.69505 7.94886 0 0 0 7.94886 0 0 0 7.94886 13.116 0 0 0 13.116 0 0 0 13.116 7.92889 0 0 0 7.92889 0 0 0 7.92889 9.29293 0 0 0 9.29293 0 0 0 9.29293 8.82951 0 0 0 8.82951 0 0 0 8.82951 9.10601 0 0 0 9.10601 0 0 0 9.10601 10 0 0 0 10 0 0 0 10 7.80952 0 0 0 7.80952 0 0 0 7.80952 8.65658 0 0 0 8.65658 0 0 0 8.65658 10.9691 0 0 0 10.9691 0 0 0 10.9691 8.50685 0 0 0 8.50685 0 0 0 8.50685 8.48623 0 0 0 8.48623 0 0 0 8.48623 7.31661 0 0 0 7.31661 0 0 0 7.31661 7.8379 0 0 0 7.8379 0 0 0 7.8379 8.71499 0 0 0 8.71499 0 0 0 8.71499 10.9875 0 0 0 10.9875 0 0 0 10.9875 10 0 0 0 10 0 0 0 10 7.81599 0 0 0 7.81599 0 0 0 7.81599 8.73488 0 0 0 8.73488 0 0 0 8.73488 7.94781 0 0 0 7.94781 0 0 0 7.94781 11.4053 0 0 0 11.4053 0 0 0 11.4053 8.52497 0 0 0 8.52497 0 0 0 8.52497 8.80379 0 0 0 8.80379 0 0 0 8.80379 8.62778 0 0 0 8.62778 0 0 0 8.62778 9.0429 0 0 0 9.0429 0 0 0 9.0429 10 0 0 0 10 0 0 0 10 8.29708 0 0 0 8.29708 0 0 0 8.29708 7.98243 0 0 0 7.98243 0 0 0 7.98243 13.2645 0 0 0 13.2645 0 0 0 13.2645 12.1782 0 0 0 12.1782 0 0 0 12.1782 8.12914 0 0 0 8.12914 0 0 0 8.12914 8.8901 0 0 0 8.8901 0 0 0 8.8901 8.58016 0 0 0 8.58016 0 0 0 8.58016 10 0 0 0 10 0 0 0 10 10 0 0 0 10 0 0 0 10 9.30226 0 0 0 9.30226 0 0 0 9.30226 10 0 0 0 10 0 0 0 10 7.98588 0 0 0 7.98588 0 0 0 7.98588 12.028 0 0 0 12.028 0 0 0 12.028 9.66114 0 0 0 9.66114 0 0 0 9.66114 12.0134 0 0 0 12.0134 0 0 0 12.0134 11.1448 0 0 0 11.1448 0 0 0 11.1448 8.76749 0 0 0 8.76749 0 0 0 8.76749 12.5626 0 0 0 12.5626 0 0 0 12.5626 10.9987 0 0 0 10.9987 0 0 0 10.9987 10.7615 0 0 0 10.7615 0 0 0 10.7615 10.2702 0 0 0 10.2702 0 0 0 10.2702 7.8897 0 0 0 7.8897 0 0 0 7.8897 9.31392 0 0 0 9.31392 0 0 0 9.31392 7.7345 0 0 0 7.7345 0 0 0 7.7345 8.95038 0 0 0 8.95038 0 0 0 8.95038 7.88697 0 0 0 7.88697 0 0 0 7.88697 11.8686 0 0 0 11.8686 0 0 0 11.8686 7.517 0 0 0 7.517 0 0 0 7.517 7.36449 0 0 0 7.36449 0 0 0 7.36449 7.29926 0 0 0 7.29926 0 0 0 7.29926 7.97155 0 0 0 7.97155 0 0 0 7.97155 8.00525 0 0 0 8.00525 0 0 0 8.00525 7.84137 0 0 0 7.84137 0 0 0 7.84137 11.1062 0 0 0 11.1062 0 0 0 11.1062 8.31292 0 0 0 8.31292 0 0 0 8.31292 8.72301 0 0 0 8.72301 0 0 0 8.72301 7.73368 0 0 0 7.73368 0 0 0 7.73368 10 0 0 0 10 0 0 0 10 10 0 0 0 10 0 0 0 10 10 0 0 0 10 0 0 0 10 8.27431 0 0 0 8.27431 0 0 0 8.27431 7.95862 0 0 0 7.95862 0 0 0 7.95862 8.74956 0 0 0 8.74956 0 0 0 8.74956 8.86878 0 0 0 8.86878 0 0 0 8.86878 11.1078 0 0 0 11.1078 0 0 0 11.1078 11.1278 0 0 0 11.1278 0 0 0 11.1278 13.2355 0 0 0 13.2355 0 0 0 13.2355 12.6342 0 0 0 12.6342 0 0 0 12.6342 10 0 0 0 10 0 0 0 10 12.8283 0 0 0 12.8283 0 0 0 12.8283 10 0 0 0 10 0 0 0 10 7.2761 0 0 0 7.2761 0 0 0 7.2761 8.81519 0 0 0 8.81519 0 0 0 8.81519 8.46754 0 0 0 8.46754 0 0 0 8.46754 9.7692 0 0 0 9.7692 0 0 0 9.7692 10.8066 0 0 0 10.8066 0 0 0 10.8066 7.89043 0 0 0 7.89043 0 0 0 7.89043 7.42729 0 0 0 7.42729 0 0 0 7.42729 7.86178 0 0 0 7.86178 0 0 0 7.86178 9.62051 0 0 0 9.62051 0 0 0 9.62051 7.77308 0 0 0 7.77308 0 0 0 7.77308 10 0 0 0 10 0 0 0 10 7.90058 0 0 0 7.90058 0 0 0 7.90058 8.67029 0 0 0 8.67029 0 0 0 8.67029 10 0 0 0 10 0 0 0 10 8.94223 0 0 0 8.94223 0 0 0 8.94223 10 0 0 0 10 0 0 0 10 10 0 0 0 10 0 0 0 10 9.70805 0 0 0 9.70805 0 0 0 9.70805 10 0 0 0 10 0 0 0 10 10 0 0 0 10 0 0 0 10 11.0609 0 0 0 11.0609 0 0 0 11.0609 7.77232 0 0 0 7.77232 0 0 0 7.77232 9.2508 0 0 0 9.2508 0 0 0 9.2508 8.25806 0 0 0 8.25806 0 0 0 8.25806 10 0 0 0 10 0 0 0 10 8.05491 0 0 0 8.05491 0 0 0 8.05491 7.72112 0 0 0 7.72112 0 0 0 7.72112 9.59087 0 0 0 9.59087 0 0 0 9.59087 8.99325 0 0 0 8.99325 0 0 0 8.99325 10 0 0 0 10 0 0 0 10 9.61125 0 0 0 9.61125 0 0 0 9.61125 8.99222 0 0 0 8.99222 0 0 0 8.99222 11.5779 0 0 0 11.5779 0 0 0 11.5779 8.70615 0 0 0 8.70615 0 0 0 8.70615 9.61978 0 0 0 9.61978 0 0 0 9.61978 9.79354 0 0 0 9.79354 0 0 0 9.79354 12.4319 0 0 0 12.4319 0 0 0 12.4319 9.45524 0 0 0 9.45524 0 0 0 9.45524 9.36771 0 0 0 9.36771 0 0 0 9.36771 13.0683 0 0 0 13.0683 0 0 0 13.0683 8.07244 0 0 0 8.07244 0 0 0 8.07244 8.62344 0 0 0 8.62344 0 0 0 8.62344 7.8436 0 0 0 7.8436 0 0 0 7.8436 9.57852 0 0 0 9.57852 0 0 0 9.57852 10 0 0 0 10 0 0 0 10 7.93724 0 0 0 7.93724 0 0 0 7.93724 8.69327 0 0 0 8.69327 0 0 0 8.69327 7.98378 0 0 0 7.98378 0 0 0 7.98378 7.91342 0 0 0 7.91342 0 0 0 7.91342 10 0 0 0 10 0 0 0 10 8.62843 0 0 0 8.62843 0 0 0 8.62843 10 0 0 0 10 0 0 0 10 9.24129 0 0 0 9.24129 0 0 0 9.24129 8.89512 0 0 0 8.89512 0 0 0 8.89512 8.36325 0 0 0 8.36325 0 0 0 8.36325 12.2854 0 0 0 12.2854 0 0 0 12.2854 11.9759 0 0 0 11.9759 0 0 0 11.9759 8.53122 0 0 0 8.53122 0 0 0 8.53122 8.70433 0 0 0 8.70433 0 0 0 8.70433 7.47363 0 0 0 7.47363 0 0 0 7.47363 10 0 0 0 10 0 0 0 10 10 0 0 0 10 0 0 0 10 8.74081 0 0 0 8.74081 0 0 0 8.74081 10 0 0 0 10 0 0 0 10 10 0 0 0 10 0 0 0 10 8.11147 0 0 0 8.11147 0 0 0 8.11147 8.85904 0 0 0 8.85904 0 0 0 8.85904 10 0 0 0 10 0 0 0 10 12.1257 0 0 0 12.1257 0 0 0 12.1257 10 0 0 0 10 0 0 0 10 11.0349 0 0 0 11.0349 0 0 0 11.0349 9.41342 0 0 0 9.41342 0 0 0 9.41342 8.08233 0 0 0 8.08233 0 0 0 8.08233 8.84379 0 0 0 8.84379 0 0 0 8.84379 10 0 0 0 10 0 0 0 10 8.44591 0 0 0 8.44591 0 0 0 8.44591 10 0 0 0 10 0 0 0 10 8.24516 0 0 0 8.24516 0 0 0 8.24516 10 0 0 0 10 0 0 0 10 12.0162 0 0 0 12.0162 0 0 0 12.0162 9.68207 0 0 0 9.68207 0 0 0 9.68207 8.73089 0 0 0 8.73089 0 0 0 8.73089 8.98775 0 0 0 8.98775 0 0 0 8.98775 10 0 0 0 10 0 0 0 10 8.59856 0 0 0 8.59856 0 0 0 8.59856 9.68315 0 0 0 9.68315 0 0 0 9.68315 9.55639 0 0 0 9.55639 0 0 0 9.55639 10 0 0 0 10 0 0 0 10 10 0 0 0 10 0 0 0 10 10 0 0 0 10 0 0 0 10 13.1388 0 0 0 13.1388 0 0 0 13.1388 8.03221 0 0 0 8.03221 0 0 0 8.03221 8.10116 0 0 0 8.10116 0 0 0 8.10116 10 0 0 0 10 0 0 0 10 12.6136 0 0 0 12.6136 0 0 0 12.6136 11.0054 0 0 0 11.0054 0 0 0 11.0054 9.80516 0 0 0 9.80516 0 0 0 9.80516 8.68001 0 0 0 8.68001 0 0 0 8.68001 9.23126 0 0 0 9.23126 0 0 0 9.23126 9.12203 0 0 0 9.12203 0 0 0 9.12203 9.61526 0 0 0 9.61526 0 0 0 9.61526 8.82362 0 0 0 8.82362 0 0 0 8.82362 9.97994 0 0 0 9.97994 0 0 0 9.97994 8.02693 0 0 0 8.02693 0 0 0 8.02693 9.20611 0 0 0 9.20611 0 0 0 9.20611 9.96405 0 0 0 9.96405 0 0 0 9.96405 12.3361 0 0 0 12.3361 0 0 0 12.3361 10 0 0 0 10 0 0 0 10 9.54045 0 0 0 9.54045 0 0 0 9.54045 12.2207 0 0 0 12.2207 0 0 0 12.2207 8.33876 0 0 0 8.33876 0 0 0 8.33876 10 0 0 0 10 0 0 0 10 9.78202 0 0 0 9.78202 0 0 0 9.78202 8.03154 0 0 0 8.03154 0 0 0 8.03154 9.86772 0 0 0 9.86772 0 0 0 9.86772 9.50389 0 0 0 9.50389 0 0 0 9.50389 10 0 0 0 10 0 0 0 10 7.99029 0 0 0 7.99029 0 0 0 7.99029 9.18677 0 0 0 9.18677 0 0 0 9.18677 12.6671 0 0 0 12.6671 0 0 0 12.6671 10 0 0 0 10 0 0 0 10 8.57963 0 0 0 8.57963 0 0 0 8.57963 8.07991 0 0 0 8.07991 0 0 0 8.07991 11.4721 0 0 0 11.4721 0 0 0 11.4721 8.21035 0 0 0 8.21035 0 0 0 8.21035 8.25346 0 0 0 8.25346 0 0 0 8.25346 8.23661 0 0 0 8.23661 0 0 0 8.23661 10 0 0 0 10 0 0 0 10 10 0 0 0 10 0 0 0 10 7.8295 0 0 0 7.8295 0 0 0 7.8295 7.22294 0 0 0 7.22294 0 0 0 7.22294 10.5153 0 0 0 10.5153 0 0 0 10.5153 9.35434 0 0 0 9.35434 0 0 0 9.35434 7.94969 0 0 0 7.94969 0 0 0 7.94969 8.68613 0 0 0 8.68613 0 0 0 8.68613 10.9269 0 0 0 10.9269 0 0 0 10.9269 13.0721 0 0 0 13.0721 0 0 0 13.0721 10.9991 0 0 0 10.9991 0 0 0 10.9991 11.5725 0 0 0 11.5725 0 0 0 11.5725 7.52912 0 0 0 7.52912 0 0 0 7.52912 10 0 0 0 10 0 0 0 10 9.30044 0 0 0 9.30044 0 0 0 9.30044 10 0 0 0 10 0 0 0 10 10.3443 0 0 0 10.3443 0 0 0 10.3443 11.8871 0 0 0 11.8871 0 0 0 11.8871 8.59631 0 0 0 8.59631 0 0 0 8.59631 7.89425 0 0 0 7.89425 0 0 0 7.89425 8.37597 0 0 0 8.37597 0 0 0 8.37597 11.1531 0 0 0 11.1531 0 0 0 11.1531 10 0 0 0 10 0 0 0 10 7.85818 0 0 0 7.85818 0 0 0 7.85818 11.171 0 0 0 11.171 0 0 0 11.171 7.92935 0 0 0 7.92935 0 0 0 7.92935 10.9084 0 0 0 10.9084 0 0 0 10.9084 7.31386 0 0 0 7.31386 0 0 0 7.31386 8.92544 0 0 0 8.92544 0 0 0 8.92544 8.28587 0 0 0 8.28587 0 0 0 8.28587 9.17329 0 0 0 9.17329 0 0 0 9.17329 10 0 0 0 10 0 0 0 10 7.85542 0 0 0 7.85542 0 0 0 7.85542 10.4106 0 0 0 10.4106 0 0 0 10.4106 8.8988 0 0 0 8.8988 0 0 0 8.8988 11.0417 0 0 0 11.0417 0 0 0 11.0417 11.506 0 0 0 11.506 0 0 0 11.506 7.74555 0 0 0 7.74555 0 0 0 7.74555 10 0 0 0 10 0 0 0 10 8.53069 0 0 0 8.53069 0 0 0 8.53069 8.04067 0 0 0 8.04067 0 0 0 8.04067 10 0 0 0 10 0 0 0 10 8.75512 0 0 0 8.75512 0 0 0 8.75512 10 0 0 0 10 0 0 0 10 11.1709 0 0 0 11.1709 0 0 0 11.1709 8.0518 0 0 0 8.0518 0 0 0 8.0518 11.1572 0 0 0 11.1572 0 0 0 11.1572 7.90837 0 0 0 7.90837 0 0 0 7.90837 11.8337 0 0 0 11.8337 0 0 0 11.8337 11.0967 0 0 0 11.0967 0 0 0 11.0967 11.1302 0 0 0 11.1302 0 0 0 11.1302 8.36217 0 0 0 8.36217 0 0 0 8.36217 12.8512 0 0 0 12.8512 0 0 0 12.8512 10 0 0 0 10 0 0 0 10 8.21542 0 0 0 8.21542 0 0 0 8.21542 9.6571 0 0 0 9.6571 0 0 0 9.6571 11.0704 0 0 0 11.0704 0 0 0 11.0704 9.44759 0 0 0 9.44759 0 0 0 9.44759 9.82679 0 0 0 9.82679 0 0 0 9.82679 9.6888 0 0 0 9.6888 0 0 0 9.6888 8.36647 0 0 0 8.36647 0 0 0 8.36647 8.04755 0 0 0 8.04755 0 0 0 8.04755 8.61381 0 0 0 8.61381 0 0 0 8.61381 10 0 0 0 10 0 0 0 10 7.9075 0 0 0 7.9075 0 0 0 7.9075 8.68927 0 0 0 8.68927 0 0 0 8.68927 8.02731 0 0 0 8.02731 0 0 0 8.02731 10 0 0 0 10 0 0 0 10 7.81224 0 0 0 7.81224 0 0 0 7.81224 10 0 0 0 10 0 0 0 10 9.50818 0 0 0 9.50818 0 0 0 9.50818 8.94341 0 0 0 8.94341 0 0 0 8.94341 11.14 0 0 0 11.14 0 0 0 11.14 9.51116 0 0 0 9.51116 0 0 0 9.51116 8.21784 0 0 0 8.21784 0 0 0 8.21784 9.09618 0 0 0 9.09618 0 0 0 9.09618 10 0 0 0 10 0 0 0 10 10 0 0 0 10 0 0 0 10 8.48881 0 0 0 8.48881 0 0 0 8.48881 8.85812 0 0 0 8.85812 0 0 0 8.85812 9.88538 0 0 0 9.88538 0 0 0 9.88538 9.34382 0 0 0 9.34382 0 0 0 9.34382 8.7478 0 0 0 8.7478 0 0 0 8.7478 10 0 0 0 10 0 0 0 10 11.894 0 0 0 11.894 0 0 0 11.894 10 0 0 0 10 0 0 0 10 8.02886 0 0 0 8.02886 0 0 0 8.02886 8.18231 0 0 0 8.18231 0 0 0 8.18231 12.9558 0 0 0 12.9558 0 0 0 12.9558 11.8424 0 0 0 11.8424 0 0 0 11.8424 7.87661 0 0 0 7.87661 0 0 0 7.87661 10 0 0 0 10 0 0 0 10 10.4923 0 0 0 10.4923 0 0 0 10.4923 9.49486 0 0 0 9.49486 0 0 0 9.49486 9.71069 0 0 0 9.71069 0 0 0 9.71069 11.0777 0 0 0 11.0777 0 0 0 11.0777 11.9131 0 0 0 11.9131 0 0 0 11.9131 9.88592 0 0 0 9.88592 0 0 0 9.88592 9.0244 0 0 0 9.0244 0 0 0 9.0244 10.7949 0 0 0 10.7949 0 0 0 10.7949 9.48663 0 0 0 9.48663 0 0 0 9.48663 10 0 0 0 10 0 0 0 10 7.86573 0 0 0 7.86573 0 0 0 7.86573 7.42545 0 0 0 7.42545 0 0 0 7.42545 9.05202 0 0 0 9.05202 0 0 0 9.05202 12.2138 0 0 0 12.2138 0 0 0 12.2138 8.52465 0 0 0 8.52465 0 0 0 8.52465 10 0 0 0 10 0 0 0 10 7.91331 0 0 0 7.91331 0 0 0 7.91331 11.9525 0 0 0 11.9525 0 0 0 11.9525 8.66537 0 0 0 8.66537 0 0 0 8.66537 11.0088 0 0 0 11.0088 0 0 0 11.0088 8.07042 0 0 0 8.07042 0 0 0 8.07042 10.8597 0 0 0 10.8597 0 0 0 10.8597 12.3607 0 0 0 12.3607 0 0 0 12.3607 10 0 0 0 10 0 0 0 10 9.94189 0 0 0 9.94189 0 0 0 9.94189 9.13303 0 0 0 9.13303 0 0 0 9.13303 9.98566 0 0 0 9.98566 0 0 0 9.98566 7.64135 0 0 0 7.64135 0 0 0 7.64135 8.86816 0 0 0 8.86816 0 0 0 8.86816 9.893 0 0 0 9.893 0 0 0 9.893 10 0 0 0 10 0 0 0 10 11.1799 0 0 0 11.1799 0 0 0 11.1799 9.44415 0 0 0 9.44415 0 0 0 9.44415 8.87336 0 0 0 8.87336 0 0 0 8.87336 9.62757 0 0 0 9.62757 0 0 0 9.62757 8.9088 0 0 0 8.9088 0 0 0 8.9088 7.95207 0 0 0 7.95207 0 0 0 7.95207 9.46509 0 0 0 9.46509 0 0 0 9.46509 9.99655 0 0 0 9.99655 0 0 0 9.99655 8.62811 0 0 0 8.62811 0 0 0 8.62811 8.3541 0 0 0 8.3541 0 0 0 8.3541 9.51843 0 0 0 9.51843 0 0 0 9.51843 10 0 0 0 10 0 0 0 10 11.9374 0 0 0 11.9374 0 0 0 11.9374 10 0 0 0 10 0 0 0 10 9.75284 0 0 0 9.75284 0 0 0 9.75284 10 0 0 0 10 0 0 0 10 7.96105 0 0 0 7.96105 0 0 0 7.96105 9.44255 0 0 0 9.44255 0 0 0 9.44255 10.9058 0 0 0 10.9058 0 0 0 10.9058 8.94377 0 0 0 8.94377 0 0 0 8.94377 10 0 0 0 10 0 0 0 10 8.82802 0 0 0 8.82802 0 0 0 8.82802 11.7456 0 0 0 11.7456 0 0 0 11.7456 9.66492 0 0 0 9.66492 0 0 0 9.66492 8.4026 0 0 0 8.4026 0 0 0 8.4026 7.28979 0 0 0 7.28979 0 0 0 7.28979 10 0 0 0 10 0 0 0 10 9.9176 0 0 0 9.9176 0 0 0 9.9176 10 0 0 0 10 0 0 0 10 8.6705 0 0 0 8.6705 0 0 0 8.6705 9.29513 0 0 0 9.29513 0 0 0 9.29513 8.8419 0 0 0 8.8419 0 0 0 8.8419 11.9055 0 0 0 11.9055 0 0 0 11.9055 8.62078 0 0 0 8.62078 0 0 0 8.62078 8.80945 0 0 0 8.80945 0 0 0 8.80945 10 0 0 0 10 0 0 0 10 9.00827 0 0 0 9.00827 0 0 0 9.00827 8.37701 0 0 0 8.37701 0 0 0 8.37701 7.98207 0 0 0 7.98207 0 0 0 7.98207 7.2078 0 0 0 7.2078 0 0 0 7.2078 8.5254 0 0 0 8.5254 0 0 0 8.5254 8.5748 0 0 0 8.5748 0 0 0 8.5748 8.78523 0 0 0 8.78523 0 0 0 8.78523 9.31478 0 0 0 9.31478 0 0 0 9.31478 8.40576 0 0 0 8.40576 0 0 0 8.40576 9.9309 0 0 0 9.9309 0 0 0 9.9309 10 0 0 0 10 0 0 0 10 8.73183 0 0 0 8.73183 0 0 0 8.73183 8.6461 0 0 0 8.6461 0 0 0 8.6461 8.03749 0 0 0 8.03749 0 0 0 8.03749 10 0 0 0 10 0 0 0 10 11.9414 0 0 0 11.9414 0 0 0 11.9414 8.01267 0 0 0 8.01267 0 0 0 8.01267 12.6611 0 0 0 12.6611 0 0 0 12.6611 8.6558 0 0 0 8.6558 0 0 0 8.6558 7.3517 0 0 0 7.3517 0 0 0 7.3517 8.92499 0 0 0 8.92499 0 0 0 8.92499 9.84457 0 0 0 9.84457 0 0 0 9.84457 7.84474 0 0 0 7.84474 0 0 0 7.84474 8.63228 0 0 0 8.63228 0 0 0 8.63228 9.36181 0 0 0 9.36181 0 0 0 9.36181 7.41921 0 0 0 7.41921 0 0 0 7.41921 9.42094 0 0 0 9.42094 0 0 0 9.42094 8.04647 0 0 0 8.04647 0 0 0 8.04647 9.42552 0 0 0 9.42552 0 0 0 9.42552 8.00003 0 0 0 8.00003 0 0 0 8.00003 8.98349 0 0 0 8.98349 0 0 0 8.98349 7.52451 0 0 0 7.52451 0 0 0 7.52451 11.0497 0 0 0 11.0497 0 0 0 11.0497 8.00103 0 0 0 8.00103 0 0 0 8.00103 7.50541 0 0 0 7.50541 0 0 0 7.50541 10 0 0 0 10 0 0 0 10 12.6379 0 0 0 12.6379 0 0 0 12.6379 7.29415 0 0 0 7.29415 0 0 0 7.29415 9.85795 0 0 0 9.85795 0 0 0 9.85795 8.06008 0 0 0 8.06008 0 0 0 8.06008 10 0 0 0 10 0 0 0 10 10.4008 0 0 0 10.4008 0 0 0 10.4008 7.903 0 0 0 7.903 0 0 0 7.903 7.25464 0 0 0 7.25464 0 0 0 7.25464 10 0 0 0 10 0 0 0 10 7.47713 0 0 0 7.47713 0 0 0 7.47713 8.76754 0 0 0 8.76754 0 0 0 8.76754 7.82792 0 0 0 7.82792 0 0 0 7.82792 9.19548 0 0 0 9.19548 0 0 0 9.19548 8.53961 0 0 0 8.53961 0 0 0 8.53961 9.63192 0 0 0 9.63192 0 0 0 9.63192 9.42891 0 0 0 9.42891 0 0 0 9.42891 8.62736 0 0 0 8.62736 0 0 0 8.62736 12.5616 0 0 0 12.5616 0 0 0 12.5616 7.3164 0 0 0 7.3164 0 0 0 7.3164 10 0 0 0 10 0 0 0 10 7.90548 0 0 0 7.90548 0 0 0 7.90548 9.28313 0 0 0 9.28313 0 0 0 9.28313 9.43654 0 0 0 9.43654 0 0 0 9.43654 9.26375 0 0 0 9.26375 0 0 0 9.26375 7.32171 0 0 0 7.32171 0 0 0 7.32171 7.78054 0 0 0 7.78054 0 0 0 7.78054 7.83215 0 0 0 7.83215 0 0 0 7.83215 8.68384 0 0 0 8.68384 0 0 0 8.68384 7.22968 0 0 0 7.22968 0 0 0 7.22968 8.97161 0 0 0 8.97161 0 0 0 8.97161 8.0326 0 0 0 8.0326 0 0 0 8.0326 7.91843 0 0 0 7.91843 0 0 0 7.91843 7.86343 0 0 0 7.86343 0 0 0 7.86343 9.79053 0 0 0 9.79053 0 0 0 9.79053 8.7654 0 0 0 8.7654 0 0 0 8.7654 8.00078 0 0 0 8.00078 0 0 0 8.00078 9.11865 0 0 0 9.11865 0 0 0 9.11865 8.82079 0 0 0 8.82079 0 0 0 8.82079 7.91724 0 0 0 7.91724 0 0 0 7.91724 8.63582 0 0 0 8.63582 0 0 0 8.63582 7.32916 0 0 0 7.32916 0 0 0 7.32916 12.4447 0 0 0 12.4447 0 0 0 12.4447 7.32754 0 0 0 7.32754 0 0 0 7.32754 7.95977 0 0 0 7.95977 0 0 0 7.95977 7.18829 0 0 0 7.18829 0 0 0 7.18829 8.96799 0 0 0 8.96799 0 0 0 8.96799 10 0 0 0 10 0 0 0 10 9.8354 0 0 0 9.8354 0 0 0 9.8354 8.67813 0 0 0 8.67813 0 0 0 8.67813 8.76253 0 0 0 8.76253 0 0 0 8.76253 12.6324 0 0 0 12.6324 0 0 0 12.6324 8.79368 0 0 0 8.79368 0 0 0 8.79368 8.19162 0 0 0 8.19162 0 0 0 8.19162 10 0 0 0 10 0 0 0 10 8.2128 0 0 0 8.2128 0 0 0 8.2128 9.98654 0 0 0 9.98654 0 0 0 9.98654 9.61346 0 0 0 9.61346 0 0 0 9.61346 8.73942 0 0 0 8.73942 0 0 0 8.73942 9.07534 0 0 0 9.07534 0 0 0 9.07534 9.8429 0 0 0 9.8429 0 0 0 9.8429 9.15274 0 0 0 9.15274 0 0 0 9.15274 9.56613 0 0 0 9.56613 0 0 0 9.56613 8.39874 0 0 0 8.39874 0 0 0 8.39874 8.55037 0 0 0 8.55037 0 0 0 8.55037 9.50988 0 0 0 9.50988 0 0 0 9.50988 8.60476 0 0 0 8.60476 0 0 0 8.60476 8.494 0 0 0 8.494 0 0 0 8.494 10 0 0 0 10 0 0 0 10 7.91375 0 0 0 7.91375 0 0 0 7.91375 10 0 0 0 10 0 0 0 10 8.0023 0 0 0 8.0023 0 0 0 8.0023 10 0 0 0 10 0 0 0 10 10 0 0 0 10 0 0 0 10 9.4738 0 0 0 9.4738 0 0 0 9.4738 11.8823 0 0 0 11.8823 0 0 0 11.8823 10 0 0 0 10 0 0 0 10 9.77467 0 0 0 9.77467 0 0 0 9.77467 7.84442 0 0 0 7.84442 0 0 0 7.84442 8.5357 0 0 0 8.5357 0 0 0 8.5357 10 0 0 0 10 0 0 0 10 10 0 0 0 10 0 0 0 10 8.77706 0 0 0 8.77706 0 0 0 8.77706 11.0286 0 0 0 11.0286 0 0 0 11.0286 7.80543 0 0 0 7.80543 0 0 0 7.80543 8.79057 0 0 0 8.79057 0 0 0 8.79057 7.57419 0 0 0 7.57419 0 0 0 7.57419 8.85863 0 0 0 8.85863 0 0 0 8.85863 10 0 0 0 10 0 0 0 10 12.6736 0 0 0 12.6736 0 0 0 12.6736 9.55871 0 0 0 9.55871 0 0 0 9.55871 9.67526 0 0 0 9.67526 0 0 0 9.67526 8.80887 0 0 0 8.80887 0 0 0 8.80887 9.74064 0 0 0 9.74064 0 0 0 9.74064 13.279 0 0 0 13.279 0 0 0 13.279 12.7 0 0 0 12.7 0 0 0 12.7 10 0 0 0 10 0 0 0 10 9.1014 0 0 0 9.1014 0 0 0 9.1014 8.75106 0 0 0 8.75106 0 0 0 8.75106 12.8837 0 0 0 12.8837 0 0 0 12.8837 10 0 0 0 10 0 0 0 10 9.02207 0 0 0 9.02207 0 0 0 9.02207 10 0 0 0 10 0 0 0 10 7.83333 0 0 0 7.83333 0 0 0 7.83333 10 0 0 0 10 0 0 0 10 10 0 0 0 10 0 0 0 10 10 0 0 0 10 0 0 0 10 8.86359 0 0 0 8.86359 0 0 0 8.86359 9.73707 0 0 0 9.73707 0 0 0 9.73707 9.55594 0 0 0 9.55594 0 0 0 9.55594 8.1355 0 0 0 8.1355 0 0 0 8.1355 8.71068 0 0 0 8.71068 0 0 0 8.71068 9.23788 0 0 0 9.23788 0 0 0 9.23788 9.05211 0 0 0 9.05211 0 0 0 9.05211 10 0 0 0 10 0 0 0 10 7.77005 0 0 0 7.77005 0 0 0 7.77005 7.95219 0 0 0 7.95219 0 0 0 7.95219 8.64684 0 0 0 8.64684 0 0 0 8.64684 10 0 0 0 10 0 0 0 10 9.81748 0 0 0 9.81748 0 0 0 9.81748 10 0 0 0 10 0 0 0 10 7.9613 0 0 0 7.9613 0 0 0 7.9613 9.61668 0 0 0 9.61668 0 0 0 9.61668 9.62896 0 0 0 9.62896 0 0 0 9.62896 10 0 0 0 10 0 0 0 10 9.47528 0 0 0 9.47528 0 0 0 9.47528 9.56368 0 0 0 9.56368 0 0 0 9.56368 9.29026 0 0 0 9.29026 0 0 0 9.29026 9.65459 0 0 0 9.65459 0 0 0 9.65459 10 0 0 0 10 0 0 0 10 10 0 0 0 10 0 0 0 10 9.18536 0 0 0 9.18536 0 0 0 9.18536 8.86488 0 0 0 8.86488 0 0 0 8.86488 9.42844 0 0 0 9.42844 0 0 0 9.42844 8.03012 0 0 0 8.03012 0 0 0 8.03012 9.09723 0 0 0 9.09723 0 0 0 9.09723 10 0 0 0 10 0 0 0 10 8.04583 0 0 0 8.04583 0 0 0 8.04583 7.99752 0 0 0 7.99752 0 0 0 7.99752 8.40674 0 0 0 8.40674 0 0 0 8.40674 9.41665 0 0 0 9.41665 0 0 0 9.41665 7.58421 0 0 0 7.58421 0 0 0 7.58421 8.57135 0 0 0 8.57135 0 0 0 8.57135 10 0 0 0 10 0 0 0 10 9.64422 0 0 0 9.64422 0 0 0 9.64422 8.41507 0 0 0 8.41507 0 0 0 8.41507 9.15237 0 0 0 9.15237 0 0 0 9.15237 7.38978 0 0 0 7.38978 0 0 0 7.38978 9.47759 0 0 0 9.47759 0 0 0 9.47759 10 0 0 0 10 0 0 0 10 8.30017 0 0 0 8.30017 0 0 0 8.30017 9.70718 0 0 0 9.70718 0 0 0 9.70718 9.86389 0 0 0 9.86389 0 0 0 9.86389 9.86807 0 0 0 9.86807 0 0 0 9.86807 8.82941 0 0 0 8.82941 0 0 0 8.82941 9.48121 0 0 0 9.48121 0 0 0 9.48121 10 0 0 0 10 0 0 0 10 9.16437 0 0 0 9.16437 0 0 0 9.16437 9.78696 0 0 0 9.78696 0 0 0 9.78696 10 0 0 0 10 0 0 0 10 8.92074 0 0 0 8.92074 0 0 0 8.92074 7.49731 0 0 0 7.49731 0 0 0 7.49731 8.71411 0 0 0 8.71411 0 0 0 8.71411 8.71555 0 0 0 8.71555 0 0 0 8.71555 8.51533 0 0 0 8.51533 0 0 0 8.51533 9.72481 0 0 0 9.72481 0 0 0 9.72481 8.67181 0 0 0 8.67181 0 0 0 8.67181 7.80858 0 0 0 7.80858 0 0 0 7.80858 8.50913 0 0 0 8.50913 0 0 0 8.50913 9.77162 0 0 0 9.77162 0 0 0 9.77162 9.45365 0 0 0 9.45365 0 0 0 9.45365 7.88305 0 0 0 7.88305 0 0 0 7.88305 9.89314 0 0 0 9.89314 0 0 0 9.89314 7.40735 0 0 0 7.40735 0 0 0 7.40735 9.53076 0 0 0 9.53076 0 0 0 9.53076 8.38352 0 0 0 8.38352 0 0 0 8.38352 8.31635 0 0 0 8.31635 0 0 0 8.31635 7.74787 0 0 0 7.74787 0 0 0 7.74787 8.83513 0 0 0 8.83513 0 0 0 8.83513 8.00481 0 0 0 8.00481 0 0 0 8.00481 10 0 0 0 10 0 0 0 10 9.61382 0 0 0 9.61382 0 0 0 9.61382 8.78553 0 0 0 8.78553 0 0 0 8.78553 7.46623 0 0 0 7.46623 0 0 0 7.46623 8.00941 0 0 0 8.00941 0 0 0 8.00941 9.13498 0 0 0 9.13498 0 0 0 9.13498 8.05156 0 0 0 8.05156 0 0 0 8.05156 8.78518 0 0 0 8.78518 0 0 0 8.78518 9.07949 0 0 0 9.07949 0 0 0 9.07949 8.67804 0 0 0 8.67804 0 0 0 8.67804 7.9843 0 0 0 7.9843 0 0 0 7.9843 8.63875 0 0 0 8.63875 0 0 0 8.63875 7.33463 0 0 0 7.33463 0 0 0 7.33463 7.61871 0 0 0 7.61871 0 0 0 7.61871 7.51116 0 0 0 7.51116 0 0 0 7.51116 7.83618 0 0 0 7.83618 0 0 0 7.83618 7.64281 0 0 0 7.64281 0 0 0 7.64281 8.04516 0 0 0 8.04516 0 0 0 8.04516 9.86295 0 0 0 9.86295 0 0 0 9.86295 9.8057 0 0 0 9.8057 0 0 0 9.8057 7.87836 0 0 0 7.87836 0 0 0 7.87836 7.08318 0 0 0 7.08318 0 0 0 7.08318 8.81747 0 0 0 8.81747 0 0 0 8.81747 8.86442 0 0 0 8.86442 0 0 0 8.86442 7.4352 0 0 0 7.4352 0 0 0 7.4352 8.89473 0 0 0 8.89473 0 0 0 8.89473 10 0 0 0 10 0 0 0 10 7.89769 0 0 0 7.89769 0 0 0 7.89769 8.65258 0 0 0 8.65258 0 0 0 8.65258 10 0 0 0 10 0 0 0 10 7.92516 0 0 0 7.92516 0 0 0 7.92516 8.06951 0 0 0 8.06951 0 0 0 8.06951 8.3352 0 0 0 8.3352 0 0 0 8.3352 8.26705 0 0 0 8.26705 0 0 0 8.26705 10 0 0 0 10 0 0 0 10 8.87281 0 0 0 8.87281 0 0 0 8.87281 8.7051 0 0 0 8.7051 0 0 0 8.7051 9.5354 0 0 0 9.5354 0 0 0 9.5354 7.30794 0 0 0 7.30794 0 0 0 7.30794 8.4598 0 0 0 8.4598 0 0 0 8.4598 8.05624 0 0 0 8.05624 0 0 0 8.05624 8.831 0 0 0 8.831 0 0 0 8.831 9.11413 0 0 0 9.11413 0 0 0 9.11413 7.95193 0 0 0 7.95193 0 0 0 7.95193 8.43357 0 0 0 8.43357 0 0 0 8.43357 7.97876 0 0 0 7.97876 0 0 0 7.97876 8.68745 0 0 0 8.68745 0 0 0 8.68745 8.1132 0 0 0 8.1132 0 0 0 8.1132 8.62145 0 0 0 8.62145 0 0 0 8.62145 7.91169 0 0 0 7.91169 0 0 0 7.91169 7.94691 0 0 0 7.94691 0 0 0 7.94691 9.75706 0 0 0 9.75706 0 0 0 9.75706 9.17403 0 0 0 9.17403 0 0 0 9.17403 8.03804 0 0 0 8.03804 0 0 0 8.03804 10 0 0 0 10 0 0 0 10 10 0 0 0 10 0 0 0 10 9.65591 0 0 0 9.65591 0 0 0 9.65591 7.64642 0 0 0 7.64642 0 0 0 7.64642 9.62147 0 0 0 9.62147 0 0 0 9.62147 7.93159 0 0 0 7.93159 0 0 0 7.93159 8.73457 0 0 0 8.73457 0 0 0 8.73457 8.00476 0 0 0 8.00476 0 0 0 8.00476 10 0 0 0 10 0 0 0 10 9.40533 0 0 0 9.40533 0 0 0 9.40533 8.89045 0 0 0 8.89045 0 0 0 8.89045 8.1586 0 0 0 8.1586 0 0 0 8.1586 10 0 0 0 10 0 0 0 10 9.08973 0 0 0 9.08973 0 0 0 9.08973 7.99503 0 0 0 7.99503 0 0 0 7.99503 8.91591 0 0 0 8.91591 0 0 0 8.91591 7.72754 0 0 0 7.72754 0 0 0 7.72754 9.54143 0 0 0 9.54143 0 0 0 9.54143 7.09693 0 0 0 7.09693 0 0 0 7.09693 8.52526 0 0 0 8.52526 0 0 0 8.52526 9.66419 0 0 0 9.66419 0 0 0 9.66419 9.60137 0 0 0 9.60137 0 0 0 9.60137 8.65299 0 0 0 8.65299 0 0 0 8.65299 7.77427 0 0 0 7.77427 0 0 0 7.77427 7.86073 0 0 0 7.86073 0 0 0 7.86073 7.98418 0 0 0 7.98418 0 0 0 7.98418 7.83106 0 0 0 7.83106 0 0 0 7.83106 8.88368 0 0 0 8.88368 0 0 0 8.88368 10 0 0 0 10 0 0 0 10 7.56549 0 0 0 7.56549 0 0 0 7.56549 7.73822 0 0 0 7.73822 0 0 0 7.73822 9.06925 0 0 0 9.06925 0 0 0 9.06925 10 0 0 0 10 0 0 0 10 8.78882 0 0 0 8.78882 0 0 0 8.78882 9.21798 0 0 0 9.21798 0 0 0 9.21798 8.01281 0 0 0 8.01281 0 0 0 8.01281 7.5917 0 0 0 7.5917 0 0 0 7.5917 7.39705 0 0 0 7.39705 0 0 0 7.39705 8.20574 0 0 0 8.20574 0 0 0 8.20574 8.00184 0 0 0 8.00184 0 0 0 8.00184 8.80995 0 0 0 8.80995 0 0 0 8.80995 9.88134 0 0 0 9.88134 0 0 0 9.88134 10 0 0 0 10 0 0 0 10 9.57307 0 0 0 9.57307 0 0 0 9.57307 8.91795 0 0 0 8.91795 0 0 0 8.91795 10 0 0 0 10 0 0 0 10 9.0587 0 0 0 9.0587 0 0 0 9.0587 9.70705 0 0 0 9.70705 0 0 0 9.70705 8.92035 0 0 0 8.92035 0 0 0 8.92035 9.99663 0 0 0 9.99663 0 0 0 9.99663 9.11751 0 0 0 9.11751 0 0 0 9.11751 10 0 0 0 10 0 0 0 10 10 0 0 0 10 0 0 0 10 9.27248 0 0 0 9.27248 0 0 0 9.27248 9.6255 0 0 0 9.6255 0 0 0 9.6255 9.32967 0 0 0 9.32967 0 0 0 9.32967 7.95409 0 0 0 7.95409 0 0 0 7.95409 7.9459 0 0 0 7.9459 0 0 0 7.9459 8.70259 0 0 0 8.70259 0 0 0 8.70259 10 0 0 0 10 0 0 0 10 9.43481 0 0 0 9.43481 0 0 0 9.43481 7.86388 0 0 0 7.86388 0 0 0 7.86388 8.81953 0 0 0 8.81953 0 0 0 8.81953 9.67068 0 0 0 9.67068 0 0 0 9.67068 10 0 0 0 10 0 0 0 10 8.03316 0 0 0 8.03316 0 0 0 8.03316 8.72711 0 0 0 8.72711 0 0 0 8.72711 8.37113 0 0 0 8.37113 0 0 0 8.37113 9.43091 0 0 0 9.43091 0 0 0 9.43091 8.71899 0 0 0 8.71899 0 0 0 8.71899 9.22402 0 0 0 9.22402 0 0 0 9.22402 8.20087 0 0 0 8.20087 0 0 0 8.20087 10 0 0 0 10 0 0 0 10 9.62069 0 0 0 9.62069 0 0 0 9.62069 7.89915 0 0 0 7.89915 0 0 0 7.89915 7.55042 0 0 0 7.55042 0 0 0 7.55042 7.91599 0 0 0 7.91599 0 0 0 7.91599 7.85219 0 0 0 7.85219 0 0 0 7.85219 8.44506 0 0 0 8.44506 0 0 0 8.44506 9.53757 0 0 0 9.53757 0 0 0 9.53757 8.52878 0 0 0 8.52878 0 0 0 8.52878 9.2843 0 0 0 9.2843 0 0 0 9.2843 9.05566 0 0 0 9.05566 0 0 0 9.05566 9.47289 0 0 0 9.47289 0 0 0 9.47289 8.73584 0 0 0 8.73584 0 0 0 8.73584 8.70831 0 0 0 8.70831 0 0 0 8.70831 9.1699 0 0 0 9.1699 0 0 0 9.1699 7.88395 0 0 0 7.88395 0 0 0 7.88395 7.83538 0 0 0 7.83538 0 0 0 7.83538 10 0 0 0 10 0 0 0 10 9.16547 0 0 0 9.16547 0 0 0 9.16547 8.7269 0 0 0 8.7269 0 0 0 8.7269 9.87323 0 0 0 9.87323 0 0 0 9.87323 7.9866 0 0 0 7.9866 0 0 0 7.9866 8.99114 0 0 0 8.99114 0 0 0 8.99114 9.39198 0 0 0 9.39198 0 0 0 9.39198 9.35689 0 0 0 9.35689 0 0 0 9.35689 8.56362 0 0 0 8.56362 0 0 0 8.56362 8.68812 0 0 0 8.68812 0 0 0 8.68812 8.65335 0 0 0 8.65335 0 0 0 8.65335 10 0 0 0 10 0 0 0 10 7.81811 0 0 0 7.81811 0 0 0 7.81811 9.19524 0 0 0 9.19524 0 0 0 9.19524 8.87303 0 0 0 8.87303 0 0 0 8.87303 9.22219 0 0 0 9.22219 0 0 0 9.22219 8.52042 0 0 0 8.52042 0 0 0 8.52042 8.86328 0 0 0 8.86328 0 0 0 8.86328 8.56844 0 0 0 8.56844 0 0 0 8.56844 8.80454 0 0 0 8.80454 0 0 0 8.80454 7.9389 0 0 0 7.9389 0 0 0 7.9389 9.48368 0 0 0 9.48368 0 0 0 9.48368 8.50842 0 0 0 8.50842 0 0 0 8.50842 9.30809 0 0 0 9.30809 0 0 0 9.30809 9.73654 0 0 0 9.73654 0 0 0 9.73654 8.75799 0 0 0 8.75799 0 0 0 8.75799 7.94011 0 0 0 7.94011 0 0 0 7.94011 8.78808 0 0 0 8.78808 0 0 0 8.78808 10 0 0 0 10 0 0 0 10 8.19602 0 0 0 8.19602 0 0 0 8.19602 8.02001 0 0 0 8.02001 0 0 0 8.02001 7.98252 0 0 0 7.98252 0 0 0 7.98252 9.67099 0 0 0 9.67099 0 0 0 9.67099 9.86119 0 0 0 9.86119 0 0 0 9.86119 9.31709 0 0 0 9.31709 0 0 0 9.31709 9.30353 0 0 0 9.30353 0 0 0 9.30353 8.86376 0 0 0 8.86376 0 0 0 8.86376 8.08981 0 0 0 8.08981 0 0 0 8.08981 9.48563 0 0 0 9.48563 0 0 0 9.48563 7.54701 0 0 0 7.54701 0 0 0 7.54701 9.65881 0 0 0 9.65881 0 0 0 9.65881 10 0 0 0 10 0 0 0 10 7.71284 0 0 0 7.71284 0 0 0 7.71284 7.87265 0 0 0 7.87265 0 0 0 7.87265 8.71518 0 0 0 8.71518 0 0 0 8.71518 9.98105 0 0 0 9.98105 0 0 0 9.98105 7.17765 0 0 0 7.17765 0 0 0 7.17765 8.03455 0 0 0 8.03455 0 0 0 8.03455 8.97992 0 0 0 8.97992 0 0 0 8.97992 10 0 0 0 10 0 0 0 10 9.48619 0 0 0 9.48619 0 0 0 9.48619 7.59658 0 0 0 7.59658 0 0 0 7.59658 10 0 0 0 10 0 0 0 10 8.79432 0 0 0 8.79432 0 0 0 8.79432 7.99619 0 0 0 7.99619 0 0 0 7.99619 9.50432 0 0 0 9.50432 0 0 0 9.50432 7.91325 0 0 0 7.91325 0 0 0 7.91325 7.57695 0 0 0 7.57695 0 0 0 7.57695 7.94111 0 0 0 7.94111 0 0 0 7.94111 7.58409 0 0 0 7.58409 0 0 0 7.58409 10 0 0 0 10 0 0 0 10 9.98538 0 0 0 9.98538 0 0 0 9.98538 8.47373 0 0 0 8.47373 0 0 0 8.47373 8.63104 0 0 0 8.63104 0 0 0 8.63104 7.38922 0 0 0 7.38922 0 0 0 7.38922 9.73694 0 0 0 9.73694 0 0 0 9.73694 8.60441 0 0 0 8.60441 0 0 0 8.60441 7.15049 0 0 0 7.15049 0 0 0 7.15049 10 0 0 0 10 0 0 0 10 7.91527 0 0 0 7.91527 0 0 0 7.91527 10 0 0 0 10 0 0 0 10 10 0 0 0 10 0 0 0 10 9.99903 0 0 0 9.99903 0 0 0 9.99903 8.26026 0 0 0 8.26026 0 0 0 8.26026 8.14318 0 0 0 8.14318 0 0 0 8.14318 8.00853 0 0 0 8.00853 0 0 0 8.00853 8.52549 0 0 0 8.52549 0 0 0 8.52549 8.91845 0 0 0 8.91845 0 0 0 8.91845 9.60291 0 0 0 9.60291 0 0 0 9.60291 7.79638 0 0 0 7.79638 0 0 0 7.79638 8.79161 0 0 0 8.79161 0 0 0 8.79161 8.2652 0 0 0 8.2652 0 0 0 8.2652 8.05193 0 0 0 8.05193 0 0 0 8.05193 7.97158 0 0 0 7.97158 0 0 0 7.97158 8.06052 0 0 0 8.06052 0 0 0 8.06052 8.48686 0 0 0 8.48686 0 0 0 8.48686 7.54664 0 0 0 7.54664 0 0 0 7.54664 8.0337 0 0 0 8.0337 0 0 0 8.0337 8.6027 0 0 0 8.6027 0 0 0 8.6027 8.74267 0 0 0 8.74267 0 0 0 8.74267 9.76332 0 0 0 9.76332 0 0 0 9.76332 8.80378 0 0 0 8.80378 0 0 0 8.80378 8.05902 0 0 0 8.05902 0 0 0 8.05902 8.04308 0 0 0 8.04308 0 0 0 8.04308 10 0 0 0 10 0 0 0 10 7.84496 0 0 0 7.84496 0 0 0 7.84496 10 0 0 0 10 0 0 0 10 10 0 0 0 10 0 0 0 10 10 0 0 0 10 0 0 0 10 9.84339 0 0 0 9.84339 0 0 0 9.84339 9.18755 0 0 0 9.18755 0 0 0 9.18755 7.88243 0 0 0 7.88243 0 0 0 7.88243 7.95282 0 0 0 7.95282 0 0 0 7.95282 8.22653 0 0 0 8.22653 0 0 0 8.22653 8.56907 0 0 0 8.56907 0 0 0 8.56907 7.32185 0 0 0 7.32185 0 0 0 7.32185 7.96852 0 0 0 7.96852 0 0 0 7.96852 9.91644 0 0 0 9.91644 0 0 0 9.91644 8.48195 0 0 0 8.48195 0 0 0 8.48195 9.10389 0 0 0 9.10389 0 0 0 9.10389 7.81731 0 0 0 7.81731 0 0 0 7.81731 8.73663 0 0 0 8.73663 0 0 0 8.73663 8.54138 0 0 0 8.54138 0 0 0 8.54138 7.83842 0 0 0 7.83842 0 0 0 7.83842 10 0 0 0 10 0 0 0 10 9.83315 0 0 0 9.83315 0 0 0 9.83315 10 0 0 0 10 0 0 0 10 8.01334 0 0 0 8.01334 0 0 0 8.01334 8.13541 0 0 0 8.13541 0 0 0 8.13541 10 0 0 0 10 0 0 0 10 8.01655 0 0 0 8.01655 0 0 0 8.01655 7.79678 0 0 0 7.79678 0 0 0 7.79678 7.55098 0 0 0 7.55098 0 0 0 7.55098 7.25124 0 0 0 7.25124 0 0 0 7.25124 7.81921 0 0 0 7.81921 0 0 0 7.81921 9.11787 0 0 0 9.11787 0 0 0 9.11787 7.95914 0 0 0 7.95914 0 0 0 7.95914 9.56271 0 0 0 9.56271 0 0 0 9.56271 8.21408 0 0 0 8.21408 0 0 0 8.21408 9.96951 0 0 0 9.96951 0 0 0 9.96951 10 0 0 0 10 0 0 0 10 8.00851 0 0 0 8.00851 0 0 0 8.00851 7.91383 0 0 0 7.91383 0 0 0 7.91383 9.53396 0 0 0 9.53396 0 0 0 9.53396 8.90143 0 0 0 8.90143 0 0 0 8.90143 7.96389 0 0 0 7.96389 0 0 0 7.96389 9.23623 0 0 0 9.23623 0 0 0 9.23623 8.24137 0 0 0 8.24137 0 0 0 8.24137 9.863 0 0 0 9.863 0 0 0 9.863 9.79452 0 0 0 9.79452 0 0 0 9.79452 9.7077 0 0 0 9.7077 0 0 0 9.7077 9.85462 0 0 0 9.85462 0 0 0 9.85462 7.91448 0 0 0 7.91448 0 0 0 7.91448 7.91648 0 0 0 7.91648 0 0 0 7.91648 9.59535 0 0 0 9.59535 0 0 0 9.59535 9.68589 0 0 0 9.68589 0 0 0 9.68589 8.88794 0 0 0 8.88794 0 0 0 8.88794 10 0 0 0 10 0 0 0 10 8.48896 0 0 0 8.48896 0 0 0 8.48896 10 0 0 0 10 0 0 0 10 8.36705 0 0 0 8.36705 0 0 0 8.36705 7.8922 0 0 0 7.8922 0 0 0 7.8922 9.74034 0 0 0 9.74034 0 0 0 9.74034 9.19378 0 0 0 9.19378 0 0 0 9.19378 7.87255 0 0 0 7.87255 0 0 0 7.87255 9.83446 0 0 0 9.83446 0 0 0 9.83446 9.07922 0 0 0 9.07922 0 0 0 9.07922
        </DataArray>
      </PointData>
      <Cells>
        <DataArray type="Int32" Name="offsets" NumberOfComponents="1" format="ascii">
 5531
        </DataArray>
        <DataArray type="Int32" Name="connectivity" NumberOfComponents="1" format="ascii">
 0 1 2 3 4 5 6 7 8 9 10 11 12 13 14 15 16 17 18 19 20 21 22 23 24 25 26 27 28 29 30 31 32 33 34 35 36 37 38 39 40 41 42 43 44 45 46 47 48 49 50 51 52 53 54 55 56 57 58 59 60 61 62 63 64 65 66 67 68 69 70 71 72 73 74 75 76 77 78 79 80 81 82 83 84 85 86 87 88 89 90 91 92 93 94 95 96 97 98 99 100 101 102 103 104 105 106 107 108 109 110 111 112 113 114 115 116 117 118 119 120 121 122 123 124 125 126 127 128 129 130 131 132 133 134 135 136 137 138 139 140 141 142 143 144 145 146 147 148 149 150 151 152 153 154 155 156 157 158 159 160 161 162 163 164 165 166 167 168 169 170 171 172 173 174 175 176 177 178 179 180 181 182 183 184 185 186 187 188 189 190 191 192 193 194 195 196 197 198 199 200 201 202 203 204 205 206 207 208 209 210 211 212 213 214 215 216 217 218 219 220 221 222 223 224 225 226 227 228 229 230 231 232 233 234 235 236 237 238 239 240 241 242 243 244 245 246 247 248 249 250 251 252 253 254 255 256 257 258 259 260 261 262 263 264 265 266 267 268 269 270 271 272 273 274 275 276 277 278 279 280 281 282 283 284 285 286 287 288 289 290 291 292 293 294 295 296 297 298 299 300 301 302 303 304 305 306 307 308 309 310 311 312 313 314 315 316 317 318 319 320 321 322 323 324 325 326 327 328 329 330 331 332 333 334 335 336 337 338 339 340 341 342 343 344 345 346 347 348 349 350 351 352 353 354 355 356 357 358 359 360 361 362 363 364 365 366 367 368 369 370 371 372 373 374 375 376 377 378 379 380 381 382 383 384 385 386 387 388 389 390 391 392 393 394 395 396 397 398 399 400 401 402 403 404 405 406 407 408 409 410 411 412 413 414 415 416 417 418 419 420 421 422 423 424 425 426 427 428 429 430 431 432 433 434 435 436 437 438 439 440 441 442 443 444 445 446 447 448 449 450 451 452 453 454 455 456 457 458 459 460 461 462 463 464 465 466 467 468 469 470 471 472 473 474 475 476 477 478 479 480 481 482 483 484 485 486 487 488 489 490 491 492 493 494 495 496 497 498 499 500 501 502 503 504 505 506 507 508 509 510 511 512 513 514 515 516 517 518 519 520 521 522 523 524 525 526 527 528 529 530 531 532 533 534 535 536 537 538 539 540 541 542 543 544 545 546 547 548 549 550 551 552 553 554 555 556 557 558 559 560 561 562 563 564 565 566 567 568 569 570 571 572 573 574 575 576 577 578 579 580 581 582 583 584 585 586 587 588 589 590 591 592 593 594 595 596 597 598 599 600 601 602 603 604 605 606 607 608 609 610 611 612 613 614 615 616 617 618 619 620 621 622 623 624 625 626 627 628 629 630 631 632 633 634 635 636 637 638 639 640 641 642 643 644 645 646 647 648 649 650 651 652 653 654 655 656 657 658 659 660 661 662 663 664 665 666 667 668 669 670 671 672 673 674 675 676 677 678 679 680 681 682 683 684 685 686 687 688 689 690 691 692 693 694 695 696 697 698 699 700 701 702 703 704 705 706 707 708 709 710 711 712 713 714 715 716 717 718 719 720 721 722 723 724 725 726 727 728 729 730 731 732 733 734 735 736 737 738 739 740 741 742 743 744 745 746 747 748 749 750 751 752 753 754 755 756 757 758 759 760 761 762 763 764 765 766 767 768 769 770 771 772 773 774 775 776 777 778 779 780 781 782 783 784 785 786 787 788 789 790 791 792 793 794 795 796 797 798 799 800 801 802 803 804 805 806 807 808 809 810 811 812 813 814 815 816 817 818 819 820 821 822 823 824 825 826 827 828 829 830 831 832 833 834 835 836 837 838 839 840 841 842 843 844 845 846 847 848 849 850 851 852 853 854 855 856 857 858 859 860 861 862 863 864 865 866 867 868 869 870 871 872 873 874 875 876 877 878 879 880 881 882 883 884 885 886 887 888 889 890 891 892 893 894 895 896 897 898 899 900 901 902 903 904 905 906 907 908 909 910 911 912 913 914 915 916 917 918 919 920 921 922 923 924 925 926 927 928 929 930 931 932 933 934 935 936 937 938 939 940 941 942 943 944 945 946 947 948 949 950 951 952 953 954 955 956 957 958 959 960 961 962 963 964 965 966 967 968 969 970 971 972 973 974 975 976 977 978 979 980 981 982 983 984 985 986 987 988 989 990 991 992 993 994 995 996 997 998 999 1000 1001 1002 1003 1004 1005 1006 1007 1008 1009 1010 1011 1012 1013 1014 1015 1016 1017 1018 1019 1020 1021 1022 1023 1024 1025 1026 1027 1028 1029 1030 1031 1032 1033 1034 1035 1036 1037 1038 1039 1040 1041 1042 1043 1044 1045 1046 1047 1048 1049 1050 1051 1052 1053 1054 1055 1056 1057 1058 1059 1060 1061 1062 1063 1064 1065 1066 1067 1068 1069 1070 1071 1072 1073 1074 1075 1076 1077 1078 1079 1080 1081 1082 1083 1084 1085 1086 1087 1088 1089 1090 1091 1092 1093 1094 1095 1096 1097 1098 1099 1100 1101 1102 1103 1104 1105 1106 1107 1108 1109 1110 1111 1112 1113 1114 1115 1116 1117 1118 1119 1120 1121 1122 1123 1124 1125 1126 1127 1128 1129 1130 1131 1132 1133 1134 1135 1136 1137 1138 1139 1140 1141 1142 1143 1144 1145 1146 1147 1148 1149 1150 1151 1152 1153 1154 1155 1156 1157 1158 1159 1160 1161 1162 1163 1164 1165 1166 1167 1168 1169 1170 1171 1172 1173 1174 1175 1176 1177 1178 1179 1180 1181 1182 1183 1184 1185 1186 1187 1188 1189 1190 1191 1192 1193 1194 1195 1196 1197 1198 1199 1200 1201 1202 1203 1204 1205 1206 1207 1208 1209 1210 1211 1212 1213 1214 1215 1216 1217 1218 1219 1220 1221 1222 1223 1224 1225 1226 1227 1228 1229 1230 1231 1232 1233 1234 1235 1236 1237 1238 1239 1240 1241 1242 1243 1244 1245 1246 1247 1248 1249 1250 1251 1252 1253 1254 1255 1256 1257 1258 1259 1260 1261 1262 1263 1264 1265 1266 1267 1268 1269 1270 1271 1272 1273 1274 1275 1276 1277 1278 1279 1280 1281 1282 1283 1284 1285 1286 1287 1288 1289 1290 1291 1292 1293 1294 1295 1296 1297 1298 1299 1300 1301 1302 1303 1304 1305 1306 1307 1308 1309 1310 1311 1312 1313 1314 1315 1316 1317 1318 1319 1320 1321 1322 1323 1324 1325 1326 1327 1328 1329 1330 1331 1332 1333 1334 1335 1336 1337 1338 1339 1340 1341 1342 1343 1344 1345 1346 1347 1348 1349 1350 1351 1352 1353 1354 1355 1356 1357 1358 1359 1360 1361 1362 1363 1364 1365 1366 1367 1368 1369 1370 1371 1372 1373 1374 1375 1376 1377 1378 1379 1380 1381 1382 1383 1384 1385 1386 1387 1388 1389 1390 1391 1392 1393 1394 1395 1396 1397 1398 1399 1400 1401 1402 1403 1404 1405 1406 1407 1408 1409 1410 1411 1412 1413 1414 1415 1416 1417 1418 1419 1420 1421 1422 1423 1424 1425 1426 1427 1428 1429 1430 1431 1432 1433 1434 1435 1436 1437 1438 1439 1440 1441 1442 1443 1444 1445 1446 1447 1448 1449 1450 1451 1452 1453 1454 1455 1456 1457 1458 1459 1460 1461 1462 1463 1464 1465 1466 1467 1468 1469 1470 1471 1472 1473 1474 1475 1476 1477 1478 1479 1480 1481 1482 1483 1484 1485 1486 1487 1488 1489 1490 1491 1492 1493 1494 1495 1496 1497 1498 1499 1500 1501 1502 1503 1504 1505 1506 1507 1508 1509 1510 1511 1512 1513 1514 1515 1516 1517 1518 1519 1520 1521 1522 1523 1524 1525 1526 1527 1528 1529 1530 1531 1532 1533 1534 1535 1536 1537 1538 1539 1540 1541 1542 1543 1544 1545 1546 1547 1548 1549 1550 1551 1552 1553 1554 1555 1556 1557 1558 1559 1560 1561 1562 1563 1564 1565 1566 1567 1568 1569 1570 1571 1572 1573 1574 1575 1576 1577 1578 1579 1580 1581 1582 1583 1584 1585 1586 1587 1588 1589 1590 1591 1592 1593 1594 1595 1596 1597 1598 1599 1600 1601 1602 1603 1604 1605 1606 1607 1608 1609 1610 1611 1612 1613 1614 1615 1616 1617 1618 1619 1620 1621 1622 1623 1624 1625 1626 1627 1628 1629 1630 1631 1632 1633 1634 1635 1636 1637 1638 1639 1640 1641 1642 1643 1644 1645 1646 1647 1648 1649 1650 1651 1652 1653 1654 1655 1656 1657 1658 1659 1660 1661 1662 1663 1664 1665 1666 1667 1668 1669 1670 1671 1672 1673 1674 1675 1676 1677 1678 1679 1680 1681 1682 1683 1684 1685 1686 1687 1688 1689 1690 1691 1692 1693 1694 1695 1696 1697 1698 1699 1700 1701 1702 1703 1704 1705 1706 1707 1708 1709 1710 1711 1712 1713 1714 1715 1716 1717 1718 1719 1720 1721 1722 1723 1724 1725 1726 1727 1728 1729 1730 1731 1732 1733 1734 1735 1736 1737 1738 1739 1740 1741 1742 1743 1744 1745 1746 1747 1748 1749 1750 1751 1752 1753 1754 1755 1756 1757 1758 1759 1760 1761 1762 1763 1764 1765 1766 1767 1768 1769 1770 1771 1772 1773 1774 1775 1776 1777 1778 1779 1780 1781 1782 1783 1784 1785 1786 1787 1788 1789 1790 1791 1792 1793 1794 1795 1796 1797 1798 1799 1800 1801 1802 1803 1804 1805 1806 1807 1808 1809 1810 1811 1812 1813 1814 1815 1816 1817 1818 1819 1820 1821 1822 1823 1824 1825 1826 1827 1828 1829 1830 1831 1832 1833 1834 1835 1836 1837 1838 1839 1840 1841 1842 1843 1844 1845 1846 1847 1848 1849 1850 1851 1852 1853 1854 1855 1856 1857 1858 1859 1860 1861 1862 1863 1864 1865 1866 1867 1868 1869 1870 1871 1872 1873 1874 1875 1876 1877 1878 1879 1880 1881 1882 1883 1884 1885 1886 1887 1888 1889 1890 1891 1892 1893 1894 1895 1896 1897 1898 1899 1900 1901 1902 1903 1904 1905 1906 1907 1908 1909 1910 1911 1912 1913 1914 1915 1916 1917 1918 1919 1920 1921 1922 1923 1924 1925 1926 1927 1928 1929 1930 1931 1932 1933 1934 1935 1936 1937 1938 1939 1940 1941 1942 1943 1944 1945 1946 1947 1948 1949 1950 1951 1952 1953 1954 1955 1956 1957 1958 1959 1960 1961 1962 1963 1964 1965 1966 1967 1968 1969 1970 1971 1972 1973 1974 1975 1976 1977 1978 1979 1980 1981 1982 1983 1984 1985 1986 1987 1988 1989 1990 1991 1992 1993 1994 1995 1996 1997 1998 1999 2000 2001 2002 2003 2004 2005 2006 2007 2008 2009 2010 2011 2012 2013 2014 2015 2016 2017 2018 2019 2020 2021 2022 2023 2024 2025 2026 2027 2028 2029 2030 2031 2032 2033 2034 2035 2036 2037 2038 2039 2040 2041 2042 2043 2044 2045 2046 2047 2048 2049 2050 2051 2052 2053 2054 2055 2056 2057 2058 2059 2060 2061 2062 2063 2064 2065 2066 2067 2068 2069 2070 2071 2072 2073 2074 2075 2076 2077 2078 2079 2080 2081 2082 2083 2084 2085 2086 2087 2088 2089 2090 2091 2092 2093 2094 2095 2096 2097 2098 2099 2100 2101 2102 2103 2104 2105 2106 2107 2108 2109 2110 2111 2112 2113 2114 2115 2116 2117 2118 2119 2120 2121 2122 2123 2124 2125 2126 2127 2128 2129 2130 2131 2132 2133 2134 2135 2136 2137 2138 2139 2140 2141 2142 2143 2144 2145 2146 2147 2148 2149 2150 2151 2152 2153 2154 2155 2156 2157 2158 2159 2160 2161 2162 2163 2164 2165 2166 2167 2168 2169 2170 2171 2172 2173 2174 2175 2176 2177 2178 2179 2180 2181 2182 2183 2184 2185 2186 2187 2188 2189 2190 2191 2192 2193 2194 2195 2196 2197 2198 2199 2200 2201 2202 2203 2204 2205 2206 2207 2208 2209 2210 2211 2212 2213 2214 2215 2216 2217 2218 2219 2220 2221 2222 2223 2224 2225 2226 2227 2228 2229 2230 2231 2232 2233 2234 2235 2236 2237 2238 2239 2240 2241 2242 2243 2244 2245 2246 2247 2248 2249 2250 2251 2252 2253 2254 2255 2256 2257 2258 2259 2260 2261 2262 2263 2264 2265 2266 2267 2268 2269 2270 2271 2272 2273 2274 2275 2276 2277 2278 2279 2280 2281 2282 2283 2284 2285 2286 2287 2288 2289 2290 2291 2292 2293 2294 2295 2296 2297 2298 2299 2300 2301 2302 2303 2304 2305 2306 2307 2308 2309 2310 2311 2312 2313 2314 2315 2316 2317 2318 2319 2320 2321 2322 2323 2324 2325 2326 2327 2328 2329 2330 2331 2332 2333 2334 2335 2336 2337 2338 2339 2340 2341 2342 2343 2344 2345 2346 2347 2348 2349 2350 2351 2352 2353 2354 2355 2356 2357 2358 2359 2360 2361 2362 2363 2364 2365 2366 2367 2368 2369 2370 2371 2372 2373 2374 2375 2376 2377 2378 2379 2380 2381 2382 2383 2384 2385 2386 2387 2388 2389 2390 2391 2392 2393 2394 2395 2396 2397 2398 2399 2400 2401 2402 2403 2404 2405 2406 2407 2408 2409 2410 2411 2412 2413 2414 2415 2416 2417 2418 2419 2420 2421 2422 2423 2424 2425 2426 2427 2428 2429 2430 2431 2432 2433 2434 2435 2436 2437 2438 2439 2440 2441 2442 2443 2444 2445 2446 2447 2448 2449 2450 2451 2452 2453 2454 2455 2456 2457 2458 2459 2460 2461 2462 2463 2464 2465 2466 2467 2468 2469 2470 2471 2472 2473 2474 2475 2476 2477 2478 2479 2480 2481 2482 2483 2484 2485 2486 2487 2488 2489 2490 2491 2492 2493 2494 2495 2496 2497 2498 2499 2500 2501 2502 2503 2504 2505 2506 2507 2508 2509 2510 2511 2512 2513 2514 2515 2516 2517 2518 2519 2520 2521 2522 2523 2524 2525 2526 2527 2528 2529 2530 2531 2532 2533 2534 2535 2536 2537 2538 2539 2540 2541 2542 2543 2544 2545 2546 2547 2548 2549 2550 2551 2552 2553 2554 2555 2556 2557 2558 2559 2560 2561 2562 2563 2564 2565 2566 2567 2568 2569 2570 2571 2572 2573 2574 2575 2576 2577 2578 2579 2580 2581 2582 2583 2584 2585 2586 2587 2588 2589 2590 2591 2592 2593 2594 2595 2596 2597 2598 2599 2600 2601 2602 2603 2604 2605 2606 2607 2608 2609 2610 2611 2612 2613 2614 2615 2616 2617 2618 2619 2620 2621 2622 2623 2624 2625 2626 2627 2628 2629 2630 2631 2632 2633 2634 2635 2636 2637 2638 2639 2640 2641 2642 2643 2644 2645 2646 2647 2648 2649 2650 2651 2652 2653 2654 2655 2656 2657 2658 2659 2660 2661 2662 2663 2664 2665 2666 2667 2668 2669 2670 2671 2672 2673 2674 2675 2676 2677 2678 2679 2680 2681 2682 2683 2684 2685 2686 2687 2688 2689 2690 2691 2692 2693 2694 2695 2696 2697 2698 2699 2700 2701 2702 2703 2704 2705 2706 2707 2708 2709 2710 2711 2712 2713 2714 2715 2716 2717 2718 2719 2720 2721 2722 2723 2724 2725 2726 2727 2728 2729 2730 2731 2732 2733 2734 2735 2736 2737 2738 2739 2740 2741 2742 2743 2744 2745 2746 2747 2748 2749 2750 2751 2752 2753 2754 2755 2756 2757 2758 2759 2760 2761 2762 2763 2764 2765 2766 2767 2768 2769 2770 2771 2772 2773 2774 2775 2776 2777 2778 2779 2780 2781 2782 2783 2784 2785 2786 2787 2788 2789 2790 2791 2792 2793 2794 2795 2796 2797 2798 2799 2800 2801 2802 2803 2804 2805 2806 2807 2808 2809 2810 2811 2812 2813 2814 2815 2816 2817 2818 2819 2820 2821 2822 2823 2824 2825 2826 2827 2828 2829 2830 2831 2832 2833 2834 2835 2836 2837 2838 2839 2840 2841 2842 2843 2844 2845 2846 2847 2848 2849 2850 2851 2852 2853 2854 2855 2856 2857 2858 2859 2860 2861 2862 2863 2864 2865 2866 2867 2868 2869 2870 2871 2872 2873 2874 2875 2876 2877 2878 2879 2880 2881 2882 2883 2884 2885 2886 2887 2888 2889 2890 2891 2892 2893 2894 2895 2896 2897 2898 2899 2900 2901 2902 2903 2904 2905 2906 2907 2908 2909 2910 2911 2912 2913 2914 2915 2916 2917 2918 2919 2920 2921 2922 2923 2924 2925 2926 2927 2928 2929 2930 2931 2932 2933 2934 2935 2936 2937 2938 2939 2940 2941 2942 2943 2944 2945 2946 2947 2948 2949 2950 2951 2952 2953 2954 2955 2956 2957 2958 2959 2960 2961 2962 2963 2964 2965 2966 2967 2968 2969 2970 2971 2972 2973 2974 2975 2976 2977 2978 2979 2980 2981 2982 2983 2984 2985 2986 2987 2988 2989 2990 2991 2992 2993 2994 2995 2996 2997 2998 2999 3000 3001 3002 3003 3004 3005 3006 3007 3008 3009 3010 3011 3012 3013 3014 3015 3016 3017 3018 3019 3020 3021 3022 3023 3024 3025 3026 3027 3028 3029 3030 3031 3032 3033 3034 3035 3036 3037 3038 3039 3040 3041 3042 3043 3044 3045 3046 3047 3048 3049 3050 3051 3052 3053 3054 3055 3056 3057 3058 3059 3060 3061 3062 3063 3064 3065 3066 3067 3068 3069 3070 3071 3072 3073 3074 3075 3076 3077 3078 3079 3080 3081 3082 3083 3084 3085 3086 3087 3088 3089 3090 3091 3092 3093 3094 3095 3096 3097 3098 3099 3100 3101 3102 3103 3104 3105 3106 3107 3108 3109 3110 3111 3112 3113 3114 3115 3116 3117 3118 3119 3120 3121 3122 3123 3124 3125 3126 3127 3128 3129 3130 3131 3132 3133 3134 3135 3136 3137 3138 3139 3140 3141 3142 3143 3144 3145 3146 3147 3148 3149 3150 3151 3152 3153 3154 3155 3156 3157 3158 3159 3160 3161 3162 3163 3164 3165 3166 3167 3168 3169 3170 3171 3172 3173 3174 3175 3176 3177 3178 3179 3180 3181 3182 3183 3184 3185 3186 3187 3188 3189 3190 3191 3192 3193 3194 3195 3196 3197 3198 3199 3200 3201 3202 3203 3204 3205 3206 3207 3208 3209 3210 3211 3212 3213 3214 3215 3216 3217 3218 3219 3220 3221 3222 3223 3224 3225 3226 3227 3228 3229 3230 3231 3232 3233 3234 3235 3236 3237 3238 3239 3240 3241 3242 3243 3244 3245 3246 3247 3248 3249 3250 3251 3252 3253 3254 3255 3256 3257 3258 3259 3260 3261 3262 3263 3264 3265 3266 3267 3268 3269 3270 3271 3272 3273 3274 3275 3276 3277 3278 3279 3280 3281 3282 3283 3284 3285 3286 3287 3288 3289 3290 3291 3292 3293 3294 3295 3296 3297 3298 3299 3300 3301 3302 3303 3304 3305 3306 3307 3308 3309 3310 3311 3312 3313 3314 3315 3316 3317 3318 3319 3320 3321 3322 3323 3324 3325 3326 3327 3328 3329 3330 3331 3332 3333 3334 3335 3336 3337 3338 3339 3340 3341 3342 3343 3344 3345 3346 3347 3348 3349 3350 3351 3352 3353 3354 3355 3356 3357 3358 3359 3360 3361 3362 3363 3364 3365 3366 3367 3368 3369 3370 3371 3372 3373 3374 3375 3376 3377 3378 3379 3380 3381 3382 3383 3384 3385 3386 3387 3388 3389 3390 3391 3392 3393 3394 3395 3396 3397 3398 3399 3400 3401 3402 3403 3404 3405 3406 3407 3408 3409 3410 3411 3412 3413 3414 3415 3416 3417 3418 3419 3420 3421 3422 3423 3424 3425 3426 3427 3428 3429 3430 3431 3432 3433 3434 3435 3436 3437 3438 3439 3440 3441 3442 3443 3444 3445 3446 3447 3448 3449 3450 3451 3452 3453 3454 3455 3456 3457 3458 3459 3460 3461 3462 3463 3464 3465 3466 3467 3468 3469 3470 3471 3472 3473 3474 3475 3476 3477 3478 3479 3480 3481 3482 3483 3484 3485 3486 3487 3488 3489 3490 3491 3492 3493 3494 3495 3496 3497 3498 3499 3500 3501 3502 3503 3504 3505 3506 3507 3508 3509 3510 3511 3512 3513 3514 3515 3516 3517 3518 3519 3520 3521 3522 3523 3524 3525 3526 3527 3528 3529 3530 3531 3532 3533 3534 3535 3536 3537 3538 3539 3540 3541 3542 3543 3544 3545 3546 3547 3548 3549 3550 3551 3552 3553 3554 3555 3556 3557 3558 3559 3560 3561 3562 3563 3564 3565 3566 3567 3568 3569 3570 3571 3572 3573 3574 3575 3576 3577 3578 3579 3580 3581 3582 3583 3584 3585 3586 3587 3588 3589 3590 3591 3592 3593 3594 3595 3596 3597 3598 3599 3600 3601 3602 3603 3604 3605 3606 3607 3608 3609 3610 3611 3612 3613 3614 3615 3616 3617 3618 3619 3620 3621 3622 3623 3624 3625 3626 3627 3628 3629 3630 3631 3632 3633 3634 3635 3636 3637 3638 3639 3640 3641 3642 3643 3644 3645 3646 3647 3648 3649 3650 3651 3652 3653 3654 3655 3656 3657 3658 3659 3660 3661 3662 3663 3664 3665 3666 3667 3668 3669 3670 3671 3672 3673 3674 3675 3676 3677 3678 3679 3680 3681 3682 3683 3684 3685 3686 3687 3688 3689 3690 3691 3692 3693 3694 3695 3696 3697 3698 3699 3700 3701 3702 3703 3704 3705 3706 3707 3708 3709 3710 3711 3712 3713 3714 3715 3716 3717 3718 3719 3720 3721 3722 3723 3724 3725 3726 3727 3728 3729 3730 3731 3732 3733 3734 3735 3736 3737 3738 3739 3740 3741 3742 3743 3744 3745 3746 3747 3748 3749 3750 3751 3752 3753 3754 3755 3756 3757 3758 3759 3760 3761 3762 3763 3764 3765 3766 3767 3768 3769 3770 3771 3772 3773 3774 3775 3776 3777 3778 3779 3780 3781 3782 3783 3784 3785 3786 3787 3788 3789 3790 3791 3792 3793 3794 3795 3796 3797 3798 3799 3800 3801 3802 3803 3804 3805 3806 3807 3808 3809 3810 3811 3812 3813 3814 3815 3816 3817 3818 3819 3820 3821 3822 3823 3824 3825 3826 3827 3828 3829 3830 3831 3832 3833 3834 3835 3836 3837 3838 3839 3840 3841 3842 3843 3844 3845 3846 3847 3848 3849 3850 3851 3852 3853 3854 3855 3856 3857 3858 3859 3860 3861 3862 3863 3864 3865 3866 3867 3868 3869 3870 3871 3872 3873 3874 3875 3876 3877 3878 3879 3880 3881 3882 3883 3884 3885 3886 3887 3888 3889 3890 3891 3892 3893 3894 3895 3896 3897 3898 3899 3900 3901 3902 3903 3904 3905 3906 3907 3908 3909 3910 3911 3912 3913 3914 3915 3916 3917 3918 3919 3920 3921 3922 3923 3924 3925 3926 3927 3928 3929 3930 3931 3932 3933 3934 3935 3936 3937 3938 3939 3940 3941 3942 3943 3944 3945 3946 3947 3948 3949 3950 3951 3952 3953 3954 3955 3956 3957 3958 3959 3960 3961 3962 3963 3964 3965 3966 3967 3968 3969 3970 3971 3972 3973 3974 3975 3976 3977 3978 3979 3980 3981 3982 3983 3984 3985 3986 3987 3988 3989 3990 3991 3992 3993 3994 3995 3996 3997 3998 3999 4000 4001 4002 4003 4004 4005 4006 4007 4008 4009 4010 4011 4012 4013 4014 4015 4016 4017 4018 4019 4020 4021 4022 4023 4024 4025 4026 4027 4028 4029 4030 4031 4032 4033 4034 4035 4036 4037 4038 4039 4040 4041 4042 4043 4044 4045 4046 4047 4048 4049 4050 4051 4052 4053 4054 4055 4056 4057 4058 4059 4060 4061 4062 4063 4064 4065 4066 4067 4068 4069 4070 4071 4072 4073 4074 4075 4076 4077 4078 4079 4080 4081 4082 4083 4084 4085 4086 4087 4088 4089 4090 4091 4092 4093 4094 4095 4096 4097 4098 4099 4100 4101 4102 4103 4104 4105 4106 4107 4108 4109 4110 4111 4112 4113 4114 4115 4116 4117 4118 4119 4120 4121 4122 4123 4124 4125 4126 4127 4128 4129 4130 4131 4132 4133 4134 4135 4136 4137 4138 4139 4140 4141 4142 4143 4144 4145 4146 4147 4148 4149 4150 4151 4152 4153 4154 4155 4156 4157 4158 4159 4160 4161 4162 4163 4164 4165 4166 4167 4168 4169 4170 4171 4172 4173 4174 4175 4176 4177 4178 4179 4180 4181 4182 4183 4184 4185 4186 4187 4188 4189 4190 4191 4192 4193 4194 4195 4196 4197 4198 4199 4200 4201 4202 4203 4204 4205 4206 4207 4208 4209 4210 4211 4212 4213 4214 4215 4216 4217 4218 4219 4220 4221 4222 4223 4224 4225 4226 4227 4228 4229 4230 4231 4232 4233 4234 4235 4236 4237 4238 4239 4240 4241 4242 4243 4244 4245 4246 4247 4248 4249 4250 4251 4252 4253 4254 4255 4256 4257 4258 4259 4260 4261 4262 4263 4264 4265 4266 4267 4268 4269 4270 4271 4272 4273 4274 4275 4276 4277 4278 4279 4280 4281 4282 4283 4284 4285 4286 4287 4288 4289 4290 4291 4292 4293 4294 4295 4296 4297 4298 4299 4300 4301 4302 4303 4304 4305 4306 4307 4308 4309 4310 4311 4312 4313 4314 4315 4316 4317 4318 4319 4320 4321 4322 4323 4324 4325 4326 4327 4328 4329 4330 4331 4332 4333 4334 4335 4336 4337 4338 4339 4340 4341 4342 4343 4344 4345 4346 4347 4348 4349 4350 4351 4352 4353 4354 4355 4356 4357 4358 4359 4360 4361 4362 4363 4364 4365 4366 4367 4368 4369 4370 4371 4372 4373 4374 4375 4376 4377 4378 4379 4380 4381 4382 4383 4384 4385 4386 4387 4388 4389 4390 4391 4392 4393 4394 4395 4396 4397 4398 4399 4400 4401 4402 4403 4404 4405 4406 4407 4408 4409 4410 4411 4412 4413 4414 4415 4416 4417 4418 4419 4420 4421 4422 4423 4424 4425 4426 4427 4428 4429 4430 4431 4432 4433 4434 4435 4436 4437 4438 4439 4440 4441 4442 4443 4444 4445 4446 4447 4448 4449 4450 4451 4452 4453 4454 4455 4456 4457 4458 4459 4460 4461 4462 4463 4464 4465 4466 4467 4468 4469 4470 4471 4472 4473 4474 4475 4476 4477 4478 4479 4480 4481 4482 4483 4484 4485 4486 4487 4488 4489 4490 4491 4492 4493 4494 4495 4496 4497 4498 4499 4500 4501 4502 4503 4504 4505 4506 4507 4508 4509 4510 4511 4512 4513 4514 4515 4516 4517 4518 4519 4520 4521 4522 4523 4524 4525 4526 4527 4528 4529 4530 4531 4532 4533 4534 4535 4536 4537 4538 4539 4540 4541 4542 4543 4544 4545 4546 4547 4548 4549 4550 4551 4552 4553 4554 4555 4556 4557 4558 4559 4560 4561 4562 4563 4564 4565 4566 4567 4568 4569 4570 4571 4572 4573 4574 4575 4576 4577 4578 4579 4580 4581 4582 4583 4584 4585 4586 4587 4588 4589 4590 4591 4592 4593 4594 4595 4596 4597 4598 4599 4600 4601 4602 4603 4604 4605 4606 4607 4608 4609 4610 4611 4612 4613 4614 4615 4616 4617 4618 4619 4620 4621 4622 4623 4624 4625 4626 4627 4628 4629 4630 4631 4632 4633 4634 4635 4636 4637 4638 4639 4640 4641 4642 4643 4644 4645 4646 4647 4648 4649 4650 4651 4652 4653 4654 4655 4656 4657 4658 4659 4660 4661 4662 4663 4664 4665 4666 4667 4668 4669 4670 4671 4672 4673 4674 4675 4676 4677 4678 4679 4680 4681 4682 4683 4684 4685 4686 4687 4688 4689 4690 4691 4692 4693 4694 4695 4696 4697 4698 4699 4700 4701 4702 4703 4704 4705 4706 4707 4708 4709 4710 4711 4712 4713 4714 4715 4716 4717 4718 4719 4720 4721 4722 4723 4724 4725 4726 4727 4728 4729 4730 4731 4732 4733 4734 4735 4736 4737 4738 4739 4740 4741 4742 4743 4744 4745 4746 4747 4748 4749 4750 4751 4752 4753 4754 4755 4756 4757 4758 4759 4760 4761 4762 4763 4764 4765 4766 4767 4768 4769 4770 4771 4772 4773 4774 4775 4776 4777 4778 4779 4780 4781 4782 4783 4784 4785 4786 4787 4788 4789 4790 4791 4792 4793 4794 4795 4796 4797 4798 4799 4800 4801 4802 4803 4804 4805 4806 4807 4808 4809 4810 4811 4812 4813 4814 4815 4816 4817 4818 4819 4820 4821 4822 4823 4824 4825 4826 4827 4828 4829 4830 4831 4832 4833 4834 4835 4836 4837 4838 4839 4840 4841 4842 4843 4844 4845 4846 4847 4848 4849 4850 4851 4852 4853 4854 4855 4856 4857 4858 4859 4860 4861 4862 4863 4864 4865 4866 4867 4868 4869 4870 4871 4872 4873 4874 4875 4876 4877 4878 4879 4880 4881 4882 4883 4884 4885 4886 4887 4888 4889 4890 4891 4892 4893 4894 4895 4896 4897 4898 4899 4900 4901 4902 4903 4904 4905 4906 4907 4908 4909 4910 4911 4912 4913 4914 4915 4916 4917 4918 4919 4920 4921 4922 4923 4924 4925 4926 4927 4928 4929 4930 4931 4932 4933 4934 4935 4936 4937 4938 4939 4940 4941 4942 4943 4944 4945 4946 4947 4948 4949 4950 4951 4952 4953 4954 4955 4956 4957 4958 4959 4960 4961 4962 4963 4964 4965 4966 4967 4968 4969 4970 4971 4972 4973 4974 4975 4976 4977 4978 4979 4980 4981 4982 4983 4984 4985 4986 4987 4988 4989 4990 4991 4992 4993 4994 4995 4996 4997 4998 4999 5000 5001 5002 5003 5004 5005 5006 5007 5008 5009 5010 5011 5012 5013 5014 5015 5016 5017 5018 5019 5020 5021 5022 5023 5024 5025 5026 5027 5028 5029 5030 5031 5032 5033 5034 5035 5036 5037 5038 5039 5040 5041 5042 5043 5044 5045 5046 5047 5048 5049 5050 5051 5052 5053 5054 5055 5056 5057 5058 5059 5060 5061 5062 5063 5064 5065 5066 5067 5068 5069 5070 5071 5072 5073 5074 5075 5076 5077 5078 5079 5080 5081 5082 5083 5084 5085 5086 5087 5088 5089 5090 5091 5092 5093 5094 5095 5096 5097 5098 5099 5100 5101 5102 5103 5104 5105 5106 5107 5108 5109 5110 5111 5112 5113 5114 5115 5116 5117 5118 5119 5120 5121 5122 5123 5124 5125 5126 5127 5128 5129 5130 5131 5132 5133 5134 5135 5136 5137 5138 5139 5140 5141 5142 5143 5144 5145 5146 5147 5148 5149 5150 5151 5152 5153 5154 5155 5156 5157 5158 5159 5160 5161 5162 5163 5164 5165 5166 5167 5168 5169 5170 5171 5172 5173 5174 5175 5176 5177 5178 5179 5180 5181 5182 5183 5184 5185 5186 5187 5188 5189 5190 5191 5192 5193 5194 5195 5196 5197 5198 5199 5200 5201 5202 5203 5204 5205 5206 5207 5208 5209 5210 5211 5212 5213 5214 5215 5216 5217 5218 5219 5220 5221 5222 5223 5224 5225 5226 5227 5228 5229 5230 5231 5232 5233 5234 5235 5236 5237 5238 5239 5240 5241 5242 5243 5244 5245 5246 5247 5248 5249 5250 5251 5252 5253 5254 5255 5256 5257 5258 5259 5260 5261 5262 5263 5264 5265 5266 5267 5268 5269 5270 5271 5272 5273 5274 5275 5276 5277 5278 5279 5280 5281 5282 5283 5284 5285 5286 5287 5288 5289 5290 5291 5292 5293 5294 5295 5296 5297 5298 5299 5300 5301 5302 5303 5304 5305 5306 5307 5308 5309 5310 5311 5312 5313 5314 5315 5316 5317 5318 5319 5320 5321 5322 5323 5324 5325 5326 5327 5328 5329 5330 5331 5332 5333 5334 5335 5336 5337 5338 5339 5340 5341 5342 5343 5344 5345 5346 5347 5348 5349 5350 5351 5352 5353 5354 5355 5356 5357 5358 5359 5360 5361 5362 5363 5364 5365 5366 5367 5368 5369 5370 5371 5372 5373 5374 5375 5376 5377 5378 5379 5380 5381 5382 5383 5384 5385 5386 5387 5388 5389 5390 5391 5392 5393 5394 5395 5396 5397 5398 5399 5400 5401 5402 5403 5404 5405 5406 5407 5408 5409 5410 5411 5412 5413 5414 5415 5416 5417 5418 5419 5420 5421 5422 5423 5424 5425 5426 5427 5428 5429 5430 5431 5432 5433 5434 5435 5436 5437 5438 5439 5440 5441 5442 5443 5444 5445 5446 5447 5448 5449 5450 5451 5452 5453 5454 5455 5456 5457 5458 5459 5460 5461 5462 5463 5464 5465 5466 5467 5468 5469 5470 5471 5472 5473 5474 5475 5476 5477 5478 5479 5480 5481 5482 5483 5484 5485 5486 5487 5488 5489 5490 5491 5492 5493 5494 5495 5496 5497 5498 5499 5500 5501 5502 5503 5504 5505 5506 5507 5508 5509 5510 5511 5512 5513 5514 5515 5516 5517 5518 5519 5520 5521 5522 5523 5524 5525 5526 5527 5528 5529 5530
        </DataArray>
        <DataArray type="Int32" Name="types" NumberOfComponents="1" format="ascii">
 2
        </DataArray>
      </Cells>
    </Piece>
  </UnstructuredGrid>
</VTKFile>
