current_time, N_vessels, N_cells, tumor_volume_mm3, N_cells_pheno_0, N_cells_pheno_1, N_cells_pheno_1_Ap, N_cells_pheno_1_G1, N_cells_pheno_1_Sy, N_cells_pheno_1_G2, N_cells_pheno_1_Di, N_cells_pheno_1_Tr, N_cells_pheno_1_G0, N_cell_protrusions
0,0,100,9.92912e-05,0,100,0,100,0,0,0,0,0,0
0.01,0,100,9.92923e-05,0,100,0,100,0,0,0,0,0,0
0.02,0,100,9.92933e-05,0,100,0,100,0,0,0,0,0,0
0.03,0,100,9.92944e-05,0,100,0,100,0,0,0,0,0,0
0.04,0,100,9.92954e-05,0,100,0,100,0,0,0,0,0,0
0.05,0,100,9.92965e-05,0,100,0,100,0,0,0,0,0,0
0.06,0,100,9.92975e-05,0,100,0,100,0,0,0,0,0,0
0.07,0,100,9.92986e-05,0,100,0,100,0,0,0,0,0,0
0.08,0,100,9.92996e-05,0,100,0,100,0,0,0,0,0,0
0.09,0,100,9.93007e-05,0,100,0,100,0,0,0,0,0,0
0.1,0,100,9.93017e-05,0,100,0,100,0,0,0,0,0,0
0.11,0,100,9.93028e-05,0,100,0,100,0,0,0,0,0,0
0.12,0,100,9.93038e-05,0,100,0,100,0,0,0,0,0,0
0.13,0,100,9.93049e-05,0,100,0,100,0,0,0,0,0,0
0.14,0,100,9.93059e-05,0,100,0,100,0,0,0,0,0,0
0.15,0,100,9.9307e-05,0,100,0,100,0,0,0,0,0,0
0.16,0,100,9.9308e-05,0,100,0,100,0,0,0,0,0,0
0.17,0,100,9.93091e-05,0,100,0,100,0,0,0,0,0,0
0.18,0,100,9.93101e-05,0,100,0,100,0,0,0,0,0,0
0.19,0,100,9.93112e-05,0,100,0,100,0,0,0,0,0,0
0.2,0,100,9.93122e-05,0,100,0,100,0,0,0,0,0,0
0.21,0,100,9.93133e-05,0,100,0,100,0,0,0,0,0,0
0.22,0,100,9.93143e-05,0,100,0,100,0,0,0,0,0,0
0.23,0,100,9.93154e-05,0,100,0,100,0,0,0,0,0,0
0.24,0,100,9.93164e-05,0,100,0,100,0,0,0,0,0,0
0.25,0,100,9.93175e-05,0,100,0,100,0,0,0,0,0,0
0.26,0,100,9.93185e-05,0,100,0,100,0,0,0,0,0,0
0.27,0,100,9.93196e-05,0,100,0,100,0,0,0,0,0,0
0.28,0,100,9.93206e-05,0,100,0,100,0,0,0,0,0,0
0.29,0,100,9.93217e-05,0,100,0,100,0,0,0,0,0,0
0.3,0,100,9.93227e-05,0,100,0,100,0,0,0,0,0,0
0.31,0,100,9.93238e-05,0,100,0,100,0,0,0,0,0,0
0.32,0,100,9.93248e-05,0,100,0,100,0,0,0,0,0,0
0.33,0,100,9.93259e-05,0,100,0,100,0,0,0,0,0,0
0.34,0,100,9.93269e-05,0,100,0,100,0,0,0,0,0,0
0.35,0,100,9.9328e-05,0,100,0,100,0,0,0,0,0,0
0.36,0,100,9.9329e-05,0,100,0,100,0,0,0,0,0,0
0.37,0,100,9.93301e-05,0,100,0,100,0,0,0,0,0,0
0.38,0,100,9.93311e-05,0,100,0,100,0,0,0,0,0,0
0.39,0,100,9.93322e-05,0,100,0,100,0,0,0,0,0,0
0.4,0,100,9.93332e-05,0,100,0,100,0,0,0,0,0,0
0.41,0,100,9.93343e-05,0,100,0,100,0,0,0,0,0,0
0.42,0,100,9.93353e-05,0,100,0,100,0,0,0,0,0,0
0.43,0,100,9.93364e-05,0,100,0,100,0,0,0,0,0,0
0.44,0,100,9.93374e-05,0,100,0,100,0,0,0,0,0,0
0.45,0,100,9.93385e-05,0,100,0,100,0,0,0,0,0,0
0.46,0,100,9.93395e-05,0,100,0,100,0,0,0,0,0,0
0.47,0,100,9.93406e-05,0,100,0,100,0,0,0,0,0,0
0.48,0,100,9.93416e-05,0,100,0,100,0,0,0,0,0,0
0.49,0,100,9.93427e-05,0,100,0,100,0,0,0,0,0,0
0.5,0,100,9.93437e-05,0,100,0,100,0,0,0,0,0,0
0.51,0,100,9.93448e-05,0,100,0,100,0,0,0,0,0,0
0.52,0,100,9.93458e-05,0,100,0,100,0,0,0,0,0,0
0.53,0,100,9.93469e-05,0,100,0,100,0,0,0,0,0,0
0.54,0,100,9.93479e-05,0,100,0,100,0,0,0,0,0,0
0.55,0,100,9.93489e-05,0,100,0,100,0,0,0,0,0,0
0.56,0,100,9.935e-05,0,100,0,100,0,0,0,0,0,0
0.57,0,100,9.9351e-05,0,100,0,100,0,0,0,0,0,0
0.58,0,100,9.93521e-05,0,100,0,100,0,0,0,0,0,0
0.59,0,100,9.93531e-05,0,100,0,100,0,0,0,0,0,0
0.6,0,100,9.93542e-05,0,100,0,100,0,0,0,0,0,0
0.61,0,100,9.93552e-05,0,100,0,100,0,0,0,0,0,0
0.62,0,100,9.93563e-05,0,100,0,100,0,0,0,0,0,0
0.63,0,100,9.93573e-05,0,100,0,100,0,0,0,0,0,0
0.64,0,100,9.93584e-05,0,100,0,100,0,0,0,0,0,0
0.65,0,100,9.93594e-05,0,100,0,100,0,0,0,0,0,0
0.66,0,100,9.93605e-05,0,100,0,100,0,0,0,0,0,0
0.67,0,100,9.93615e-05,0,100,0,100,0,0,0,0,0,0
0.68,0,100,9.93626e-05,0,100,0,100,0,0,0,0,0,0
0.69,0,100,9.93636e-05,0,100,0,100,0,0,0,0,0,0
0.7,0,100,9.93647e-05,0,100,0,100,0,0,0,0,0,0
0.71,0,100,9.93657e-05,0,100,0,100,0,0,0,0,0,0
0.72,0,100,9.93668e-05,0,100,0,100,0,0,0,0,0,0
0.73,0,100,9.93678e-05,0,100,0,100,0,0,0,0,0,0
0.74,0,100,9.93689e-05,0,100,0,100,0,0,0,0,0,0
0.75,0,100,9.93699e-05,0,100,0,100,0,0,0,0,0,0
0.76,0,100,9.9371e-05,0,100,0,100,0,0,0,0,0,0
0.77,0,100,9.9372e-05,0,100,0,100,0,0,0,0,0,0
0.78,0,100,9.93731e-05,0,100,0,100,0,0,0,0,0,0
0.79,0,100,9.93741e-05,0,100,0,100,0,0,0,0,0,0
0.8,0,100,9.93752e-05,0,100,0,100,0,0,0,0,0,0
0.81,0,100,9.93762e-05,0,100,0,100,0,0,0,0,0,0
0.82,0,100,9.93773e-05,0,100,0,100,0,0,0,0,0,0
0.83,0,100,9.93783e-05,0,100,0,100,0,0,0,0,0,0
0.84,0,100,9.93794e-05,0,100,0,100,0,0,0,0,0,0
0.85,0,100,9.93804e-05,0,100,0,100,0,0,0,0,0,0
0.86,0,100,9.93815e-05,0,100,0,100,0,0,0,0,0,0
0.87,0,100,9.93825e-05,0,100,0,100,0,0,0,0,0,0
0.88,0,100,9.93836e-05,0,100,0,100,0,0,0,0,0,0
0.89,0,100,9.93846e-05,0,100,0,100,0,0,0,0,0,0
0.9,0,100,9.93857e-05,0,100,0,100,0,0,0,0,0,0
0.91,0,100,9.93867e-05,0,100,0,100,0,0,0,0,0,0
0.92,0,100,9.93877e-05,0,100,0,100,0,0,0,0,0,0
0.93,0,100,9.93888e-05,0,100,0,100,0,0,0,0,0,0
0.94,0,100,9.93898e-05,0,100,0,100,0,0,0,0,0,0
0.95,0,100,9.93909e-05,0,100,0,100,0,0,0,0,0,0
0.96,0,100,9.93919e-05,0,100,0,100,0,0,0,0,0,0
0.97,0,100,9.9393e-05,0,100,0,100,0,0,0,0,0,0
0.98,0,100,9.9394e-05,0,100,0,100,0,0,0,0,0,0
0.99,0,100,9.93951e-05,0,100,0,100,0,0,0,0,0,0
1,0,100,9.93961e-05,0,100,0,100,0,0,0,0,0,0
1.01,0,100,9.93972e-05,0,100,0,100,0,0,0,0,0,0
1.02,0,100,9.93982e-05,0,100,0,100,0,0,0,0,0,0
1.03,0,100,9.93993e-05,0,100,0,100,0,0,0,0,0,0
1.04,0,100,9.94003e-05,0,100,0,100,0,0,0,0,0,0
1.05,0,100,9.94014e-05,0,100,0,100,0,0,0,0,0,0
1.06,0,100,9.94024e-05,0,100,0,100,0,0,0,0,0,0
1.07,0,100,9.94035e-05,0,100,0,100,0,0,0,0,0,0
1.08,0,100,9.94045e-05,0,100,0,100,0,0,0,0,0,0
1.09,0,100,9.94056e-05,0,100,0,100,0,0,0,0,0,0
1.1,0,100,9.94066e-05,0,100,0,100,0,0,0,0,0,0
1.11,0,100,9.94077e-05,0,100,0,100,0,0,0,0,0,0
1.12,0,100,9.94087e-05,0,100,0,100,0,0,0,0,0,0
1.13,0,100,9.94098e-05,0,100,0,100,0,0,0,0,0,0
1.14,0,100,9.94108e-05,0,100,0,100,0,0,0,0,0,0
1.15,0,100,9.94119e-05,0,100,0,100,0,0,0,0,0,0
1.16,0,100,9.94129e-05,0,100,0,100,0,0,0,0,0,0
1.17,0,100,9.94139e-05,0,100,0,100,0,0,0,0,0,0
1.18,0,100,9.9415e-05,0,100,0,100,0,0,0,0,0,0
1.19,0,100,9.9416e-05,0,100,0,100,0,0,0,0,0,0
1.2,0,100,9.94171e-05,0,100,0,100,0,0,0,0,0,0
1.21,0,100,9.94181e-05,0,100,0,100,0,0,0,0,0,0
1.22,0,100,9.94192e-05,0,100,0,100,0,0,0,0,0,0
1.23,0,100,9.94202e-05,0,100,0,100,0,0,0,0,0,0
1.24,0,100,9.94213e-05,0,100,0,100,0,0,0,0,0,0
1.25,0,100,9.94223e-05,0,100,0,100,0,0,0,0,0,0
1.26,0,100,9.94234e-05,0,100,0,100,0,0,0,0,0,0
1.27,0,100,9.94244e-05,0,100,0,100,0,0,0,0,0,0
1.28,0,100,9.94255e-05,0,100,0,100,0,0,0,0,0,0
1.29,0,100,9.94265e-05,0,100,0,100,0,0,0,0,0,0
1.3,0,100,9.94276e-05,0,100,0,100,0,0,0,0,0,0
1.31,0,100,9.94286e-05,0,100,0,100,0,0,0,0,0,0
1.32,0,100,9.94296e-05,0,100,0,100,0,0,0,0,0,0
1.33,0,100,9.94307e-05,0,100,0,100,0,0,0,0,0,0
1.34,0,100,9.94317e-05,0,100,0,100,0,0,0,0,0,0
1.35,0,100,9.94328e-05,0,100,0,100,0,0,0,0,0,0
1.36,0,100,9.94338e-05,0,100,0,100,0,0,0,0,0,0
1.37,0,100,9.94349e-05,0,100,0,100,0,0,0,0,0,0
1.38,0,100,9.94359e-05,0,100,0,100,0,0,0,0,0,0
1.39,0,100,9.9437e-05,0,100,0,100,0,0,0,0,0,0
1.4,0,100,9.9438e-05,0,100,0,100,0,0,0,0,0,0
1.41,0,100,9.94391e-05,0,100,0,100,0,0,0,0,0,0
1.42,0,100,9.94401e-05,0,100,0,100,0,0,0,0,0,0
1.43,0,100,9.94412e-05,0,100,0,100,0,0,0,0,0,0
1.44,0,100,9.94422e-05,0,100,0,100,0,0,0,0,0,0
1.45,0,100,9.94432e-05,0,100,0,100,0,0,0,0,0,0
1.46,0,100,9.94443e-05,0,100,0,100,0,0,0,0,0,0
1.47,0,100,9.94453e-05,0,100,0,100,0,0,0,0,0,0
1.48,0,100,9.94464e-05,0,100,0,100,0,0,0,0,0,0
1.49,0,100,9.94474e-05,0,100,0,100,0,0,0,0,0,0
1.5,0,100,9.94485e-05,0,100,0,100,0,0,0,0,0,0
1.51,0,100,9.94495e-05,0,100,0,100,0,0,0,0,0,0
1.52,0,100,9.94506e-05,0,100,0,100,0,0,0,0,0,0
1.53,0,100,9.94516e-05,0,100,0,100,0,0,0,0,0,0
1.54,0,100,9.94527e-05,0,100,0,100,0,0,0,0,0,0
1.55,0,100,9.94537e-05,0,100,0,100,0,0,0,0,0,0
1.56,0,100,9.94547e-05,0,100,0,100,0,0,0,0,0,0
1.57,0,100,9.94558e-05,0,100,0,100,0,0,0,0,0,0
1.58,0,100,9.94568e-05,0,100,0,100,0,0,0,0,0,0
1.59,0,100,9.94579e-05,0,100,0,100,0,0,0,0,0,0
1.6,0,100,9.94589e-05,0,100,0,100,0,0,0,0,0,0
1.61,0,100,9.946e-05,0,100,0,100,0,0,0,0,0,0
1.62,0,100,9.9461e-05,0,100,0,100,0,0,0,0,0,0
1.63,0,100,9.94621e-05,0,100,0,100,0,0,0,0,0,0
1.64,0,100,9.94631e-05,0,100,0,100,0,0,0,0,0,0
1.65,0,100,9.94642e-05,0,100,0,100,0,0,0,0,0,0
1.66,0,100,9.94652e-05,0,100,0,100,0,0,0,0,0,0
1.67,0,100,9.94662e-05,0,100,0,100,0,0,0,0,0,0
1.68,0,100,9.94673e-05,0,100,0,100,0,0,0,0,0,0
1.69,0,100,9.94683e-05,0,100,0,100,0,0,0,0,0,0
1.7,0,100,9.94694e-05,0,100,0,100,0,0,0,0,0,0
1.71,0,100,9.94704e-05,0,100,0,100,0,0,0,0,0,0
1.72,0,100,9.94715e-05,0,100,0,100,0,0,0,0,0,0
1.73,0,100,9.94725e-05,0,100,0,100,0,0,0,0,0,0
1.74,0,100,9.94736e-05,0,100,0,100,0,0,0,0,0,0
1.75,0,100,9.94746e-05,0,100,0,100,0,0,0,0,0,0
1.76,0,100,9.94757e-05,0,100,0,100,0,0,0,0,0,0
1.77,0,100,9.94767e-05,0,100,0,100,0,0,0,0,0,0
1.78,0,100,9.94777e-05,0,100,0,100,0,0,0,0,0,0
1.79,0,100,9.94788e-05,0,100,0,100,0,0,0,0,0,0
1.8,0,100,9.94798e-05,0,100,0,100,0,0,0,0,0,0
1.81,0,100,9.94809e-05,0,100,0,100,0,0,0,0,0,0
1.82,0,100,9.94819e-05,0,100,0,100,0,0,0,0,0,0
1.83,0,100,9.9483e-05,0,100,0,100,0,0,0,0,0,0
1.84,0,100,9.9484e-05,0,100,0,100,0,0,0,0,0,0
1.85,0,100,9.94851e-05,0,100,0,100,0,0,0,0,0,0
1.86,0,100,9.94861e-05,0,100,0,100,0,0,0,0,0,0
1.87,0,100,9.94872e-05,0,100,0,100,0,0,0,0,0,0
1.88,0,100,9.94882e-05,0,100,0,100,0,0,0,0,0,0
1.89,0,100,9.94892e-05,0,100,0,100,0,0,0,0,0,0
1.9,0,100,9.94903e-05,0,100,0,100,0,0,0,0,0,0
1.91,0,100,9.94913e-05,0,100,0,100,0,0,0,0,0,0
1.92,0,100,9.94924e-05,0,100,0,100,0,0,0,0,0,0
1.93,0,100,9.94934e-05,0,100,0,100,0,0,0,0,0,0
1.94,0,100,9.94945e-05,0,100,0,100,0,0,0,0,0,0
1.95,0,100,9.94955e-05,0,100,0,100,0,0,0,0,0,0
1.96,0,100,9.94966e-05,0,100,0,100,0,0,0,0,0,0
1.97,0,100,9.94976e-05,0,100,0,100,0,0,0,0,0,0
1.98,0,100,9.94986e-05,0,100,0,100,0,0,0,0,0,0
1.99,0,100,9.94997e-05,0,100,0,100,0,0,0,0,0,0
2,0,100,9.95007e-05,0,100,0,100,0,0,0,0,0,0
2.01,0,100,9.95018e-05,0,100,0,100,0,0,0,0,0,0
2.02,0,100,9.95028e-05,0,100,0,100,0,0,0,0,0,0
2.03,0,100,9.95039e-05,0,100,0,100,0,0,0,0,0,0
2.04,0,100,9.95049e-05,0,100,0,100,0,0,0,0,0,0
2.05,0,100,9.9506e-05,0,100,0,100,0,0,0,0,0,0
2.06,0,100,9.9507e-05,0,100,0,100,0,0,0,0,0,0
2.07,0,100,9.95081e-05,0,100,0,100,0,0,0,0,0,0
2.08,0,100,9.95091e-05,0,100,0,100,0,0,0,0,0,0
2.09,0,100,9.95101e-05,0,100,0,100,0,0,0,0,0,0
2.1,0,100,9.95112e-05,0,100,0,100,0,0,0,0,0,0
2.11,0,100,9.95122e-05,0,100,0,100,0,0,0,0,0,0
2.12,0,100,9.95133e-05,0,100,0,100,0,0,0,0,0,0
2.13,0,100,9.95143e-05,0,100,0,100,0,0,0,0,0,0
2.14,0,100,9.95154e-05,0,100,0,100,0,0,0,0,0,0
2.15,0,100,9.95164e-05,0,100,0,100,0,0,0,0,0,0
2.16,0,100,9.95175e-05,0,100,0,100,0,0,0,0,0,0
2.17,0,100,9.95185e-05,0,100,0,100,0,0,0,0,0,0
2.18,0,100,9.95196e-05,0,100,0,100,0,0,0,0,0,0
2.19,0,100,9.95206e-05,0,100,0,100,0,0,0,0,0,0
2.2,0,100,9.95217e-05,0,100,0,100,0,0,0,0,0,0
2.21,0,100,9.95227e-05,0,100,0,100,0,0,0,0,0,0
2.22,0,100,9.95237e-05,0,100,0,100,0,0,0,0,0,0
2.23,0,100,9.95248e-05,0,100,0,100,0,0,0,0,0,0
2.24,0,100,9.95258e-05,0,100,0,100,0,0,0,0,0,0
2.25,0,100,9.95269e-05,0,100,0,100,0,0,0,0,0,0
2.26,0,100,9.95279e-05,0,100,0,100,0,0,0,0,0,0
2.27,0,100,9.9529e-05,0,100,0,100,0,0,0,0,0,0
2.28,0,100,9.953e-05,0,100,0,100,0,0,0,0,0,0
2.29,0,100,9.95311e-05,0,100,0,100,0,0,0,0,0,0
2.3,0,100,9.95321e-05,0,100,0,100,0,0,0,0,0,0
2.31,0,100,9.95332e-05,0,100,0,100,0,0,0,0,0,0
2.32,0,100,9.95342e-05,0,100,0,100,0,0,0,0,0,0
2.33,0,100,9.95353e-05,0,100,0,100,0,0,0,0,0,0
2.34,0,100,9.95363e-05,0,100,0,100,0,0,0,0,0,0
2.35,0,100,9.95374e-05,0,100,0,100,0,0,0,0,0,0
2.36,0,100,9.95384e-05,0,100,0,100,0,0,0,0,0,0
2.37,0,100,9.95395e-05,0,100,0,100,0,0,0,0,0,0
2.38,0,100,9.95405e-05,0,100,0,100,0,0,0,0,0,0
2.39,0,100,9.95416e-05,0,100,0,100,0,0,0,0,0,0
2.4,0,100,9.95426e-05,0,100,0,100,0,0,0,0,0,0
2.41,0,100,9.95436e-05,0,100,0,100,0,0,0,0,0,0
2.42,0,100,9.95447e-05,0,100,0,100,0,0,0,0,0,0
2.43,0,100,9.95457e-05,0,100,0,100,0,0,0,0,0,0
2.44,0,100,9.95468e-05,0,100,0,100,0,0,0,0,0,0
2.45,0,100,9.95478e-05,0,100,0,100,0,0,0,0,0,0
2.46,0,100,9.95489e-05,0,100,0,100,0,0,0,0,0,0
2.47,0,100,9.95499e-05,0,100,0,100,0,0,0,0,0,0
2.48,0,100,9.9551e-05,0,100,0,100,0,0,0,0,0,0
2.49,0,100,9.9552e-05,0,100,0,100,0,0,0,0,0,0
2.5,0,100,9.95531e-05,0,100,0,100,0,0,0,0,0,0
2.51,0,100,9.95541e-05,0,100,0,100,0,0,0,0,0,0
2.52,0,100,9.95552e-05,0,100,0,100,0,0,0,0,0,0
2.53,0,100,9.95562e-05,0,100,0,100,0,0,0,0,0,0
2.54,0,100,9.95573e-05,0,100,0,100,0,0,0,0,0,0
2.55,0,100,9.95583e-05,0,100,0,100,0,0,0,0,0,0
2.56,0,100,9.95594e-05,0,100,0,100,0,0,0,0,0,0
2.57,0,100,9.95604e-05,0,100,0,100,0,0,0,0,0,0
2.58,0,100,9.95615e-05,0,100,0,100,0,0,0,0,0,0
2.59,0,100,9.95625e-05,0,100,0,100,0,0,0,0,0,0
2.6,0,100,9.95636e-05,0,100,0,100,0,0,0,0,0,0
2.61,0,100,9.95646e-05,0,100,0,100,0,0,0,0,0,0
2.62,0,100,9.95657e-05,0,100,0,100,0,0,0,0,0,0
2.63,0,100,9.95667e-05,0,100,0,100,0,0,0,0,0,0
2.64,0,100,9.95678e-05,0,100,0,100,0,0,0,0,0,0
2.65,0,100,9.95688e-05,0,100,0,100,0,0,0,0,0,0
2.66,0,100,9.95699e-05,0,100,0,100,0,0,0,0,0,0
2.67,0,100,9.95709e-05,0,100,0,100,0,0,0,0,0,0
2.68,0,100,9.9572e-05,0,100,0,100,0,0,0,0,0,0
2.69,0,100,9.9573e-05,0,100,0,100,0,0,0,0,0,0
2.7,0,100,9.9574e-05,0,100,0,100,0,0,0,0,0,0
2.71,0,100,9.95751e-05,0,100,0,100,0,0,0,0,0,0
2.72,0,100,9.95761e-05,0,100,0,100,0,0,0,0,0,0
2.73,0,100,9.95772e-05,0,100,0,100,0,0,0,0,0,0
2.74,0,100,9.95782e-05,0,100,0,100,0,0,0,0,0,0
2.75,0,100,9.95793e-05,0,100,0,100,0,0,0,0,0,0
2.76,0,100,9.95803e-05,0,100,0,100,0,0,0,0,0,0
2.77,0,100,9.95814e-05,0,100,0,100,0,0,0,0,0,0
2.78,0,100,9.95824e-05,0,100,0,100,0,0,0,0,0,0
2.79,0,100,9.95835e-05,0,100,0,100,0,0,0,0,0,0
2.8,0,100,9.95845e-05,0,100,0,100,0,0,0,0,0,0
2.81,0,100,9.95856e-05,0,100,0,100,0,0,0,0,0,0
2.82,0,100,9.95866e-05,0,100,0,100,0,0,0,0,0,0
2.83,0,100,9.95877e-05,0,100,0,100,0,0,0,0,0,0
2.84,0,100,9.95887e-05,0,100,0,100,0,0,0,0,0,0
2.85,0,100,9.95898e-05,0,100,0,100,0,0,0,0,0,0
2.86,0,100,9.95908e-05,0,100,0,100,0,0,0,0,0,0
2.87,0,100,9.95919e-05,0,100,0,100,0,0,0,0,0,0
2.88,0,100,9.95929e-05,0,100,0,100,0,0,0,0,0,0
2.89,0,100,9.9594e-05,0,100,0,100,0,0,0,0,0,0
2.9,0,100,9.9595e-05,0,100,0,100,0,0,0,0,0,0
2.91,0,100,9.95961e-05,0,100,0,100,0,0,0,0,0,0
2.92,0,100,9.95971e-05,0,100,0,100,0,0,0,0,0,0
2.93,0,100,9.95982e-05,0,100,0,100,0,0,0,0,0,0
2.94,0,100,9.95992e-05,0,100,0,100,0,0,0,0,0,0
2.95,0,100,9.96003e-05,0,100,0,100,0,0,0,0,0,0
2.96,0,100,9.96013e-05,0,100,0,100,0,0,0,0,0,0
2.97,0,100,9.96023e-05,0,100,0,100,0,0,0,0,0,0
2.98,0,100,9.96034e-05,0,100,0,100,0,0,0,0,0,0
2.99,0,100,9.96044e-05,0,100,0,100,0,0,0,0,0,0
3,0,100,9.96055e-05,0,100,0,100,0,0,0,0,0,0
3.01,0,100,9.96065e-05,0,100,0,100,0,0,0,0,0,0
3.02,0,100,9.96076e-05,0,100,0,100,0,0,0,0,0,0
3.03,0,100,9.96086e-05,0,100,0,100,0,0,0,0,0,0
3.04,0,100,9.96097e-05,0,100,0,100,0,0,0,0,0,0
3.05,0,100,9.96107e-05,0,100,0,100,0,0,0,0,0,0
3.06,0,100,9.96118e-05,0,100,0,100,0,0,0,0,0,0
3.07,0,100,9.96128e-05,0,100,0,100,0,0,0,0,0,0
3.08,0,100,9.96139e-05,0,100,0,100,0,0,0,0,0,0
3.09,0,100,9.96149e-05,0,100,0,100,0,0,0,0,0,0
3.1,0,100,9.9616e-05,0,100,0,100,0,0,0,0,0,0
3.11,0,100,9.9617e-05,0,100,0,100,0,0,0,0,0,0
3.12,0,100,9.96181e-05,0,100,0,100,0,0,0,0,0,0
3.13,0,100,9.96191e-05,0,100,0,100,0,0,0,0,0,0
3.14,0,100,9.96202e-05,0,100,0,100,0,0,0,0,0,0
3.15,0,100,9.96212e-05,0,100,0,100,0,0,0,0,0,0
3.16,0,100,9.96223e-05,0,100,0,100,0,0,0,0,0,0
3.17,0,100,9.96233e-05,0,100,0,100,0,0,0,0,0,0
3.18,0,111,0.00010004,0,111,0,111,0,0,0,0,0,0
3.19,0,115,0.000100041,0,115,0,115,0,0,0,0,0,0
3.2,0,115,0.000100043,0,115,0,115,0,0,0,0,0,0
3.21,0,115,0.000100044,0,115,0,115,0,0,0,0,0,0
3.22,0,115,0.000100045,0,115,0,115,0,0,0,0,0,0
3.23,0,115,0.000100046,0,115,0,115,0,0,0,0,0,0
3.24,0,115,0.000100047,0,115,0,115,0,0,0,0,0,0
3.25,0,115,0.000100049,0,115,0,115,0,0,0,0,0,0
3.26,0,115,0.00010005,0,115,0,115,0,0,0,0,0,0
3.27,0,115,0.000100051,0,115,0,115,0,0,0,0,0,0
3.28,0,115,0.000100052,0,115,0,115,0,0,0,0,0,0
3.29,0,115,0.000100053,0,115,0,115,0,0,0,0,0,0
3.3,0,116,0.000102636,0,116,0,116,0,0,0,0,0,0
3.31,0,116,0.000102637,0,116,0,116,0,0,0,0,0,0
3.32,0,117,0.000105995,0,117,0,117,0,0,0,0,0,0
3.33,0,117,0.000105997,0,117,0,117,0,0,0,0,0,0
3.34,0,117,0.000105999,0,117,0,117,0,0,0,0,0,0
3.35,0,117,0.000106001,0,117,0,117,0,0,0,0,0,0
3.36,0,117,0.000106003,0,117,0,117,0,0,0,0,0,0
3.37,0,117,0.000106005,0,117,0,117,0,0,0,0,0,0
3.38,0,117,0.000106007,0,117,0,117,0,0,0,0,0,0
3.39,0,117,0.000106009,0,117,0,117,0,0,0,0,0,0
3.4,0,117,0.000106011,0,117,0,117,0,0,0,0,0,0
3.41,0,117,0.000106013,0,117,0,117,0,0,0,0,0,0
3.42,0,117,0.000106015,0,117,0,117,0,0,0,0,0,0
3.43,0,117,0.000106017,0,117,0,117,0,0,0,0,0,0
3.44,0,117,0.000106019,0,117,0,117,0,0,0,0,0,0
3.45,0,117,0.000106021,0,117,0,117,0,0,0,0,0,0
3.46,0,117,0.000106023,0,117,0,117,0,0,0,0,0,0
3.47,0,117,0.000106025,0,117,0,117,0,0,0,0,0,0
3.48,0,117,0.000106026,0,117,0,117,0,0,0,0,0,0
3.49,0,117,0.000106028,0,117,0,117,0,0,0,0,0,0
3.5,0,117,0.00010603,0,117,0,117,0,0,0,0,0,0
3.51,0,117,0.000106032,0,117,0,117,0,0,0,0,0,0
3.52,0,117,0.000106034,0,117,0,117,0,0,0,0,0,0
3.53,0,117,0.000106036,0,117,0,117,0,0,0,0,0,0
3.54,0,117,0.000106038,0,117,0,117,0,0,0,0,0,0
3.55,0,117,0.00010604,0,117,0,117,0,0,0,0,0,0
3.56,0,117,0.000106042,0,117,0,117,0,0,0,0,0,0
3.57,0,117,0.000106044,0,117,0,117,0,0,0,0,0,0
3.58,0,117,0.000106046,0,117,0,117,0,0,0,0,0,0
3.59,0,117,0.000106048,0,117,0,117,0,0,0,0,0,0
3.6,0,117,0.00010605,0,117,0,117,0,0,0,0,0,0
3.61,0,118,0.000106052,0,118,0,118,0,0,0,0,0,0
3.62,0,118,0.000106054,0,118,0,118,0,0,0,0,0,0
3.63,0,118,0.000106056,0,118,0,118,0,0,0,0,0,0
3.64,0,118,0.000106058,0,118,0,118,0,0,0,0,0,0
3.65,0,119,0.00010606,0,119,0,119,0,0,0,0,0,0
3.66,0,119,0.000106062,0,119,0,119,0,0,0,0,0,0
3.67,0,119,0.000106064,0,119,0,119,0,0,0,0,0,0
3.68,0,119,0.000106066,0,119,0,119,0,0,0,0,0,0
3.69,0,119,0.000106068,0,119,0,119,0,0,0,0,0,0
3.7,0,119,0.00010607,0,119,0,119,0,0,0,0,0,0
3.71,0,119,0.000106072,0,119,0,119,0,0,0,0,0,0
3.72,0,119,0.000106074,0,119,0,119,0,0,0,0,0,0
3.73,0,119,0.000106075,0,119,0,119,0,0,0,0,0,0
3.74,0,119,0.000106077,0,119,0,119,0,0,0,0,0,0
3.75,0,119,0.000106079,0,119,0,119,0,0,0,0,0,0
3.76,0,119,0.000106081,0,119,0,119,0,0,0,0,0,0
3.77,0,119,0.000106083,0,119,0,119,0,0,0,0,0,0
3.78,0,119,0.000106085,0,119,0,119,0,0,0,0,0,0
3.79,0,119,0.000106087,0,119,0,119,0,0,0,0,0,0
3.8,0,119,0.000106089,0,119,0,119,0,0,0,0,0,0
3.81,0,119,0.000106091,0,119,0,119,0,0,0,0,0,0
3.82,0,119,0.000106093,0,119,0,119,0,0,0,0,0,0
3.83,0,119,0.000106095,0,119,0,119,0,0,0,0,0,0
3.84,0,119,0.000106097,0,119,0,119,0,0,0,0,0,0
3.85,0,119,0.000106099,0,119,0,119,0,0,0,0,0,0
3.86,0,119,0.000106101,0,119,0,119,0,0,0,0,0,0
3.87,0,119,0.000106103,0,119,0,119,0,0,0,0,0,0
3.88,0,119,0.000106105,0,119,0,119,0,0,0,0,0,0
3.89,0,119,0.000106107,0,119,0,119,0,0,0,0,0,0
3.9,0,119,0.000106109,0,119,0,119,0,0,0,0,0,0
3.91,0,119,0.000106111,0,119,0,119,0,0,0,0,0,0
3.92,0,119,0.000106113,0,119,0,119,0,0,0,0,0,0
3.93,0,119,0.000106115,0,119,0,119,0,0,0,0,0,0
3.94,0,119,0.000106116,0,119,0,119,0,0,0,0,0,0
3.95,0,119,0.000106118,0,119,0,119,0,0,0,0,0,0
3.96,0,119,0.00010612,0,119,0,119,0,0,0,0,0,0
3.97,0,119,0.000106122,0,119,0,119,0,0,0,0,0,0
3.98,0,120,0.000106124,0,120,0,120,0,0,0,0,0,0
3.99,0,120,0.000106126,0,120,0,120,0,0,0,0,0,0
4,0,120,0.000106128,0,120,0,120,0,0,0,0,0,0
4.01,0,120,0.00010613,0,120,0,120,0,0,0,0,0,0
4.02,0,120,0.000106132,0,120,0,120,0,0,0,0,0,0
4.03,0,120,0.000106134,0,120,0,120,0,0,0,0,0,0
4.04,0,120,0.000106136,0,120,0,120,0,0,0,0,0,0
4.05,0,120,0.000106138,0,120,0,120,0,0,0,0,0,0
4.06,0,120,0.00010614,0,120,0,120,0,0,0,0,0,0
4.07,0,120,0.000106142,0,120,0,120,0,0,0,0,0,0
4.08,0,120,0.000106144,0,120,0,120,0,0,0,0,0,0
4.09,0,120,0.000106146,0,120,0,120,0,0,0,0,0,0
4.1,0,120,0.000106148,0,120,0,120,0,0,0,0,0,0
4.11,0,120,0.00010615,0,120,0,120,0,0,0,0,0,0
4.12,0,120,0.000106152,0,120,0,120,0,0,0,0,0,0
4.13,0,120,0.000106154,0,120,0,120,0,0,0,0,0,0
4.14,0,120,0.000106155,0,120,0,120,0,0,0,0,0,0
4.15,0,120,0.000106157,0,120,0,120,0,0,0,0,0,0
4.16,0,120,0.000106159,0,120,0,120,0,0,0,0,0,0
4.17,0,120,0.000106161,0,120,0,120,0,0,0,0,0,0
4.18,0,120,0.000106163,0,120,0,120,0,0,0,0,0,0
4.19,0,120,0.000106165,0,120,0,120,0,0,0,0,0,0
4.2,0,120,0.000106167,0,120,0,120,0,0,0,0,0,0
4.21,0,120,0.000106169,0,120,0,120,0,0,0,0,0,0
4.22,0,120,0.000106171,0,120,0,120,0,0,0,0,0,0
4.23,0,120,0.000106173,0,120,0,120,0,0,0,0,0,0
4.24,0,120,0.000106175,0,120,0,120,0,0,0,0,0,0
4.25,0,120,0.000106177,0,120,0,120,0,0,0,0,0,0
4.26,0,120,0.000106179,0,120,0,120,0,0,0,0,0,0
4.27,0,120,0.000106181,0,120,0,120,0,0,0,0,0,0
4.28,0,120,0.000106183,0,120,0,120,0,0,0,0,0,0
4.29,0,120,0.000106185,0,120,0,120,0,0,0,0,0,0
4.3,0,120,0.000106187,0,120,0,120,0,0,0,0,0,0
4.31,0,120,0.000106189,0,120,0,120,0,0,0,0,0,0
4.32,0,120,0.000106191,0,120,0,120,0,0,0,0,0,0
4.33,0,120,0.000106192,0,120,0,120,0,0,0,0,0,0
4.34,0,120,0.000106194,0,120,0,120,0,0,0,0,0,0
4.35,0,120,0.000106196,0,120,0,120,0,0,0,0,0,0
4.36,0,120,0.000106198,0,120,0,120,0,0,0,0,0,0
4.37,0,120,0.0001062,0,120,0,120,0,0,0,0,0,0
4.38,0,120,0.000106202,0,120,0,120,0,0,0,0,0,0
4.39,0,120,0.000106204,0,120,0,120,0,0,0,0,0,0
4.4,0,120,0.000106206,0,120,0,120,0,0,0,0,0,0
4.41,0,120,0.000106208,0,120,0,120,0,0,0,0,0,0
4.42,0,120,0.00010621,0,120,0,120,0,0,0,0,0,0
4.43,0,120,0.000106212,0,120,0,120,0,0,0,0,0,0
4.44,0,120,0.000106214,0,120,0,120,0,0,0,0,0,0
4.45,0,120,0.000106216,0,120,0,120,0,0,0,0,0,0
4.46,0,120,0.000106218,0,120,0,120,0,0,0,0,0,0
4.47,0,120,0.00010622,0,120,0,120,0,0,0,0,0,0
4.48,0,120,0.000106222,0,120,0,120,0,0,0,0,0,0
4.49,0,120,0.000106224,0,120,0,120,0,0,0,0,0,0
4.5,0,120,0.000106226,0,120,0,120,0,0,0,0,0,0
4.51,0,120,0.000106228,0,120,0,120,0,0,0,0,0,0
4.52,0,120,0.000106229,0,120,0,120,0,0,0,0,0,0
4.53,0,120,0.000106231,0,120,0,120,0,0,0,0,0,0
4.54,0,120,0.000106233,0,120,0,120,0,0,0,0,0,0
4.55,0,120,0.000106235,0,120,0,120,0,0,0,0,0,0
4.56,0,120,0.000106237,0,120,0,120,0,0,0,0,0,0
4.57,0,120,0.000106239,0,120,0,120,0,0,0,0,0,0
4.58,0,121,0.000106241,0,121,0,121,0,0,0,0,0,0
4.59,0,121,0.000106243,0,121,0,121,0,0,0,0,0,0
4.6,0,121,0.000106245,0,121,0,121,0,0,0,0,0,0
4.61,0,121,0.000106247,0,121,0,121,0,0,0,0,0,0
4.62,0,121,0.000106249,0,121,0,121,0,0,0,0,0,0
4.63,0,121,0.000106251,0,121,0,121,0,0,0,0,0,0
4.64,0,121,0.000106253,0,121,0,121,0,0,0,0,0,0
4.65,0,121,0.000106255,0,121,0,121,0,0,0,0,0,0
4.66,0,121,0.000106257,0,121,0,121,0,0,0,0,0,0
4.67,0,121,0.000106259,0,121,0,121,0,0,0,0,0,0
4.68,0,121,0.000106261,0,121,0,121,0,0,0,0,0,0
4.69,0,121,0.000106263,0,121,0,121,0,0,0,0,0,0
4.7,0,121,0.000106265,0,121,0,121,0,0,0,0,0,0
4.71,0,121,0.000106266,0,121,0,121,0,0,0,0,0,0
4.72,0,121,0.000106268,0,121,0,121,0,0,0,0,0,0
4.73,0,121,0.00010627,0,121,0,121,0,0,0,0,0,0
4.74,0,121,0.000106272,0,121,0,121,0,0,0,0,0,0
4.75,0,121,0.000106274,0,121,0,121,0,0,0,0,0,0
4.76,0,121,0.000106276,0,121,0,121,0,0,0,0,0,0
4.77,0,121,0.000106278,0,121,0,121,0,0,0,0,0,0
4.78,0,121,0.00010628,0,121,0,121,0,0,0,0,0,0
4.79,0,121,0.000106282,0,121,0,121,0,0,0,0,0,0
4.8,0,121,0.000106284,0,121,0,121,0,0,0,0,0,0
4.81,0,121,0.000106286,0,121,0,121,0,0,0,0,0,0
4.82,0,121,0.000106288,0,121,0,121,0,0,0,0,0,0
4.83,0,121,0.00010629,0,121,0,121,0,0,0,0,0,0
4.84,0,121,0.000106292,0,121,0,121,0,0,0,0,0,0
4.85,0,121,0.000106294,0,121,0,121,0,0,0,0,0,0
4.86,0,121,0.000106296,0,121,0,121,0,0,0,0,0,0
4.87,0,121,0.000106298,0,121,0,121,0,0,0,0,0,0
4.88,0,121,0.000106299,0,121,0,121,0,0,0,0,0,0
4.89,0,121,0.000106301,0,121,0,121,0,0,0,0,0,0
4.9,0,121,0.000106303,0,121,0,121,0,0,0,0,0,0
4.91,0,121,0.000106305,0,121,0,121,0,0,0,0,0,0
4.92,0,121,0.000106307,0,121,0,121,0,0,0,0,0,0
4.93,0,121,0.000106309,0,121,0,121,0,0,0,0,0,0
4.94,0,121,0.000106311,0,121,0,121,0,0,0,0,0,0
4.95,0,121,0.000106313,0,121,0,121,0,0,0,0,0,0
4.96,0,121,0.000106315,0,121,0,121,0,0,0,0,0,0
4.97,0,121,0.000106317,0,121,0,121,0,0,0,0,0,0
4.98,0,121,0.000106319,0,121,0,121,0,0,0,0,0,0
4.99,0,121,0.000106321,0,121,0,121,0,0,0,0,0,0
5,0,121,0.000106323,0,121,0,121,0,0,0,0,0,0
5.01,0,121,0.000106325,0,121,0,121,0,0,0,0,0,0
5.02,0,121,0.000106327,0,121,0,121,0,0,0,0,0,0
5.03,0,121,0.000106329,0,121,0,121,0,0,0,0,0,0
5.04,0,121,0.00010633,0,121,0,121,0,0,0,0,0,0
5.05,0,121,0.000106332,0,121,0,121,0,0,0,0,0,0
5.06,0,121,0.000106334,0,121,0,121,0,0,0,0,0,0
5.07,0,121,0.000106336,0,121,0,121,0,0,0,0,0,0
5.08,0,121,0.000106338,0,121,0,121,0,0,0,0,0,0
5.09,0,121,0.00010634,0,121,0,121,0,0,0,0,0,0
5.1,0,121,0.000106342,0,121,0,121,0,0,0,0,0,0
5.11,0,121,0.000106344,0,121,0,121,0,0,0,0,0,0
5.12,0,121,0.000106346,0,121,0,121,0,0,0,0,0,0
5.13,0,121,0.000106348,0,121,0,121,0,0,0,0,0,0
5.14,0,121,0.00010635,0,121,0,121,0,0,0,0,0,0
5.15,0,121,0.000106352,0,121,0,121,0,0,0,0,0,0
5.16,0,121,0.000106354,0,121,0,121,0,0,0,0,0,0
5.17,0,121,0.000106356,0,121,0,121,0,0,0,0,0,0
5.18,0,121,0.000106358,0,121,0,121,0,0,0,0,0,0
5.19,0,121,0.00010636,0,121,0,121,0,0,0,0,0,0
5.2,0,121,0.000106361,0,121,0,121,0,0,0,0,0,0
5.21,0,121,0.000106363,0,121,0,121,0,0,0,0,0,0
5.22,0,121,0.000106365,0,121,0,121,0,0,0,0,0,0
5.23,0,121,0.000106367,0,121,0,121,0,0,0,0,0,0
5.24,0,122,0.000106369,0,122,0,122,0,0,0,0,0,0
5.25,0,122,0.000106371,0,122,0,122,0,0,0,0,0,0
5.26,0,122,0.000106373,0,122,0,122,0,0,0,0,0,0
5.27,0,122,0.000106375,0,122,0,122,0,0,0,0,0,0
5.28,0,122,0.000106377,0,122,0,122,0,0,0,0,0,0
5.29,0,122,0.000106379,0,122,0,122,0,0,0,0,0,0
5.3,0,122,0.000106381,0,122,0,122,0,0,0,0,0,0
5.31,0,122,0.000106383,0,122,0,122,0,0,0,0,0,0
5.32,0,122,0.000106385,0,122,0,122,0,0,0,0,0,0
5.33,0,122,0.000106387,0,122,0,122,0,0,0,0,0,0
5.34,0,123,0.000106389,0,123,0,123,0,0,0,0,0,0
5.35,0,123,0.00010639,0,123,0,123,0,0,0,0,0,0
5.36,0,123,0.000106392,0,123,0,123,0,0,0,0,0,0
5.37,0,123,0.000106394,0,123,0,123,0,0,0,0,0,0
5.38,0,123,0.000106396,0,123,0,123,0,0,0,0,0,0
5.39,0,123,0.000106398,0,123,0,123,0,0,0,0,0,0
5.4,0,123,0.0001064,0,123,0,123,0,0,0,0,0,0
5.41,0,123,0.000106402,0,123,0,123,0,0,0,0,0,0
5.42,0,123,0.000106404,0,123,0,123,0,0,0,0,0,0
5.43,0,123,0.000106406,0,123,0,123,0,0,0,0,0,0
5.44,0,124,0.000106408,0,124,0,124,0,0,0,0,0,0
5.45,0,124,0.00010641,0,124,0,124,0,0,0,0,0,0
5.46,0,124,0.000106412,0,124,0,124,0,0,0,0,0,0
5.47,0,124,0.000106414,0,124,0,124,0,0,0,0,0,0
5.48,0,124,0.000106416,0,124,0,124,0,0,0,0,0,0
5.49,0,124,0.000106418,0,124,0,124,0,0,0,0,0,0
5.5,0,124,0.00010642,0,124,0,124,0,0,0,0,0,0
5.51,0,124,0.000106421,0,124,0,124,0,0,0,0,0,0
5.52,0,124,0.000106423,0,124,0,124,0,0,0,0,0,0
5.53,0,124,0.000106425,0,124,0,124,0,0,0,0,0,0
5.54,0,124,0.000106427,0,124,0,124,0,0,0,0,0,0
5.55,0,124,0.000106429,0,124,0,124,0,0,0,0,0,0
5.56,0,124,0.000106431,0,124,0,124,0,0,0,0,0,0
5.57,0,124,0.000106433,0,124,0,124,0,0,0,0,0,0
5.58,0,124,0.000106435,0,124,0,124,0,0,0,0,0,0
5.59,0,124,0.000106437,0,124,0,124,0,0,0,0,0,0
5.6,0,124,0.000106439,0,124,0,124,0,0,0,0,0,0
5.61,0,124,0.000106441,0,124,0,124,0,0,0,0,0,0
5.62,0,124,0.000106443,0,124,0,124,0,0,0,0,0,0
5.63,0,124,0.000106445,0,124,0,124,0,0,0,0,0,0
5.64,0,124,0.000106447,0,124,0,124,0,0,0,0,0,0
5.65,0,124,0.000106449,0,124,0,124,0,0,0,0,0,0
5.66,0,124,0.000106451,0,124,0,124,0,0,0,0,0,0
5.67,0,124,0.000106452,0,124,0,124,0,0,0,0,0,0
5.68,0,124,0.000106454,0,124,0,124,0,0,0,0,0,0
5.69,0,124,0.000106456,0,124,0,124,0,0,0,0,0,0
5.7,0,124,0.000106458,0,124,0,124,0,0,0,0,0,0
5.71,0,124,0.00010646,0,124,0,124,0,0,0,0,0,0
5.72,0,124,0.000106462,0,124,0,124,0,0,0,0,0,0
5.73,0,124,0.000106464,0,124,0,124,0,0,0,0,0,0
5.74,0,124,0.000106466,0,124,0,124,0,0,0,0,0,0
5.75,0,125,0.000106468,0,125,0,125,0,0,0,0,0,0
5.76,0,125,0.00010647,0,125,0,125,0,0,0,0,0,0
5.77,0,125,0.000106472,0,125,0,125,0,0,0,0,0,0
5.78,0,125,0.000106474,0,125,0,125,0,0,0,0,0,0
5.79,0,125,0.000106476,0,125,0,125,0,0,0,0,0,0
5.8,0,125,0.000106478,0,125,0,125,0,0,0,0,0,0
5.81,0,125,0.00010648,0,125,0,125,0,0,0,0,0,0
5.82,0,125,0.000106482,0,125,0,125,0,0,0,0,0,0
5.83,0,125,0.000106484,0,125,0,125,0,0,0,0,0,0
5.84,0,125,0.000106486,0,125,0,125,0,0,0,0,0,0
5.85,0,125,0.000106488,0,125,0,125,0,0,0,0,0,0
5.86,0,125,0.00010649,0,125,0,125,0,0,0,0,0,0
5.87,0,125,0.000106492,0,125,0,125,0,0,0,0,0,0
5.88,0,125,0.000106494,0,125,0,125,0,0,0,0,0,0
5.89,0,125,0.000106496,0,125,0,125,0,0,0,0,0,0
5.9,0,125,0.000106498,0,125,0,125,0,0,0,0,0,0
5.91,0,125,0.0001065,0,125,0,125,0,0,0,0,0,0
5.92,0,125,0.000106502,0,125,0,125,0,0,0,0,0,0
5.93,0,125,0.000106504,0,125,0,125,0,0,0,0,0,0
5.94,0,125,0.000106506,0,125,0,125,0,0,0,0,0,0
5.95,0,125,0.000106508,0,125,0,125,0,0,0,0,0,0
5.96,0,125,0.00010651,0,125,0,125,0,0,0,0,0,0
5.97,0,125,0.000106512,0,125,0,125,0,0,0,0,0,0
5.98,0,125,0.000106514,0,125,0,125,0,0,0,0,0,0
5.99,0,125,0.000106516,0,125,0,125,0,0,0,0,0,0
6,0,126,0.000106518,0,126,0,126,0,0,0,0,0,0
6.01,0,126,0.00010652,0,126,0,126,0,0,0,0,0,0
6.02,0,126,0.000106522,0,126,0,126,0,0,0,0,0,0
6.03,0,126,0.000106524,0,126,0,126,0,0,0,0,0,0
6.04,0,126,0.000106526,0,126,0,126,0,0,0,0,0,0
6.05,0,126,0.000106528,0,126,0,126,0,0,0,0,0,0
6.06,0,126,0.00010653,0,126,0,126,0,0,0,0,0,0
6.07,0,126,0.000106532,0,126,0,126,0,0,0,0,0,0
6.08,0,126,0.000106534,0,126,0,126,0,0,0,0,0,0
6.09,0,126,0.000106536,0,126,0,126,0,0,0,0,0,0
6.1,0,126,0.000106538,0,126,0,126,0,0,0,0,0,0
6.11,0,126,0.00010654,0,126,0,126,0,0,0,0,0,0
6.12,0,126,0.000106542,0,126,0,126,0,0,0,0,0,0
6.13,0,126,0.000106544,0,126,0,126,0,0,0,0,0,0
6.14,0,126,0.000106546,0,126,0,126,0,0,0,0,0,0
6.15,0,126,0.000106548,0,126,0,126,0,0,0,0,0,0
6.16,0,126,0.00010655,0,126,0,126,0,0,0,0,0,0
6.17,0,126,0.000106552,0,126,0,126,0,0,0,0,0,0
6.18,0,126,0.000106554,0,126,0,126,0,0,0,0,0,0
6.19,0,126,0.000106556,0,126,0,126,0,0,0,0,0,0
6.2,0,126,0.000106559,0,126,0,126,0,0,0,0,0,0
6.21,0,126,0.000106561,0,126,0,126,0,0,0,0,0,0
6.22,0,126,0.000106563,0,126,0,126,0,0,0,0,0,0
6.23,0,126,0.000106565,0,126,0,126,0,0,0,0,0,0
6.24,0,126,0.000106567,0,126,0,126,0,0,0,0,0,0
6.25,0,126,0.000106569,0,126,0,126,0,0,0,0,0,0
6.26,0,126,0.000106571,0,126,0,126,0,0,0,0,0,0
6.27,0,126,0.000106573,0,126,0,126,0,0,0,0,0,0
6.28,0,126,0.000106575,0,126,0,126,0,0,0,0,0,0
6.29,0,127,0.000106577,0,127,0,127,0,0,0,0,0,0
6.3,0,127,0.000106579,0,127,0,127,0,0,0,0,0,0
6.31,0,127,0.000106581,0,127,0,127,0,0,0,0,0,0
6.32,0,127,0.000106583,0,127,0,127,0,0,0,0,0,0
6.33,0,127,0.000106585,0,127,0,127,0,0,0,0,0,0
6.34,0,127,0.000106587,0,127,0,127,0,0,0,0,0,0
6.35,0,127,0.000106589,0,127,0,127,0,0,0,0,0,0
6.36,0,127,0.000106591,0,127,0,127,0,0,0,0,0,0
6.37,0,127,0.000106593,0,127,0,127,0,0,0,0,0,0
6.38,0,127,0.000106595,0,127,0,127,0,0,0,0,0,0
6.39,0,127,0.000106597,0,127,0,127,0,0,0,0,0,0
6.4,0,127,0.000106599,0,127,0,127,0,0,0,0,0,0
6.41,0,127,0.000106602,0,127,0,127,0,0,0,0,0,0
6.42,0,127,0.000106604,0,127,0,127,0,0,0,0,0,0
6.43,0,127,0.000106606,0,127,0,127,0,0,0,0,0,0
6.44,0,127,0.000106608,0,127,0,127,0,0,0,0,0,0
6.45,0,127,0.00010661,0,127,0,127,0,0,0,0,0,0
6.46,0,127,0.000106612,0,127,0,127,0,0,0,0,0,0
6.47,0,127,0.000106614,0,127,0,127,0,0,0,0,0,0
6.48,0,127,0.000106616,0,127,0,127,0,0,0,0,0,0
6.49,0,127,0.000106618,0,127,0,127,0,0,0,0,0,0
6.5,0,127,0.00010662,0,127,0,127,0,0,0,0,0,0
6.51,0,127,0.000106622,0,127,0,127,0,0,0,0,0,0
6.52,0,127,0.000106624,0,127,0,127,0,0,0,0,0,0
6.53,0,127,0.000106626,0,127,0,127,0,0,0,0,0,0
6.54,0,127,0.000106628,0,127,0,127,0,0,0,0,0,0
6.55,0,127,0.00010663,0,127,0,127,0,0,0,0,0,0
6.56,0,127,0.000106632,0,127,0,127,0,0,0,0,0,0
6.57,0,127,0.000106634,0,127,0,127,0,0,0,0,0,0
6.58,0,127,0.000106636,0,127,0,127,0,0,0,0,0,0
6.59,0,127,0.000106638,0,127,0,127,0,0,0,0,0,0
6.6,0,127,0.00010664,0,127,0,127,0,0,0,0,0,0
6.61,0,127,0.000106642,0,127,0,127,0,0,0,0,0,0
6.62,0,127,0.000106645,0,127,0,127,0,0,0,0,0,0
6.63,0,127,0.000106647,0,127,0,127,0,0,0,0,0,0
6.64,0,127,0.000106649,0,127,0,127,0,0,0,0,0,0
6.65,0,127,0.000106651,0,127,0,127,0,0,0,0,0,0
6.66,0,127,0.000106653,0,127,0,127,0,0,0,0,0,0
6.67,0,127,0.000106655,0,127,0,127,0,0,0,0,0,0
6.68,0,127,0.000106657,0,127,0,127,0,0,0,0,0,0
6.69,0,127,0.000106659,0,127,0,127,0,0,0,0,0,0
6.7,0,127,0.000106661,0,127,0,127,0,0,0,0,0,0
6.71,0,127,0.000106663,0,127,0,127,0,0,0,0,0,0
6.72,0,127,0.000106665,0,127,0,127,0,0,0,0,0,0
6.73,0,127,0.000106667,0,127,0,127,0,0,0,0,0,0
6.74,0,127,0.000106669,0,127,0,127,0,0,0,0,0,0
6.75,0,127,0.000106671,0,127,0,127,0,0,0,0,0,0
6.76,0,127,0.000106673,0,127,0,127,0,0,0,0,0,0
6.77,0,127,0.000106675,0,127,0,127,0,0,0,0,0,0
6.78,0,127,0.000106677,0,127,0,127,0,0,0,0,0,0
6.79,0,127,0.000106679,0,127,0,127,0,0,0,0,0,0
6.8,0,127,0.000106681,0,127,0,127,0,0,0,0,0,0
6.81,0,127,0.000106683,0,127,0,127,0,0,0,0,0,0
6.82,0,127,0.000106685,0,127,0,127,0,0,0,0,0,0
6.83,0,127,0.000106687,0,127,0,127,0,0,0,0,0,0
6.84,0,127,0.000106689,0,127,0,127,0,0,0,0,0,0
6.85,0,127,0.000106691,0,127,0,127,0,0,0,0,0,0
6.86,0,127,0.000106694,0,127,0,127,0,0,0,0,0,0
6.87,0,127,0.000106696,0,127,0,127,0,0,0,0,0,0
6.88,0,127,0.000106698,0,127,0,127,0,0,0,0,0,0
6.89,0,127,0.0001067,0,127,0,127,0,0,0,0,0,0
6.9,0,127,0.000106702,0,127,0,127,0,0,0,0,0,0
6.91,0,127,0.000106704,0,127,0,127,0,0,0,0,0,0
6.92,0,127,0.000106706,0,127,0,127,0,0,0,0,0,0
6.93,0,127,0.000106708,0,127,0,127,0,0,0,0,0,0
6.94,0,127,0.00010671,0,127,0,127,0,0,0,0,0,0
6.95,0,127,0.000106712,0,127,0,127,0,0,0,0,0,0
6.96,0,127,0.000106714,0,127,0,127,0,0,0,0,0,0
6.97,0,127,0.000106716,0,127,0,127,0,0,0,0,0,0
6.98,0,127,0.000106718,0,127,0,127,0,0,0,0,0,0
6.99,0,127,0.00010672,0,127,0,127,0,0,0,0,0,0
7,0,127,0.000106722,0,127,0,127,0,0,0,0,0,0
7.01,0,127,0.000106724,0,127,0,127,0,0,0,0,0,0
7.02,0,127,0.000106726,0,127,0,127,0,0,0,0,0,0
7.03,0,127,0.000106728,0,127,0,127,0,0,0,0,0,0
7.04,0,127,0.00010673,0,127,0,127,0,0,0,0,0,0
7.05,0,127,0.000106732,0,127,0,127,0,0,0,0,0,0
7.06,0,127,0.000106734,0,127,0,127,0,0,0,0,0,0
7.07,0,127,0.000106736,0,127,0,127,0,0,0,0,0,0
7.08,0,127,0.000106738,0,127,0,127,0,0,0,0,0,0
7.09,0,127,0.00010674,0,127,0,127,0,0,0,0,0,0
7.1,0,127,0.000106742,0,127,0,127,0,0,0,0,0,0
7.11,0,127,0.000106744,0,127,0,127,0,0,0,0,0,0
7.12,0,127,0.000106746,0,127,0,127,0,0,0,0,0,0
7.13,0,127,0.000106748,0,127,0,127,0,0,0,0,0,0
7.14,0,127,0.000106751,0,127,0,127,0,0,0,0,0,0
7.15,0,127,0.000106753,0,127,0,127,0,0,0,0,0,0
7.16,0,127,0.000106755,0,127,0,127,0,0,0,0,0,0
7.17,0,127,0.000106757,0,127,0,127,0,0,0,0,0,0
7.18,0,127,0.000106759,0,127,0,127,0,0,0,0,0,0
7.19,0,127,0.000106761,0,127,0,127,0,0,0,0,0,0
7.2,0,127,0.000106763,0,127,0,127,0,0,0,0,0,0
7.21,0,127,0.000106765,0,127,0,127,0,0,0,0,0,0
7.22,0,127,0.000106767,0,127,0,127,0,0,0,0,0,0
7.23,0,127,0.000106769,0,127,0,127,0,0,0,0,0,0
7.24,0,127,0.000106771,0,127,0,127,0,0,0,0,0,0
7.25,0,127,0.000106773,0,127,0,127,0,0,0,0,0,0
7.26,0,127,0.000106775,0,127,0,127,0,0,0,0,0,0
7.27,0,127,0.000106777,0,127,0,127,0,0,0,0,0,0
7.28,0,127,0.000106779,0,127,0,127,0,0,0,0,0,0
7.29,0,127,0.000106781,0,127,0,127,0,0,0,0,0,0
7.3,0,127,0.000106783,0,127,0,127,0,0,0,0,0,0
7.31,0,127,0.000106785,0,127,0,127,0,0,0,0,0,0
7.32,0,127,0.000106787,0,127,0,127,0,0,0,0,0,0
7.33,0,127,0.000106789,0,127,0,127,0,0,0,0,0,0
7.34,0,127,0.000106791,0,127,0,127,0,0,0,0,0,0
7.35,0,127,0.000106793,0,127,0,127,0,0,0,0,0,0
7.36,0,127,0.000106795,0,127,0,127,0,0,0,0,0,0
7.37,0,128,0.000106797,0,128,0,128,0,0,0,0,0,0
7.38,0,128,0.000106799,0,128,0,128,0,0,0,0,0,0
7.39,0,128,0.000106801,0,128,0,128,0,0,0,0,0,0
7.4,0,128,0.000106803,0,128,0,128,0,0,0,0,0,0
7.41,0,128,0.000106805,0,128,0,128,0,0,0,0,0,0
7.42,0,128,0.000106807,0,128,0,128,0,0,0,0,0,0
7.43,0,128,0.000106809,0,128,0,128,0,0,0,0,0,0
7.44,0,128,0.000106811,0,128,0,128,0,0,0,0,0,0
7.45,0,128,0.000106813,0,128,0,128,0,0,0,0,0,0
7.46,0,128,0.000106816,0,128,0,128,0,0,0,0,0,0
7.47,0,128,0.000106818,0,128,0,128,0,0,0,0,0,0
7.48,0,128,0.00010682,0,128,0,128,0,0,0,0,0,0
7.49,0,128,0.000106822,0,128,0,128,0,0,0,0,0,0
7.5,0,128,0.000106824,0,128,0,128,0,0,0,0,0,0
7.51,0,128,0.000106826,0,128,0,128,0,0,0,0,0,0
7.52,0,128,0.000106828,0,128,0,128,0,0,0,0,0,0
7.53,0,128,0.00010683,0,128,0,128,0,0,0,0,0,0
7.54,0,128,0.000106832,0,128,0,128,0,0,0,0,0,0
7.55,0,129,0.000106834,0,129,0,129,0,0,0,0,0,0
7.56,0,129,0.000106836,0,129,0,129,0,0,0,0,0,0
7.57,0,129,0.000106838,0,129,0,129,0,0,0,0,0,0
7.58,0,129,0.00010684,0,129,0,129,0,0,0,0,0,0
7.59,0,129,0.000106842,0,129,0,129,0,0,0,0,0,0
7.6,0,129,0.000106844,0,129,0,129,0,0,0,0,0,0
7.61,0,129,0.000106846,0,129,0,129,0,0,0,0,0,0
7.62,0,129,0.000106848,0,129,0,129,0,0,0,0,0,0
7.63,0,129,0.00010685,0,129,0,129,0,0,0,0,0,0
7.64,0,129,0.000106852,0,129,0,129,0,0,0,0,0,0
7.65,0,129,0.000106854,0,129,0,129,0,0,0,0,0,0
7.66,0,129,0.000106856,0,129,0,129,0,0,0,0,0,0
7.67,0,129,0.000106858,0,129,0,129,0,0,0,0,0,0
7.68,0,129,0.00010686,0,129,0,129,0,0,0,0,0,0
7.69,0,129,0.000106862,0,129,0,129,0,0,0,0,0,0
7.7,0,129,0.000106864,0,129,0,129,0,0,0,0,0,0
7.71,0,129,0.000106866,0,129,0,129,0,0,0,0,0,0
7.72,0,129,0.000106868,0,129,0,129,0,0,0,0,0,0
7.73,0,129,0.00010687,0,129,0,129,0,0,0,0,0,0
7.74,0,129,0.000106872,0,129,0,129,0,0,0,0,0,0
7.75,0,129,0.000106874,0,129,0,129,0,0,0,0,0,0
7.76,0,129,0.000106876,0,129,0,129,0,0,0,0,0,0
7.77,0,129,0.000106878,0,129,0,129,0,0,0,0,0,0
7.78,0,129,0.00010688,0,129,0,129,0,0,0,0,0,0
7.79,0,129,0.000106882,0,129,0,129,0,0,0,0,0,0
7.8,0,129,0.000106885,0,129,0,129,0,0,0,0,0,0
7.81,0,129,0.000106887,0,129,0,129,0,0,0,0,0,0
7.82,0,129,0.000106889,0,129,0,129,0,0,0,0,0,0
7.83,0,129,0.000106891,0,129,0,129,0,0,0,0,0,0
7.84,0,129,0.000106893,0,129,0,129,0,0,0,0,0,0
7.85,0,129,0.000106895,0,129,0,129,0,0,0,0,0,0
7.86,0,129,0.000106897,0,129,0,129,0,0,0,0,0,0
7.87,0,129,0.000106899,0,129,0,129,0,0,0,0,0,0
7.88,0,129,0.000106901,0,129,0,129,0,0,0,0,0,0
7.89,0,129,0.000106903,0,129,0,129,0,0,0,0,0,0
7.9,0,129,0.000106905,0,129,0,129,0,0,0,0,0,0
7.91,0,129,0.000106907,0,129,0,129,0,0,0,0,0,0
7.92,0,129,0.000106909,0,129,0,129,0,0,0,0,0,0
7.93,0,129,0.000106911,0,129,0,129,0,0,0,0,0,0
7.94,0,129,0.000106913,0,129,0,129,0,0,0,0,0,0
7.95,0,129,0.000106915,0,129,0,129,0,0,0,0,0,0
7.96,0,129,0.000106917,0,129,0,129,0,0,0,0,0,0
7.97,0,129,0.000106919,0,129,0,129,0,0,0,0,0,0
7.98,0,129,0.000106921,0,129,0,129,0,0,0,0,0,0
7.99,0,129,0.000106923,0,129,0,129,0,0,0,0,0,0
8,0,129,0.000106925,0,129,0,129,0,0,0,0,0,0
8.01,0,129,0.000106927,0,129,0,129,0,0,0,0,0,0
8.02,0,129,0.000106929,0,129,0,129,0,0,0,0,0,0
8.03,0,129,0.000106931,0,129,0,129,0,0,0,0,0,0
8.04,0,129,0.000106933,0,129,0,129,0,0,0,0,0,0
8.05,0,129,0.000106935,0,129,0,129,0,0,0,0,0,0
8.06,0,129,0.000106937,0,129,0,129,0,0,0,0,0,0
8.07,0,129,0.000106939,0,129,0,129,0,0,0,0,0,0
8.08,0,129,0.000106941,0,129,0,129,0,0,0,0,0,0
8.09,0,129,0.000106943,0,129,0,129,0,0,0,0,0,0
8.1,0,129,0.000106945,0,129,0,129,0,0,0,0,0,0
8.11,0,129,0.000106947,0,129,0,129,0,0,0,0,0,0
8.12,0,129,0.000106949,0,129,0,129,0,0,0,0,0,0
8.13,0,129,0.000106951,0,129,0,129,0,0,0,0,0,0
8.14,0,129,0.000106953,0,129,0,129,0,0,0,0,0,0
8.15,0,129,0.000106955,0,129,0,129,0,0,0,0,0,0
8.16,0,129,0.000106957,0,129,0,129,0,0,0,0,0,0
8.17,0,129,0.000106959,0,129,0,129,0,0,0,0,0,0
8.18,0,129,0.000106961,0,129,0,129,0,0,0,0,0,0
8.19,0,129,0.000106963,0,129,0,129,0,0,0,0,0,0
8.2,0,129,0.000106965,0,129,0,129,0,0,0,0,0,0
8.21,0,129,0.000106967,0,129,0,129,0,0,0,0,0,0
8.22,0,129,0.000106969,0,129,0,129,0,0,0,0,0,0
8.23,0,129,0.000106971,0,129,0,129,0,0,0,0,0,0
8.24,0,129,0.000106973,0,129,0,129,0,0,0,0,0,0
8.25,0,129,0.000106975,0,129,0,129,0,0,0,0,0,0
8.26,0,129,0.000106977,0,129,0,129,0,0,0,0,0,0
8.27,0,129,0.000106979,0,129,0,129,0,0,0,0,0,0
8.28,0,129,0.000106981,0,129,0,129,0,0,0,0,0,0
8.29,0,129,0.000106983,0,129,0,129,0,0,0,0,0,0
8.3,0,129,0.000106985,0,129,0,129,0,0,0,0,0,0
8.31,0,129,0.000106988,0,129,0,129,0,0,0,0,0,0
8.32,0,129,0.00010699,0,129,0,129,0,0,0,0,0,0
8.33,0,129,0.000106992,0,129,0,129,0,0,0,0,0,0
8.34,0,129,0.000106994,0,129,0,129,0,0,0,0,0,0
8.35,0,129,0.000106996,0,129,0,129,0,0,0,0,0,0
8.36,0,129,0.000106998,0,129,0,129,0,0,0,0,0,0
8.37,0,129,0.000107,0,129,0,129,0,0,0,0,0,0
8.38,0,129,0.000107002,0,129,0,129,0,0,0,0,0,0
8.39,0,129,0.000107004,0,129,0,129,0,0,0,0,0,0
8.4,0,129,0.000107006,0,129,0,129,0,0,0,0,0,0
8.41,0,129,0.000107008,0,129,0,129,0,0,0,0,0,0
8.42,0,129,0.00010701,0,129,0,129,0,0,0,0,0,0
8.43,0,129,0.000107012,0,129,0,129,0,0,0,0,0,0
8.44,0,129,0.000107014,0,129,0,129,0,0,0,0,0,0
8.45,0,129,0.000107016,0,129,0,129,0,0,0,0,0,0
8.46,0,129,0.000107018,0,129,0,129,0,0,0,0,0,0
8.47,0,129,0.00010702,0,129,0,129,0,0,0,0,0,0
8.48,0,129,0.000107022,0,129,0,129,0,0,0,0,0,0
8.49,0,129,0.000107024,0,129,0,129,0,0,0,0,0,0
8.5,0,129,0.000107026,0,129,0,129,0,0,0,0,0,0
8.51,0,129,0.000107028,0,129,0,129,0,0,0,0,0,0
8.52,0,129,0.00010703,0,129,0,129,0,0,0,0,0,0
8.53,0,129,0.000107032,0,129,0,129,0,0,0,0,0,0
8.54,0,129,0.000107034,0,129,0,129,0,0,0,0,0,0
8.55,0,129,0.000107036,0,129,0,129,0,0,0,0,0,0
8.56,0,129,0.000107038,0,129,0,129,0,0,0,0,0,0
8.57,0,129,0.00010704,0,129,0,129,0,0,0,0,0,0
8.58,0,129,0.000107042,0,129,0,129,0,0,0,0,0,0
8.59,0,129,0.000107044,0,129,0,129,0,0,0,0,0,0
8.6,0,129,0.000107046,0,129,0,129,0,0,0,0,0,0
8.61,0,129,0.000107048,0,129,0,129,0,0,0,0,0,0
8.62,0,129,0.00010705,0,129,0,129,0,0,0,0,0,0
8.63,0,129,0.000107052,0,129,0,129,0,0,0,0,0,0
8.64,0,129,0.000107054,0,129,0,129,0,0,0,0,0,0
8.65,0,129,0.000107056,0,129,0,129,0,0,0,0,0,0
8.66,0,129,0.000107058,0,129,0,129,0,0,0,0,0,0
8.67,0,130,0.00010706,0,130,0,130,0,0,0,0,0,0
8.68,0,130,0.000107062,0,130,0,130,0,0,0,0,0,0
8.69,0,130,0.000107064,0,130,0,130,0,0,0,0,0,0
8.7,0,130,0.000107066,0,130,0,130,0,0,0,0,0,0
8.71,0,130,0.000107068,0,130,0,130,0,0,0,0,0,0
8.72,0,130,0.00010707,0,130,0,130,0,0,0,0,0,0
8.73,0,130,0.000107072,0,130,0,130,0,0,0,0,0,0
8.74,0,130,0.000107074,0,130,0,130,0,0,0,0,0,0
8.75,0,130,0.000107076,0,130,0,130,0,0,0,0,0,0
8.76,0,130,0.000107078,0,130,0,130,0,0,0,0,0,0
8.77,0,130,0.00010708,0,130,0,130,0,0,0,0,0,0
8.78,0,130,0.000107082,0,130,0,130,0,0,0,0,0,0
8.79,0,130,0.000107084,0,130,0,130,0,0,0,0,0,0
8.8,0,130,0.000107086,0,130,0,130,0,0,0,0,0,0
8.81,0,130,0.000107088,0,130,0,130,0,0,0,0,0,0
8.82,0,130,0.00010709,0,130,0,130,0,0,0,0,0,0
8.83,0,130,0.000107092,0,130,0,130,0,0,0,0,0,0
8.84,0,130,0.000107094,0,130,0,130,0,0,0,0,0,0
8.85,0,130,0.000107096,0,130,0,130,0,0,0,0,0,0
8.86,0,130,0.000107098,0,130,0,130,0,0,0,0,0,0
8.87,0,130,0.0001071,0,130,0,130,0,0,0,0,0,0
8.88,0,130,0.000107102,0,130,0,130,0,0,0,0,0,0
8.89,0,130,0.000107104,0,130,0,130,0,0,0,0,0,0
8.9,0,130,0.000107106,0,130,0,130,0,0,0,0,0,0
8.91,0,130,0.000107108,0,130,0,130,0,0,0,0,0,0
8.92,0,130,0.00010711,0,130,0,130,0,0,0,0,0,0
8.93,0,130,0.000107112,0,130,0,130,0,0,0,0,0,0
8.94,0,130,0.000107114,0,130,0,130,0,0,0,0,0,0
8.95,0,130,0.000107116,0,130,0,130,0,0,0,0,0,0
8.96,0,130,0.000107118,0,130,0,130,0,0,0,0,0,0
8.97,0,130,0.00010712,0,130,0,130,0,0,0,0,0,0
8.98,0,130,0.000107122,0,130,0,130,0,0,0,0,0,0
8.99,0,130,0.000107124,0,130,0,130,0,0,0,0,0,0
9,0,130,0.000107126,0,130,0,130,0,0,0,0,0,0
9.01,0,130,0.000107128,0,130,0,130,0,0,0,0,0,0
9.02,0,131,0.00010713,0,131,0,131,0,0,0,0,0,0
9.03,0,131,0.000107132,0,131,0,131,0,0,0,0,0,0
9.04,0,131,0.000107134,0,131,0,131,0,0,0,0,0,0
9.05,0,131,0.000107136,0,131,0,131,0,0,0,0,0,0
9.06,0,131,0.000107138,0,131,0,131,0,0,0,0,0,0
9.07,0,131,0.00010714,0,131,0,131,0,0,0,0,0,0
9.08,0,131,0.000107142,0,131,0,131,0,0,0,0,0,0
9.09,0,131,0.000107144,0,131,0,131,0,0,0,0,0,0
9.1,0,131,0.000107146,0,131,0,131,0,0,0,0,0,0
9.11,0,131,0.000107148,0,131,0,131,0,0,0,0,0,0
9.12,0,131,0.00010715,0,131,0,131,0,0,0,0,0,0
9.13,0,131,0.000107152,0,131,0,131,0,0,0,0,0,0
9.14,0,131,0.000107154,0,131,0,131,0,0,0,0,0,0
9.15,0,131,0.000107156,0,131,0,131,0,0,0,0,0,0
9.16,0,131,0.000107158,0,131,0,131,0,0,0,0,0,0
9.17,0,131,0.00010716,0,131,0,131,0,0,0,0,0,0
9.18,0,131,0.000107162,0,131,0,131,0,0,0,0,0,0
9.19,0,131,0.000107164,0,131,0,131,0,0,0,0,0,0
9.2,0,131,0.000107166,0,131,0,131,0,0,0,0,0,0
9.21,0,131,0.000107168,0,131,0,131,0,0,0,0,0,0
9.22,0,131,0.00010717,0,131,0,131,0,0,0,0,0,0
9.23,0,131,0.000107172,0,131,0,131,0,0,0,0,0,0
9.24,0,132,0.000107174,0,132,0,132,0,0,0,0,0,0
9.25,0,132,0.000107176,0,132,0,132,0,0,0,0,0,0
9.26,0,132,0.000107178,0,132,0,132,0,0,0,0,0,0
9.27,0,132,0.00010718,0,132,0,132,0,0,0,0,0,0
9.28,0,132,0.000107182,0,132,0,132,0,0,0,0,0,0
9.29,0,132,0.000107184,0,132,0,132,0,0,0,0,0,0
9.3,0,132,0.000107186,0,132,0,132,0,0,0,0,0,0
9.31,0,132,0.000107188,0,132,0,132,0,0,0,0,0,0
9.32,0,132,0.00010719,0,132,0,132,0,0,0,0,0,0
9.33,0,132,0.000107192,0,132,0,132,0,0,0,0,0,0
9.34,0,132,0.000107194,0,132,0,132,0,0,0,0,0,0
9.35,0,132,0.000107196,0,132,0,132,0,0,0,0,0,0
9.36,0,132,0.000107198,0,132,0,132,0,0,0,0,0,0
9.37,0,132,0.0001072,0,132,0,132,0,0,0,0,0,0
9.38,0,132,0.000107202,0,132,0,132,0,0,0,0,0,0
9.39,0,132,0.000107204,0,132,0,132,0,0,0,0,0,0
9.4,0,132,0.000107206,0,132,0,132,0,0,0,0,0,0
9.41,0,132,0.000107208,0,132,0,132,0,0,0,0,0,0
9.42,0,132,0.00010721,0,132,0,132,0,0,0,0,0,0
9.43,0,132,0.000107212,0,132,0,132,0,0,0,0,0,0
9.44,0,132,0.000107214,0,132,0,132,0,0,0,0,0,0
9.45,0,132,0.000107216,0,132,0,132,0,0,0,0,0,0
9.46,0,132,0.000107218,0,132,0,132,0,0,0,0,0,0
9.47,0,132,0.00010722,0,132,0,132,0,0,0,0,0,0
9.48,0,132,0.000107222,0,132,0,132,0,0,0,0,0,0
9.49,0,132,0.000107224,0,132,0,132,0,0,0,0,0,0
9.5,0,132,0.000107226,0,132,0,132,0,0,0,0,0,0
9.51,0,132,0.000107228,0,132,0,132,0,0,0,0,0,0
9.52,0,132,0.00010723,0,132,0,132,0,0,0,0,0,0
9.53,0,132,0.000107232,0,132,0,132,0,0,0,0,0,0
9.54,0,132,0.000107234,0,132,0,132,0,0,0,0,0,0
9.55,0,132,0.000107236,0,132,0,132,0,0,0,0,0,0
9.56,0,133,0.000107238,0,133,0,133,0,0,0,0,0,0
9.57,0,133,0.00010724,0,133,0,133,0,0,0,0,0,0
9.58,0,133,0.000107242,0,133,0,133,0,0,0,0,0,0
9.59,0,133,0.000107244,0,133,0,133,0,0,0,0,0,0
9.6,0,133,0.000107246,0,133,0,133,0,0,0,0,0,0
9.61,0,133,0.000107248,0,133,0,133,0,0,0,0,0,0
9.62,0,133,0.00010725,0,133,0,133,0,0,0,0,0,0
9.63,0,133,0.000107252,0,133,0,133,0,0,0,0,0,0
9.64,0,133,0.000107254,0,133,0,133,0,0,0,0,0,0
9.65,0,133,0.000107256,0,133,0,133,0,0,0,0,0,0
9.66,0,133,0.000107258,0,133,0,133,0,0,0,0,0,0
9.67,0,133,0.00010726,0,133,0,133,0,0,0,0,0,0
9.68,0,133,0.000107262,0,133,0,133,0,0,0,0,0,0
9.69,0,133,0.000107264,0,133,0,133,0,0,0,0,0,0
9.7,0,133,0.000107266,0,133,0,133,0,0,0,0,0,0
9.71,0,133,0.000107268,0,133,0,133,0,0,0,0,0,0
9.72,0,133,0.00010727,0,133,0,133,0,0,0,0,0,0
9.73,0,133,0.000107272,0,133,0,133,0,0,0,0,0,0
9.74,0,133,0.000107274,0,133,0,133,0,0,0,0,0,0
9.75,0,133,0.000107276,0,133,0,133,0,0,0,0,0,0
9.76,0,133,0.000107278,0,133,0,133,0,0,0,0,0,0
9.77,0,133,0.00010728,0,133,0,133,0,0,0,0,0,0
9.78,0,133,0.000107282,0,133,0,133,0,0,0,0,0,0
9.79,0,133,0.000107284,0,133,0,133,0,0,0,0,0,0
9.8,0,133,0.000107286,0,133,0,133,0,0,0,0,0,0
9.81,0,133,0.000107288,0,133,0,133,0,0,0,0,0,0
9.82,0,133,0.00010729,0,133,0,133,0,0,0,0,0,0
9.83,0,133,0.000107292,0,133,0,133,0,0,0,0,0,0
9.84,0,133,0.000107294,0,133,0,133,0,0,0,0,0,0
9.85,0,133,0.000107296,0,133,0,133,0,0,0,0,0,0
9.86,0,133,0.000107298,0,133,0,133,0,0,0,0,0,0
9.87,0,133,0.0001073,0,133,0,133,0,0,0,0,0,0
9.88,0,133,0.000107302,0,133,0,133,0,0,0,0,0,0
9.89,0,133,0.000107304,0,133,0,133,0,0,0,0,0,0
9.9,0,133,0.000107306,0,133,0,133,0,0,0,0,0,0
9.91,0,133,0.000107308,0,133,0,133,0,0,0,0,0,0
9.92,0,133,0.00010731,0,133,0,133,0,0,0,0,0,0
9.93,0,133,0.000107312,0,133,0,133,0,0,0,0,0,0
9.94,0,133,0.000107314,0,133,0,133,0,0,0,0,0,0
9.95,0,133,0.000107316,0,133,0,133,0,0,0,0,0,0
9.96,0,133,0.000107318,0,133,0,133,0,0,0,0,0,0
9.97,0,133,0.00010732,0,133,0,133,0,0,0,0,0,0
9.98,0,134,0.000107322,0,134,0,134,0,0,0,0,0,0
9.99,0,134,0.000107324,0,134,0,134,0,0,0,0,0,0
10,0,134,0.000107326,0,134,0,134,0,0,0,0,0,0
10.01,0,134,0.000107328,0,134,0,134,0,0,0,0,0,0
10.02,0,134,0.00010733,0,134,0,134,0,0,0,0,0,0
10.03,0,134,0.000107332,0,134,0,134,0,0,0,0,0,0
10.04,0,134,0.000107334,0,134,0,134,0,0,0,0,0,0
10.05,0,135,0.000107336,0,135,0,135,0,0,0,0,0,0
10.06,0,135,0.000107338,0,135,0,135,0,0,0,0,0,0
10.07,0,135,0.00010734,0,135,0,135,0,0,0,0,0,0
10.08,0,135,0.000107342,0,135,0,135,0,0,0,0,0,0
10.09,0,135,0.000107344,0,135,0,135,0,0,0,0,0,0
10.1,0,135,0.000107346,0,135,0,135,0,0,0,0,0,0
10.11,0,135,0.000107348,0,135,0,135,0,0,0,0,0,0
10.12,0,135,0.00010735,0,135,0,135,0,0,0,0,0,0
10.13,0,135,0.000107352,0,135,0,135,0,0,0,0,0,0
10.14,0,135,0.000107354,0,135,0,135,0,0,0,0,0,0
10.15,0,135,0.000107356,0,135,0,135,0,0,0,0,0,0
10.16,0,135,0.000107358,0,135,0,135,0,0,0,0,0,0
10.17,0,135,0.00010736,0,135,0,135,0,0,0,0,0,0
10.18,0,135,0.000107362,0,135,0,135,0,0,0,0,0,0
10.19,0,135,0.000107364,0,135,0,135,0,0,0,0,0,0
10.2,0,135,0.000107366,0,135,0,135,0,0,0,0,0,0
10.21,0,136,0.000107368,0,136,0,136,0,0,0,0,0,0
10.22,0,136,0.00010737,0,136,0,136,0,0,0,0,0,0
10.23,0,136,0.000107372,0,136,0,136,0,0,0,0,0,0
10.24,0,136,0.000107374,0,136,0,136,0,0,0,0,0,0
10.25,0,136,0.000107376,0,136,0,136,0,0,0,0,0,0
10.26,0,136,0.000107378,0,136,0,136,0,0,0,0,0,0
10.27,0,136,0.00010738,0,136,0,136,0,0,0,0,0,0
10.28,0,136,0.000107382,0,136,0,136,0,0,0,0,0,0
10.29,0,136,0.000107384,0,136,0,136,0,0,0,0,0,0
10.3,0,136,0.000107387,0,136,0,136,0,0,0,0,0,0
10.31,0,136,0.000107389,0,136,0,136,0,0,0,0,0,0
10.32,0,136,0.000107391,0,136,0,136,0,0,0,0,0,0
10.33,0,136,0.000107393,0,136,0,136,0,0,0,0,0,0
10.34,0,136,0.000107395,0,136,0,136,0,0,0,0,0,0
10.35,0,136,0.000107397,0,136,0,136,0,0,0,0,0,0
10.36,0,136,0.000107399,0,136,0,136,0,0,0,0,0,0
10.37,0,136,0.000107401,0,136,0,136,0,0,0,0,0,0
10.38,0,136,0.000107403,0,136,0,136,0,0,0,0,0,0
10.39,0,136,0.000107405,0,136,0,136,0,0,0,0,0,0
10.4,0,136,0.000107407,0,136,0,136,0,0,0,0,0,0
10.41,0,136,0.000107409,0,136,0,136,0,0,0,0,0,0
10.42,0,136,0.000107411,0,136,0,136,0,0,0,0,0,0
10.43,0,136,0.000107413,0,136,0,136,0,0,0,0,0,0
10.44,0,136,0.000107415,0,136,0,136,0,0,0,0,0,0
10.45,0,136,0.000107417,0,136,0,136,0,0,0,0,0,0
10.46,0,136,0.000107419,0,136,0,136,0,0,0,0,0,0
10.47,0,136,0.000107421,0,136,0,136,0,0,0,0,0,0
10.48,0,136,0.000107423,0,136,0,136,0,0,0,0,0,0
10.49,0,136,0.000107425,0,136,0,136,0,0,0,0,0,0
10.5,0,137,0.000107427,0,137,0,137,0,0,0,0,0,0
10.51,0,137,0.000107429,0,137,0,137,0,0,0,0,0,0
10.52,0,137,0.000107431,0,137,0,137,0,0,0,0,0,0
10.53,0,137,0.000107433,0,137,0,137,0,0,0,0,0,0
10.54,0,137,0.000107435,0,137,0,137,0,0,0,0,0,0
10.55,0,137,0.000107437,0,137,0,137,0,0,0,0,0,0
10.56,0,137,0.000107439,0,137,0,137,0,0,0,0,0,0
10.57,0,138,0.000107441,0,138,0,138,0,0,0,0,0,0
10.58,0,138,0.000107443,0,138,0,138,0,0,0,0,0,0
10.59,0,138,0.000107445,0,138,0,138,0,0,0,0,0,0
10.6,0,139,0.000107447,0,139,0,139,0,0,0,0,0,0
10.61,0,139,0.000107449,0,139,0,139,0,0,0,0,0,0
10.62,0,139,0.000107451,0,139,0,139,0,0,0,0,0,0
10.63,0,139,0.000107453,0,139,0,139,0,0,0,0,0,0
10.64,0,139,0.000107455,0,139,0,139,0,0,0,0,0,0
10.65,0,139,0.000107457,0,139,0,139,0,0,0,0,0,0
10.66,0,139,0.000107459,0,139,0,139,0,0,0,0,0,0
10.67,0,139,0.000107462,0,139,0,139,0,0,0,0,0,0
10.68,0,139,0.000107464,0,139,0,139,0,0,0,0,0,0
10.69,0,139,0.000107466,0,139,0,139,0,0,0,0,0,0
10.7,0,139,0.000107468,0,139,0,139,0,0,0,0,0,0
10.71,0,139,0.00010747,0,139,0,139,0,0,0,0,0,0
10.72,0,139,0.000107472,0,139,0,139,0,0,0,0,0,0
10.73,0,139,0.000107474,0,139,0,139,0,0,0,0,0,0
10.74,0,140,0.000107476,0,140,0,140,0,0,0,0,0,0
10.75,0,140,0.000107478,0,140,0,140,0,0,0,0,0,0
10.76,0,140,0.00010748,0,140,0,140,0,0,0,0,0,0
10.77,0,140,0.000107482,0,140,0,140,0,0,0,0,0,0
10.78,0,140,0.000107484,0,140,0,140,0,0,0,0,0,0
10.79,0,140,0.000107486,0,140,0,140,0,0,0,0,0,0
10.8,0,140,0.000107488,0,140,0,140,0,0,0,0,0,0
10.81,0,140,0.00010749,0,140,0,140,0,0,0,0,0,0
10.82,0,140,0.000107492,0,140,0,140,0,0,0,0,0,0
10.83,0,140,0.000107494,0,140,0,140,0,0,0,0,0,0
10.84,0,140,0.000107496,0,140,0,140,0,0,0,0,0,0
10.85,0,140,0.000107498,0,140,0,140,0,0,0,0,0,0
10.86,0,140,0.000107501,0,140,0,140,0,0,0,0,0,0
10.87,0,140,0.000107503,0,140,0,140,0,0,0,0,0,0
10.88,0,140,0.000107505,0,140,0,140,0,0,0,0,0,0
10.89,0,140,0.000107507,0,140,0,140,0,0,0,0,0,0
10.9,0,141,0.000107509,0,141,0,141,0,0,0,0,0,0
10.91,0,141,0.000107511,0,141,0,141,0,0,0,0,0,0
10.92,0,141,0.000107513,0,141,0,141,0,0,0,0,0,0
10.93,0,141,0.000107515,0,141,0,141,0,0,0,0,0,0
10.94,0,141,0.000107517,0,141,0,141,0,0,0,0,0,0
10.95,0,141,0.000107519,0,141,0,141,0,0,0,0,0,0
10.96,0,141,0.000107521,0,141,0,141,0,0,0,0,0,0
10.97,0,141,0.000107523,0,141,0,141,0,0,0,0,0,0
10.98,0,141,0.000107525,0,141,0,141,0,0,0,0,0,0
10.99,0,141,0.000107527,0,141,0,141,0,0,0,0,0,0
11,0,141,0.00010753,0,141,0,141,0,0,0,0,0,0
11.01,0,141,0.000107532,0,141,0,141,0,0,0,0,0,0
11.02,0,141,0.000107534,0,141,0,141,0,0,0,0,0,0
11.03,0,141,0.000107536,0,141,0,141,0,0,0,0,0,0
11.04,0,141,0.000107538,0,141,0,141,0,0,0,0,0,0
11.05,0,141,0.00010754,0,141,0,141,0,0,0,0,0,0
11.06,0,141,0.000107542,0,141,0,141,0,0,0,0,0,0
11.07,0,141,0.000107544,0,141,0,141,0,0,0,0,0,0
11.08,0,141,0.000107546,0,141,0,141,0,0,0,0,0,0
11.09,0,141,0.000107548,0,141,0,141,0,0,0,0,0,0
11.1,0,141,0.00010755,0,141,0,141,0,0,0,0,0,0
11.11,0,141,0.000107552,0,141,0,141,0,0,0,0,0,0
11.12,0,141,0.000107554,0,141,0,141,0,0,0,0,0,0
11.13,0,141,0.000107556,0,141,0,141,0,0,0,0,0,0
11.14,0,141,0.000107559,0,141,0,141,0,0,0,0,0,0
11.15,0,141,0.000107561,0,141,0,141,0,0,0,0,0,0
11.16,0,141,0.000107563,0,141,0,141,0,0,0,0,0,0
11.17,0,141,0.000107565,0,141,0,141,0,0,0,0,0,0
11.18,0,141,0.000107567,0,141,0,141,0,0,0,0,0,0
11.19,0,141,0.000107569,0,141,0,141,0,0,0,0,0,0
11.2,0,141,0.000107571,0,141,0,141,0,0,0,0,0,0
11.21,0,141,0.000107573,0,141,0,141,0,0,0,0,0,0
11.22,0,141,0.000107575,0,141,0,141,0,0,0,0,0,0
11.23,0,141,0.000107577,0,141,0,141,0,0,0,0,0,0
11.24,0,141,0.000107579,0,141,0,141,0,0,0,0,0,0
11.25,0,141,0.000107581,0,141,0,141,0,0,0,0,0,0
11.26,0,141,0.000107583,0,141,0,141,0,0,0,0,0,0
11.27,0,141,0.000107585,0,141,0,141,0,0,0,0,0,0
11.28,0,141,0.000107588,0,141,0,141,0,0,0,0,0,0
11.29,0,141,0.00010759,0,141,0,141,0,0,0,0,0,0
11.3,0,141,0.000107592,0,141,0,141,0,0,0,0,0,0
11.31,0,141,0.000107594,0,141,0,141,0,0,0,0,0,0
11.32,0,141,0.000107596,0,141,0,141,0,0,0,0,0,0
11.33,0,141,0.000107598,0,141,0,141,0,0,0,0,0,0
11.34,0,142,0.0001076,0,142,0,142,0,0,0,0,0,0
11.35,0,142,0.000107602,0,142,0,142,0,0,0,0,0,0
11.36,0,142,0.000107604,0,142,0,142,0,0,0,0,0,0
11.37,0,142,0.000107606,0,142,0,142,0,0,0,0,0,0
11.38,0,142,0.000107608,0,142,0,142,0,0,0,0,0,0
11.39,0,142,0.00010761,0,142,0,142,0,0,0,0,0,0
11.4,0,142,0.000107612,0,142,0,142,0,0,0,0,0,0
11.41,0,142,0.000107614,0,142,0,142,0,0,0,0,0,0
11.42,0,142,0.000107616,0,142,0,142,0,0,0,0,0,0
11.43,0,142,0.000107619,0,142,0,142,0,0,0,0,0,0
11.44,0,142,0.000107621,0,142,0,142,0,0,0,0,0,0
11.45,0,142,0.000107623,0,142,0,142,0,0,0,0,0,0
11.46,0,142,0.000107625,0,142,0,142,0,0,0,0,0,0
11.47,0,142,0.000107627,0,142,0,142,0,0,0,0,0,0
11.48,0,142,0.000107629,0,142,0,142,0,0,0,0,0,0
11.49,0,142,0.000107631,0,142,0,142,0,0,0,0,0,0
11.5,0,142,0.000107633,0,142,0,142,0,0,0,0,0,0
11.51,0,142,0.000107635,0,142,0,142,0,0,0,0,0,0
11.52,0,142,0.000107637,0,142,0,142,0,0,0,0,0,0
11.53,0,142,0.000107639,0,142,0,142,0,0,0,0,0,0
11.54,0,142,0.000107641,0,142,0,142,0,0,0,0,0,0
11.55,0,142,0.000107643,0,142,0,142,0,0,0,0,0,0
11.56,0,142,0.000107645,0,142,0,142,0,0,0,0,0,0
11.57,0,142,0.000107647,0,142,0,142,0,0,0,0,0,0
11.58,0,142,0.00010765,0,142,0,142,0,0,0,0,0,0
11.59,0,142,0.000107652,0,142,0,142,0,0,0,0,0,0
11.6,0,142,0.000107654,0,142,0,142,0,0,0,0,0,0
11.61,0,142,0.000107656,0,142,0,142,0,0,0,0,0,0
11.62,0,142,0.000107658,0,142,0,142,0,0,0,0,0,0
11.63,0,142,0.00010766,0,142,0,142,0,0,0,0,0,0
11.64,0,142,0.000107662,0,142,0,142,0,0,0,0,0,0
11.65,0,142,0.000107664,0,142,0,142,0,0,0,0,0,0
11.66,0,142,0.000107666,0,142,0,142,0,0,0,0,0,0
11.67,0,142,0.000107668,0,142,0,142,0,0,0,0,0,0
11.68,0,143,0.00010767,0,143,0,143,0,0,0,0,0,0
11.69,0,143,0.000107672,0,143,0,143,0,0,0,0,0,0
11.7,0,144,0.000107674,0,144,0,144,0,0,0,0,0,0
11.71,0,144,0.000107676,0,144,0,144,0,0,0,0,0,0
11.72,0,144,0.000107678,0,144,0,144,0,0,0,0,0,0
11.73,0,144,0.00010768,0,144,0,144,0,0,0,0,0,0
11.74,0,144,0.000107683,0,144,0,144,0,0,0,0,0,0
11.75,0,144,0.000107685,0,144,0,144,0,0,0,0,0,0
11.76,0,144,0.000107687,0,144,0,144,0,0,0,0,0,0
11.77,0,144,0.000107689,0,144,0,144,0,0,0,0,0,0
11.78,0,144,0.000107691,0,144,0,144,0,0,0,0,0,0
11.79,0,144,0.000107693,0,144,0,144,0,0,0,0,0,0
11.8,0,144,0.000107695,0,144,0,144,0,0,0,0,0,0
11.81,0,144,0.000107697,0,144,0,144,0,0,0,0,0,0
11.82,0,144,0.000107699,0,144,0,144,0,0,0,0,0,0
11.83,0,144,0.000107701,0,144,0,144,0,0,0,0,0,0
11.84,0,144,0.000107703,0,144,0,144,0,0,0,0,0,0
11.85,0,144,0.000107705,0,144,0,144,0,0,0,0,0,0
11.86,0,144,0.000107708,0,144,0,144,0,0,0,0,0,0
11.87,0,144,0.00010771,0,144,0,144,0,0,0,0,0,0
11.88,0,144,0.000107712,0,144,0,144,0,0,0,0,0,0
11.89,0,144,0.000107714,0,144,0,144,0,0,0,0,0,0
11.9,0,144,0.000107716,0,144,0,144,0,0,0,0,0,0
11.91,0,144,0.000107718,0,144,0,144,0,0,0,0,0,0
11.92,0,144,0.00010772,0,144,0,144,0,0,0,0,0,0
11.93,0,144,0.000107722,0,144,0,144,0,0,0,0,0,0
11.94,0,145,0.000107724,0,145,0,145,0,0,0,0,0,0
11.95,0,145,0.000107726,0,145,0,145,0,0,0,0,0,0
11.96,0,145,0.000107728,0,145,0,145,0,0,0,0,0,0
11.97,0,145,0.00010773,0,145,0,145,0,0,0,0,0,0
11.98,0,145,0.000107732,0,145,0,145,0,0,0,0,0,0
11.99,0,145,0.000107734,0,145,0,145,0,0,0,0,0,0
12,0,145,0.000107737,0,145,0,145,0,0,0,0,0,0
12.01,0,145,0.000107739,0,145,0,145,0,0,0,0,0,0
12.02,0,146,0.000107741,0,146,0,146,0,0,0,0,0,0
12.03,0,146,0.000107743,0,146,0,146,0,0,0,0,0,0
12.04,0,146,0.000107745,0,146,0,146,0,0,0,0,0,0
12.05,0,146,0.000107747,0,146,0,146,0,0,0,0,0,0
12.06,0,147,0.000107749,0,147,0,147,0,0,0,0,0,0
12.07,0,147,0.000107751,0,147,0,147,0,0,0,0,0,0
12.08,0,147,0.000107753,0,147,0,147,0,0,0,0,0,0
12.09,0,147,0.000107755,0,147,0,147,0,0,0,0,0,0
12.1,0,147,0.000107757,0,147,0,147,0,0,0,0,0,0
12.11,0,147,0.000107759,0,147,0,147,0,0,0,0,0,0
12.12,0,147,0.000107762,0,147,0,147,0,0,0,0,0,0
12.13,0,147,0.000107764,0,147,0,147,0,0,0,0,0,0
12.14,0,147,0.000107766,0,147,0,147,0,0,0,0,0,0
12.15,0,147,0.000107768,0,147,0,147,0,0,0,0,0,0
12.16,0,147,0.00010777,0,147,0,147,0,0,0,0,0,0
12.17,0,147,0.000107772,0,147,0,147,0,0,0,0,0,0
12.18,0,147,0.000107774,0,147,0,147,0,0,0,0,0,0
12.19,0,147,0.000107776,0,147,0,147,0,0,0,0,0,0
12.2,0,147,0.000107778,0,147,0,147,0,0,0,0,0,0
12.21,0,147,0.00010778,0,147,0,147,0,0,0,0,0,0
12.22,0,147,0.000107782,0,147,0,147,0,0,0,0,0,0
12.23,0,147,0.000107784,0,147,0,147,0,0,0,0,0,0
12.24,0,147,0.000107787,0,147,0,147,0,0,0,0,0,0
12.25,0,147,0.000107789,0,147,0,147,0,0,0,0,0,0
12.26,0,147,0.000107791,0,147,0,147,0,0,0,0,0,0
12.27,0,148,0.000107793,0,148,0,148,0,0,0,0,0,0
12.28,0,148,0.000107795,0,148,0,148,0,0,0,0,0,0
12.29,0,148,0.000107797,0,148,0,148,0,0,0,0,0,0
12.3,0,148,0.000107799,0,148,0,148,0,0,0,0,0,0
12.31,0,148,0.000107801,0,148,0,148,0,0,0,0,0,0
12.32,0,148,0.000107803,0,148,0,148,0,0,0,0,0,0
12.33,0,148,0.000107805,0,148,0,148,0,0,0,0,0,0
12.34,0,148,0.000107807,0,148,0,148,0,0,0,0,0,0
12.35,0,148,0.00010781,0,148,0,148,0,0,0,0,0,0
12.36,0,148,0.000107812,0,148,0,148,0,0,0,0,0,0
12.37,0,148,0.000107814,0,148,0,148,0,0,0,0,0,0
12.38,0,148,0.000107816,0,148,0,148,0,0,0,0,0,0
12.39,0,148,0.000107818,0,148,0,148,0,0,0,0,0,0
12.4,0,149,0.00010782,0,149,0,149,0,0,0,0,0,0
12.41,0,149,0.000107822,0,149,0,149,0,0,0,0,0,0
12.42,0,149,0.000107824,0,149,0,149,0,0,0,0,0,0
12.43,0,149,0.000107826,0,149,0,149,0,0,0,0,0,0
12.44,0,149,0.000107828,0,149,0,149,0,0,0,0,0,0
12.45,0,150,0.00010783,0,150,0,150,0,0,0,0,0,0
12.46,0,150,0.000107832,0,150,0,150,0,0,0,0,0,0
12.47,0,150,0.000107835,0,150,0,150,0,0,0,0,0,0
12.48,0,150,0.000107837,0,150,0,150,0,0,0,0,0,0
12.49,0,150,0.000107839,0,150,0,150,0,0,0,0,0,0
12.5,0,150,0.000107841,0,150,0,150,0,0,0,0,0,0
12.51,0,150,0.000107843,0,150,0,150,0,0,0,0,0,0
12.52,0,150,0.000107845,0,150,0,150,0,0,0,0,0,0
12.53,0,150,0.000107847,0,150,0,150,0,0,0,0,0,0
12.54,0,150,0.000107849,0,150,0,150,0,0,0,0,0,0
12.55,0,150,0.000107851,0,150,0,150,0,0,0,0,0,0
12.56,0,150,0.000107853,0,150,0,150,0,0,0,0,0,0
12.57,0,150,0.000107855,0,150,0,150,0,0,0,0,0,0
12.58,0,150,0.000107857,0,150,0,150,0,0,0,0,0,0
12.59,0,150,0.000107859,0,150,0,150,0,0,0,0,0,0
12.6,0,150,0.000107862,0,150,0,150,0,0,0,0,0,0
12.61,0,150,0.000107864,0,150,0,150,0,0,0,0,0,0
12.62,0,150,0.000107866,0,150,0,150,0,0,0,0,0,0
12.63,0,150,0.000107868,0,150,0,150,0,0,0,0,0,0
12.64,0,150,0.00010787,0,150,0,150,0,0,0,0,0,0
12.65,0,150,0.000107872,0,150,0,150,0,0,0,0,0,0
12.66,0,150,0.000107874,0,150,0,150,0,0,0,0,0,0
12.67,0,150,0.000107876,0,150,0,150,0,0,0,0,0,0
12.68,0,150,0.000107878,0,150,0,150,0,0,0,0,0,0
12.69,0,150,0.00010788,0,150,0,150,0,0,0,0,0,0
12.7,0,150,0.000107882,0,150,0,150,0,0,0,0,0,0
12.71,0,150,0.000107884,0,150,0,150,0,0,0,0,0,0
12.72,0,150,0.000107887,0,150,0,150,0,0,0,0,0,0
12.73,0,150,0.000107889,0,150,0,150,0,0,0,0,0,0
12.74,0,150,0.000107891,0,150,0,150,0,0,0,0,0,0
12.75,0,151,0.000107893,0,151,0,151,0,0,0,0,0,0
12.76,0,151,0.000107895,0,151,0,151,0,0,0,0,0,0
12.77,0,151,0.000107897,0,151,0,151,0,0,0,0,0,0
12.78,0,151,0.000107899,0,151,0,151,0,0,0,0,0,0
12.79,0,151,0.000107901,0,151,0,151,0,0,0,0,0,0
12.8,0,151,0.000107903,0,151,0,151,0,0,0,0,0,0
12.81,0,151,0.000107905,0,151,0,151,0,0,0,0,0,0
12.82,0,151,0.000107907,0,151,0,151,0,0,0,0,0,0
12.83,0,151,0.000107909,0,151,0,151,0,0,0,0,0,0
12.84,0,151,0.000107912,0,151,0,151,0,0,0,0,0,0
12.85,0,151,0.000107914,0,151,0,151,0,0,0,0,0,0
12.86,0,151,0.000107916,0,151,0,151,0,0,0,0,0,0
12.87,0,151,0.000107918,0,151,0,151,0,0,0,0,0,0
12.88,0,151,0.00010792,0,151,0,151,0,0,0,0,0,0
12.89,0,151,0.000107922,0,151,0,151,0,0,0,0,0,0
12.9,0,151,0.000107924,0,151,0,151,0,0,0,0,0,0
12.91,0,151,0.000107926,0,151,0,151,0,0,0,0,0,0
12.92,0,152,0.000107928,0,152,0,152,0,0,0,0,0,0
12.93,0,152,0.00010793,0,152,0,152,0,0,0,0,0,0
12.94,0,152,0.000107932,0,152,0,152,0,0,0,0,0,0
12.95,0,152,0.000107935,0,152,0,152,0,0,0,0,0,0
12.96,0,152,0.000107937,0,152,0,152,0,0,0,0,0,0
12.97,0,152,0.000107939,0,152,0,152,0,0,0,0,0,0
12.98,0,152,0.000107941,0,152,0,152,0,0,0,0,0,0
12.99,0,152,0.000107943,0,152,0,152,0,0,0,0,0,0
13,0,152,0.000107945,0,152,0,152,0,0,0,0,0,0
13.01,0,152,0.000107947,0,152,0,152,0,0,0,0,0,0
13.02,0,152,0.000107949,0,152,0,152,0,0,0,0,0,0
13.03,0,152,0.000107952,0,152,0,152,0,0,0,0,0,0
13.04,0,152,0.000107954,0,152,0,152,0,0,0,0,0,0
13.05,0,152,0.000107956,0,152,0,152,0,0,0,0,0,0
13.06,0,152,0.000107958,0,152,0,152,0,0,0,0,0,0
13.07,0,152,0.00010796,0,152,0,152,0,0,0,0,0,0
13.08,0,152,0.000107962,0,152,0,152,0,0,0,0,0,0
13.09,0,152,0.000107964,0,152,0,152,0,0,0,0,0,0
13.1,0,152,0.000107966,0,152,0,152,0,0,0,0,0,0
13.11,0,152,0.000107969,0,152,0,152,0,0,0,0,0,0
13.12,0,152,0.000107971,0,152,0,152,0,0,0,0,0,0
13.13,0,152,0.000107973,0,152,0,152,0,0,0,0,0,0
13.14,0,152,0.000107975,0,152,0,152,0,0,0,0,0,0
13.15,0,152,0.000107977,0,152,0,152,0,0,0,0,0,0
13.16,0,152,0.000107979,0,152,0,152,0,0,0,0,0,0
13.17,0,152,0.000107981,0,152,0,152,0,0,0,0,0,0
13.18,0,152,0.000107983,0,152,0,152,0,0,0,0,0,0
13.19,0,152,0.000107986,0,152,0,152,0,0,0,0,0,0
13.2,0,152,0.000107988,0,152,0,152,0,0,0,0,0,0
13.21,0,152,0.00010799,0,152,0,152,0,0,0,0,0,0
13.22,0,152,0.000107992,0,152,0,152,0,0,0,0,0,0
13.23,0,152,0.000107994,0,152,0,152,0,0,0,0,0,0
13.24,0,152,0.000107996,0,152,0,152,0,0,0,0,0,0
13.25,0,152,0.000107998,0,152,0,152,0,0,0,0,0,0
13.26,0,152,0.000108,0,152,0,152,0,0,0,0,0,0
13.27,0,152,0.000108003,0,152,0,152,0,0,0,0,0,0
13.28,0,152,0.000108005,0,152,0,152,0,0,0,0,0,0
13.29,0,152,0.000108007,0,152,0,152,0,0,0,0,0,0
13.3,0,152,0.000108009,0,152,0,152,0,0,0,0,0,0
13.31,0,152,0.000108011,0,152,0,152,0,0,0,0,0,0
13.32,0,152,0.000108013,0,152,0,152,0,0,0,0,0,0
13.33,0,152,0.000108015,0,152,0,152,0,0,0,0,0,0
13.34,0,152,0.000108017,0,152,0,152,0,0,0,0,0,0
13.35,0,152,0.00010802,0,152,0,152,0,0,0,0,0,0
13.36,0,152,0.000108022,0,152,0,152,0,0,0,0,0,0
13.37,0,152,0.000108024,0,152,0,152,0,0,0,0,0,0
13.38,0,152,0.000108026,0,152,0,152,0,0,0,0,0,0
13.39,0,152,0.000108028,0,152,0,152,0,0,0,0,0,0
13.4,0,153,0.00010803,0,153,0,153,0,0,0,0,0,0
13.41,0,153,0.000108032,0,153,0,153,0,0,0,0,0,0
13.42,0,153,0.000108034,0,153,0,153,0,0,0,0,0,0
13.43,0,153,0.000108037,0,153,0,153,0,0,0,0,0,0
13.44,0,153,0.000108039,0,153,0,153,0,0,0,0,0,0
13.45,0,153,0.000108041,0,153,0,153,0,0,0,0,0,0
13.46,0,153,0.000108043,0,153,0,153,0,0,0,0,0,0
13.47,0,153,0.000108045,0,153,0,153,0,0,0,0,0,0
13.48,0,153,0.000108047,0,153,0,153,0,0,0,0,0,0
13.49,0,153,0.000108049,0,153,0,153,0,0,0,0,0,0
13.5,0,153,0.000108051,0,153,0,153,0,0,0,0,0,0
13.51,0,153,0.000108054,0,153,0,153,0,0,0,0,0,0
13.52,0,153,0.000108056,0,153,0,153,0,0,0,0,0,0
13.53,0,153,0.000108058,0,153,0,153,0,0,0,0,0,0
13.54,0,153,0.00010806,0,153,0,153,0,0,0,0,0,0
13.55,0,153,0.000108062,0,153,0,153,0,0,0,0,0,0
13.56,0,153,0.000108064,0,153,0,153,0,0,0,0,0,0
13.57,0,153,0.000108066,0,153,0,153,0,0,0,0,0,0
13.58,0,153,0.000108068,0,153,0,153,0,0,0,0,0,0
13.59,0,153,0.000108071,0,153,0,153,0,0,0,0,0,0
13.6,0,153,0.000108073,0,153,0,153,0,0,0,0,0,0
13.61,0,153,0.000108075,0,153,0,153,0,0,0,0,0,0
13.62,0,153,0.000108077,0,153,0,153,0,0,0,0,0,0
13.63,0,153,0.000108079,0,153,0,153,0,0,0,0,0,0
13.64,0,153,0.000108081,0,153,0,153,0,0,0,0,0,0
13.65,0,153,0.000108083,0,153,0,153,0,0,0,0,0,0
13.66,0,153,0.000108085,0,153,0,153,0,0,0,0,0,0
13.67,0,153,0.000108088,0,153,0,153,0,0,0,0,0,0
13.68,0,153,0.00010809,0,153,0,153,0,0,0,0,0,0
13.69,0,153,0.000108092,0,153,0,153,0,0,0,0,0,0
13.7,0,153,0.000108094,0,153,0,153,0,0,0,0,0,0
13.71,0,153,0.000108096,0,153,0,153,0,0,0,0,0,0
13.72,0,153,0.000108098,0,153,0,153,0,0,0,0,0,0
13.73,0,153,0.0001081,0,153,0,153,0,0,0,0,0,0
13.74,0,153,0.000108102,0,153,0,153,0,0,0,0,0,0
13.75,0,154,0.000108105,0,154,0,154,0,0,0,0,0,0
13.76,0,154,0.000108107,0,154,0,154,0,0,0,0,0,0
13.77,0,154,0.000108109,0,154,0,154,0,0,0,0,0,0
13.78,0,154,0.000108111,0,154,0,154,0,0,0,0,0,0
13.79,0,154,0.000108113,0,154,0,154,0,0,0,0,0,0
13.8,0,154,0.000108115,0,154,0,154,0,0,0,0,0,0
13.81,0,154,0.000108117,0,154,0,154,0,0,0,0,0,0
13.82,0,154,0.000108119,0,154,0,154,0,0,0,0,0,0
13.83,0,154,0.000108121,0,154,0,154,0,0,0,0,0,0
13.84,0,154,0.000108124,0,154,0,154,0,0,0,0,0,0
13.85,0,154,0.000108126,0,154,0,154,0,0,0,0,0,0
13.86,0,154,0.000108128,0,154,0,154,0,0,0,0,0,0
13.87,0,154,0.00010813,0,154,0,154,0,0,0,0,0,0
13.88,0,154,0.000108132,0,154,0,154,0,0,0,0,0,0
13.89,0,155,0.000108134,0,155,0,155,0,0,0,0,0,0
13.9,0,155,0.000108136,0,155,0,155,0,0,0,0,0,0
13.91,0,155,0.000108138,0,155,0,155,0,0,0,0,0,0
13.92,0,155,0.000108141,0,155,0,155,0,0,0,0,0,0
13.93,0,155,0.000108143,0,155,0,155,0,0,0,0,0,0
13.94,0,155,0.000108145,0,155,0,155,0,0,0,0,0,0
13.95,0,155,0.000108147,0,155,0,155,0,0,0,0,0,0
13.96,0,155,0.000108149,0,155,0,155,0,0,0,0,0,0
13.97,0,155,0.000108151,0,155,0,155,0,0,0,0,0,0
13.98,0,155,0.000108153,0,155,0,155,0,0,0,0,0,0
13.99,0,155,0.000108155,0,155,0,155,0,0,0,0,0,0
14,0,155,0.000108158,0,155,0,155,0,0,0,0,0,0
14.01,0,155,0.00010816,0,155,0,155,0,0,0,0,0,0
14.02,0,155,0.000108162,0,155,0,155,0,0,0,0,0,0
14.03,0,155,0.000108164,0,155,0,155,0,0,0,0,0,0
14.04,0,155,0.000108166,0,155,0,155,0,0,0,0,0,0
14.05,0,155,0.000108168,0,155,0,155,0,0,0,0,0,0
14.06,0,155,0.00010817,0,155,0,155,0,0,0,0,0,0
14.07,0,155,0.000108172,0,155,0,155,0,0,0,0,0,0
14.08,0,155,0.000108175,0,155,0,155,0,0,0,0,0,0
14.09,0,155,0.000108177,0,155,0,155,0,0,0,0,0,0
14.1,0,155,0.000108179,0,155,0,155,0,0,0,0,0,0
14.11,0,155,0.000108181,0,155,0,155,0,0,0,0,0,0
14.12,0,155,0.000108183,0,155,0,155,0,0,0,0,0,0
14.13,0,155,0.000108185,0,155,0,155,0,0,0,0,0,0
14.14,0,155,0.000108187,0,155,0,155,0,0,0,0,0,0
14.15,0,155,0.000108189,0,155,0,155,0,0,0,0,0,0
14.16,0,155,0.000108191,0,155,0,155,0,0,0,0,0,0
14.17,0,155,0.000108194,0,155,0,155,0,0,0,0,0,0
14.18,0,155,0.000108196,0,155,0,155,0,0,0,0,0,0
14.19,0,155,0.000108198,0,155,0,155,0,0,0,0,0,0
14.2,0,156,0.0001082,0,156,0,156,0,0,0,0,0,0
14.21,0,156,0.000108202,0,156,0,156,0,0,0,0,0,0
14.22,0,156,0.000108204,0,156,0,156,0,0,0,0,0,0
14.23,0,156,0.000108206,0,156,0,156,0,0,0,0,0,0
14.24,0,156,0.000108208,0,156,0,156,0,0,0,0,0,0
14.25,0,156,0.000108211,0,156,0,156,0,0,0,0,0,0
14.26,0,156,0.000108213,0,156,0,156,0,0,0,0,0,0
14.27,0,156,0.000108215,0,156,0,156,0,0,0,0,0,0
14.28,0,156,0.000108217,0,156,0,156,0,0,0,0,0,0
14.29,0,156,0.000108219,0,156,0,156,0,0,0,0,0,0
14.3,0,156,0.000108221,0,156,0,156,0,0,0,0,0,0
14.31,0,156,0.000108223,0,156,0,156,0,0,0,0,0,0
14.32,0,156,0.000108225,0,156,0,156,0,0,0,0,0,0
14.33,0,156,0.000108227,0,156,0,156,0,0,0,0,0,0
14.34,0,156,0.00010823,0,156,0,156,0,0,0,0,0,0
14.35,0,156,0.000108232,0,156,0,156,0,0,0,0,0,0
14.36,0,156,0.000108234,0,156,0,156,0,0,0,0,0,0
14.37,0,156,0.000108236,0,156,0,156,0,0,0,0,0,0
14.38,0,156,0.000108238,0,156,0,156,0,0,0,0,0,0
14.39,0,156,0.00010824,0,156,0,156,0,0,0,0,0,0
14.4,0,156,0.000108242,0,156,0,156,0,0,0,0,0,0
14.41,0,156,0.000108244,0,156,0,156,0,0,0,0,0,0
14.42,0,156,0.000108247,0,156,0,156,0,0,0,0,0,0
14.43,0,156,0.000108249,0,156,0,156,0,0,0,0,0,0
14.44,0,156,0.000108251,0,156,0,156,0,0,0,0,0,0
14.45,0,156,0.000108253,0,156,0,156,0,0,0,0,0,0
14.46,0,156,0.000108255,0,156,0,156,0,0,0,0,0,0
14.47,0,156,0.000108257,0,156,0,156,0,0,0,0,0,0
14.48,0,156,0.000108259,0,156,0,156,0,0,0,0,0,0
14.49,0,156,0.000108261,0,156,0,156,0,0,0,0,0,0
14.5,0,156,0.000108263,0,156,0,156,0,0,0,0,0,0
14.51,0,156,0.000108266,0,156,0,156,0,0,0,0,0,0
14.52,0,156,0.000108268,0,156,0,156,0,0,0,0,0,0
14.53,0,156,0.00010827,0,156,0,156,0,0,0,0,0,0
14.54,0,156,0.000108272,0,156,0,156,0,0,0,0,0,0
14.55,0,156,0.000108274,0,156,0,156,0,0,0,0,0,0
14.56,0,156,0.000108276,0,156,0,156,0,0,0,0,0,0
14.57,0,156,0.000108278,0,156,0,156,0,0,0,0,0,0
14.58,0,156,0.00010828,0,156,0,156,0,0,0,0,0,0
14.59,0,156,0.000108282,0,156,0,156,0,0,0,0,0,0
14.6,0,156,0.000108285,0,156,0,156,0,0,0,0,0,0
14.61,0,156,0.000108287,0,156,0,156,0,0,0,0,0,0
14.62,0,156,0.000108289,0,156,0,156,0,0,0,0,0,0
14.63,0,156,0.000108291,0,156,0,156,0,0,0,0,0,0
14.64,0,157,0.000108293,0,157,0,157,0,0,0,0,0,0
14.65,0,157,0.000108295,0,157,0,157,0,0,0,0,0,0
14.66,0,157,0.000108297,0,157,0,157,0,0,0,0,0,0
14.67,0,157,0.000108299,0,157,0,157,0,0,0,0,0,0
14.68,0,157,0.000108301,0,157,0,157,0,0,0,0,0,0
14.69,0,157,0.000108304,0,157,0,157,0,0,0,0,0,0
14.7,0,157,0.000108306,0,157,0,157,0,0,0,0,0,0
14.71,0,157,0.000108308,0,157,0,157,0,0,0,0,0,0
14.72,0,157,0.00010831,0,157,0,157,0,0,0,0,0,0
14.73,0,158,0.000108312,0,158,0,158,0,0,0,0,0,0
14.74,0,158,0.000108314,0,158,0,158,0,0,0,0,0,0
14.75,0,158,0.000108316,0,158,0,158,0,0,0,0,0,0
14.76,0,158,0.000108318,0,158,0,158,0,0,0,0,0,0
14.77,0,158,0.000108321,0,158,0,158,0,0,0,0,0,0
14.78,0,158,0.000108323,0,158,0,158,0,0,0,0,0,0
14.79,0,158,0.000108325,0,158,0,158,0,0,0,0,0,0
14.8,0,158,0.000108327,0,158,0,158,0,0,0,0,0,0
14.81,0,158,0.000108329,0,158,0,158,0,0,0,0,0,0
14.82,0,158,0.000108331,0,158,0,158,0,0,0,0,0,0
14.83,0,158,0.000108333,0,158,0,158,0,0,0,0,0,0
14.84,0,158,0.000108335,0,158,0,158,0,0,0,0,0,0
14.85,0,158,0.000108337,0,158,0,158,0,0,0,0,0,0
14.86,0,158,0.00010834,0,158,0,158,0,0,0,0,0,0
14.87,0,158,0.000108342,0,158,0,158,0,0,0,0,0,0
14.88,0,158,0.000108344,0,158,0,158,0,0,0,0,0,0
14.89,0,158,0.000108346,0,158,0,158,0,0,0,0,0,0
14.9,0,158,0.000108348,0,158,0,158,0,0,0,0,0,0
14.91,0,158,0.00010835,0,158,0,158,0,0,0,0,0,0
14.92,0,158,0.000108352,0,158,0,158,0,0,0,0,0,0
14.93,0,158,0.000108354,0,158,0,158,0,0,0,0,0,0
14.94,0,158,0.000108356,0,158,0,158,0,0,0,0,0,0
14.95,0,158,0.000108359,0,158,0,158,0,0,0,0,0,0
14.96,0,158,0.000108361,0,158,0,158,0,0,0,0,0,0
14.97,0,158,0.000108363,0,158,0,158,0,0,0,0,0,0
14.98,0,159,0.000108365,0,159,0,159,0,0,0,0,0,0
14.99,0,159,0.000108367,0,159,0,159,0,0,0,0,0,0
15,0,159,0.000108369,0,159,0,159,0,0,0,0,0,0
15.01,0,159,0.000108371,0,159,0,159,0,0,0,0,0,0
15.02,0,159,0.000108373,0,159,0,159,0,0,0,0,0,0
15.03,0,159,0.000108375,0,159,0,159,0,0,0,0,0,0
15.04,0,159,0.000108378,0,159,0,159,0,0,0,0,0,0
15.05,0,159,0.00010838,0,159,0,159,0,0,0,0,0,0
15.06,0,159,0.000108382,0,159,0,159,0,0,0,0,0,0
15.07,0,159,0.000108384,0,159,0,159,0,0,0,0,0,0
15.08,0,159,0.000108386,0,159,0,159,0,0,0,0,0,0
15.09,0,159,0.000108388,0,159,0,159,0,0,0,0,0,0
15.1,0,159,0.00010839,0,159,0,159,0,0,0,0,0,0
15.11,0,159,0.000108392,0,159,0,159,0,0,0,0,0,0
15.12,0,159,0.000108394,0,159,0,159,0,0,0,0,0,0
15.13,0,159,0.000108397,0,159,0,159,0,0,0,0,0,0
15.14,0,159,0.000108399,0,159,0,159,0,0,0,0,0,0
15.15,0,159,0.000108401,0,159,0,159,0,0,0,0,0,0
15.16,0,159,0.000108403,0,159,0,159,0,0,0,0,0,0
15.17,0,159,0.000108405,0,159,0,159,0,0,0,0,0,0
15.18,0,159,0.000108407,0,159,0,159,0,0,0,0,0,0
15.19,0,159,0.000108409,0,159,0,159,0,0,0,0,0,0
15.2,0,159,0.000108411,0,159,0,159,0,0,0,0,0,0
15.21,0,160,0.000108413,0,160,0,160,0,0,0,0,0,0
15.22,0,160,0.000108416,0,160,0,160,0,0,0,0,0,0
15.23,0,160,0.000108418,0,160,0,160,0,0,0,0,0,0
15.24,0,160,0.00010842,0,160,0,160,0,0,0,0,0,0
15.25,0,160,0.000108422,0,160,0,160,0,0,0,0,0,0
15.26,0,160,0.000108424,0,160,0,160,0,0,0,0,0,0
15.27,0,161,0.000108426,0,161,0,161,0,0,0,0,0,0
15.28,0,161,0.000108428,0,161,0,161,0,0,0,0,0,0
15.29,0,161,0.00010843,0,161,0,161,0,0,0,0,0,0
15.3,0,161,0.000108433,0,161,0,161,0,0,0,0,0,0
15.31,0,161,0.000108435,0,161,0,161,0,0,0,0,0,0
15.32,0,161,0.000108437,0,161,0,161,0,0,0,0,0,0
15.33,0,161,0.000108439,0,161,0,161,0,0,0,0,0,0
15.34,0,161,0.000108441,0,161,0,161,0,0,0,0,0,0
15.35,0,161,0.000108443,0,161,0,161,0,0,0,0,0,0
15.36,0,161,0.000108445,0,161,0,161,0,0,0,0,0,0
15.37,0,161,0.000108447,0,161,0,161,0,0,0,0,0,0
15.38,0,161,0.000108449,0,161,0,161,0,0,0,0,0,0
15.39,0,161,0.000108452,0,161,0,161,0,0,0,0,0,0
15.4,0,161,0.000108454,0,161,0,161,0,0,0,0,0,0
15.41,0,161,0.000108456,0,161,0,161,0,0,0,0,0,0
15.42,0,161,0.000108458,0,161,0,161,0,0,0,0,0,0
15.43,0,161,0.00010846,0,161,0,161,0,0,0,0,0,0
15.44,0,161,0.000108462,0,161,0,161,0,0,0,0,0,0
15.45,0,161,0.000108464,0,161,0,161,0,0,0,0,0,0
15.46,0,162,0.000112437,0,162,0,162,0,0,0,0,0,0
15.47,0,162,0.00011244,0,162,0,162,0,0,0,0,0,0
15.48,0,162,0.000112443,0,162,0,162,0,0,0,0,0,0
15.49,0,162,0.000112446,0,162,0,162,0,0,0,0,0,0
15.5,0,162,0.000112449,0,162,0,162,0,0,0,0,0,0
15.51,0,162,0.000112452,0,162,0,162,0,0,0,0,0,0
15.52,0,162,0.000112455,0,162,0,162,0,0,0,0,0,0
15.53,0,162,0.000112458,0,162,0,162,0,0,0,0,0,0
15.54,0,162,0.000112461,0,162,0,162,0,0,0,0,0,0
15.55,0,162,0.000112464,0,162,0,162,0,0,0,0,0,0
15.56,0,162,0.000112467,0,162,0,162,0,0,0,0,0,0
15.57,0,162,0.00011247,0,162,0,162,0,0,0,0,0,0
15.58,0,162,0.000112473,0,162,0,162,0,0,0,0,0,0
15.59,0,162,0.000112476,0,162,0,162,0,0,0,0,0,0
15.6,0,162,0.000112479,0,162,0,162,0,0,0,0,0,0
15.61,0,162,0.000112482,0,162,0,162,0,0,0,0,0,0
15.62,0,162,0.000112485,0,162,0,162,0,0,0,0,0,0
15.63,0,162,0.000112488,0,162,0,162,0,0,0,0,0,0
15.64,0,162,0.000112491,0,162,0,162,0,0,0,0,0,0
15.65,0,162,0.000112494,0,162,0,162,0,0,0,0,0,0
15.66,0,162,0.000112497,0,162,0,162,0,0,0,0,0,0
15.67,0,162,0.0001125,0,162,0,162,0,0,0,0,0,0
15.68,0,162,0.000112503,0,162,0,162,0,0,0,0,0,0
15.69,0,162,0.000112506,0,162,0,162,0,0,0,0,0,0
15.7,0,163,0.000112509,0,163,0,163,0,0,0,0,0,0
15.71,0,163,0.000112512,0,163,0,163,0,0,0,0,0,0
15.72,0,163,0.000112515,0,163,0,163,0,0,0,0,0,0
15.73,0,163,0.000112518,0,163,0,163,0,0,0,0,0,0
15.74,0,163,0.000112521,0,163,0,163,0,0,0,0,0,0
15.75,0,163,0.000112524,0,163,0,163,0,0,0,0,0,0
15.76,0,163,0.000112527,0,163,0,163,0,0,0,0,0,0
15.77,0,163,0.00011253,0,163,0,163,0,0,0,0,0,0
15.78,0,163,0.000112533,0,163,0,163,0,0,0,0,0,0
15.79,0,163,0.000112536,0,163,0,163,0,0,0,0,0,0
15.8,0,163,0.000112539,0,163,0,163,0,0,0,0,0,0
15.81,0,163,0.000112542,0,163,0,163,0,0,0,0,0,0
15.82,0,163,0.000112545,0,163,0,163,0,0,0,0,0,0
15.83,0,163,0.000112548,0,163,0,163,0,0,0,0,0,0
15.84,0,163,0.000112551,0,163,0,163,0,0,0,0,0,0
15.85,0,163,0.000112554,0,163,0,163,0,0,0,0,0,0
15.86,0,163,0.000112557,0,163,0,163,0,0,0,0,0,0
15.87,0,163,0.00011256,0,163,0,163,0,0,0,0,0,0
15.88,0,163,0.000112563,0,163,0,163,0,0,0,0,0,0
15.89,0,163,0.000112566,0,163,0,163,0,0,0,0,0,0
15.9,0,163,0.000112569,0,163,0,163,0,0,0,0,0,0
15.91,0,163,0.000112572,0,163,0,163,0,0,0,0,0,0
15.92,0,163,0.000112575,0,163,0,163,0,0,0,0,0,0
15.93,0,163,0.000112578,0,163,0,163,0,0,0,0,0,0
15.94,0,163,0.000112581,0,163,0,163,0,0,0,0,0,0
15.95,0,164,0.000113385,0,164,0,164,0,0,0,0,0,0
15.96,0,164,0.000113388,0,164,0,164,0,0,0,0,0,0
15.97,0,164,0.000113392,0,164,0,164,0,0,0,0,0,0
15.98,0,164,0.000113395,0,164,0,164,0,0,0,0,0,0
15.99,0,164,0.000113399,0,164,0,164,0,0,0,0,0,0
16,0,164,0.000113403,0,164,0,164,0,0,0,0,0,0
16.01,0,164,0.000113406,0,164,0,164,0,0,0,0,0,0
16.02,0,164,0.00011341,0,164,0,164,0,0,0,0,0,0
16.03,0,165,0.000113414,0,165,0,165,0,0,0,0,0,0
16.04,0,165,0.000113417,0,165,0,165,0,0,0,0,0,0
16.05,0,165,0.000113421,0,165,0,165,0,0,0,0,0,0
16.06,0,165,0.000113425,0,165,0,165,0,0,0,0,0,0
16.07,0,165,0.000113428,0,165,0,165,0,0,0,0,0,0
16.08,0,165,0.000113432,0,165,0,165,0,0,0,0,0,0
16.09,0,166,0.000113436,0,166,0,166,0,0,0,0,0,0
16.1,0,166,0.000113439,0,166,0,166,0,0,0,0,0,0
16.11,0,167,0.000113443,0,167,0,167,0,0,0,0,0,0
16.12,0,167,0.000113447,0,167,0,167,0,0,0,0,0,0
16.13,0,168,0.00011345,0,168,0,168,0,0,0,0,0,0
16.14,0,168,0.000113454,0,168,0,168,0,0,0,0,0,0
16.15,0,168,0.000113458,0,168,0,168,0,0,0,0,0,0
16.16,0,168,0.000113461,0,168,0,168,0,0,0,0,0,0
16.17,0,168,0.000113465,0,168,0,168,0,0,0,0,0,0
16.18,0,168,0.000113468,0,168,0,168,0,0,0,0,0,0
16.19,0,168,0.000113472,0,168,0,168,0,0,0,0,0,0
16.2,0,168,0.000113476,0,168,0,168,0,0,0,0,0,0
16.21,0,168,0.000113479,0,168,0,168,0,0,0,0,0,0
16.22,0,168,0.000113483,0,168,0,168,0,0,0,0,0,0
16.23,0,168,0.000113487,0,168,0,168,0,0,0,0,0,0
16.24,0,168,0.00011349,0,168,0,168,0,0,0,0,0,0
16.25,0,169,0.000113494,0,169,0,169,0,0,0,0,0,0
16.26,0,171,0.000113498,0,171,0,171,0,0,0,0,0,0
16.27,0,171,0.000113501,0,171,0,171,0,0,0,0,0,0
16.28,0,171,0.000113505,0,171,0,171,0,0,0,0,0,0
16.29,0,171,0.000113509,0,171,0,171,0,0,0,0,0,0
16.3,0,171,0.000113512,0,171,0,171,0,0,0,0,0,0
16.31,0,171,0.000113516,0,171,0,171,0,0,0,0,0,0
16.32,0,171,0.00011352,0,171,0,171,0,0,0,0,0,0
16.33,0,171,0.000113523,0,171,0,171,0,0,0,0,0,0
16.34,0,171,0.000113527,0,171,0,171,0,0,0,0,0,0
16.35,0,172,0.000113531,0,172,0,172,0,0,0,0,0,0
16.36,0,172,0.000113534,0,172,0,172,0,0,0,0,0,0
16.37,0,172,0.000113538,0,172,0,172,0,0,0,0,0,0
16.38,0,172,0.000113542,0,172,0,172,0,0,0,0,0,0
16.39,0,172,0.000113545,0,172,0,172,0,0,0,0,0,0
16.4,0,173,0.000113549,0,173,0,173,0,0,0,0,0,0
16.41,0,173,0.000113553,0,173,0,173,0,0,0,0,0,0
16.42,0,173,0.000113556,0,173,0,173,0,0,0,0,0,0
16.43,0,173,0.00011356,0,173,0,173,0,0,0,0,0,0
16.44,0,173,0.000113564,0,173,0,173,0,0,0,0,0,0
16.45,0,173,0.000113567,0,173,0,173,0,0,0,0,0,0
16.46,0,173,0.000113571,0,173,0,173,0,0,0,0,0,0
16.47,0,173,0.000113575,0,173,0,173,0,0,0,0,0,0
16.48,0,173,0.000113578,0,173,0,173,0,0,0,0,0,0
16.49,0,173,0.000113582,0,173,0,173,0,0,0,0,0,0
16.5,0,173,0.000113586,0,173,0,173,0,0,0,0,0,0
16.51,0,173,0.000113589,0,173,0,173,0,0,0,0,0,0
16.52,0,173,0.000113593,0,173,0,173,0,0,0,0,0,0
16.53,0,173,0.000113597,0,173,0,173,0,0,0,0,0,0
16.54,0,173,0.0001136,0,173,0,173,0,0,0,0,0,0
16.55,0,175,0.000113604,0,175,0,175,0,0,0,0,0,0
16.56,0,175,0.000113608,0,175,0,175,0,0,0,0,0,0
16.57,0,176,0.000113611,0,176,0,176,0,0,0,0,0,0
16.58,0,177,0.000113615,0,177,0,177,0,0,0,0,0,0
16.59,0,177,0.000113619,0,177,0,177,0,0,0,0,0,0
16.6,0,177,0.000113623,0,177,0,177,0,0,0,0,0,0
16.61,0,177,0.000113626,0,177,0,177,0,0,0,0,0,0
16.62,0,178,0.00011363,0,178,0,178,0,0,0,0,0,0
16.63,0,178,0.000113634,0,178,0,178,0,0,0,0,0,0
16.64,0,178,0.000113638,0,178,0,178,0,0,0,0,0,0
16.65,0,179,0.000113642,0,179,0,179,0,0,0,0,0,0
16.66,0,179,0.000113645,0,179,0,179,0,0,0,0,0,0
16.67,0,180,0.000113649,0,180,0,180,0,0,0,0,0,0
16.68,0,180,0.000113653,0,180,0,180,0,0,0,0,0,0
16.69,0,180,0.000113657,0,180,0,180,0,0,0,0,0,0
16.7,0,181,0.000113661,0,181,0,181,0,0,0,0,0,0
16.71,0,181,0.000113665,0,181,0,181,0,0,0,0,0,0
16.72,0,181,0.000113669,0,181,0,181,0,0,0,0,0,0
16.73,0,181,0.000113673,0,181,0,181,0,0,0,0,0,0
16.74,0,181,0.000113677,0,181,0,181,0,0,0,0,0,0
16.75,0,181,0.00011368,0,181,0,181,0,0,0,0,0,0
16.76,0,181,0.000113684,0,181,0,181,0,0,0,0,0,0
16.77,0,181,0.000113688,0,181,0,181,0,0,0,0,0,0
16.78,0,181,0.000113692,0,181,0,181,0,0,0,0,0,0
16.79,0,181,0.000113696,0,181,0,181,0,0,0,0,0,0
16.8,0,181,0.0001137,0,181,0,181,0,0,0,0,0,0
16.81,0,184,0.000113704,0,184,0,184,0,0,0,0,0,0
16.82,0,184,0.000113708,0,184,0,184,0,0,0,0,0,0
16.83,0,184,0.000113712,0,184,0,184,0,0,0,0,0,0
16.84,0,184,0.000113715,0,184,0,184,0,0,0,0,0,0
16.85,0,184,0.000113719,0,184,0,184,0,0,0,0,0,0
16.86,0,184,0.000113723,0,184,0,184,0,0,0,0,0,0
16.87,0,184,0.000113727,0,184,0,184,0,0,0,0,0,0
16.88,0,185,0.000113731,0,185,0,185,0,0,0,0,0,0
16.89,0,185,0.000113735,0,185,0,185,0,0,0,0,0,0
16.9,0,185,0.000113739,0,185,0,185,0,0,0,0,0,0
16.91,0,185,0.000113743,0,185,0,185,0,0,0,0,0,0
16.92,0,185,0.000113747,0,185,0,185,0,0,0,0,0,0
16.93,0,186,0.00011375,0,186,0,186,0,0,0,0,0,0
16.94,0,187,0.000113754,0,187,0,187,0,0,0,0,0,0
16.95,0,187,0.000113758,0,187,0,187,0,0,0,0,0,0
16.96,0,188,0.000113762,0,188,0,188,0,0,0,0,0,0
16.97,0,188,0.000113766,0,188,0,188,0,0,0,0,0,0
16.98,0,188,0.00011377,0,188,0,188,0,0,0,0,0,0
16.99,0,188,0.000113774,0,188,0,188,0,0,0,0,0,0
17,0,188,0.000113778,0,188,0,188,0,0,0,0,0,0
17.01,0,188,0.000113782,0,188,0,188,0,0,0,0,0,0
17.02,0,188,0.000113785,0,188,0,188,0,0,0,0,0,0
17.03,0,188,0.000113789,0,188,0,188,0,0,0,0,0,0
17.04,0,189,0.000113793,0,189,0,189,0,0,0,0,0,0
17.05,0,189,0.000113797,0,189,0,189,0,0,0,0,0,0
17.06,0,189,0.000113801,0,189,0,189,0,0,0,0,0,0
17.07,0,189,0.000113805,0,189,0,189,0,0,0,0,0,0
17.08,0,189,0.000113809,0,189,0,189,0,0,0,0,0,0
17.09,0,189,0.000113813,0,189,0,189,0,0,0,0,0,0
17.1,0,191,0.000113817,0,191,0,191,0,0,0,0,0,0
17.11,0,191,0.000113821,0,191,0,191,0,0,0,0,0,0
17.12,0,192,0.000113825,0,192,0,192,0,0,0,0,0,0
17.13,0,192,0.000113829,0,192,0,192,0,0,0,0,0,0
17.14,0,192,0.000113833,0,192,0,192,0,0,0,0,0,0
17.15,0,192,0.000113837,0,192,0,192,0,0,0,0,0,0
17.16,0,193,0.000113841,0,193,0,193,0,0,0,0,0,0
17.17,0,193,0.000113845,0,193,0,193,0,0,0,0,0,0
17.18,0,193,0.000113849,0,193,0,193,0,0,0,0,0,0
17.19,0,193,0.000113853,0,193,0,193,0,0,0,0,0,0
17.2,0,193,0.000113857,0,193,0,193,0,0,0,0,0,0
17.21,0,193,0.000113861,0,193,0,193,0,0,0,0,0,0
17.22,0,195,0.00012183,0,195,0,195,0,0,0,0,0,0
17.23,0,195,0.000121835,0,195,0,195,0,0,0,0,0,0
17.24,0,195,0.000121841,0,195,0,195,0,0,0,0,0,0
17.25,0,195,0.000121847,0,195,0,195,0,0,0,0,0,0
17.26,0,195,0.000121852,0,195,0,195,0,0,0,0,0,0
17.27,0,196,0.000121858,0,196,0,196,0,0,0,0,0,0
17.28,0,196,0.000121863,0,196,0,196,0,0,0,0,0,0
17.29,0,196,0.000121869,0,196,0,196,0,0,0,0,0,0
17.3,0,196,0.000121875,0,196,0,196,0,0,0,0,0,0
17.31,0,196,0.00012188,0,196,0,196,0,0,0,0,0,0
17.32,0,197,0.000121886,0,197,0,197,0,0,0,0,0,0
17.33,0,198,0.000121891,0,198,0,198,0,0,0,0,0,0
17.34,0,198,0.000121897,0,198,0,198,0,0,0,0,0,0
17.35,0,198,0.000121903,0,198,0,198,0,0,0,0,0,0
17.36,0,198,0.000121909,0,198,0,198,0,0,0,0,0,0
17.37,0,198,0.000121914,0,198,0,198,0,0,0,0,0,0
17.38,0,198,0.00012192,0,198,0,198,0,0,0,0,0,0
17.39,0,198,0.000121926,0,198,0,198,0,0,0,0,0,0
17.4,0,198,0.000121931,0,198,0,198,0,0,0,0,0,0
17.41,0,198,0.000121937,0,198,0,198,0,0,0,0,0,0
17.42,0,199,0.000122648,0,199,0,199,0,0,0,0,0,0
17.43,0,199,0.000122654,0,199,0,199,0,0,0,0,0,0
17.44,0,199,0.00012266,0,199,0,199,0,0,0,0,0,0
17.45,0,199,0.000122667,0,199,0,199,0,0,0,0,0,0
17.46,0,199,0.000122673,0,199,0,199,0,0,0,0,0,0
17.47,0,199,0.000122679,0,199,0,199,0,0,0,0,0,0
17.48,0,199,0.000122685,0,199,0,199,0,0,0,0,0,0
17.49,0,199,0.000122691,0,199,0,199,0,0,0,0,0,0
17.5,0,199,0.000122697,0,199,0,199,0,0,0,0,0,0
17.51,0,200,0.000122703,0,200,0,200,0,0,0,0,0,0
17.52,0,201,0.000122709,0,201,0,201,0,0,0,0,0,0
17.53,0,202,0.000122715,0,202,0,202,0,0,0,0,0,0
17.54,0,202,0.000122721,0,202,0,202,0,0,0,0,0,0
17.55,0,202,0.000122727,0,202,0,202,0,0,0,0,0,0
17.56,0,202,0.000122733,0,202,0,202,0,0,0,0,0,0
17.57,0,202,0.00012274,0,202,0,202,0,0,0,0,0,0
17.58,0,203,0.000122746,0,203,0,203,0,0,0,0,0,0
17.59,0,203,0.000122752,0,203,0,203,0,0,0,0,0,0
17.6,0,203,0.000122758,0,203,0,203,0,0,0,0,0,0
17.61,0,203,0.000122764,0,203,0,203,0,0,0,0,0,0
17.62,0,203,0.00012277,0,203,0,203,0,0,0,0,0,0
17.63,0,203,0.000122776,0,203,0,203,0,0,0,0,0,0
17.64,0,203,0.000122782,0,203,0,203,0,0,0,0,0,0
17.65,0,203,0.000122788,0,203,0,203,0,0,0,0,0,0
17.66,0,203,0.000122794,0,203,0,203,0,0,0,0,0,0
17.67,0,203,0.0001228,0,203,0,203,0,0,0,0,0,0
17.68,0,203,0.000122806,0,203,0,203,0,0,0,0,0,0
17.69,0,203,0.000122812,0,203,0,203,0,0,0,0,0,0
17.7,0,203,0.000122818,0,203,0,203,0,0,0,0,0,0
17.71,0,203,0.000122825,0,203,0,203,0,0,0,0,0,0
17.72,0,203,0.000122831,0,203,0,203,0,0,0,0,0,0
17.73,0,203,0.000122837,0,203,0,203,0,0,0,0,0,0
17.74,0,203,0.000122843,0,203,0,203,0,0,0,0,0,0
17.75,0,203,0.000122849,0,203,0,203,0,0,0,0,0,0
17.76,0,203,0.000122855,0,203,0,203,0,0,0,0,0,0
17.77,0,203,0.000122861,0,203,0,203,0,0,0,0,0,0
17.78,0,204,0.000122867,0,204,0,204,0,0,0,0,0,0
17.79,0,204,0.000122873,0,204,0,204,0,0,0,0,0,0
17.8,0,204,0.000122879,0,204,0,204,0,0,0,0,0,0
17.81,0,206,0.000122885,0,206,0,206,0,0,0,0,0,0
17.82,0,206,0.000122891,0,206,0,206,0,0,0,0,0,0
17.83,0,207,0.000122897,0,207,0,207,0,0,0,0,0,0
17.84,0,207,0.000122903,0,207,0,207,0,0,0,0,0,0
17.85,0,207,0.000122909,0,207,0,207,0,0,0,0,0,0
17.86,0,208,0.000122915,0,208,0,208,0,0,0,0,0,0
17.87,0,208,0.000122921,0,208,0,208,0,0,0,0,0,0
17.88,0,208,0.000122927,0,208,0,208,0,0,0,0,0,0
17.89,0,208,0.000122934,0,208,0,208,0,0,0,0,0,0
17.9,0,209,0.00012294,0,209,0,209,0,0,0,0,0,0
17.91,0,209,0.000122946,0,209,0,209,0,0,0,0,0,0
17.92,0,209,0.000122952,0,209,0,209,0,0,0,0,0,0
17.93,0,209,0.000122958,0,209,0,209,0,0,0,0,0,0
17.94,0,209,0.000122964,0,209,0,209,0,0,0,0,0,0
17.95,0,209,0.00012297,0,209,0,209,0,0,0,0,0,0
17.96,0,210,0.000122976,0,210,0,210,0,0,0,0,0,0
17.97,0,210,0.000122982,0,210,0,210,0,0,0,0,0,0
17.98,0,210,0.000122988,0,210,0,210,0,0,0,0,0,0
17.99,0,210,0.000122994,0,210,0,210,0,0,0,0,0,0
18,0,211,0.000123,0,211,0,211,0,0,0,0,0,0
18.01,0,211,0.000123006,0,211,0,211,0,0,0,0,0,0
18.02,0,211,0.000123012,0,211,0,211,0,0,0,0,0,0
18.03,0,211,0.000123019,0,211,0,211,0,0,0,0,0,0
18.04,0,211,0.000123025,0,211,0,211,0,0,0,0,0,0
18.05,0,212,0.000123031,0,212,0,212,0,0,0,0,0,0
18.06,0,212,0.000123037,0,212,0,212,0,0,0,0,0,0
18.07,0,212,0.000123043,0,212,0,212,0,0,0,0,0,0
18.08,0,212,0.000123049,0,212,0,212,0,0,0,0,0,0
18.09,0,212,0.000123055,0,212,0,212,0,0,0,0,0,0
18.1,0,212,0.000123061,0,212,0,212,0,0,0,0,0,0
18.11,0,213,0.000123067,0,213,0,213,0,0,0,0,0,0
18.12,0,214,0.000123074,0,214,0,214,0,0,0,0,0,0
18.13,0,214,0.00012308,0,214,0,214,0,0,0,0,0,0
18.14,0,214,0.000123086,0,214,0,214,0,0,0,0,0,0
18.15,0,214,0.000123092,0,214,0,214,0,0,0,0,0,0
18.16,0,214,0.000123098,0,214,0,214,0,0,0,0,0,0
18.17,0,214,0.000123104,0,214,0,214,0,0,0,0,0,0
18.18,0,214,0.00012311,0,214,0,214,0,0,0,0,0,0
18.19,0,214,0.000123116,0,214,0,214,0,0,0,0,0,0
18.2,0,214,0.000123122,0,214,0,214,0,0,0,0,0,0
18.21,0,215,0.000123128,0,215,0,215,0,0,0,0,0,0
18.22,0,215,0.000123135,0,215,0,215,0,0,0,0,0,0
18.23,0,215,0.000123141,0,215,0,215,0,0,0,0,0,0
18.24,0,216,0.000123147,0,216,0,216,0,0,0,0,0,0
18.25,0,216,0.000123153,0,216,0,216,0,0,0,0,0,0
18.26,0,216,0.000123159,0,216,0,216,0,0,0,0,0,0
18.27,0,216,0.000123165,0,216,0,216,0,0,0,0,0,0
18.28,0,217,0.000123854,0,217,0,217,0,0,0,0,0,0
18.29,0,217,0.000123859,0,217,0,217,0,0,0,0,0,0
18.3,0,217,0.000123864,0,217,0,217,0,0,0,0,0,0
18.31,0,218,0.000123869,0,218,0,218,0,0,0,0,0,0
18.32,0,218,0.000123874,0,218,0,218,0,0,0,0,0,0
18.33,0,218,0.000123879,0,218,0,218,0,0,0,0,0,0
18.34,0,218,0.000123885,0,218,0,218,0,0,0,0,0,0
18.35,0,218,0.00012389,0,218,0,218,0,0,0,0,0,0
18.36,0,218,0.000123895,0,218,0,218,0,0,0,0,0,0
18.37,0,218,0.0001239,0,218,0,218,0,0,0,0,0,0
18.38,0,218,0.000123905,0,218,0,218,0,0,0,0,0,0
18.39,0,218,0.00012391,0,218,0,218,0,0,0,0,0,0
18.4,0,218,0.000123916,0,218,0,218,0,0,0,0,0,0
18.41,0,218,0.000123921,0,218,0,218,0,0,0,0,0,0
18.42,0,219,0.000124844,0,219,0,219,0,0,0,0,0,0
18.43,0,219,0.00012485,0,219,0,219,0,0,0,0,0,0
18.44,0,219,0.000124855,0,219,0,219,0,0,0,0,0,0
18.45,0,219,0.000124861,0,219,0,219,0,0,0,0,0,0
18.46,0,219,0.000124867,0,219,0,219,0,0,0,0,0,0
18.47,0,219,0.000124873,0,219,0,219,0,0,0,0,0,0
18.48,0,219,0.000124878,0,219,0,219,0,0,0,0,0,0
18.49,0,219,0.000124884,0,219,0,219,0,0,0,0,0,0
18.5,0,219,0.00012489,0,219,0,219,0,0,0,0,0,0
18.51,0,219,0.000124895,0,219,0,219,0,0,0,0,0,0
18.52,0,220,0.000124901,0,220,0,220,0,0,0,0,0,0
18.53,0,221,0.000124907,0,221,0,221,0,0,0,0,0,0
18.54,0,221,0.000124912,0,221,0,221,0,0,0,0,0,0
18.55,0,221,0.000124918,0,221,0,221,0,0,0,0,0,0
18.56,0,221,0.000124924,0,221,0,221,0,0,0,0,0,0
18.57,0,221,0.000124929,0,221,0,221,0,0,0,0,0,0
18.58,0,221,0.000124935,0,221,0,221,0,0,0,0,0,0
18.59,0,221,0.000124941,0,221,0,221,0,0,0,0,0,0
18.6,0,222,0.000124946,0,222,0,222,0,0,0,0,0,0
18.61,0,222,0.000124952,0,222,0,222,0,0,0,0,0,0
18.62,0,222,0.000124958,0,222,0,222,0,0,0,0,0,0
18.63,0,222,0.000124963,0,222,0,222,0,0,0,0,0,0
18.64,0,222,0.000124969,0,222,0,222,0,0,0,0,0,0
18.65,0,222,0.000124975,0,222,0,222,0,0,0,0,0,0
18.66,0,222,0.00012498,0,222,0,222,0,0,0,0,0,0
18.67,0,222,0.000124986,0,222,0,222,0,0,0,0,0,0
18.68,0,222,0.000124992,0,222,0,222,0,0,0,0,0,0
18.69,0,222,0.000124997,0,222,0,222,0,0,0,0,0,0
18.7,0,222,0.000125003,0,222,0,222,0,0,0,0,0,0
18.71,0,222,0.000125009,0,222,0,222,0,0,0,0,0,0
18.72,0,222,0.000125014,0,222,0,222,0,0,0,0,0,0
18.73,0,222,0.00012502,0,222,0,222,0,0,0,0,0,0
18.74,0,222,0.000125026,0,222,0,222,0,0,0,0,0,0
18.75,0,222,0.000125031,0,222,0,222,0,0,0,0,0,0
18.76,0,222,0.000125037,0,222,0,222,0,0,0,0,0,0
18.77,0,222,0.000125043,0,222,0,222,0,0,0,0,0,0
18.78,0,222,0.000125048,0,222,0,222,0,0,0,0,0,0
18.79,0,222,0.000125054,0,222,0,222,0,0,0,0,0,0
18.8,0,222,0.000125059,0,222,0,222,0,0,0,0,0,0
18.81,0,222,0.000125065,0,222,0,222,0,0,0,0,0,0
18.82,0,222,0.000125071,0,222,0,222,0,0,0,0,0,0
18.83,0,222,0.000125076,0,222,0,222,0,0,0,0,0,0
18.84,0,222,0.000125082,0,222,0,222,0,0,0,0,0,0
18.85,0,222,0.000125088,0,222,0,222,0,0,0,0,0,0
18.86,0,222,0.000125093,0,222,0,222,0,0,0,0,0,0
18.87,0,222,0.000125099,0,222,0,222,0,0,0,0,0,0
18.88,0,222,0.000125105,0,222,0,222,0,0,0,0,0,0
18.89,0,222,0.00012511,0,222,0,222,0,0,0,0,0,0
18.9,0,222,0.000125116,0,222,0,222,0,0,0,0,0,0
18.91,0,222,0.000125122,0,222,0,222,0,0,0,0,0,0
18.92,0,222,0.000125127,0,222,0,222,0,0,0,0,0,0
18.93,0,222,0.000125133,0,222,0,222,0,0,0,0,0,0
18.94,0,222,0.000125138,0,222,0,222,0,0,0,0,0,0
18.95,0,222,0.000125144,0,222,0,222,0,0,0,0,0,0
18.96,0,222,0.00012515,0,222,0,222,0,0,0,0,0,0
18.97,0,222,0.000125155,0,222,0,222,0,0,0,0,0,0
18.98,0,222,0.000125161,0,222,0,222,0,0,0,0,0,0
18.99,0,224,0.000125167,0,224,0,224,0,0,0,0,0,0
19,0,224,0.000125172,0,224,0,224,0,0,0,0,0,0
19.01,0,224,0.000125178,0,224,0,224,0,0,0,0,0,0
19.02,0,224,0.000125184,0,224,0,224,0,0,0,0,0,0
19.03,0,224,0.000125189,0,224,0,224,0,0,0,0,0,0
19.04,0,224,0.000125195,0,224,0,224,0,0,0,0,0,0
19.05,0,224,0.000125201,0,224,0,224,0,0,0,0,0,0
19.06,0,224,0.000125206,0,224,0,224,0,0,0,0,0,0
19.07,0,224,0.000125212,0,224,0,224,0,0,0,0,0,0
19.08,0,225,0.000125218,0,225,0,225,0,0,0,0,0,0
19.09,0,225,0.000125223,0,225,0,225,0,0,0,0,0,0
19.1,0,225,0.000125229,0,225,0,225,0,0,0,0,0,0
19.11,0,225,0.000125235,0,225,0,225,0,0,0,0,0,0
19.12,0,225,0.00012524,0,225,0,225,0,0,0,0,0,0
19.13,0,225,0.000125246,0,225,0,225,0,0,0,0,0,0
19.14,0,225,0.000125252,0,225,0,225,0,0,0,0,0,0
19.15,0,225,0.000125257,0,225,0,225,0,0,0,0,0,0
19.16,0,225,0.000125263,0,225,0,225,0,0,0,0,0,0
19.17,0,225,0.000125269,0,225,0,225,0,0,0,0,0,0
19.18,0,225,0.000125275,0,225,0,225,0,0,0,0,0,0
19.19,0,225,0.00012528,0,225,0,225,0,0,0,0,0,0
19.2,0,225,0.000125286,0,225,0,225,0,0,0,0,0,0
19.21,0,225,0.000125292,0,225,0,225,0,0,0,0,0,0
19.22,0,225,0.000125297,0,225,0,225,0,0,0,0,0,0
19.23,0,225,0.000125303,0,225,0,225,0,0,0,0,0,0
19.24,0,225,0.000125309,0,225,0,225,0,0,0,0,0,0
19.25,0,225,0.000125314,0,225,0,225,0,0,0,0,0,0
19.26,0,225,0.00012532,0,225,0,225,0,0,0,0,0,0
19.27,0,225,0.000125326,0,225,0,225,0,0,0,0,0,0
19.28,0,225,0.000125331,0,225,0,225,0,0,0,0,0,0
19.29,0,225,0.000125337,0,225,0,225,0,0,0,0,0,0
19.3,0,225,0.000125343,0,225,0,225,0,0,0,0,0,0
19.31,0,225,0.000125348,0,225,0,225,0,0,0,0,0,0
19.32,0,226,0.000125354,0,226,0,226,0,0,0,0,0,0
19.33,0,227,0.00012536,0,227,0,227,0,0,0,0,0,0
19.34,0,227,0.000125365,0,227,0,227,0,0,0,0,0,0
19.35,0,227,0.000125371,0,227,0,227,0,0,0,0,0,0
19.36,0,228,0.000125377,0,228,0,228,0,0,0,0,0,0
19.37,0,228,0.000125382,0,228,0,228,0,0,0,0,0,0
19.38,0,228,0.000125388,0,228,0,228,0,0,0,0,0,0
19.39,0,228,0.000125394,0,228,0,228,0,0,0,0,0,0
19.4,0,229,0.0001254,0,229,0,229,0,0,0,0,0,0
19.41,0,229,0.000125405,0,229,0,229,0,0,0,0,0,0
19.42,0,229,0.000125411,0,229,0,229,0,0,0,0,0,0
19.43,0,229,0.000125417,0,229,0,229,0,0,0,0,0,0
19.44,0,229,0.000125423,0,229,0,229,0,0,0,0,0,0
19.45,0,229,0.000125428,0,229,0,229,0,0,0,0,0,0
19.46,0,229,0.000125434,0,229,0,229,0,0,0,0,0,0
19.47,0,229,0.00012544,0,229,0,229,0,0,0,0,0,0
19.48,0,230,0.000125445,0,230,0,230,0,0,0,0,0,0
19.49,0,230,0.000125451,0,230,0,230,0,0,0,0,0,0
19.5,0,230,0.000125457,0,230,0,230,0,0,0,0,0,0
19.51,0,230,0.000125463,0,230,0,230,0,0,0,0,0,0
19.52,0,230,0.000125469,0,230,0,230,0,0,0,0,0,0
19.53,0,230,0.000125475,0,230,0,230,0,0,0,0,0,0
19.54,0,230,0.000125481,0,230,0,230,0,0,0,0,0,0
19.55,0,230,0.000125486,0,230,0,230,0,0,0,0,0,0
19.56,0,230,0.000125492,0,230,0,230,0,0,0,0,0,0
19.57,0,230,0.000125498,0,230,0,230,0,0,0,0,0,0
19.58,0,230,0.000125504,0,230,0,230,0,0,0,0,0,0
19.59,0,230,0.00012551,0,230,0,230,0,0,0,0,0,0
19.6,0,230,0.000125516,0,230,0,230,0,0,0,0,0,0
19.61,0,230,0.000125521,0,230,0,230,0,0,0,0,0,0
19.62,0,230,0.000125527,0,230,0,230,0,0,0,0,0,0
19.63,0,231,0.000125533,0,231,0,231,0,0,0,0,0,0
19.64,0,231,0.000125539,0,231,0,231,0,0,0,0,0,0
19.65,0,231,0.000125545,0,231,0,231,0,0,0,0,0,0
19.66,0,231,0.000125551,0,231,0,231,0,0,0,0,0,0
19.67,0,231,0.000125556,0,231,0,231,0,0,0,0,0,0
19.68,0,231,0.000125562,0,231,0,231,0,0,0,0,0,0
19.69,0,231,0.000125568,0,231,0,231,0,0,0,0,0,0
19.7,0,231,0.000125574,0,231,0,231,0,0,0,0,0,0
19.71,0,232,0.00012558,0,232,0,232,0,0,0,0,0,0
19.72,0,232,0.000125586,0,232,0,232,0,0,0,0,0,0
19.73,0,232,0.000125592,0,232,0,232,0,0,0,0,0,0
19.74,0,232,0.000125597,0,232,0,232,0,0,0,0,0,0
19.75,0,232,0.000125603,0,232,0,232,0,0,0,0,0,0
19.76,0,232,0.000125609,0,232,0,232,0,0,0,0,0,0
19.77,0,233,0.000125615,0,233,0,233,0,0,0,0,0,0
19.78,0,233,0.000125621,0,233,0,233,0,0,0,0,0,0
19.79,0,233,0.000125627,0,233,0,233,0,0,0,0,0,0
19.8,0,233,0.000125632,0,233,0,233,0,0,0,0,0,0
19.81,0,233,0.000125638,0,233,0,233,0,0,0,0,0,0
19.82,0,233,0.000125644,0,233,0,233,0,0,0,0,0,0
19.83,0,233,0.00012565,0,233,0,233,0,0,0,0,0,0
19.84,0,233,0.000125656,0,233,0,233,0,0,0,0,0,0
19.85,0,233,0.000125662,0,233,0,233,0,0,0,0,0,0
19.86,0,233,0.000125668,0,233,0,233,0,0,0,0,0,0
19.87,0,233,0.000125673,0,233,0,233,0,0,0,0,0,0
19.88,0,233,0.000125679,0,233,0,233,0,0,0,0,0,0
19.89,0,233,0.000125685,0,233,0,233,0,0,0,0,0,0
19.9,0,233,0.000125691,0,233,0,233,0,0,0,0,0,0
19.91,0,233,0.000125697,0,233,0,233,0,0,0,0,0,0
19.92,0,233,0.000125703,0,233,0,233,0,0,0,0,0,0
19.93,0,233,0.000125708,0,233,0,233,0,0,0,0,0,0
19.94,0,233,0.000125714,0,233,0,233,0,0,0,0,0,0
19.95,0,233,0.00012572,0,233,0,233,0,0,0,0,0,0
19.96,0,234,0.000125726,0,234,0,234,0,0,0,0,0,0
19.97,0,234,0.000125732,0,234,0,234,0,0,0,0,0,0
19.98,0,234,0.000125738,0,234,0,234,0,0,0,0,0,0
19.99,0,234,0.000125743,0,234,0,234,0,0,0,0,0,0
20,0,234,0.000125749,0,234,0,234,0,0,0,0,0,0
20.01,0,234,0.000125755,0,234,0,234,0,0,0,0,0,0
20.02,0,234,0.000125761,0,234,0,234,0,0,0,0,0,0
20.03,0,234,0.000125767,0,234,0,234,0,0,0,0,0,0
20.04,0,234,0.000125773,0,234,0,234,0,0,0,0,0,0
20.05,0,234,0.000125778,0,234,0,234,0,0,0,0,0,0
20.06,0,234,0.000125784,0,234,0,234,0,0,0,0,0,0
20.07,0,234,0.00012579,0,234,0,234,0,0,0,0,0,0
20.08,0,234,0.000125796,0,234,0,234,0,0,0,0,0,0
20.09,0,234,0.000125802,0,234,0,234,0,0,0,0,0,0
20.1,0,234,0.000125808,0,234,0,234,0,0,0,0,0,0
20.11,0,235,0.000125813,0,235,0,235,0,0,0,0,0,0
20.12,0,235,0.000125819,0,235,0,235,0,0,0,0,0,0
20.13,0,235,0.000125825,0,235,0,235,0,0,0,0,0,0
20.14,0,235,0.000125831,0,235,0,235,0,0,0,0,0,0
20.15,0,235,0.000125837,0,235,0,235,0,0,0,0,0,0
20.16,0,235,0.000125843,0,235,0,235,0,0,0,0,0,0
20.17,0,235,0.000125849,0,235,0,235,0,0,0,0,0,0
20.18,0,235,0.000125855,0,235,0,235,0,0,0,0,0,0
20.19,0,236,0.00012586,0,236,0,236,0,0,0,0,0,0
20.2,0,236,0.000125866,0,236,0,236,0,0,0,0,0,0
20.21,0,236,0.000125872,0,236,0,236,0,0,0,0,0,0
20.22,0,236,0.000125878,0,236,0,236,0,0,0,0,0,0
20.23,0,236,0.000125884,0,236,0,236,0,0,0,0,0,0
20.24,0,236,0.00012589,0,236,0,236,0,0,0,0,0,0
20.25,0,236,0.000125896,0,236,0,236,0,0,0,0,0,0
20.26,0,236,0.000125902,0,236,0,236,0,0,0,0,0,0
20.27,0,236,0.000125907,0,236,0,236,0,0,0,0,0,0
20.28,0,236,0.000125913,0,236,0,236,0,0,0,0,0,0
20.29,0,236,0.000125919,0,236,0,236,0,0,0,0,0,0
20.3,0,236,0.000125925,0,236,0,236,0,0,0,0,0,0
20.31,0,236,0.000125931,0,236,0,236,0,0,0,0,0,0
20.32,0,236,0.000125937,0,236,0,236,0,0,0,0,0,0
20.33,0,236,0.000125943,0,236,0,236,0,0,0,0,0,0
20.34,0,236,0.000125948,0,236,0,236,0,0,0,0,0,0
20.35,0,236,0.000125954,0,236,0,236,0,0,0,0,0,0
20.36,0,236,0.00012596,0,236,0,236,0,0,0,0,0,0
20.37,0,236,0.000125966,0,236,0,236,0,0,0,0,0,0
20.38,0,236,0.000125972,0,236,0,236,0,0,0,0,0,0
20.39,0,236,0.000125978,0,236,0,236,0,0,0,0,0,0
20.4,0,236,0.000125984,0,236,0,236,0,0,0,0,0,0
20.41,0,236,0.000125989,0,236,0,236,0,0,0,0,0,0
20.42,0,236,0.000125995,0,236,0,236,0,0,0,0,0,0
20.43,0,236,0.000126001,0,236,0,236,0,0,0,0,0,0
20.44,0,236,0.000126007,0,236,0,236,0,0,0,0,0,0
20.45,0,236,0.000126013,0,236,0,236,0,0,0,0,0,0
20.46,0,236,0.000126019,0,236,0,236,0,0,0,0,0,0
20.47,0,236,0.000126024,0,236,0,236,0,0,0,0,0,0
20.48,0,236,0.00012603,0,236,0,236,0,0,0,0,0,0
20.49,0,236,0.000126036,0,236,0,236,0,0,0,0,0,0
20.5,0,236,0.000126042,0,236,0,236,0,0,0,0,0,0
20.51,0,236,0.000126048,0,236,0,236,0,0,0,0,0,0
20.52,0,237,0.000126054,0,237,0,237,0,0,0,0,0,0
20.53,0,237,0.000126059,0,237,0,237,0,0,0,0,0,0
20.54,0,237,0.000126065,0,237,0,237,0,0,0,0,0,0
20.55,0,237,0.000126071,0,237,0,237,0,0,0,0,0,0
20.56,0,237,0.000126077,0,237,0,237,0,0,0,0,0,0
20.57,0,237,0.000126083,0,237,0,237,0,0,0,0,0,0
20.58,0,237,0.000126089,0,237,0,237,0,0,0,0,0,0
20.59,0,237,0.000126094,0,237,0,237,0,0,0,0,0,0
20.6,0,237,0.0001261,0,237,0,237,0,0,0,0,0,0
20.61,0,237,0.000126106,0,237,0,237,0,0,0,0,0,0
20.62,0,237,0.000126112,0,237,0,237,0,0,0,0,0,0
20.63,0,237,0.000126118,0,237,0,237,0,0,0,0,0,0
20.64,0,237,0.000126123,0,237,0,237,0,0,0,0,0,0
20.65,0,237,0.000126129,0,237,0,237,0,0,0,0,0,0
20.66,0,237,0.000126135,0,237,0,237,0,0,0,0,0,0
20.67,0,237,0.000126141,0,237,0,237,0,0,0,0,0,0
20.68,0,237,0.000126147,0,237,0,237,0,0,0,0,0,0
20.69,0,237,0.000126153,0,237,0,237,0,0,0,0,0,0
20.7,0,237,0.000126158,0,237,0,237,0,0,0,0,0,0
20.71,0,237,0.000126164,0,237,0,237,0,0,0,0,0,0
20.72,0,237,0.00012617,0,237,0,237,0,0,0,0,0,0
20.73,0,237,0.000126176,0,237,0,237,0,0,0,0,0,0
20.74,0,237,0.000126182,0,237,0,237,0,0,0,0,0,0
20.75,0,237,0.000126187,0,237,0,237,0,0,0,0,0,0
20.76,0,237,0.000126193,0,237,0,237,0,0,0,0,0,0
20.77,0,237,0.000126199,0,237,0,237,0,0,0,0,0,0
20.78,0,237,0.000126205,0,237,0,237,0,0,0,0,0,0
20.79,0,237,0.000126211,0,237,0,237,0,0,0,0,0,0
20.8,0,237,0.000126216,0,237,0,237,0,0,0,0,0,0
20.81,0,237,0.000126222,0,237,0,237,0,0,0,0,0,0
20.82,0,237,0.000126228,0,237,0,237,0,0,0,0,0,0
20.83,0,237,0.000126234,0,237,0,237,0,0,0,0,0,0
20.84,0,237,0.00012624,0,237,0,237,0,0,0,0,0,0
20.85,0,237,0.000126245,0,237,0,237,0,0,0,0,0,0
20.86,0,237,0.000126251,0,237,0,237,0,0,0,0,0,0
20.87,0,237,0.000126257,0,237,0,237,0,0,0,0,0,0
20.88,0,237,0.000126263,0,237,0,237,0,0,0,0,0,0
20.89,0,237,0.000126269,0,237,0,237,0,0,0,0,0,0
20.9,0,237,0.000126274,0,237,0,237,0,0,0,0,0,0
20.91,0,237,0.00012628,0,237,0,237,0,0,0,0,0,0
20.92,0,237,0.000126286,0,237,0,237,0,0,0,0,0,0
20.93,0,237,0.000126292,0,237,0,237,0,0,0,0,0,0
20.94,0,237,0.000126298,0,237,0,237,0,0,0,0,0,0
20.95,0,237,0.000126303,0,237,0,237,0,0,0,0,0,0
20.96,0,237,0.000126309,0,237,0,237,0,0,0,0,0,0
20.97,0,238,0.000126315,0,238,0,238,0,0,0,0,0,0
20.98,0,239,0.000126321,0,239,0,239,0,0,0,0,0,0
20.99,0,239,0.000126326,0,239,0,239,0,0,0,0,0,0
21,0,239,0.000126332,0,239,0,239,0,0,0,0,0,0
21.01,0,240,0.000126338,0,240,0,240,0,0,0,0,0,0
21.02,0,240,0.000126344,0,240,0,240,0,0,0,0,0,0
21.03,0,240,0.00012635,0,240,0,240,0,0,0,0,0,0
21.04,0,240,0.000126355,0,240,0,240,0,0,0,0,0,0
21.05,0,240,0.000126361,0,240,0,240,0,0,0,0,0,0
21.06,0,240,0.000126367,0,240,0,240,0,0,0,0,0,0
21.07,0,240,0.000126373,0,240,0,240,0,0,0,0,0,0
21.08,0,240,0.000126379,0,240,0,240,0,0,0,0,0,0
21.09,0,240,0.000126384,0,240,0,240,0,0,0,0,0,0
21.1,0,240,0.00012639,0,240,0,240,0,0,0,0,0,0
21.11,0,240,0.000126396,0,240,0,240,0,0,0,0,0,0
21.12,0,240,0.000126402,0,240,0,240,0,0,0,0,0,0
21.13,0,240,0.000126407,0,240,0,240,0,0,0,0,0,0
21.14,0,240,0.000126413,0,240,0,240,0,0,0,0,0,0
21.15,0,240,0.000126419,0,240,0,240,0,0,0,0,0,0
21.16,0,240,0.000126425,0,240,0,240,0,0,0,0,0,0
21.17,0,240,0.000126431,0,240,0,240,0,0,0,0,0,0
21.18,0,240,0.000126436,0,240,0,240,0,0,0,0,0,0
21.19,0,240,0.000126442,0,240,0,240,0,0,0,0,0,0
21.2,0,240,0.000126448,0,240,0,240,0,0,0,0,0,0
21.21,0,240,0.000126454,0,240,0,240,0,0,0,0,0,0
21.22,0,240,0.000126459,0,240,0,240,0,0,0,0,0,0
21.23,0,240,0.000126465,0,240,0,240,0,0,0,0,0,0
21.24,0,240,0.000126471,0,240,0,240,0,0,0,0,0,0
21.25,0,240,0.000126477,0,240,0,240,0,0,0,0,0,0
21.26,0,240,0.000126482,0,240,0,240,0,0,0,0,0,0
21.27,0,240,0.000126488,0,240,0,240,0,0,0,0,0,0
21.28,0,240,0.000126494,0,240,0,240,0,0,0,0,0,0
21.29,0,241,0.0001265,0,241,0,241,0,0,0,0,0,0
21.3,0,242,0.000126506,0,242,0,242,0,0,0,0,0,0
21.31,0,242,0.000126511,0,242,0,242,0,0,0,0,0,0
21.32,0,242,0.000126517,0,242,0,242,0,0,0,0,0,0
21.33,0,242,0.000126523,0,242,0,242,0,0,0,0,0,0
21.34,0,242,0.000126529,0,242,0,242,0,0,0,0,0,0
21.35,0,242,0.000126534,0,242,0,242,0,0,0,0,0,0
21.36,0,242,0.00012654,0,242,0,242,0,0,0,0,0,0
21.37,0,242,0.000126546,0,242,0,242,0,0,0,0,0,0
21.38,0,242,0.000126552,0,242,0,242,0,0,0,0,0,0
21.39,0,242,0.000126557,0,242,0,242,0,0,0,0,0,0
21.4,0,243,0.000126563,0,243,0,243,0,0,0,0,0,0
21.41,0,243,0.000126569,0,243,0,243,0,0,0,0,0,0
21.42,0,243,0.000126575,0,243,0,243,0,0,0,0,0,0
21.43,0,243,0.00012658,0,243,0,243,0,0,0,0,0,0
21.44,0,244,0.000126586,0,244,0,244,0,0,0,0,0,0
21.45,0,244,0.000126592,0,244,0,244,0,0,0,0,0,0
21.46,0,245,0.000126598,0,245,0,245,0,0,0,0,0,0
21.47,0,245,0.000126603,0,245,0,245,0,0,0,0,0,0
21.48,0,245,0.000126609,0,245,0,245,0,0,0,0,0,0
21.49,0,245,0.000126615,0,245,0,245,0,0,0,0,0,0
21.5,0,246,0.000126621,0,246,0,246,0,0,0,0,0,0
21.51,0,246,0.000126626,0,246,0,246,0,0,0,0,0,0
21.52,0,246,0.000126632,0,246,0,246,0,0,0,0,0,0
21.53,0,246,0.000126638,0,246,0,246,0,0,0,0,0,0
21.54,0,246,0.000126643,0,246,0,246,0,0,0,0,0,0
21.55,0,247,0.000126649,0,247,0,247,0,0,0,0,0,0
21.56,0,247,0.000126655,0,247,0,247,0,0,0,0,0,0
21.57,0,247,0.000126661,0,247,0,247,0,0,0,0,0,0
21.58,0,247,0.000126666,0,247,0,247,0,0,0,0,0,0
21.59,0,247,0.000126672,0,247,0,247,0,0,0,0,0,0
21.6,0,247,0.000126678,0,247,0,247,0,0,0,0,0,0
21.61,0,247,0.000126684,0,247,0,247,0,0,0,0,0,0
21.62,0,247,0.000126689,0,247,0,247,0,0,0,0,0,0
21.63,0,247,0.000126695,0,247,0,247,0,0,0,0,0,0
21.64,0,247,0.000126701,0,247,0,247,0,0,0,0,0,0
21.65,0,247,0.000126706,0,247,0,247,0,0,0,0,0,0
21.66,0,247,0.000126712,0,247,0,247,0,0,0,0,0,0
21.67,0,247,0.000126718,0,247,0,247,0,0,0,0,0,0
21.68,0,247,0.000126724,0,247,0,247,0,0,0,0,0,0
21.69,0,247,0.000126729,0,247,0,247,0,0,0,0,0,0
21.7,0,247,0.000126735,0,247,0,247,0,0,0,0,0,0
21.71,0,247,0.000126741,0,247,0,247,0,0,0,0,0,0
21.72,0,247,0.000126746,0,247,0,247,0,0,0,0,0,0
21.73,0,247,0.000126752,0,247,0,247,0,0,0,0,0,0
21.74,0,247,0.000126758,0,247,0,247,0,0,0,0,0,0
21.75,0,247,0.000126764,0,247,0,247,0,0,0,0,0,0
21.76,0,247,0.000126769,0,247,0,247,0,0,0,0,0,0
21.77,0,247,0.000126775,0,247,0,247,0,0,0,0,0,0
21.78,0,247,0.000126781,0,247,0,247,0,0,0,0,0,0
21.79,0,247,0.000126786,0,247,0,247,0,0,0,0,0,0
21.8,0,248,0.000126792,0,248,0,248,0,0,0,0,0,0
21.81,0,248,0.000126798,0,248,0,248,0,0,0,0,0,0
21.82,0,248,0.000126804,0,248,0,248,0,0,0,0,0,0
21.83,0,248,0.000126809,0,248,0,248,0,0,0,0,0,0
21.84,0,248,0.000126815,0,248,0,248,0,0,0,0,0,0
21.85,0,248,0.000126821,0,248,0,248,0,0,0,0,0,0
21.86,0,248,0.000126826,0,248,0,248,0,0,0,0,0,0
21.87,0,248,0.000126832,0,248,0,248,0,0,0,0,0,0
21.88,0,248,0.000126838,0,248,0,248,0,0,0,0,0,0
21.89,0,248,0.000126843,0,248,0,248,0,0,0,0,0,0
21.9,0,248,0.000126849,0,248,0,248,0,0,0,0,0,0
21.91,0,248,0.000126855,0,248,0,248,0,0,0,0,0,0
21.92,0,248,0.00012686,0,248,0,248,0,0,0,0,0,0
21.93,0,248,0.000126866,0,248,0,248,0,0,0,0,0,0
21.94,0,248,0.000126872,0,248,0,248,0,0,0,0,0,0
21.95,0,248,0.000126878,0,248,0,248,0,0,0,0,0,0
21.96,0,248,0.000126883,0,248,0,248,0,0,0,0,0,0
21.97,0,248,0.000126889,0,248,0,248,0,0,0,0,0,0
21.98,0,248,0.000126895,0,248,0,248,0,0,0,0,0,0
21.99,0,248,0.0001269,0,248,0,248,0,0,0,0,0,0
22,0,248,0.000126906,0,248,0,248,0,0,0,0,0,0
22.01,0,248,0.000126912,0,248,0,248,0,0,0,0,0,0
22.02,0,248,0.000126917,0,248,0,248,0,0,0,0,0,0
22.03,0,248,0.000126923,0,248,0,248,0,0,0,0,0,0
22.04,0,248,0.000126929,0,248,0,248,0,0,0,0,0,0
22.05,0,248,0.000126934,0,248,0,248,0,0,0,0,0,0
22.06,0,248,0.00012694,0,248,0,248,0,0,0,0,0,0
22.07,0,248,0.000126946,0,248,0,248,0,0,0,0,0,0
22.08,0,248,0.000126951,0,248,0,248,0,0,0,0,0,0
22.09,0,248,0.000126957,0,248,0,248,0,0,0,0,0,0
22.1,0,248,0.000126963,0,248,0,248,0,0,0,0,0,0
22.11,0,248,0.000126968,0,248,0,248,0,0,0,0,0,0
22.12,0,248,0.000126974,0,248,0,248,0,0,0,0,0,0
22.13,0,248,0.00012698,0,248,0,248,0,0,0,0,0,0
22.14,0,248,0.000126985,0,248,0,248,0,0,0,0,0,0
22.15,0,248,0.000126991,0,248,0,248,0,0,0,0,0,0
22.16,0,248,0.000126997,0,248,0,248,0,0,0,0,0,0
22.17,0,249,0.000127002,0,249,0,249,0,0,0,0,0,0
22.18,0,249,0.000127008,0,249,0,249,0,0,0,0,0,0
22.19,0,249,0.000127014,0,249,0,249,0,0,0,0,0,0
22.2,0,249,0.000127019,0,249,0,249,0,0,0,0,0,0
22.21,0,249,0.000127025,0,249,0,249,0,0,0,0,0,0
22.22,0,250,0.000127031,0,250,0,250,0,0,0,0,0,0
22.23,0,250,0.000127036,0,250,0,250,0,0,0,0,0,0
22.24,0,250,0.000127042,0,250,0,250,0,0,0,0,0,0
22.25,0,251,0.000127048,0,251,0,251,0,0,0,0,0,0
22.26,0,251,0.000127053,0,251,0,251,0,0,0,0,0,0
22.27,0,251,0.000127059,0,251,0,251,0,0,0,0,0,0
22.28,0,251,0.000127065,0,251,0,251,0,0,0,0,0,0
22.29,0,251,0.00012707,0,251,0,251,0,0,0,0,0,0
22.3,0,252,0.000127076,0,252,0,252,0,0,0,0,0,0
22.31,0,252,0.000127081,0,252,0,252,0,0,0,0,0,0
22.32,0,253,0.000127087,0,253,0,253,0,0,0,0,0,0
22.33,0,253,0.000127093,0,253,0,253,0,0,0,0,0,0
22.34,0,253,0.000127098,0,253,0,253,0,0,0,0,0,0
22.35,0,253,0.000127104,0,253,0,253,0,0,0,0,0,0
22.36,0,253,0.00012711,0,253,0,253,0,0,0,0,0,0
22.37,0,253,0.000127115,0,253,0,253,0,0,0,0,0,0
22.38,0,253,0.000127121,0,253,0,253,0,0,0,0,0,0
22.39,0,253,0.000127127,0,253,0,253,0,0,0,0,0,0
22.4,0,253,0.000127132,0,253,0,253,0,0,0,0,0,0
22.41,0,253,0.000127138,0,253,0,253,0,0,0,0,0,0
22.42,0,253,0.000127144,0,253,0,253,0,0,0,0,0,0
22.43,0,253,0.000127149,0,253,0,253,0,0,0,0,0,0
22.44,0,253,0.000127155,0,253,0,253,0,0,0,0,0,0
22.45,0,253,0.00012716,0,253,0,253,0,0,0,0,0,0
22.46,0,253,0.000127166,0,253,0,253,0,0,0,0,0,0
22.47,0,253,0.000127172,0,253,0,253,0,0,0,0,0,0
22.48,0,253,0.000127177,0,253,0,253,0,0,0,0,0,0
22.49,0,253,0.000127183,0,253,0,253,0,0,0,0,0,0
22.5,0,253,0.000127189,0,253,0,253,0,0,0,0,0,0
22.51,0,253,0.000127194,0,253,0,253,0,0,0,0,0,0
22.52,0,253,0.0001272,0,253,0,253,0,0,0,0,0,0
22.53,0,253,0.000127205,0,253,0,253,0,0,0,0,0,0
22.54,0,253,0.000127211,0,253,0,253,0,0,0,0,0,0
22.55,0,253,0.000127217,0,253,0,253,0,0,0,0,0,0
22.56,0,253,0.000127222,0,253,0,253,0,0,0,0,0,0
22.57,0,253,0.000127228,0,253,0,253,0,0,0,0,0,0
22.58,0,254,0.000127234,0,254,0,254,0,0,0,0,0,0
22.59,0,254,0.000127239,0,254,0,254,0,0,0,0,0,0
22.6,0,254,0.000127245,0,254,0,254,0,0,0,0,0,0
22.61,0,254,0.00012725,0,254,0,254,0,0,0,0,0,0
22.62,0,254,0.000127256,0,254,0,254,0,0,0,0,0,0
22.63,0,254,0.000127262,0,254,0,254,0,0,0,0,0,0
22.64,0,254,0.000127267,0,254,0,254,0,0,0,0,0,0
22.65,0,254,0.000127273,0,254,0,254,0,0,0,0,0,0
22.66,0,254,0.000127278,0,254,0,254,0,0,0,0,0,0
22.67,0,254,0.000127284,0,254,0,254,0,0,0,0,0,0
22.68,0,254,0.00012729,0,254,0,254,0,0,0,0,0,0
22.69,0,254,0.000127295,0,254,0,254,0,0,0,0,0,0
22.7,0,254,0.000127301,0,254,0,254,0,0,0,0,0,0
22.71,0,254,0.000127307,0,254,0,254,0,0,0,0,0,0
22.72,0,254,0.000127312,0,254,0,254,0,0,0,0,0,0
22.73,0,254,0.000127318,0,254,0,254,0,0,0,0,0,0
22.74,0,254,0.000127323,0,254,0,254,0,0,0,0,0,0
22.75,0,254,0.000127329,0,254,0,254,0,0,0,0,0,0
22.76,0,254,0.000127335,0,254,0,254,0,0,0,0,0,0
22.77,0,254,0.00012734,0,254,0,254,0,0,0,0,0,0
22.78,0,254,0.000127346,0,254,0,254,0,0,0,0,0,0
22.79,0,254,0.000127351,0,254,0,254,0,0,0,0,0,0
22.8,0,254,0.000127357,0,254,0,254,0,0,0,0,0,0
22.81,0,254,0.000127363,0,254,0,254,0,0,0,0,0,0
22.82,0,254,0.000127368,0,254,0,254,0,0,0,0,0,0
22.83,0,254,0.000127374,0,254,0,254,0,0,0,0,0,0
22.84,0,254,0.000127379,0,254,0,254,0,0,0,0,0,0
22.85,0,254,0.000127385,0,254,0,254,0,0,0,0,0,0
22.86,0,254,0.000127391,0,254,0,254,0,0,0,0,0,0
22.87,0,254,0.000127396,0,254,0,254,0,0,0,0,0,0
22.88,0,255,0.000127402,0,255,0,255,0,0,0,0,0,0
22.89,0,255,0.000127407,0,255,0,255,0,0,0,0,0,0
22.9,0,255,0.000127413,0,255,0,255,0,0,0,0,0,0
22.91,0,255,0.000127419,0,255,0,255,0,0,0,0,0,0
22.92,0,255,0.000127424,0,255,0,255,0,0,0,0,0,0
22.93,0,255,0.00012743,0,255,0,255,0,0,0,0,0,0
22.94,0,255,0.000127435,0,255,0,255,0,0,0,0,0,0
22.95,0,256,0.000127441,0,256,0,256,0,0,0,0,0,0
22.96,0,256,0.000127447,0,256,0,256,0,0,0,0,0,0
22.97,0,256,0.000127452,0,256,0,256,0,0,0,0,0,0
22.98,0,256,0.000127458,0,256,0,256,0,0,0,0,0,0
22.99,0,256,0.000127463,0,256,0,256,0,0,0,0,0,0
23,0,256,0.000127469,0,256,0,256,0,0,0,0,0,0
23.01,0,256,0.000127475,0,256,0,256,0,0,0,0,0,0
23.02,0,256,0.00012748,0,256,0,256,0,0,0,0,0,0
23.03,0,256,0.000127486,0,256,0,256,0,0,0,0,0,0
23.04,0,256,0.000127491,0,256,0,256,0,0,0,0,0,0
23.05,0,256,0.000127497,0,256,0,256,0,0,0,0,0,0
23.06,0,256,0.000127502,0,256,0,256,0,0,0,0,0,0
23.07,0,256,0.000127508,0,256,0,256,0,0,0,0,0,0
23.08,0,256,0.000127514,0,256,0,256,0,0,0,0,0,0
23.09,0,257,0.000127519,0,257,0,257,0,0,0,0,0,0
23.1,0,257,0.000127525,0,257,0,257,0,0,0,0,0,0
23.11,0,257,0.00012753,0,257,0,257,0,0,0,0,0,0
23.12,0,257,0.000127536,0,257,0,257,0,0,0,0,0,0
23.13,0,257,0.000127542,0,257,0,257,0,0,0,0,0,0
23.14,0,257,0.000127547,0,257,0,257,0,0,0,0,0,0
23.15,0,257,0.000127553,0,257,0,257,0,0,0,0,0,0
23.16,0,257,0.000127558,0,257,0,257,0,0,0,0,0,0
23.17,0,257,0.000127564,0,257,0,257,0,0,0,0,0,0
23.18,0,257,0.00012757,0,257,0,257,0,0,0,0,0,0
23.19,0,257,0.000127575,0,257,0,257,0,0,0,0,0,0
23.2,0,257,0.000127581,0,257,0,257,0,0,0,0,0,0
23.21,0,257,0.000127586,0,257,0,257,0,0,0,0,0,0
23.22,0,257,0.000127592,0,257,0,257,0,0,0,0,0,0
23.23,0,257,0.000127597,0,257,0,257,0,0,0,0,0,0
23.24,0,257,0.000127603,0,257,0,257,0,0,0,0,0,0
23.25,0,258,0.000127609,0,258,0,258,0,0,0,0,0,0
23.26,0,258,0.000127614,0,258,0,258,0,0,0,0,0,0
23.27,0,258,0.00012762,0,258,0,258,0,0,0,0,0,0
23.28,0,258,0.000127625,0,258,0,258,0,0,0,0,0,0
23.29,0,258,0.000127631,0,258,0,258,0,0,0,0,0,0
23.3,0,258,0.000127636,0,258,0,258,0,0,0,0,0,0
23.31,0,258,0.000127642,0,258,0,258,0,0,0,0,0,0
23.32,0,258,0.000127648,0,258,0,258,0,0,0,0,0,0
23.33,0,258,0.000127653,0,258,0,258,0,0,0,0,0,0
23.34,0,258,0.000127659,0,258,0,258,0,0,0,0,0,0
23.35,0,258,0.000127664,0,258,0,258,0,0,0,0,0,0
23.36,0,258,0.00012767,0,258,0,258,0,0,0,0,0,0
23.37,0,258,0.000127675,0,258,0,258,0,0,0,0,0,0
23.38,0,258,0.000127681,0,258,0,258,0,0,0,0,0,0
23.39,0,259,0.000127687,0,259,0,259,0,0,0,0,0,0
23.4,0,259,0.000127692,0,259,0,259,0,0,0,0,0,0
23.41,0,260,0.000127698,0,260,0,260,0,0,0,0,0,0
23.42,0,261,0.000127703,0,261,0,261,0,0,0,0,0,0
23.43,0,261,0.000127709,0,261,0,261,0,0,0,0,0,0
23.44,0,261,0.000127714,0,261,0,261,0,0,0,0,0,0
23.45,0,261,0.00012772,0,261,0,261,0,0,0,0,0,0
23.46,0,261,0.000127726,0,261,0,261,0,0,0,0,0,0
23.47,0,261,0.000127731,0,261,0,261,0,0,0,0,0,0
23.48,0,261,0.000127737,0,261,0,261,0,0,0,0,0,0
23.49,0,262,0.000127742,0,262,0,262,0,0,0,0,0,0
23.5,0,262,0.000127748,0,262,0,262,0,0,0,0,0,0
23.51,0,262,0.000127754,0,262,0,262,0,0,0,0,0,0
23.52,0,262,0.000127759,0,262,0,262,0,0,0,0,0,0
23.53,0,262,0.000127765,0,262,0,262,0,0,0,0,0,0
23.54,0,262,0.00012777,0,262,0,262,0,0,0,0,0,0
23.55,0,262,0.000127776,0,262,0,262,0,0,0,0,0,0
23.56,0,262,0.000127781,0,262,0,262,0,0,0,0,0,0
23.57,0,262,0.000127787,0,262,0,262,0,0,0,0,0,0
23.58,0,262,0.000127793,0,262,0,262,0,0,0,0,0,0
23.59,0,262,0.000127798,0,262,0,262,0,0,0,0,0,0
23.6,0,262,0.000127804,0,262,0,262,0,0,0,0,0,0
23.61,0,262,0.000127809,0,262,0,262,0,0,0,0,0,0
23.62,0,262,0.000127815,0,262,0,262,0,0,0,0,0,0
23.63,0,262,0.00012782,0,262,0,262,0,0,0,0,0,0
23.64,0,262,0.000127826,0,262,0,262,0,0,0,0,0,0
23.65,0,262,0.000127832,0,262,0,262,0,0,0,0,0,0
23.66,0,262,0.000127837,0,262,0,262,0,0,0,0,0,0
23.67,0,263,0.000127843,0,263,0,263,0,0,0,0,0,0
23.68,0,263,0.000127848,0,263,0,263,0,0,0,0,0,0
23.69,0,263,0.000127854,0,263,0,263,0,0,0,0,0,0
23.7,0,263,0.00012786,0,263,0,263,0,0,0,0,0,0
23.71,0,263,0.000127865,0,263,0,263,0,0,0,0,0,0
23.72,0,263,0.000127871,0,263,0,263,0,0,0,0,0,0
23.73,0,264,0.000127876,0,264,0,264,0,0,0,0,0,0
23.74,0,266,0.000127882,0,266,0,266,0,0,0,0,0,0
23.75,0,266,0.000127887,0,266,0,266,0,0,0,0,0,0
23.76,0,266,0.000127893,0,266,0,266,0,0,0,0,0,0
23.77,0,266,0.000127898,0,266,0,266,0,0,0,0,0,0
23.78,0,266,0.000127904,0,266,0,266,0,0,0,0,0,0
23.79,0,266,0.00012791,0,266,0,266,0,0,0,0,0,0
23.8,0,266,0.000127915,0,266,0,266,0,0,0,0,0,0
23.81,0,266,0.000127921,0,266,0,266,0,0,0,0,0,0
23.82,0,266,0.000127926,0,266,0,266,0,0,0,0,0,0
23.83,0,266,0.000127932,0,266,0,266,0,0,0,0,0,0
23.84,0,266,0.000127937,0,266,0,266,0,0,0,0,0,0
23.85,0,266,0.000127943,0,266,0,266,0,0,0,0,0,0
23.86,0,266,0.000127948,0,266,0,266,0,0,0,0,0,0
23.87,0,266,0.000127954,0,266,0,266,0,0,0,0,0,0
23.88,0,266,0.00012796,0,266,0,266,0,0,0,0,0,0
23.89,0,266,0.000127965,0,266,0,266,0,0,0,0,0,0
23.9,0,266,0.000127971,0,266,0,266,0,0,0,0,0,0
23.91,0,266,0.000127976,0,266,0,266,0,0,0,0,0,0
23.92,0,266,0.000127982,0,266,0,266,0,0,0,0,0,0
23.93,0,266,0.000127987,0,266,0,266,0,0,0,0,0,0
23.94,0,266,0.000127993,0,266,0,266,0,0,0,0,0,0
23.95,0,266,0.000127998,0,266,0,266,0,0,0,0,0,0
23.96,0,266,0.000128004,0,266,0,266,0,0,0,0,0,0
23.97,0,266,0.00012801,0,266,0,266,0,0,0,0,0,0
23.98,0,266,0.000128015,0,266,0,266,0,0,0,0,0,0
23.99,0,266,0.000128021,0,266,0,266,0,0,0,0,0,0
24,0,266,0.000128026,0,266,0,266,0,0,0,0,0,0
24.01,0,266,0.000128032,0,266,0,266,0,0,0,0,0,0
24.02,0,266,0.000128037,0,266,0,266,0,0,0,0,0,0
24.03,0,267,0.000128043,0,267,0,267,0,0,0,0,0,0
24.04,0,267,0.000128048,0,267,0,267,0,0,0,0,0,0
24.05,0,268,0.000128054,0,268,0,268,0,0,0,0,0,0
24.06,0,268,0.000128059,0,268,0,268,0,0,0,0,0,0
24.07,0,269,0.000128065,0,269,0,269,0,0,0,0,0,0
24.08,0,269,0.00012807,0,269,0,269,0,0,0,0,0,0
24.09,0,269,0.000128076,0,269,0,269,0,0,0,0,0,0
24.1,0,269,0.000128082,0,269,0,269,0,0,0,0,0,0
24.11,0,269,0.000128087,0,269,0,269,0,0,0,0,0,0
24.12,0,269,0.000128093,0,269,0,269,0,0,0,0,0,0
24.13,0,269,0.000128098,0,269,0,269,0,0,0,0,0,0
24.14,0,269,0.000128104,0,269,0,269,0,0,0,0,0,0
24.15,0,269,0.000128109,0,269,0,269,0,0,0,0,0,0
24.16,0,269,0.000128115,0,269,0,269,0,0,0,0,0,0
24.17,0,269,0.00012812,0,269,0,269,0,0,0,0,0,0
24.18,0,269,0.000128126,0,269,0,269,0,0,0,0,0,0
24.19,0,269,0.000128131,0,269,0,269,0,0,0,0,0,0
24.2,0,269,0.000128137,0,269,0,269,0,0,0,0,0,0
24.21,0,269,0.000128142,0,269,0,269,0,0,0,0,0,0
24.22,0,269,0.000128148,0,269,0,269,0,0,0,0,0,0
24.23,0,269,0.000128153,0,269,0,269,0,0,0,0,0,0
24.24,0,269,0.000128159,0,269,0,269,0,0,0,0,0,0
24.25,0,269,0.000128164,0,269,0,269,0,0,0,0,0,0
24.26,0,270,0.00012817,0,270,0,270,0,0,0,0,0,0
24.27,0,270,0.000128175,0,270,0,270,0,0,0,0,0,0
24.28,0,270,0.000128181,0,270,0,270,0,0,0,0,0,0
24.29,0,270,0.000128187,0,270,0,270,0,0,0,0,0,0
24.3,0,270,0.000128192,0,270,0,270,0,0,0,0,0,0
24.31,0,270,0.000128198,0,270,0,270,0,0,0,0,0,0
24.32,0,270,0.000128203,0,270,0,270,0,0,0,0,0,0
24.33,0,270,0.000128209,0,270,0,270,0,0,0,0,0,0
24.34,0,270,0.000128214,0,270,0,270,0,0,0,0,0,0
24.35,0,270,0.00012822,0,270,0,270,0,0,0,0,0,0
24.36,0,270,0.000128225,0,270,0,270,0,0,0,0,0,0
24.37,0,270,0.000128231,0,270,0,270,0,0,0,0,0,0
24.38,0,270,0.000128236,0,270,0,270,0,0,0,0,0,0
24.39,0,270,0.000128242,0,270,0,270,0,0,0,0,0,0
24.4,0,270,0.000128247,0,270,0,270,0,0,0,0,0,0
24.41,0,270,0.000128253,0,270,0,270,0,0,0,0,0,0
24.42,0,270,0.000128258,0,270,0,270,0,0,0,0,0,0
24.43,0,270,0.000128264,0,270,0,270,0,0,0,0,0,0
24.44,0,270,0.000128269,0,270,0,270,0,0,0,0,0,0
24.45,0,270,0.000128275,0,270,0,270,0,0,0,0,0,0
24.46,0,270,0.00012828,0,270,0,270,0,0,0,0,0,0
24.47,0,271,0.000128286,0,271,0,271,0,0,0,0,0,0
24.48,0,271,0.000128291,0,271,0,271,0,0,0,0,0,0
24.49,0,271,0.000128297,0,271,0,271,0,0,0,0,0,0
24.5,0,271,0.000128302,0,271,0,271,0,0,0,0,0,0
24.51,0,272,0.000128308,0,272,0,272,0,0,0,0,0,0
24.52,0,272,0.000128313,0,272,0,272,0,0,0,0,0,0
24.53,0,272,0.000128319,0,272,0,272,0,0,0,0,0,0
24.54,0,272,0.000128324,0,272,0,272,0,0,0,0,0,0
24.55,0,272,0.00012833,0,272,0,272,0,0,0,0,0,0
24.56,0,272,0.000128335,0,272,0,272,0,0,0,0,0,0
24.57,0,272,0.000128341,0,272,0,272,0,0,0,0,0,0
24.58,0,272,0.000128346,0,272,0,272,0,0,0,0,0,0
24.59,0,273,0.000128352,0,273,0,273,0,0,0,0,0,0
24.6,0,273,0.000128358,0,273,0,273,0,0,0,0,0,0
24.61,0,274,0.000128363,0,274,0,274,0,0,0,0,0,0
24.62,0,274,0.000128369,0,274,0,274,0,0,0,0,0,0
24.63,0,274,0.000128374,0,274,0,274,0,0,0,0,0,0
24.64,0,274,0.00012838,0,274,0,274,0,0,0,0,0,0
24.65,0,274,0.000128385,0,274,0,274,0,0,0,0,0,0
24.66,0,274,0.000128391,0,274,0,274,0,0,0,0,0,0
24.67,0,275,0.000128396,0,275,0,275,0,0,0,0,0,0
24.68,0,275,0.000128402,0,275,0,275,0,0,0,0,0,0
24.69,0,275,0.000128407,0,275,0,275,0,0,0,0,0,0
24.7,0,275,0.000128413,0,275,0,275,0,0,0,0,0,0
24.71,0,275,0.000128418,0,275,0,275,0,0,0,0,0,0
24.72,0,275,0.000128424,0,275,0,275,0,0,0,0,0,0
24.73,0,275,0.000128429,0,275,0,275,0,0,0,0,0,0
24.74,0,275,0.000128435,0,275,0,275,0,0,0,0,0,0
24.75,0,276,0.00012844,0,276,0,276,0,0,0,0,0,0
24.76,0,276,0.000128446,0,276,0,276,0,0,0,0,0,0
24.77,0,277,0.000128451,0,277,0,277,0,0,0,0,0,0
24.78,0,277,0.000128457,0,277,0,277,0,0,0,0,0,0
24.79,0,277,0.000128462,0,277,0,277,0,0,0,0,0,0
24.8,0,277,0.000128468,0,277,0,277,0,0,0,0,0,0
24.81,0,278,0.000128473,0,278,0,278,0,0,0,0,0,0
24.82,0,278,0.000128479,0,278,0,278,0,0,0,0,0,0
24.83,0,279,0.000128484,0,279,0,279,0,0,0,0,0,0
24.84,0,279,0.00012849,0,279,0,279,0,0,0,0,0,0
24.85,0,279,0.000128495,0,279,0,279,0,0,0,0,0,0
24.86,0,279,0.000128501,0,279,0,279,0,0,0,0,0,0
24.87,0,279,0.000128506,0,279,0,279,0,0,0,0,0,0
24.88,0,279,0.000128512,0,279,0,279,0,0,0,0,0,0
24.89,0,280,0.000128518,0,280,0,280,0,0,0,0,0,0
24.9,0,281,0.000128523,0,281,0,281,0,0,0,0,0,0
24.91,0,281,0.000128529,0,281,0,281,0,0,0,0,0,0
24.92,0,281,0.000128534,0,281,0,281,0,0,0,0,0,0
24.93,0,281,0.00012854,0,281,0,281,0,0,0,0,0,0
24.94,0,281,0.000128545,0,281,0,281,0,0,0,0,0,0
24.95,0,281,0.000128551,0,281,0,281,0,0,0,0,0,0
24.96,0,282,0.000128556,0,282,0,282,0,0,0,0,0,0
24.97,0,282,0.000128562,0,282,0,282,0,0,0,0,0,0
24.98,0,282,0.000128567,0,282,0,282,0,0,0,0,0,0
24.99,0,282,0.000128573,0,282,0,282,0,0,0,0,0,0
25,0,282,0.000128578,0,282,0,282,0,0,0,0,0,0
25.01,0,282,0.000128584,0,282,0,282,0,0,0,0,0,0
25.02,0,282,0.000128589,0,282,0,282,0,0,0,0,0,0
25.03,0,282,0.000128595,0,282,0,282,0,0,0,0,0,0
25.04,0,282,0.000128601,0,282,0,282,0,0,0,0,0,0
25.05,0,282,0.000128606,0,282,0,282,0,0,0,0,0,0
25.06,0,281,0.000128612,0,281,0,281,0,0,0,0,0,0
25.07,0,281,0.000128618,0,281,0,281,0,0,0,0,0,0
25.08,0,282,0.000128625,0,282,0,282,0,0,0,0,0,0
25.09,0,282,0.000128632,0,282,0,282,0,0,0,0,0,0
25.1,0,282,0.000128638,0,282,0,282,0,0,0,0,0,0
25.11,0,282,0.000128645,0,282,0,282,0,0,0,0,0,0
25.12,0,282,0.000128651,0,282,0,282,0,0,0,0,0,0
25.13,0,282,0.000128658,0,282,0,282,0,0,0,0,0,0
25.14,0,283,0.000128665,0,283,0,283,0,0,0,0,0,0
25.15,0,283,0.000128671,0,283,0,283,0,0,0,0,0,0
25.16,0,284,0.000128678,0,284,0,284,0,0,0,0,0,0
25.17,0,284,0.000128685,0,284,0,284,0,0,0,0,0,0
25.18,0,284,0.000128691,0,284,0,284,0,0,0,0,0,0
25.19,0,284,0.000128698,0,284,0,284,0,0,0,0,0,0
25.2,0,283,0.000128704,0,283,0,283,0,0,0,0,0,0
25.21,0,282,0.000128711,0,282,0,282,0,0,0,0,0,0
25.22,0,282,0.000128718,0,282,0,282,0,0,0,0,0,0
25.23,0,282,0.000128724,0,282,0,282,0,0,0,0,0,0
25.24,0,282,0.000128731,0,282,0,282,0,0,0,0,0,0
25.25,0,282,0.000128737,0,282,0,282,0,0,0,0,0,0
25.26,0,282,0.000128744,0,282,0,282,0,0,0,0,0,0
25.27,0,282,0.000128751,0,282,0,282,0,0,0,0,0,0
25.28,0,282,0.000128757,0,282,0,282,0,0,0,0,0,0
25.29,0,282,0.000128764,0,282,0,282,0,0,0,0,0,0
25.3,0,282,0.00012877,0,282,0,282,0,0,0,0,0,0
25.31,0,283,0.000128777,0,283,0,283,0,0,0,0,0,0
25.32,0,283,0.000128784,0,283,0,283,0,0,0,0,0,0
25.33,0,283,0.00012879,0,283,0,283,0,0,0,0,0,0
25.34,0,283,0.000128797,0,283,0,283,0,0,0,0,0,0
25.35,0,283,0.000128803,0,283,0,283,0,0,0,0,0,0
25.36,0,283,0.00012881,0,283,0,283,0,0,0,0,0,0
25.37,0,283,0.000128817,0,283,0,283,0,0,0,0,0,0
25.38,0,283,0.000128823,0,283,0,283,0,0,0,0,0,0
25.39,0,283,0.00012883,0,283,0,283,0,0,0,0,0,0
25.4,0,283,0.000128836,0,283,0,283,0,0,0,0,0,0
25.41,0,283,0.000128843,0,283,0,283,0,0,0,0,0,0
25.42,0,282,0.00012885,0,282,0,282,0,0,0,0,0,0
25.43,0,282,0.000128856,0,282,0,282,0,0,0,0,0,0
25.44,0,282,0.000128863,0,282,0,282,0,0,0,0,0,0
25.45,0,282,0.000128869,0,282,0,282,0,0,0,0,0,0
25.46,0,282,0.000128876,0,282,0,282,0,0,0,0,0,0
25.47,0,283,0.000128883,0,283,0,283,0,0,0,0,0,0
25.48,0,283,0.000128889,0,283,0,283,0,0,0,0,0,0
25.49,0,283,0.000128896,0,283,0,283,0,0,0,0,0,0
25.5,0,283,0.000128902,0,283,0,283,0,0,0,0,0,0
25.51,0,283,0.000128909,0,283,0,283,0,0,0,0,0,0
25.52,0,283,0.000128916,0,283,0,283,0,0,0,0,0,0
25.53,0,283,0.000128922,0,283,0,283,0,0,0,0,0,0
25.54,0,283,0.000128929,0,283,0,283,0,0,0,0,0,0
25.55,0,283,0.000128935,0,283,0,283,0,0,0,0,0,0
25.56,0,283,0.000128942,0,283,0,283,0,0,0,0,0,0
25.57,0,283,0.000128948,0,283,0,283,0,0,0,0,0,0
25.58,0,283,0.000128955,0,283,0,283,0,0,0,0,0,0
25.59,0,283,0.000128962,0,283,0,283,0,0,0,0,0,0
25.6,0,283,0.000128968,0,283,0,283,0,0,0,0,0,0
25.61,0,282,0.000128975,0,282,0,282,0,0,0,0,0,0
25.62,0,282,0.000128981,0,282,0,282,0,0,0,0,0,0
25.63,0,281,0.000128988,0,281,0,281,0,0,0,0,0,0
25.64,0,282,0.000128994,0,282,0,282,0,0,0,0,0,0
25.65,0,282,0.000129001,0,282,0,282,0,0,0,0,0,0
25.66,0,282,0.000129008,0,282,0,282,0,0,0,0,0,0
25.67,0,282,0.000129014,0,282,0,282,0,0,0,0,0,0
25.68,0,282,0.000129021,0,282,0,282,0,0,0,0,0,0
25.69,0,282,0.000129027,0,282,0,282,0,0,0,0,0,0
25.7,0,282,0.000129034,0,282,0,282,0,0,0,0,0,0
25.71,0,282,0.00012904,0,282,0,282,0,0,0,0,0,0
25.72,0,282,0.000129047,0,282,0,282,0,0,0,0,0,0
25.73,0,283,0.000129054,0,283,0,283,0,0,0,0,0,0
25.74,0,283,0.00012906,0,283,0,283,0,0,0,0,0,0
25.75,0,283,0.000129067,0,283,0,283,0,0,0,0,0,0
25.76,0,283,0.000129073,0,283,0,283,0,0,0,0,0,0
25.77,0,283,0.00012908,0,283,0,283,0,0,0,0,0,0
25.78,0,283,0.000129086,0,283,0,283,0,0,0,0,0,0
25.79,0,284,0.000129093,0,284,0,284,0,0,0,0,0,0
25.8,0,285,0.000129099,0,285,0,285,0,0,0,0,0,0
25.81,0,285,0.000129106,0,285,0,285,0,0,0,0,0,0
25.82,0,285,0.000129113,0,285,0,285,0,0,0,0,0,0
25.83,0,285,0.000129119,0,285,0,285,0,0,0,0,0,0
25.84,0,284,0.000129126,0,284,0,284,0,0,0,0,0,0
25.85,0,284,0.000129132,0,284,0,284,0,0,0,0,0,0
25.86,0,284,0.000129139,0,284,0,284,0,0,0,0,0,0
25.87,0,284,0.000129145,0,284,0,284,0,0,0,0,0,0
25.88,0,284,0.000129152,0,284,0,284,0,0,0,0,0,0
25.89,0,284,0.000129158,0,284,0,284,0,0,0,0,0,0
25.9,0,284,0.000129165,0,284,0,284,0,0,0,0,0,0
25.91,0,284,0.000129172,0,284,0,284,0,0,0,0,0,0
25.92,0,283,0.000129178,0,283,0,283,0,0,0,0,0,0
25.93,0,283,0.000129185,0,283,0,283,0,0,0,0,0,0
25.94,0,283,0.000129191,0,283,0,283,0,0,0,0,0,0
25.95,0,283,0.000129198,0,283,0,283,0,0,0,0,0,0
25.96,0,283,0.000129204,0,283,0,283,0,0,0,0,0,0
25.97,0,283,0.000129211,0,283,0,283,0,0,0,0,0,0
25.98,0,283,0.000129217,0,283,0,283,0,0,0,0,0,0
25.99,0,283,0.000129224,0,283,0,283,0,0,0,0,0,0
26,0,283,0.00012923,0,283,0,283,0,0,0,0,0,0
26.01,0,283,0.000129237,0,283,0,283,0,0,0,0,0,0
26.02,0,283,0.000129243,0,283,0,283,0,0,0,0,0,0
26.03,0,283,0.00012925,0,283,0,283,0,0,0,0,0,0
26.04,0,283,0.000129257,0,283,0,283,0,0,0,0,0,0
26.05,0,283,0.000129263,0,283,0,283,0,0,0,0,0,0
26.06,0,283,0.00012927,0,283,0,283,0,0,0,0,0,0
26.07,0,283,0.000129276,0,283,0,283,0,0,0,0,0,0
26.08,0,283,0.000129283,0,283,0,283,0,0,0,0,0,0
26.09,0,283,0.000129289,0,283,0,283,0,0,0,0,0,0
26.1,0,283,0.000129296,0,283,0,283,0,0,0,0,0,0
26.11,0,283,0.000129302,0,283,0,283,0,0,0,0,0,0
26.12,0,283,0.000129309,0,283,0,283,0,0,0,0,0,0
26.13,0,283,0.000129315,0,283,0,283,0,0,0,0,0,0
26.14,0,283,0.000129322,0,283,0,283,0,0,0,0,0,0
26.15,0,283,0.000129328,0,283,0,283,0,0,0,0,0,0
26.16,0,283,0.000129335,0,283,0,283,0,0,0,0,0,0
26.17,0,283,0.000129341,0,283,0,283,0,0,0,0,0,0
26.18,0,282,0.000129348,0,282,0,282,0,0,0,0,0,0
26.19,0,282,0.000129355,0,282,0,282,0,0,0,0,0,0
26.2,0,282,0.000129361,0,282,0,282,0,0,0,0,0,0
26.21,0,281,0.000129368,0,281,0,281,0,0,0,0,0,0
26.22,0,282,0.000129374,0,282,0,282,0,0,0,0,0,0
26.23,0,282,0.000129381,0,282,0,282,0,0,0,0,0,0
26.24,0,282,0.000129387,0,282,0,282,0,0,0,0,0,0
26.25,0,282,0.000129394,0,282,0,282,0,0,0,0,0,0
26.26,0,282,0.0001294,0,282,0,282,0,0,0,0,0,0
26.27,0,282,0.000129407,0,282,0,282,0,0,0,0,0,0
26.28,0,282,0.000129413,0,282,0,282,0,0,0,0,0,0
26.29,0,281,0.00012942,0,281,0,281,0,0,0,0,0,0
26.3,0,281,0.000129426,0,281,0,281,0,0,0,0,0,0
26.31,0,281,0.000129433,0,281,0,281,0,0,0,0,0,0
26.32,0,281,0.000129439,0,281,0,281,0,0,0,0,0,0
26.33,0,282,0.000129446,0,282,0,282,0,0,0,0,0,0
26.34,0,282,0.000129452,0,282,0,282,0,0,0,0,0,0
26.35,0,282,0.000129459,0,282,0,282,0,0,0,0,0,0
26.36,0,282,0.000129465,0,282,0,282,0,0,0,0,0,0
26.37,0,282,0.000129472,0,282,0,282,0,0,0,0,0,0
26.38,0,282,0.000129478,0,282,0,282,0,0,0,0,0,0
26.39,0,282,0.000129485,0,282,0,282,0,0,0,0,0,0
26.4,0,282,0.000129491,0,282,0,282,0,0,0,0,0,0
26.41,0,282,0.000129498,0,282,0,282,0,0,0,0,0,0
26.42,0,282,0.000129504,0,282,0,282,0,0,0,0,0,0
26.43,0,282,0.000129511,0,282,0,282,0,0,0,0,0,0
26.44,0,282,0.000129517,0,282,0,282,0,0,0,0,0,0
26.45,0,282,0.000129524,0,282,0,282,0,0,0,0,0,0
26.46,0,282,0.00012953,0,282,0,282,0,0,0,0,0,0
26.47,0,282,0.000129537,0,282,0,282,0,0,0,0,0,0
26.48,0,282,0.000129543,0,282,0,282,0,0,0,0,0,0
26.49,0,283,0.00012955,0,283,0,283,0,0,0,0,0,0
26.5,0,283,0.000129556,0,283,0,283,0,0,0,0,0,0
26.51,0,282,0.000129563,0,282,0,282,0,0,0,0,0,0
26.52,0,282,0.000129569,0,282,0,282,0,0,0,0,0,0
26.53,0,282,0.000129575,0,282,0,282,0,0,0,0,0,0
26.54,0,282,0.000129582,0,282,0,282,0,0,0,0,0,0
26.55,0,282,0.000129588,0,282,0,282,0,0,0,0,0,0
26.56,0,282,0.000129594,0,282,0,282,0,0,0,0,0,0
26.57,0,282,0.000129601,0,282,0,282,0,0,0,0,0,0
26.58,0,282,0.000129607,0,282,0,282,0,0,0,0,0,0
26.59,0,282,0.000129614,0,282,0,282,0,0,0,0,0,0
26.6,0,283,0.00012962,0,283,0,283,0,0,0,0,0,0
26.61,0,283,0.000129626,0,283,0,283,0,0,0,0,0,0
26.62,0,283,0.000129633,0,283,0,283,0,0,0,0,0,0
26.63,0,283,0.000129639,0,283,0,283,0,0,0,0,0,0
26.64,0,285,0.000129645,0,285,0,285,0,0,0,0,0,0
26.65,0,285,0.000129652,0,285,0,285,0,0,0,0,0,0
26.66,0,285,0.000129658,0,285,0,285,0,0,0,0,0,0
26.67,0,285,0.000129664,0,285,0,285,0,0,0,0,0,0
26.68,0,286,0.000129671,0,286,0,286,0,0,0,0,0,0
26.69,0,286,0.000129677,0,286,0,286,0,0,0,0,0,0
26.7,0,286,0.000129683,0,286,0,286,0,0,0,0,0,0
26.71,0,287,0.00012969,0,287,0,287,0,0,0,0,0,0
26.72,0,287,0.000129696,0,287,0,287,0,0,0,0,0,0
26.73,0,287,0.000129702,0,287,0,287,0,0,0,0,0,0
26.74,0,288,0.000129709,0,288,0,288,0,0,0,0,0,0
26.75,0,288,0.000129715,0,288,0,288,0,0,0,0,0,0
26.76,0,288,0.000129721,0,288,0,288,0,0,0,0,0,0
26.77,0,289,0.000129728,0,289,0,289,0,0,0,0,0,0
26.78,0,289,0.000129734,0,289,0,289,0,0,0,0,0,0
26.79,0,289,0.000129741,0,289,0,289,0,0,0,0,0,0
26.8,0,289,0.000129747,0,289,0,289,0,0,0,0,0,0
26.81,0,289,0.000129753,0,289,0,289,0,0,0,0,0,0
26.82,0,289,0.00012976,0,289,0,289,0,0,0,0,0,0
26.83,0,289,0.000129766,0,289,0,289,0,0,0,0,0,0
26.84,0,289,0.000129772,0,289,0,289,0,0,0,0,0,0
26.85,0,289,0.000129779,0,289,0,289,0,0,0,0,0,0
26.86,0,289,0.000129785,0,289,0,289,0,0,0,0,0,0
26.87,0,289,0.000129791,0,289,0,289,0,0,0,0,0,0
26.88,0,289,0.000129798,0,289,0,289,0,0,0,0,0,0
26.89,0,289,0.000129804,0,289,0,289,0,0,0,0,0,0
26.9,0,289,0.00012981,0,289,0,289,0,0,0,0,0,0
26.91,0,289,0.000129817,0,289,0,289,0,0,0,0,0,0
26.92,0,289,0.000129823,0,289,0,289,0,0,0,0,0,0
26.93,0,289,0.000129829,0,289,0,289,0,0,0,0,0,0
26.94,0,289,0.000129836,0,289,0,289,0,0,0,0,0,0
26.95,0,288,0.000128179,0,288,0,288,0,0,0,0,0,0
26.96,0,288,0.000128185,0,288,0,288,0,0,0,0,0,0
26.97,0,288,0.000128191,0,288,0,288,0,0,0,0,0,0
26.98,0,288,0.000128198,0,288,0,288,0,0,0,0,0,0
26.99,0,288,0.000128204,0,288,0,288,0,0,0,0,0,0
27,0,288,0.00012821,0,288,0,288,0,0,0,0,0,0
27.01,0,288,0.000128216,0,288,0,288,0,0,0,0,0,0
27.02,0,288,0.000128222,0,288,0,288,0,0,0,0,0,0
27.03,0,288,0.000128229,0,288,0,288,0,0,0,0,0,0
27.04,0,288,0.000128235,0,288,0,288,0,0,0,0,0,0
27.05,0,288,0.000128241,0,288,0,288,0,0,0,0,0,0
27.06,0,288,0.000128247,0,288,0,288,0,0,0,0,0,0
27.07,0,288,0.000128253,0,288,0,288,0,0,0,0,0,0
27.08,0,289,0.000128259,0,289,0,289,0,0,0,0,0,0
27.09,0,289,0.000128266,0,289,0,289,0,0,0,0,0,0
27.1,0,290,0.000128272,0,290,0,290,0,0,0,0,0,0
27.11,0,290,0.000128278,0,290,0,290,0,0,0,0,0,0
27.12,0,289,0.000128284,0,289,0,289,0,0,0,0,0,0
27.13,0,289,0.00012829,0,289,0,289,0,0,0,0,0,0
27.14,0,289,0.000128297,0,289,0,289,0,0,0,0,0,0
27.15,0,288,0.000128303,0,288,0,288,0,0,0,0,0,0
27.16,0,288,0.000128309,0,288,0,288,0,0,0,0,0,0
27.17,0,288,0.000128315,0,288,0,288,0,0,0,0,0,0
27.18,0,288,0.000128321,0,288,0,288,0,0,0,0,0,0
27.19,0,288,0.000128327,0,288,0,288,0,0,0,0,0,0
27.2,0,288,0.000128334,0,288,0,288,0,0,0,0,0,0
27.21,0,288,0.00012834,0,288,0,288,0,0,0,0,0,0
27.22,0,288,0.000128346,0,288,0,288,0,0,0,0,0,0
27.23,0,287,0.000128352,0,287,0,287,0,0,0,0,0,0
27.24,0,287,0.000128358,0,287,0,287,0,0,0,0,0,0
27.25,0,287,0.000128364,0,287,0,287,0,0,0,0,0,0
27.26,0,287,0.000128371,0,287,0,287,0,0,0,0,0,0
27.27,0,287,0.000128377,0,287,0,287,0,0,0,0,0,0
27.28,0,287,0.000128383,0,287,0,287,0,0,0,0,0,0
27.29,0,287,0.000128389,0,287,0,287,0,0,0,0,0,0
27.3,0,286,0.000128395,0,286,0,286,0,0,0,0,0,0
27.31,0,286,0.000128401,0,286,0,286,0,0,0,0,0,0
27.32,0,287,0.000128408,0,287,0,287,0,0,0,0,0,0
27.33,0,287,0.000128414,0,287,0,287,0,0,0,0,0,0
27.34,0,287,0.00012842,0,287,0,287,0,0,0,0,0,0
27.35,0,287,0.000128426,0,287,0,287,0,0,0,0,0,0
27.36,0,287,0.000128432,0,287,0,287,0,0,0,0,0,0
27.37,0,287,0.000128438,0,287,0,287,0,0,0,0,0,0
27.38,0,287,0.000128445,0,287,0,287,0,0,0,0,0,0
27.39,0,287,0.000128451,0,287,0,287,0,0,0,0,0,0
27.4,0,287,0.000128457,0,287,0,287,0,0,0,0,0,0
27.41,0,287,0.000128463,0,287,0,287,0,0,0,0,0,0
27.42,0,287,0.000128469,0,287,0,287,0,0,0,0,0,0
27.43,0,287,0.000128475,0,287,0,287,0,0,0,0,0,0
27.44,0,288,0.000128481,0,288,0,288,0,0,0,0,0,0
27.45,0,288,0.000128488,0,288,0,288,0,0,0,0,0,0
27.46,0,287,0.000128494,0,287,0,287,0,0,0,0,0,0
27.47,0,286,0.0001285,0,286,0,286,0,0,0,0,0,0
27.48,0,285,0.000128506,0,285,0,285,0,0,0,0,0,0
27.49,0,285,0.000128512,0,285,0,285,0,0,0,0,0,0
27.5,0,285,0.000128518,0,285,0,285,0,0,0,0,0,0
27.51,0,285,0.000128524,0,285,0,285,0,0,0,0,0,0
27.52,0,285,0.000128531,0,285,0,285,0,0,0,0,0,0
27.53,0,285,0.000128537,0,285,0,285,0,0,0,0,0,0
27.54,0,285,0.000128543,0,285,0,285,0,0,0,0,0,0
27.55,0,285,0.000128549,0,285,0,285,0,0,0,0,0,0
27.56,0,285,0.000128555,0,285,0,285,0,0,0,0,0,0
27.57,0,284,0.000128561,0,284,0,284,0,0,0,0,0,0
27.58,0,284,0.000128567,0,284,0,284,0,0,0,0,0,0
27.59,0,283,0.000128574,0,283,0,283,0,0,0,0,0,0
27.6,0,283,0.00012858,0,283,0,283,0,0,0,0,0,0
27.61,0,283,0.000128586,0,283,0,283,0,0,0,0,0,0
27.62,0,283,0.000128592,0,283,0,283,0,0,0,0,0,0
27.63,0,283,0.000128598,0,283,0,283,0,0,0,0,0,0
27.64,0,284,0.000128604,0,284,0,284,0,0,0,0,0,0
27.65,0,284,0.00012861,0,284,0,284,0,0,0,0,0,0
27.66,0,284,0.000128617,0,284,0,284,0,0,0,0,0,0
27.67,0,284,0.000128623,0,284,0,284,0,0,0,0,0,0
27.68,0,283,0.000128629,0,283,0,283,0,0,0,0,0,0
27.69,0,283,0.000128635,0,283,0,283,0,0,0,0,0,0
27.7,0,282,0.000126758,0,282,0,282,0,0,0,0,0,0
27.71,0,282,0.000126764,0,282,0,282,0,0,0,0,0,0
27.72,0,282,0.00012677,0,282,0,282,0,0,0,0,0,0
27.73,0,282,0.000126777,0,282,0,282,0,0,0,0,0,0
27.74,0,282,0.000126783,0,282,0,282,0,0,0,0,0,0
27.75,0,282,0.000126789,0,282,0,282,0,0,0,0,0,0
27.76,0,282,0.000126795,0,282,0,282,0,0,0,0,0,0
27.77,0,282,0.000126802,0,282,0,282,0,0,0,0,0,0
27.78,0,282,0.000126808,0,282,0,282,0,0,0,0,0,0
27.79,0,282,0.000126814,0,282,0,282,0,0,0,0,0,0
27.8,0,282,0.00012682,0,282,0,282,0,0,0,0,0,0
27.81,0,282,0.000126827,0,282,0,282,0,0,0,0,0,0
27.82,0,282,0.000126833,0,282,0,282,0,0,0,0,0,0
27.83,0,282,0.000126839,0,282,0,282,0,0,0,0,0,0
27.84,0,282,0.000126845,0,282,0,282,0,0,0,0,0,0
27.85,0,282,0.000126852,0,282,0,282,0,0,0,0,0,0
27.86,0,282,0.000126858,0,282,0,282,0,0,0,0,0,0
27.87,0,282,0.000126864,0,282,0,282,0,0,0,0,0,0
27.88,0,282,0.00012687,0,282,0,282,0,0,0,0,0,0
27.89,0,282,0.000126877,0,282,0,282,0,0,0,0,0,0
27.9,0,282,0.000126883,0,282,0,282,0,0,0,0,0,0
27.91,0,281,0.000126889,0,281,0,281,0,0,0,0,0,0
27.92,0,281,0.000126895,0,281,0,281,0,0,0,0,0,0
27.93,0,280,0.000126902,0,280,0,280,0,0,0,0,0,0
27.94,0,280,0.000126908,0,280,0,280,0,0,0,0,0,0
27.95,0,280,0.000126914,0,280,0,280,0,0,0,0,0,0
27.96,0,280,0.00012692,0,280,0,280,0,0,0,0,0,0
27.97,0,280,0.000126927,0,280,0,280,0,0,0,0,0,0
27.98,0,280,0.000126933,0,280,0,280,0,0,0,0,0,0
27.99,0,280,0.000126939,0,280,0,280,0,0,0,0,0,0
28,0,280,0.000126945,0,280,0,280,0,0,0,0,0,0
28.01,0,280,0.000126952,0,280,0,280,0,0,0,0,0,0
28.02,0,281,0.000126958,0,281,0,281,0,0,0,0,0,0
28.03,0,279,0.000126964,0,279,0,279,0,0,0,0,0,0
28.04,0,279,0.00012697,0,279,0,279,0,0,0,0,0,0
28.05,0,279,0.000126977,0,279,0,279,0,0,0,0,0,0
28.06,0,279,0.000126983,0,279,0,279,0,0,0,0,0,0
28.07,0,279,0.000126989,0,279,0,279,0,0,0,0,0,0
28.08,0,279,0.000126995,0,279,0,279,0,0,0,0,0,0
28.09,0,279,0.000127001,0,279,0,279,0,0,0,0,0,0
28.1,0,279,0.000127008,0,279,0,279,0,0,0,0,0,0
28.11,0,279,0.000127014,0,279,0,279,0,0,0,0,0,0
28.12,0,279,0.00012702,0,279,0,279,0,0,0,0,0,0
28.13,0,279,0.000127026,0,279,0,279,0,0,0,0,0,0
28.14,0,279,0.000127032,0,279,0,279,0,0,0,0,0,0
28.15,0,279,0.000127039,0,279,0,279,0,0,0,0,0,0
28.16,0,279,0.000127045,0,279,0,279,0,0,0,0,0,0
28.17,0,279,0.000127051,0,279,0,279,0,0,0,0,0,0
28.18,0,279,0.000127057,0,279,0,279,0,0,0,0,0,0
28.19,0,279,0.000127063,0,279,0,279,0,0,0,0,0,0
28.2,0,279,0.00012707,0,279,0,279,0,0,0,0,0,0
28.21,0,279,0.000127076,0,279,0,279,0,0,0,0,0,0
28.22,0,279,0.000127082,0,279,0,279,0,0,0,0,0,0
28.23,0,279,0.000127088,0,279,0,279,0,0,0,0,0,0
28.24,0,279,0.000127094,0,279,0,279,0,0,0,0,0,0
28.25,0,278,0.000127101,0,278,0,278,0,0,0,0,0,0
28.26,0,278,0.000127107,0,278,0,278,0,0,0,0,0,0
28.27,0,278,0.000127113,0,278,0,278,0,0,0,0,0,0
28.28,0,277,0.000127119,0,277,0,277,0,0,0,0,0,0
28.29,0,277,0.000127125,0,277,0,277,0,0,0,0,0,0
28.3,0,277,0.000127131,0,277,0,277,0,0,0,0,0,0
28.31,0,277,0.000127137,0,277,0,277,0,0,0,0,0,0
28.32,0,276,0.000127143,0,276,0,276,0,0,0,0,0,0
28.33,0,276,0.00012715,0,276,0,276,0,0,0,0,0,0
28.34,0,276,0.000127156,0,276,0,276,0,0,0,0,0,0
28.35,0,276,0.000127162,0,276,0,276,0,0,0,0,0,0
28.36,0,276,0.000127168,0,276,0,276,0,0,0,0,0,0
28.37,0,277,0.000127174,0,277,0,277,0,0,0,0,0,0
28.38,0,277,0.00012718,0,277,0,277,0,0,0,0,0,0
28.39,0,277,0.000127186,0,277,0,277,0,0,0,0,0,0
28.4,0,277,0.000127192,0,277,0,277,0,0,0,0,0,0
28.41,0,277,0.000127198,0,277,0,277,0,0,0,0,0,0
28.42,0,277,0.000127204,0,277,0,277,0,0,0,0,0,0
28.43,0,277,0.000127211,0,277,0,277,0,0,0,0,0,0
28.44,0,277,0.000127217,0,277,0,277,0,0,0,0,0,0
28.45,0,277,0.000127223,0,277,0,277,0,0,0,0,0,0
28.46,0,277,0.000127229,0,277,0,277,0,0,0,0,0,0
28.47,0,277,0.000127235,0,277,0,277,0,0,0,0,0,0
28.48,0,277,0.000127241,0,277,0,277,0,0,0,0,0,0
28.49,0,277,0.000127247,0,277,0,277,0,0,0,0,0,0
28.5,0,277,0.000127253,0,277,0,277,0,0,0,0,0,0
28.51,0,277,0.000127259,0,277,0,277,0,0,0,0,0,0
28.52,0,277,0.000127265,0,277,0,277,0,0,0,0,0,0
28.53,0,277,0.000127271,0,277,0,277,0,0,0,0,0,0
28.54,0,277,0.000127278,0,277,0,277,0,0,0,0,0,0
28.55,0,277,0.000127284,0,277,0,277,0,0,0,0,0,0
28.56,0,277,0.00012729,0,277,0,277,0,0,0,0,0,0
28.57,0,277,0.000127296,0,277,0,277,0,0,0,0,0,0
28.58,0,277,0.000127302,0,277,0,277,0,0,0,0,0,0
28.59,0,277,0.000127308,0,277,0,277,0,0,0,0,0,0
28.6,0,277,0.000127314,0,277,0,277,0,0,0,0,0,0
28.61,0,278,0.00012732,0,278,0,278,0,0,0,0,0,0
28.62,0,278,0.000127326,0,278,0,278,0,0,0,0,0,0
28.63,0,278,0.000127332,0,278,0,278,0,0,0,0,0,0
28.64,0,278,0.000127338,0,278,0,278,0,0,0,0,0,0
28.65,0,278,0.000127344,0,278,0,278,0,0,0,0,0,0
28.66,0,278,0.000127351,0,278,0,278,0,0,0,0,0,0
28.67,0,277,0.000127357,0,277,0,277,0,0,0,0,0,0
28.68,0,277,0.000127363,0,277,0,277,0,0,0,0,0,0
28.69,0,277,0.000127369,0,277,0,277,0,0,0,0,0,0
28.7,0,277,0.000127375,0,277,0,277,0,0,0,0,0,0
28.71,0,277,0.000127381,0,277,0,277,0,0,0,0,0,0
28.72,0,277,0.000127387,0,277,0,277,0,0,0,0,0,0
28.73,0,276,0.000127393,0,276,0,276,0,0,0,0,0,0
28.74,0,276,0.000127399,0,276,0,276,0,0,0,0,0,0
28.75,0,276,0.000127405,0,276,0,276,0,0,0,0,0,0
28.76,0,276,0.000127411,0,276,0,276,0,0,0,0,0,0
28.77,0,275,0.000127418,0,275,0,275,0,0,0,0,0,0
28.78,0,276,0.000127424,0,276,0,276,0,0,0,0,0,0
28.79,0,276,0.000127429,0,276,0,276,0,0,0,0,0,0
28.8,0,276,0.000127435,0,276,0,276,0,0,0,0,0,0
28.81,0,275,0.000127441,0,275,0,275,0,0,0,0,0,0
28.82,0,275,0.000127447,0,275,0,275,0,0,0,0,0,0
28.83,0,275,0.000127453,0,275,0,275,0,0,0,0,0,0
28.84,0,275,0.000127459,0,275,0,275,0,0,0,0,0,0
28.85,0,275,0.000127465,0,275,0,275,0,0,0,0,0,0
28.86,0,276,0.000127471,0,276,0,276,0,0,0,0,0,0
28.87,0,275,0.000127477,0,275,0,275,0,0,0,0,0,0
28.88,0,275,0.000127483,0,275,0,275,0,0,0,0,0,0
28.89,0,275,0.000127489,0,275,0,275,0,0,0,0,0,0
28.9,0,275,0.000127494,0,275,0,275,0,0,0,0,0,0
28.91,0,275,0.0001275,0,275,0,275,0,0,0,0,0,0
28.92,0,275,0.000127506,0,275,0,275,0,0,0,0,0,0
28.93,0,274,0.000127512,0,274,0,274,0,0,0,0,0,0
28.94,0,275,0.000127518,0,275,0,275,0,0,0,0,0,0
28.95,0,275,0.000127524,0,275,0,275,0,0,0,0,0,0
28.96,0,275,0.00012753,0,275,0,275,0,0,0,0,0,0
28.97,0,275,0.000127536,0,275,0,275,0,0,0,0,0,0
28.98,0,275,0.000127542,0,275,0,275,0,0,0,0,0,0
28.99,0,276,0.000127548,0,276,0,276,0,0,0,0,0,0
29,0,276,0.000127553,0,276,0,276,0,0,0,0,0,0
29.01,0,276,0.000127559,0,276,0,276,0,0,0,0,0,0
29.02,0,276,0.000127565,0,276,0,276,0,0,0,0,0,0
29.03,0,275,0.000127571,0,275,0,275,0,0,0,0,0,0
29.04,0,275,0.000127577,0,275,0,275,0,0,0,0,0,0
29.05,0,276,0.000127583,0,276,0,276,0,0,0,0,0,0
29.06,0,276,0.000127589,0,276,0,276,0,0,0,0,0,0
29.07,0,276,0.000127595,0,276,0,276,0,0,0,0,0,0
29.08,0,276,0.000127601,0,276,0,276,0,0,0,0,0,0
29.09,0,277,0.000127607,0,277,0,277,0,0,0,0,0,0
29.1,0,277,0.000127613,0,277,0,277,0,0,0,0,0,0
29.11,0,277,0.000127619,0,277,0,277,0,0,0,0,0,0
29.12,0,277,0.000127625,0,277,0,277,0,0,0,0,0,0
29.13,0,277,0.000127631,0,277,0,277,0,0,0,0,0,0
29.14,0,277,0.000127637,0,277,0,277,0,0,0,0,0,0
29.15,0,278,0.000127643,0,278,0,278,0,0,0,0,0,0
29.16,0,278,0.000127649,0,278,0,278,0,0,0,0,0,0
29.17,0,278,0.000127655,0,278,0,278,0,0,0,0,0,0
29.18,0,278,0.000127661,0,278,0,278,0,0,0,0,0,0
29.19,0,278,0.000127667,0,278,0,278,0,0,0,0,0,0
29.2,0,279,0.000127673,0,279,0,279,0,0,0,0,0,0
29.21,0,278,0.000127679,0,278,0,278,0,0,0,0,0,0
29.22,0,278,0.000127685,0,278,0,278,0,0,0,0,0,0
29.23,0,278,0.000127691,0,278,0,278,0,0,0,0,0,0
29.24,0,278,0.000127697,0,278,0,278,0,0,0,0,0,0
29.25,0,278,0.000127703,0,278,0,278,0,0,0,0,0,0
29.26,0,278,0.000127709,0,278,0,278,0,0,0,0,0,0
29.27,0,278,0.000127715,0,278,0,278,0,0,0,0,0,0
29.28,0,278,0.000127721,0,278,0,278,0,0,0,0,0,0
29.29,0,278,0.000127727,0,278,0,278,0,0,0,0,0,0
29.3,0,278,0.000127733,0,278,0,278,0,0,0,0,0,0
29.31,0,278,0.000127739,0,278,0,278,0,0,0,0,0,0
29.32,0,278,0.000127745,0,278,0,278,0,0,0,0,0,0
29.33,0,278,0.000127751,0,278,0,278,0,0,0,0,0,0
29.34,0,278,0.000127757,0,278,0,278,0,0,0,0,0,0
29.35,0,278,0.000127763,0,278,0,278,0,0,0,0,0,0
29.36,0,278,0.000127769,0,278,0,278,0,0,0,0,0,0
29.37,0,277,0.000127775,0,277,0,277,0,0,0,0,0,0
29.38,0,277,0.000127781,0,277,0,277,0,0,0,0,0,0
29.39,0,276,0.000127787,0,276,0,276,0,0,0,0,0,0
29.4,0,276,0.000127793,0,276,0,276,0,0,0,0,0,0
29.41,0,275,0.000127799,0,275,0,275,0,0,0,0,0,0
29.42,0,275,0.000127805,0,275,0,275,0,0,0,0,0,0
29.43,0,275,0.000127811,0,275,0,275,0,0,0,0,0,0
29.44,0,275,0.000127817,0,275,0,275,0,0,0,0,0,0
29.45,0,275,0.000127822,0,275,0,275,0,0,0,0,0,0
29.46,0,275,0.000127828,0,275,0,275,0,0,0,0,0,0
29.47,0,275,0.000127834,0,275,0,275,0,0,0,0,0,0
29.48,0,275,0.00012784,0,275,0,275,0,0,0,0,0,0
29.49,0,275,0.000127846,0,275,0,275,0,0,0,0,0,0
29.5,0,275,0.000127852,0,275,0,275,0,0,0,0,0,0
29.51,0,275,0.000127858,0,275,0,275,0,0,0,0,0,0
29.52,0,275,0.000127864,0,275,0,275,0,0,0,0,0,0
29.53,0,277,0.00012787,0,277,0,277,0,0,0,0,0,0
29.54,0,278,0.000127876,0,278,0,278,0,0,0,0,0,0
29.55,0,278,0.000127882,0,278,0,278,0,0,0,0,0,0
29.56,0,278,0.000127888,0,278,0,278,0,0,0,0,0,0
29.57,0,279,0.000127894,0,279,0,279,0,0,0,0,0,0
29.58,0,278,0.0001279,0,278,0,278,0,0,0,0,0,0
29.59,0,278,0.000127906,0,278,0,278,0,0,0,0,0,0
29.6,0,278,0.000127912,0,278,0,278,0,0,0,0,0,0
29.61,0,279,0.000127917,0,279,0,279,0,0,0,0,0,0
29.62,0,279,0.000127923,0,279,0,279,0,0,0,0,0,0
29.63,0,279,0.000127929,0,279,0,279,0,0,0,0,0,0
29.64,0,279,0.000127935,0,279,0,279,0,0,0,0,0,0
29.65,0,281,0.000127941,0,281,0,281,0,0,0,0,0,0
29.66,0,281,0.000127947,0,281,0,281,0,0,0,0,0,0
29.67,0,282,0.000127953,0,282,0,282,0,0,0,0,0,0
29.68,0,282,0.000127959,0,282,0,282,0,0,0,0,0,0
29.69,0,282,0.000127965,0,282,0,282,0,0,0,0,0,0
29.7,0,282,0.000127971,0,282,0,282,0,0,0,0,0,0
29.71,0,284,0.000127977,0,284,0,284,0,0,0,0,0,0
29.72,0,284,0.000127983,0,284,0,284,0,0,0,0,0,0
29.73,0,284,0.000127989,0,284,0,284,0,0,0,0,0,0
29.74,0,284,0.000127995,0,284,0,284,0,0,0,0,0,0
29.75,0,285,0.000128001,0,285,0,285,0,0,0,0,0,0
29.76,0,285,0.000128006,0,285,0,285,0,0,0,0,0,0
29.77,0,285,0.000128012,0,285,0,285,0,0,0,0,0,0
29.78,0,285,0.000128018,0,285,0,285,0,0,0,0,0,0
29.79,0,285,0.000128024,0,285,0,285,0,0,0,0,0,0
29.8,0,285,0.00012803,0,285,0,285,0,0,0,0,0,0
29.81,0,286,0.000128036,0,286,0,286,0,0,0,0,0,0
29.82,0,286,0.000128042,0,286,0,286,0,0,0,0,0,0
29.83,0,286,0.000128048,0,286,0,286,0,0,0,0,0,0
29.84,0,286,0.000128054,0,286,0,286,0,0,0,0,0,0
29.85,0,286,0.00012806,0,286,0,286,0,0,0,0,0,0
29.86,0,286,0.000128066,0,286,0,286,0,0,0,0,0,0
29.87,0,286,0.000128072,0,286,0,286,0,0,0,0,0,0
29.88,0,286,0.000128078,0,286,0,286,0,0,0,0,0,0
29.89,0,286,0.000128083,0,286,0,286,0,0,0,0,0,0
29.9,0,286,0.000128089,0,286,0,286,0,0,0,0,0,0
29.91,0,286,0.000128095,0,286,0,286,0,0,0,0,0,0
29.92,0,286,0.000128101,0,286,0,286,0,0,0,0,0,0
29.93,0,286,0.000128107,0,286,0,286,0,0,0,0,0,0
29.94,0,286,0.000128113,0,286,0,286,0,0,0,0,0,0
29.95,0,286,0.000128119,0,286,0,286,0,0,0,0,0,0
29.96,0,286,0.000128125,0,286,0,286,0,0,0,0,0,0
29.97,0,286,0.000128131,0,286,0,286,0,0,0,0,0,0
29.98,0,286,0.000128137,0,286,0,286,0,0,0,0,0,0
29.99,0,286,0.000128143,0,286,0,286,0,0,0,0,0,0
30,0,286,0.000128148,0,286,0,286,0,0,0,0,0,0
30.01,0,286,0.000128154,0,286,0,286,0,0,0,0,0,0
30.02,0,286,0.00012816,0,286,0,286,0,0,0,0,0,0
30.03,0,287,0.000128166,0,287,0,287,0,0,0,0,0,0
30.04,0,288,0.000128172,0,288,0,288,0,0,0,0,0,0
30.05,0,288,0.000128178,0,288,0,288,0,0,0,0,0,0
30.06,0,288,0.000128184,0,288,0,288,0,0,0,0,0,0
30.07,0,289,0.00012819,0,289,0,289,0,0,0,0,0,0
30.08,0,292,0.000131577,0,292,0,292,0,0,0,0,0,0
30.09,0,293,0.000131583,0,293,0,293,0,0,0,0,0,0
30.1,0,293,0.00013159,0,293,0,293,0,0,0,0,0,0
30.11,0,293,0.000131596,0,293,0,293,0,0,0,0,0,0
30.12,0,293,0.000131603,0,293,0,293,0,0,0,0,0,0
30.13,0,293,0.000131609,0,293,0,293,0,0,0,0,0,0
30.14,0,293,0.000131616,0,293,0,293,0,0,0,0,0,0
30.15,0,293,0.000131622,0,293,0,293,0,0,0,0,0,0
30.16,0,293,0.000131629,0,293,0,293,0,0,0,0,0,0
30.17,0,293,0.000131635,0,293,0,293,0,0,0,0,0,0
30.18,0,293,0.000131642,0,293,0,293,0,0,0,0,0,0
30.19,0,293,0.000131648,0,293,0,293,0,0,0,0,0,0
30.2,0,293,0.000131655,0,293,0,293,0,0,0,0,0,0
30.21,0,293,0.000131661,0,293,0,293,0,0,0,0,0,0
30.22,0,293,0.000131668,0,293,0,293,0,0,0,0,0,0
30.23,0,293,0.000131674,0,293,0,293,0,0,0,0,0,0
30.24,0,294,0.000131681,0,294,0,294,0,0,0,0,0,0
30.25,0,294,0.000131687,0,294,0,294,0,0,0,0,0,0
30.26,0,294,0.000131693,0,294,0,294,0,0,0,0,0,0
30.27,0,295,0.0001317,0,295,0,295,0,0,0,0,0,0
30.28,0,295,0.000131706,0,295,0,295,0,0,0,0,0,0
30.29,0,295,0.000131713,0,295,0,295,0,0,0,0,0,0
30.3,0,295,0.000131719,0,295,0,295,0,0,0,0,0,0
30.31,0,295,0.000131726,0,295,0,295,0,0,0,0,0,0
30.32,0,295,0.000131732,0,295,0,295,0,0,0,0,0,0
30.33,0,295,0.000131739,0,295,0,295,0,0,0,0,0,0
30.34,0,296,0.000131745,0,296,0,296,0,0,0,0,0,0
30.35,0,296,0.000131751,0,296,0,296,0,0,0,0,0,0
30.36,0,296,0.000131758,0,296,0,296,0,0,0,0,0,0
30.37,0,297,0.000131764,0,297,0,297,0,0,0,0,0,0
30.38,0,297,0.000131771,0,297,0,297,0,0,0,0,0,0
30.39,0,297,0.000131777,0,297,0,297,0,0,0,0,0,0
30.4,0,297,0.000131784,0,297,0,297,0,0,0,0,0,0
30.41,0,297,0.000131791,0,297,0,297,0,0,0,0,0,0
30.42,0,297,0.000131797,0,297,0,297,0,0,0,0,0,0
30.43,0,298,0.000131804,0,298,0,298,0,0,0,0,0,0
30.44,0,298,0.00013181,0,298,0,298,0,0,0,0,0,0
30.45,0,299,0.000131817,0,299,0,299,0,0,0,0,0,0
30.46,0,299,0.000131823,0,299,0,299,0,0,0,0,0,0
30.47,0,299,0.00013183,0,299,0,299,0,0,0,0,0,0
30.48,0,300,0.000131837,0,300,0,300,0,0,0,0,0,0
30.49,0,301,0.000131843,0,301,0,301,0,0,0,0,0,0
30.5,0,303,0.000132648,0,303,0,303,0,0,0,0,0,0
30.51,0,303,0.000132655,0,303,0,303,0,0,0,0,0,0
30.52,0,303,0.000132662,0,303,0,303,0,0,0,0,0,0
30.53,0,303,0.000132669,0,303,0,303,0,0,0,0,0,0
30.54,0,303,0.000132676,0,303,0,303,0,0,0,0,0,0
30.55,0,304,0.000132683,0,304,0,304,0,0,0,0,0,0
30.56,0,304,0.00013269,0,304,0,304,0,0,0,0,0,0
30.57,0,304,0.000132697,0,304,0,304,0,0,0,0,0,0
30.58,0,303,0.000132704,0,303,0,303,0,0,0,0,0,0
30.59,0,303,0.000132711,0,303,0,303,0,0,0,0,0,0
30.6,0,304,0.000132718,0,304,0,304,0,0,0,0,0,0
30.61,0,304,0.000132725,0,304,0,304,0,0,0,0,0,0
30.62,0,304,0.000132731,0,304,0,304,0,0,0,0,0,0
30.63,0,305,0.000132738,0,305,0,305,0,0,0,0,0,0
30.64,0,305,0.000132745,0,305,0,305,0,0,0,0,0,0
30.65,0,305,0.000132752,0,305,0,305,0,0,0,0,0,0
30.66,0,306,0.000132759,0,306,0,306,0,0,0,0,0,0
30.67,0,306,0.000132766,0,306,0,306,0,0,0,0,0,0
30.68,0,306,0.000132773,0,306,0,306,0,0,0,0,0,0
30.69,0,305,0.00013278,0,305,0,305,0,0,0,0,0,0
30.7,0,306,0.000132787,0,306,0,306,0,0,0,0,0,0
30.71,0,308,0.000132794,0,308,0,308,0,0,0,0,0,0
30.72,0,308,0.000132801,0,308,0,308,0,0,0,0,0,0
30.73,0,308,0.000132808,0,308,0,308,0,0,0,0,0,0
30.74,0,308,0.000132815,0,308,0,308,0,0,0,0,0,0
30.75,0,309,0.000132822,0,309,0,309,0,0,0,0,0,0
30.76,0,309,0.000132829,0,309,0,309,0,0,0,0,0,0
30.77,0,309,0.000132836,0,309,0,309,0,0,0,0,0,0
30.78,0,310,0.000132843,0,310,0,310,0,0,0,0,0,0
30.79,0,310,0.00013285,0,310,0,310,0,0,0,0,0,0
30.8,0,310,0.000132857,0,310,0,310,0,0,0,0,0,0
30.81,0,310,0.000132864,0,310,0,310,0,0,0,0,0,0
30.82,0,309,0.000132871,0,309,0,309,0,0,0,0,0,0
30.83,0,309,0.000132878,0,309,0,309,0,0,0,0,0,0
30.84,0,309,0.000132884,0,309,0,309,0,0,0,0,0,0
30.85,0,309,0.000132891,0,309,0,309,0,0,0,0,0,0
30.86,0,310,0.000132898,0,310,0,310,0,0,0,0,0,0
30.87,0,310,0.000132905,0,310,0,310,0,0,0,0,0,0
30.88,0,311,0.000132912,0,311,0,311,0,0,0,0,0,0
30.89,0,311,0.000132919,0,311,0,311,0,0,0,0,0,0
30.9,0,311,0.000132926,0,311,0,311,0,0,0,0,0,0
30.91,0,311,0.000132933,0,311,0,311,0,0,0,0,0,0
30.92,0,311,0.00013294,0,311,0,311,0,0,0,0,0,0
30.93,0,311,0.000132947,0,311,0,311,0,0,0,0,0,0
30.94,0,311,0.000132954,0,311,0,311,0,0,0,0,0,0
30.95,0,312,0.000132961,0,312,0,312,0,0,0,0,0,0
30.96,0,312,0.000132969,0,312,0,312,0,0,0,0,0,0
30.97,0,313,0.000132976,0,313,0,313,0,0,0,0,0,0
30.98,0,313,0.000132983,0,313,0,313,0,0,0,0,0,0
30.99,0,313,0.00013299,0,313,0,313,0,0,0,0,0,0
31,0,313,0.000132998,0,313,0,313,0,0,0,0,0,0
31.01,0,313,0.000133005,0,313,0,313,0,0,0,0,0,0
31.02,0,312,0.000133012,0,312,0,312,0,0,0,0,0,0
31.03,0,312,0.000133019,0,312,0,312,0,0,0,0,0,0
31.04,0,312,0.000133027,0,312,0,312,0,0,0,0,0,0
31.05,0,312,0.000133034,0,312,0,312,0,0,0,0,0,0
31.06,0,312,0.000133041,0,312,0,312,0,0,0,0,0,0
31.07,0,311,0.000133048,0,311,0,311,0,0,0,0,0,0
31.08,0,311,0.000133056,0,311,0,311,0,0,0,0,0,0
31.09,0,312,0.000133063,0,312,0,312,0,0,0,0,0,0
31.1,0,312,0.00013307,0,312,0,312,0,0,0,0,0,0
31.11,0,313,0.000133077,0,313,0,313,0,0,0,0,0,0
31.12,0,313,0.000133085,0,313,0,313,0,0,0,0,0,0
31.13,0,313,0.000133092,0,313,0,313,0,0,0,0,0,0
31.14,0,313,0.000133099,0,313,0,313,0,0,0,0,0,0
31.15,0,314,0.000133106,0,314,0,314,0,0,0,0,0,0
31.16,0,314,0.000133114,0,314,0,314,0,0,0,0,0,0
31.17,0,314,0.000133121,0,314,0,314,0,0,0,0,0,0
31.18,0,315,0.000133128,0,315,0,315,0,0,0,0,0,0
31.19,0,315,0.000133135,0,315,0,315,0,0,0,0,0,0
31.2,0,315,0.000133143,0,315,0,315,0,0,0,0,0,0
31.21,0,315,0.00013315,0,315,0,315,0,0,0,0,0,0
31.22,0,317,0.000133157,0,317,0,317,0,0,0,0,0,0
31.23,0,317,0.000133164,0,317,0,317,0,0,0,0,0,0
31.24,0,317,0.000133172,0,317,0,317,0,0,0,0,0,0
31.25,0,317,0.000133179,0,317,0,317,0,0,0,0,0,0
31.26,0,317,0.000133186,0,317,0,317,0,0,0,0,0,0
31.27,0,318,0.000133194,0,318,0,318,0,0,0,0,0,0
31.28,0,319,0.000133201,0,319,0,319,0,0,0,0,0,0
31.29,0,319,0.000133208,0,319,0,319,0,0,0,0,0,0
31.3,0,320,0.000133216,0,320,0,320,0,0,0,0,0,0
31.31,0,319,0.000133223,0,319,0,319,0,0,0,0,0,0
31.32,0,319,0.00013323,0,319,0,319,0,0,0,0,0,0
31.33,0,319,0.000133238,0,319,0,319,0,0,0,0,0,0
31.34,0,319,0.000133245,0,319,0,319,0,0,0,0,0,0
31.35,0,319,0.000133252,0,319,0,319,0,0,0,0,0,0
31.36,0,319,0.00013326,0,319,0,319,0,0,0,0,0,0
31.37,0,319,0.000133267,0,319,0,319,0,0,0,0,0,0
31.38,0,319,0.000133274,0,319,0,319,0,0,0,0,0,0
31.39,0,319,0.000133282,0,319,0,319,0,0,0,0,0,0
31.4,0,320,0.000133289,0,320,0,320,0,0,0,0,0,0
31.41,0,320,0.000133296,0,320,0,320,0,0,0,0,0,0
31.42,0,320,0.000133304,0,320,0,320,0,0,0,0,0,0
31.43,0,321,0.000133311,0,321,0,321,0,0,0,0,0,0
31.44,0,322,0.000133319,0,322,0,322,0,0,0,0,0,0
31.45,0,321,0.000133326,0,321,0,321,0,0,0,0,0,0
31.46,0,321,0.000133334,0,321,0,321,0,0,0,0,0,0
31.47,0,321,0.000133341,0,321,0,321,0,0,0,0,0,0
31.48,0,321,0.000133348,0,321,0,321,0,0,0,0,0,0
31.49,0,321,0.000133356,0,321,0,321,0,0,0,0,0,0
31.5,0,321,0.000133363,0,321,0,321,0,0,0,0,0,0
31.51,0,321,0.000133371,0,321,0,321,0,0,0,0,0,0
31.52,0,321,0.000133378,0,321,0,321,0,0,0,0,0,0
31.53,0,321,0.000133385,0,321,0,321,0,0,0,0,0,0
31.54,0,323,0.000133393,0,323,0,323,0,0,0,0,0,0
31.55,0,323,0.0001334,0,323,0,323,0,0,0,0,0,0
31.56,0,324,0.000133407,0,324,0,324,0,0,0,0,0,0
31.57,0,324,0.000133415,0,324,0,324,0,0,0,0,0,0
31.58,0,324,0.000133422,0,324,0,324,0,0,0,0,0,0
31.59,0,324,0.00013343,0,324,0,324,0,0,0,0,0,0
31.6,0,324,0.000133437,0,324,0,324,0,0,0,0,0,0
31.61,0,324,0.000133445,0,324,0,324,0,0,0,0,0,0
31.62,0,324,0.000133452,0,324,0,324,0,0,0,0,0,0
31.63,0,323,0.000133459,0,323,0,323,0,0,0,0,0,0
31.64,0,323,0.000133467,0,323,0,323,0,0,0,0,0,0
31.65,0,323,0.000133474,0,323,0,323,0,0,0,0,0,0
31.66,0,323,0.000133482,0,323,0,323,0,0,0,0,0,0
31.67,0,323,0.000133489,0,323,0,323,0,0,0,0,0,0
31.68,0,323,0.000133496,0,323,0,323,0,0,0,0,0,0
31.69,0,324,0.000133504,0,324,0,324,0,0,0,0,0,0
31.7,0,324,0.000133511,0,324,0,324,0,0,0,0,0,0
31.71,0,323,0.000133518,0,323,0,323,0,0,0,0,0,0
31.72,0,323,0.000133526,0,323,0,323,0,0,0,0,0,0
31.73,0,322,0.000133533,0,322,0,322,0,0,0,0,0,0
31.74,0,322,0.000133541,0,322,0,322,0,0,0,0,0,0
31.75,0,322,0.000133548,0,322,0,322,0,0,0,0,0,0
31.76,0,323,0.00013537,0,323,0,323,0,0,0,0,0,0
31.77,0,323,0.000135378,0,323,0,323,0,0,0,0,0,0
31.78,0,325,0.000135386,0,325,0,325,0,0,0,0,0,0
31.79,0,325,0.000135394,0,325,0,325,0,0,0,0,0,0
31.8,0,325,0.000135403,0,325,0,325,0,0,0,0,0,0
31.81,0,325,0.000135411,0,325,0,325,0,0,0,0,0,0
31.82,0,327,0.000135419,0,327,0,327,0,0,0,0,0,0
31.83,0,327,0.000135427,0,327,0,327,0,0,0,0,0,0
31.84,0,327,0.000135435,0,327,0,327,0,0,0,0,0,0
31.85,0,329,0.000135443,0,329,0,329,0,0,0,0,0,0
31.86,0,330,0.000135451,0,330,0,330,0,0,0,0,0,0
31.87,0,330,0.000135459,0,330,0,330,0,0,0,0,0,0
31.88,0,330,0.000135467,0,330,0,330,0,0,0,0,0,0
31.89,0,331,0.000135475,0,331,0,331,0,0,0,0,0,0
31.9,0,331,0.000135483,0,331,0,331,0,0,0,0,0,0
31.91,0,332,0.000135492,0,332,0,332,0,0,0,0,0,0
31.92,0,333,0.0001355,0,333,0,333,0,0,0,0,0,0
31.93,0,333,0.000135508,0,333,0,333,0,0,0,0,0,0
31.94,0,333,0.000135516,0,333,0,333,0,0,0,0,0,0
31.95,0,333,0.000135524,0,333,0,333,0,0,0,0,0,0
31.96,0,333,0.000135532,0,333,0,333,0,0,0,0,0,0
31.97,0,333,0.00013554,0,333,0,333,0,0,0,0,0,0
31.98,0,333,0.000135548,0,333,0,333,0,0,0,0,0,0
31.99,0,334,0.000135557,0,334,0,334,0,0,0,0,0,0
32,0,334,0.000135565,0,334,0,334,0,0,0,0,0,0
32.01,0,335,0.000135573,0,335,0,335,0,0,0,0,0,0
32.02,0,334,0.000135581,0,334,0,334,0,0,0,0,0,0
32.03,0,334,0.000135589,0,334,0,334,0,0,0,0,0,0
32.04,0,335,0.000135597,0,335,0,335,0,0,0,0,0,0
32.05,0,335,0.000135606,0,335,0,335,0,0,0,0,0,0
32.06,0,335,0.000135614,0,335,0,335,0,0,0,0,0,0
32.07,0,335,0.000135622,0,335,0,335,0,0,0,0,0,0
32.08,0,337,0.00013563,0,337,0,337,0,0,0,0,0,0
32.09,0,337,0.000135638,0,337,0,337,0,0,0,0,0,0
32.1,0,337,0.000135646,0,337,0,337,0,0,0,0,0,0
32.11,0,337,0.000135655,0,337,0,337,0,0,0,0,0,0
32.12,0,337,0.000135663,0,337,0,337,0,0,0,0,0,0
32.13,0,338,0.000135671,0,338,0,338,0,0,0,0,0,0
32.14,0,338,0.000135679,0,338,0,338,0,0,0,0,0,0
32.15,0,338,0.000135687,0,338,0,338,0,0,0,0,0,0
32.16,0,338,0.000135696,0,338,0,338,0,0,0,0,0,0
32.17,0,338,0.000135704,0,338,0,338,0,0,0,0,0,0
32.18,0,338,0.000135712,0,338,0,338,0,0,0,0,0,0
32.19,0,338,0.00013572,0,338,0,338,0,0,0,0,0,0
32.2,0,338,0.000135728,0,338,0,338,0,0,0,0,0,0
32.21,0,338,0.000135737,0,338,0,338,0,0,0,0,0,0
32.22,0,339,0.000137396,0,339,0,339,0,0,0,0,0,0
32.23,0,339,0.000137404,0,339,0,339,0,0,0,0,0,0
32.24,0,339,0.000137412,0,339,0,339,0,0,0,0,0,0
32.25,0,339,0.00013742,0,339,0,339,0,0,0,0,0,0
32.26,0,339,0.000137428,0,339,0,339,0,0,0,0,0,0
32.27,0,339,0.000137436,0,339,0,339,0,0,0,0,0,0
32.28,0,339,0.000137444,0,339,0,339,0,0,0,0,0,0
32.29,0,336,0.000137452,0,336,0,336,0,0,0,0,0,0
32.3,0,338,0.000137459,0,338,0,338,0,0,0,0,0,0
32.31,0,339,0.000137467,0,339,0,339,0,0,0,0,0,0
32.32,0,339,0.000137475,0,339,0,339,0,0,0,0,0,0
32.33,0,339,0.000137483,0,339,0,339,0,0,0,0,0,0
32.34,0,339,0.000137492,0,339,0,339,0,0,0,0,0,0
32.35,0,340,0.000146264,0,340,0,340,0,0,0,0,0,0
32.36,0,340,0.000146274,0,340,0,340,0,0,0,0,0,0
32.37,0,340,0.000146285,0,340,0,340,0,0,0,0,0,0
32.38,0,340,0.000146295,0,340,0,340,0,0,0,0,0,0
32.39,0,341,0.000146305,0,341,0,341,0,0,0,0,0,0
32.4,0,340,0.000146316,0,340,0,340,0,0,0,0,0,0
32.41,0,340,0.000146326,0,340,0,340,0,0,0,0,0,0
32.42,0,340,0.000146337,0,340,0,340,0,0,0,0,0,0
32.43,0,340,0.000146347,0,340,0,340,0,0,0,0,0,0
32.44,0,340,0.000146358,0,340,0,340,0,0,0,0,0,0
32.45,0,341,0.000146368,0,341,0,341,0,0,0,0,0,0
32.46,0,342,0.000146379,0,342,0,342,0,0,0,0,0,0
32.47,0,342,0.000146389,0,342,0,342,0,0,0,0,0,0
32.48,0,342,0.0001464,0,342,0,342,0,0,0,0,0,0
32.49,0,342,0.00014641,0,342,0,342,0,0,0,0,0,0
32.5,0,342,0.000146421,0,342,0,342,0,0,0,0,0,0
32.51,0,342,0.000146431,0,342,0,342,0,0,0,0,0,0
32.52,0,343,0.000146442,0,343,0,343,0,0,0,0,0,0
32.53,0,343,0.000146452,0,343,0,343,0,0,0,0,0,0
32.54,0,343,0.000146463,0,343,0,343,0,0,0,0,0,0
32.55,0,344,0.000146473,0,344,0,344,0,0,0,0,0,0
32.56,0,345,0.000146484,0,345,0,345,0,0,0,0,0,0
32.57,0,345,0.000146494,0,345,0,345,0,0,0,0,0,0
32.58,0,345,0.000146505,0,345,0,345,0,0,0,0,0,0
32.59,0,344,0.000146516,0,344,0,344,0,0,0,0,0,0
32.6,0,345,0.000146526,0,345,0,345,0,0,0,0,0,0
32.61,0,345,0.000146537,0,345,0,345,0,0,0,0,0,0
32.62,0,345,0.000146547,0,345,0,345,0,0,0,0,0,0
32.63,0,345,0.000146558,0,345,0,345,0,0,0,0,0,0
32.64,0,345,0.000146568,0,345,0,345,0,0,0,0,0,0
32.65,0,345,0.000146579,0,345,0,345,0,0,0,0,0,0
32.66,0,346,0.000146589,0,346,0,346,0,0,0,0,0,0
32.67,0,346,0.0001466,0,346,0,346,0,0,0,0,0,0
32.68,0,346,0.00014661,0,346,0,346,0,0,0,0,0,0
32.69,0,346,0.000146621,0,346,0,346,0,0,0,0,0,0
32.7,0,345,0.000146631,0,345,0,345,0,0,0,0,0,0
32.71,0,346,0.000146641,0,346,0,346,0,0,0,0,0,0
32.72,0,346,0.000146652,0,346,0,346,0,0,0,0,0,0
32.73,0,348,0.000146662,0,348,0,348,0,0,0,0,0,0
32.74,0,348,0.000146673,0,348,0,348,0,0,0,0,0,0
32.75,0,349,0.000146683,0,349,0,349,0,0,0,0,0,0
32.76,0,350,0.000150471,0,350,0,350,0,0,0,0,0,0
32.77,0,349,0.000150482,0,349,0,349,0,0,0,0,0,0
32.78,0,349,0.000150493,0,349,0,349,0,0,0,0,0,0
32.79,0,349,0.000150504,0,349,0,349,0,0,0,0,0,0
32.8,0,348,0.000150515,0,348,0,348,0,0,0,0,0,0
32.81,0,348,0.000150527,0,348,0,348,0,0,0,0,0,0
32.82,0,348,0.000150538,0,348,0,348,0,0,0,0,0,0
32.83,0,348,0.000150549,0,348,0,348,0,0,0,0,0,0
32.84,0,348,0.00015056,0,348,0,348,0,0,0,0,0,0
32.85,0,348,0.000150571,0,348,0,348,0,0,0,0,0,0
32.86,0,348,0.000150582,0,348,0,348,0,0,0,0,0,0
32.87,0,348,0.000150593,0,348,0,348,0,0,0,0,0,0
32.88,0,349,0.000150604,0,349,0,349,0,0,0,0,0,0
32.89,0,349,0.000150615,0,349,0,349,0,0,0,0,0,0
32.9,0,349,0.000150627,0,349,0,349,0,0,0,0,0,0
32.91,0,349,0.000150638,0,349,0,349,0,0,0,0,0,0
32.92,0,350,0.000150649,0,350,0,350,0,0,0,0,0,0
32.93,0,350,0.00015066,0,350,0,350,0,0,0,0,0,0
32.94,0,350,0.000150671,0,350,0,350,0,0,0,0,0,0
32.95,0,349,0.000150682,0,349,0,349,0,0,0,0,0,0
32.96,0,350,0.000150693,0,350,0,350,0,0,0,0,0,0
32.97,0,351,0.000150704,0,351,0,351,0,0,0,0,0,0
32.98,0,351,0.000150715,0,351,0,351,0,0,0,0,0,0
32.99,0,351,0.000150727,0,351,0,351,0,0,0,0,0,0
33,0,352,0.000150738,0,352,0,352,0,0,0,0,0,0
33.01,0,352,0.000150749,0,352,0,352,0,0,0,0,0,0
33.02,0,352,0.00015076,0,352,0,352,0,0,0,0,0,0
33.03,0,352,0.000150771,0,352,0,352,0,0,0,0,0,0
33.04,0,352,0.000150782,0,352,0,352,0,0,0,0,0,0
33.05,0,352,0.000150793,0,352,0,352,0,0,0,0,0,0
33.06,0,353,0.000150805,0,353,0,353,0,0,0,0,0,0
33.07,0,353,0.000150816,0,353,0,353,0,0,0,0,0,0
33.08,0,353,0.000150827,0,353,0,353,0,0,0,0,0,0
33.09,0,353,0.000150838,0,353,0,353,0,0,0,0,0,0
33.1,0,353,0.000150849,0,353,0,353,0,0,0,0,0,0
33.11,0,353,0.00015086,0,353,0,353,0,0,0,0,0,0
33.12,0,353,0.000150871,0,353,0,353,0,0,0,0,0,0
33.13,0,353,0.000150882,0,353,0,353,0,0,0,0,0,0
33.14,0,353,0.000150894,0,353,0,353,0,0,0,0,0,0
33.15,0,353,0.000150905,0,353,0,353,0,0,0,0,0,0
33.16,0,353,0.000150916,0,353,0,353,0,0,0,0,0,0
33.17,0,353,0.000150927,0,353,0,353,0,0,0,0,0,0
33.18,0,353,0.000150938,0,353,0,353,0,0,0,0,0,0
33.19,0,353,0.000150949,0,353,0,353,0,0,0,0,0,0
33.2,0,353,0.00015096,0,353,0,353,0,0,0,0,0,0
33.21,0,353,0.000150971,0,353,0,353,0,0,0,0,0,0
33.22,0,352,0.000150983,0,352,0,352,0,0,0,0,0,0
33.23,0,352,0.000150994,0,352,0,352,0,0,0,0,0,0
33.24,0,352,0.000151005,0,352,0,352,0,0,0,0,0,0
33.25,0,352,0.000151016,0,352,0,352,0,0,0,0,0,0
33.26,0,352,0.000151027,0,352,0,352,0,0,0,0,0,0
33.27,0,352,0.000151038,0,352,0,352,0,0,0,0,0,0
33.28,0,352,0.000151049,0,352,0,352,0,0,0,0,0,0
33.29,0,353,0.00015106,0,353,0,353,0,0,0,0,0,0
33.3,0,353,0.000151071,0,353,0,353,0,0,0,0,0,0
33.31,0,353,0.000151082,0,353,0,353,0,0,0,0,0,0
33.32,0,353,0.000151093,0,353,0,353,0,0,0,0,0,0
33.33,0,352,0.000151105,0,352,0,352,0,0,0,0,0,0
33.34,0,352,0.000151116,0,352,0,352,0,0,0,0,0,0
33.35,0,351,0.000151127,0,351,0,351,0,0,0,0,0,0
33.36,0,351,0.000151138,0,351,0,351,0,0,0,0,0,0
33.37,0,351,0.000151149,0,351,0,351,0,0,0,0,0,0
33.38,0,351,0.00015116,0,351,0,351,0,0,0,0,0,0
33.39,0,351,0.000151171,0,351,0,351,0,0,0,0,0,0
33.4,0,351,0.000151182,0,351,0,351,0,0,0,0,0,0
33.41,0,351,0.000151193,0,351,0,351,0,0,0,0,0,0
33.42,0,352,0.000151204,0,352,0,352,0,0,0,0,0,0
33.43,0,352,0.000151215,0,352,0,352,0,0,0,0,0,0
33.44,0,352,0.000151226,0,352,0,352,0,0,0,0,0,0
33.45,0,352,0.000151237,0,352,0,352,0,0,0,0,0,0
33.46,0,352,0.000151248,0,352,0,352,0,0,0,0,0,0
33.47,0,352,0.000151259,0,352,0,352,0,0,0,0,0,0
33.48,0,352,0.00015127,0,352,0,352,0,0,0,0,0,0
33.49,0,352,0.000151281,0,352,0,352,0,0,0,0,0,0
33.5,0,352,0.000151292,0,352,0,352,0,0,0,0,0,0
33.51,0,352,0.000151304,0,352,0,352,0,0,0,0,0,0
33.52,0,352,0.000151315,0,352,0,352,0,0,0,0,0,0
33.53,0,352,0.000151326,0,352,0,352,0,0,0,0,0,0
33.54,0,352,0.000151337,0,352,0,352,0,0,0,0,0,0
33.55,0,353,0.000151348,0,353,0,353,0,0,0,0,0,0
33.56,0,354,0.000151359,0,354,0,354,0,0,0,0,0,0
33.57,0,354,0.00015137,0,354,0,354,0,0,0,0,0,0
33.58,0,354,0.000151381,0,354,0,354,0,0,0,0,0,0
33.59,0,353,0.000151392,0,353,0,353,0,0,0,0,0,0
33.6,0,353,0.000151403,0,353,0,353,0,0,0,0,0,0
33.61,0,353,0.000151414,0,353,0,353,0,0,0,0,0,0
33.62,0,352,0.000151425,0,352,0,352,0,0,0,0,0,0
33.63,0,353,0.000151436,0,353,0,353,0,0,0,0,0,0
33.64,0,353,0.000151447,0,353,0,353,0,0,0,0,0,0
33.65,0,353,0.000151458,0,353,0,353,0,0,0,0,0,0
33.66,0,353,0.000151469,0,353,0,353,0,0,0,0,0,0
33.67,0,353,0.00015148,0,353,0,353,0,0,0,0,0,0
33.68,0,353,0.000151491,0,353,0,353,0,0,0,0,0,0
33.69,0,353,0.000151502,0,353,0,353,0,0,0,0,0,0
33.7,0,353,0.000151513,0,353,0,353,0,0,0,0,0,0
33.71,0,352,0.000151524,0,352,0,352,0,0,0,0,0,0
33.72,0,352,0.000151535,0,352,0,352,0,0,0,0,0,0
33.73,0,352,0.000151546,0,352,0,352,0,0,0,0,0,0
33.74,0,352,0.000151557,0,352,0,352,0,0,0,0,0,0
33.75,0,352,0.000151568,0,352,0,352,0,0,0,0,0,0
33.76,0,352,0.000151579,0,352,0,352,0,0,0,0,0,0
33.77,0,352,0.00015159,0,352,0,352,0,0,0,0,0,0
33.78,0,352,0.000151601,0,352,0,352,0,0,0,0,0,0
33.79,0,352,0.000151612,0,352,0,352,0,0,0,0,0,0
33.8,0,352,0.000151623,0,352,0,352,0,0,0,0,0,0
33.81,0,352,0.000151634,0,352,0,352,0,0,0,0,0,0
33.82,0,352,0.000151645,0,352,0,352,0,0,0,0,0,0
33.83,0,352,0.000151656,0,352,0,352,0,0,0,0,0,0
33.84,0,352,0.000151667,0,352,0,352,0,0,0,0,0,0
33.85,0,352,0.000151678,0,352,0,352,0,0,0,0,0,0
33.86,0,352,0.000151689,0,352,0,352,0,0,0,0,0,0
33.87,0,352,0.0001517,0,352,0,352,0,0,0,0,0,0
33.88,0,352,0.000151711,0,352,0,352,0,0,0,0,0,0
33.89,0,352,0.000151722,0,352,0,352,0,0,0,0,0,0
33.9,0,352,0.000151733,0,352,0,352,0,0,0,0,0,0
33.91,0,352,0.000151744,0,352,0,352,0,0,0,0,0,0
33.92,0,351,0.000151755,0,351,0,351,0,0,0,0,0,0
33.93,0,351,0.000151766,0,351,0,351,0,0,0,0,0,0
33.94,0,351,0.000151777,0,351,0,351,0,0,0,0,0,0
33.95,0,351,0.000151788,0,351,0,351,0,0,0,0,0,0
33.96,0,351,0.000151799,0,351,0,351,0,0,0,0,0,0
33.97,0,351,0.00015181,0,351,0,351,0,0,0,0,0,0
33.98,0,351,0.000151821,0,351,0,351,0,0,0,0,0,0
33.99,0,351,0.000151832,0,351,0,351,0,0,0,0,0,0
34,0,351,0.000151843,0,351,0,351,0,0,0,0,0,0
34.01,0,351,0.000151854,0,351,0,351,0,0,0,0,0,0
34.02,0,351,0.000151865,0,351,0,351,0,0,0,0,0,0
34.03,0,351,0.000151876,0,351,0,351,0,0,0,0,0,0
34.04,0,351,0.000151887,0,351,0,351,0,0,0,0,0,0
34.05,0,351,0.000151898,0,351,0,351,0,0,0,0,0,0
34.06,0,351,0.000151909,0,351,0,351,0,0,0,0,0,0
34.07,0,350,0.00015192,0,350,0,350,0,0,0,0,0,0
34.08,0,350,0.00015193,0,350,0,350,0,0,0,0,0,0
34.09,0,350,0.000151941,0,350,0,350,0,0,0,0,0,0
34.1,0,350,0.000151952,0,350,0,350,0,0,0,0,0,0
34.11,0,350,0.000151963,0,350,0,350,0,0,0,0,0,0
34.12,0,350,0.000151974,0,350,0,350,0,0,0,0,0,0
34.13,0,351,0.000151984,0,351,0,351,0,0,0,0,0,0
34.14,0,352,0.000151995,0,352,0,352,0,0,0,0,0,0
34.15,0,352,0.000152006,0,352,0,352,0,0,0,0,0,0
34.16,0,352,0.000152017,0,352,0,352,0,0,0,0,0,0
34.17,0,352,0.000152027,0,352,0,352,0,0,0,0,0,0
34.18,0,352,0.000152038,0,352,0,352,0,0,0,0,0,0
34.19,0,353,0.000152049,0,353,0,353,0,0,0,0,0,0
34.2,0,354,0.00015206,0,354,0,354,0,0,0,0,0,0
34.21,0,354,0.00015207,0,354,0,354,0,0,0,0,0,0
34.22,0,355,0.000152081,0,355,0,355,0,0,0,0,0,0
34.23,0,355,0.000152092,0,355,0,355,0,0,0,0,0,0
34.24,0,355,0.000152103,0,355,0,355,0,0,0,0,0,0
34.25,0,355,0.000152113,0,355,0,355,0,0,0,0,0,0
34.26,0,355,0.000152124,0,355,0,355,0,0,0,0,0,0
34.27,0,355,0.000152135,0,355,0,355,0,0,0,0,0,0
34.28,0,355,0.000152145,0,355,0,355,0,0,0,0,0,0
34.29,0,355,0.000152156,0,355,0,355,0,0,0,0,0,0
34.3,0,355,0.000152167,0,355,0,355,0,0,0,0,0,0
34.31,0,355,0.000152178,0,355,0,355,0,0,0,0,0,0
34.32,0,355,0.000152188,0,355,0,355,0,0,0,0,0,0
34.33,0,355,0.000152199,0,355,0,355,0,0,0,0,0,0
34.34,0,355,0.00015221,0,355,0,355,0,0,0,0,0,0
34.35,0,355,0.00015222,0,355,0,355,0,0,0,0,0,0
34.36,0,355,0.000152231,0,355,0,355,0,0,0,0,0,0
34.37,0,356,0.000152242,0,356,0,356,0,0,0,0,0,0
34.38,0,356,0.000152253,0,356,0,356,0,0,0,0,0,0
34.39,0,356,0.000152263,0,356,0,356,0,0,0,0,0,0
34.4,0,356,0.000152274,0,356,0,356,0,0,0,0,0,0
34.41,0,356,0.000152285,0,356,0,356,0,0,0,0,0,0
34.42,0,355,0.000152296,0,355,0,355,0,0,0,0,0,0
34.43,0,355,0.000152306,0,355,0,355,0,0,0,0,0,0
34.44,0,356,0.000152317,0,356,0,356,0,0,0,0,0,0
34.45,0,356,0.000152328,0,356,0,356,0,0,0,0,0,0
34.46,0,356,0.000152338,0,356,0,356,0,0,0,0,0,0
34.47,0,356,0.000152349,0,356,0,356,0,0,0,0,0,0
34.48,0,356,0.00015236,0,356,0,356,0,0,0,0,0,0
34.49,0,357,0.000152371,0,357,0,357,0,0,0,0,0,0
34.5,0,357,0.000152381,0,357,0,357,0,0,0,0,0,0
34.51,0,357,0.000152392,0,357,0,357,0,0,0,0,0,0
34.52,0,357,0.000152403,0,357,0,357,0,0,0,0,0,0
34.53,0,357,0.000152413,0,357,0,357,0,0,0,0,0,0
34.54,0,358,0.000152424,0,358,0,358,0,0,0,0,0,0
34.55,0,358,0.000152435,0,358,0,358,0,0,0,0,0,0
34.56,0,358,0.000152446,0,358,0,358,0,0,0,0,0,0
34.57,0,357,0.000152456,0,357,0,357,0,0,0,0,0,0
34.58,0,357,0.000152467,0,357,0,357,0,0,0,0,0,0
34.59,0,357,0.000152478,0,357,0,357,0,0,0,0,0,0
34.6,0,357,0.000152488,0,357,0,357,0,0,0,0,0,0
34.61,0,357,0.000152499,0,357,0,357,0,0,0,0,0,0
34.62,0,357,0.00015251,0,357,0,357,0,0,0,0,0,0
34.63,0,357,0.00015252,0,357,0,357,0,0,0,0,0,0
34.64,0,357,0.000152531,0,357,0,357,0,0,0,0,0,0
34.65,0,357,0.000152542,0,357,0,357,0,0,0,0,0,0
34.66,0,357,0.000152552,0,357,0,357,0,0,0,0,0,0
34.67,0,357,0.000152563,0,357,0,357,0,0,0,0,0,0
34.68,0,357,0.000152574,0,357,0,357,0,0,0,0,0,0
34.69,0,357,0.000152584,0,357,0,357,0,0,0,0,0,0
34.7,0,357,0.000152595,0,357,0,357,0,0,0,0,0,0
34.71,0,357,0.000152606,0,357,0,357,0,0,0,0,0,0
34.72,0,357,0.000152616,0,357,0,357,0,0,0,0,0,0
34.73,0,358,0.000152627,0,358,0,358,0,0,0,0,0,0
34.74,0,358,0.000152638,0,358,0,358,0,0,0,0,0,0
34.75,0,358,0.000152648,0,358,0,358,0,0,0,0,0,0
34.76,0,357,0.000152659,0,357,0,357,0,0,0,0,0,0
34.77,0,357,0.00015267,0,357,0,357,0,0,0,0,0,0
34.78,0,357,0.00015268,0,357,0,357,0,0,0,0,0,0
34.79,0,357,0.000152691,0,357,0,357,0,0,0,0,0,0
34.8,0,357,0.000152702,0,357,0,357,0,0,0,0,0,0
34.81,0,358,0.000152712,0,358,0,358,0,0,0,0,0,0
34.82,0,357,0.000152723,0,357,0,357,0,0,0,0,0,0
34.83,0,357,0.000152733,0,357,0,357,0,0,0,0,0,0
34.84,0,357,0.000152744,0,357,0,357,0,0,0,0,0,0
34.85,0,357,0.000152755,0,357,0,357,0,0,0,0,0,0
34.86,0,357,0.000152765,0,357,0,357,0,0,0,0,0,0
34.87,0,357,0.000152776,0,357,0,357,0,0,0,0,0,0
34.88,0,357,0.000152787,0,357,0,357,0,0,0,0,0,0
34.89,0,357,0.000152797,0,357,0,357,0,0,0,0,0,0
34.9,0,357,0.000152808,0,357,0,357,0,0,0,0,0,0
34.91,0,357,0.000152818,0,357,0,357,0,0,0,0,0,0
34.92,0,357,0.000152829,0,357,0,357,0,0,0,0,0,0
34.93,0,357,0.00015284,0,357,0,357,0,0,0,0,0,0
34.94,0,357,0.00015285,0,357,0,357,0,0,0,0,0,0
34.95,0,357,0.000152861,0,357,0,357,0,0,0,0,0,0
34.96,0,357,0.000152871,0,357,0,357,0,0,0,0,0,0
34.97,0,356,0.000152882,0,356,0,356,0,0,0,0,0,0
34.98,0,356,0.000152893,0,356,0,356,0,0,0,0,0,0
34.99,0,356,0.000152903,0,356,0,356,0,0,0,0,0,0
35,0,356,0.000152914,0,356,0,356,0,0,0,0,0,0
35.01,0,356,0.000152925,0,356,0,356,0,0,0,0,0,0
35.02,0,356,0.000152935,0,356,0,356,0,0,0,0,0,0
35.03,0,356,0.000152946,0,356,0,356,0,0,0,0,0,0
35.04,0,356,0.000152956,0,356,0,356,0,0,0,0,0,0
35.05,0,357,0.000152967,0,357,0,357,0,0,0,0,0,0
35.06,0,357,0.000152978,0,357,0,357,0,0,0,0,0,0
35.07,0,357,0.000152988,0,357,0,357,0,0,0,0,0,0
35.08,0,357,0.000152999,0,357,0,357,0,0,0,0,0,0
35.09,0,357,0.000153009,0,357,0,357,0,0,0,0,0,0
35.1,0,357,0.00015302,0,357,0,357,0,0,0,0,0,0
35.11,0,357,0.000153031,0,357,0,357,0,0,0,0,0,0
35.12,0,357,0.000153041,0,357,0,357,0,0,0,0,0,0
35.13,0,357,0.000153052,0,357,0,357,0,0,0,0,0,0
35.14,0,357,0.000153062,0,357,0,357,0,0,0,0,0,0
35.15,0,357,0.000153072,0,357,0,357,0,0,0,0,0,0
35.16,0,358,0.000153082,0,358,0,358,0,0,0,0,0,0
35.17,0,358,0.000153093,0,358,0,358,0,0,0,0,0,0
35.18,0,358,0.000153103,0,358,0,358,0,0,0,0,0,0
35.19,0,358,0.000153113,0,358,0,358,0,0,0,0,0,0
35.2,0,358,0.000153123,0,358,0,358,0,0,0,0,0,0
35.21,0,358,0.000153134,0,358,0,358,0,0,0,0,0,0
35.22,0,358,0.000153144,0,358,0,358,0,0,0,0,0,0
35.23,0,358,0.000153154,0,358,0,358,0,0,0,0,0,0
35.24,0,358,0.000153164,0,358,0,358,0,0,0,0,0,0
35.25,0,358,0.000153175,0,358,0,358,0,0,0,0,0,0
35.26,0,358,0.000153185,0,358,0,358,0,0,0,0,0,0
35.27,0,358,0.000153195,0,358,0,358,0,0,0,0,0,0
35.28,0,358,0.000153205,0,358,0,358,0,0,0,0,0,0
35.29,0,358,0.000153216,0,358,0,358,0,0,0,0,0,0
35.3,0,358,0.000153226,0,358,0,358,0,0,0,0,0,0
35.31,0,358,0.000153236,0,358,0,358,0,0,0,0,0,0
35.32,0,358,0.000153246,0,358,0,358,0,0,0,0,0,0
35.33,0,358,0.000153256,0,358,0,358,0,0,0,0,0,0
35.34,0,358,0.000153267,0,358,0,358,0,0,0,0,0,0
35.35,0,358,0.000153277,0,358,0,358,0,0,0,0,0,0
35.36,0,359,0.000153287,0,359,0,359,0,0,0,0,0,0
35.37,0,359,0.000153297,0,359,0,359,0,0,0,0,0,0
35.38,0,359,0.000153307,0,359,0,359,0,0,0,0,0,0
35.39,0,358,0.000153318,0,358,0,358,0,0,0,0,0,0
35.4,0,358,0.000153328,0,358,0,358,0,0,0,0,0,0
35.41,0,358,0.000153338,0,358,0,358,0,0,0,0,0,0
35.42,0,358,0.000153347,0,358,0,358,0,0,0,0,0,0
35.43,0,359,0.000153357,0,359,0,359,0,0,0,0,0,0
35.44,0,360,0.000153367,0,360,0,360,0,0,0,0,0,0
35.45,0,360,0.000153377,0,360,0,360,0,0,0,0,0,0
35.46,0,360,0.000153387,0,360,0,360,0,0,0,0,0,0
35.47,0,360,0.000153397,0,360,0,360,0,0,0,0,0,0
35.48,0,360,0.000153407,0,360,0,360,0,0,0,0,0,0
35.49,0,360,0.000153417,0,360,0,360,0,0,0,0,0,0
35.5,0,360,0.000153427,0,360,0,360,0,0,0,0,0,0
35.51,0,359,0.000153437,0,359,0,359,0,0,0,0,0,0
35.52,0,359,0.000153446,0,359,0,359,0,0,0,0,0,0
35.53,0,359,0.000153456,0,359,0,359,0,0,0,0,0,0
35.54,0,359,0.000153466,0,359,0,359,0,0,0,0,0,0
35.55,0,359,0.000153476,0,359,0,359,0,0,0,0,0,0
35.56,0,360,0.000153486,0,360,0,360,0,0,0,0,0,0
35.57,0,360,0.000153496,0,360,0,360,0,0,0,0,0,0
35.58,0,359,0.000153506,0,359,0,359,0,0,0,0,0,0
35.59,0,359,0.000153515,0,359,0,359,0,0,0,0,0,0
35.6,0,359,0.000153525,0,359,0,359,0,0,0,0,0,0
35.61,0,359,0.000153535,0,359,0,359,0,0,0,0,0,0
35.62,0,359,0.000153545,0,359,0,359,0,0,0,0,0,0
35.63,0,359,0.000153555,0,359,0,359,0,0,0,0,0,0
35.64,0,358,0.000153565,0,358,0,358,0,0,0,0,0,0
35.65,0,358,0.000153575,0,358,0,358,0,0,0,0,0,0
35.66,0,358,0.000153585,0,358,0,358,0,0,0,0,0,0
35.67,0,358,0.000153594,0,358,0,358,0,0,0,0,0,0
35.68,0,358,0.000153604,0,358,0,358,0,0,0,0,0,0
35.69,0,358,0.000153614,0,358,0,358,0,0,0,0,0,0
35.7,0,358,0.000153624,0,358,0,358,0,0,0,0,0,0
35.71,0,357,0.000153634,0,357,0,357,0,0,0,0,0,0
35.72,0,357,0.000153644,0,357,0,357,0,0,0,0,0,0
35.73,0,357,0.000153653,0,357,0,357,0,0,0,0,0,0
35.74,0,358,0.000153663,0,358,0,358,0,0,0,0,0,0
35.75,0,358,0.000153673,0,358,0,358,0,0,0,0,0,0
35.76,0,358,0.000153683,0,358,0,358,0,0,0,0,0,0
35.77,0,358,0.000153693,0,358,0,358,0,0,0,0,0,0
35.78,0,357,0.000153703,0,357,0,357,0,0,0,0,0,0
35.79,0,358,0.000153712,0,358,0,358,0,0,0,0,0,0
35.8,0,357,0.000153722,0,357,0,357,0,0,0,0,0,0
35.81,0,357,0.000153732,0,357,0,357,0,0,0,0,0,0
35.82,0,357,0.000153742,0,357,0,357,0,0,0,0,0,0
35.83,0,357,0.000153752,0,357,0,357,0,0,0,0,0,0
35.84,0,357,0.000153761,0,357,0,357,0,0,0,0,0,0
35.85,0,357,0.000153771,0,357,0,357,0,0,0,0,0,0
35.86,0,357,0.000153781,0,357,0,357,0,0,0,0,0,0
35.87,0,357,0.000153791,0,357,0,357,0,0,0,0,0,0
35.88,0,357,0.000153801,0,357,0,357,0,0,0,0,0,0
35.89,0,357,0.00015381,0,357,0,357,0,0,0,0,0,0
35.9,0,357,0.00015382,0,357,0,357,0,0,0,0,0,0
35.91,0,357,0.00015383,0,357,0,357,0,0,0,0,0,0
35.92,0,357,0.00015384,0,357,0,357,0,0,0,0,0,0
35.93,0,357,0.00015385,0,357,0,357,0,0,0,0,0,0
35.94,0,357,0.000153859,0,357,0,357,0,0,0,0,0,0
35.95,0,357,0.000153869,0,357,0,357,0,0,0,0,0,0
35.96,0,357,0.000153879,0,357,0,357,0,0,0,0,0,0
35.97,0,357,0.000153889,0,357,0,357,0,0,0,0,0,0
35.98,0,357,0.000153898,0,357,0,357,0,0,0,0,0,0
35.99,0,357,0.000153908,0,357,0,357,0,0,0,0,0,0
36,0,357,0.000153918,0,357,0,357,0,0,0,0,0,0
36.01,0,357,0.000153928,0,357,0,357,0,0,0,0,0,0
36.02,0,357,0.000153938,0,357,0,357,0,0,0,0,0,0
36.03,0,357,0.000153947,0,357,0,357,0,0,0,0,0,0
36.04,0,357,0.000153957,0,357,0,357,0,0,0,0,0,0
36.05,0,357,0.000153967,0,357,0,357,0,0,0,0,0,0
36.06,0,357,0.000153977,0,357,0,357,0,0,0,0,0,0
36.07,0,357,0.000153986,0,357,0,357,0,0,0,0,0,0
36.08,0,357,0.000153996,0,357,0,357,0,0,0,0,0,0
36.09,0,359,0.000154006,0,359,0,359,0,0,0,0,0,0
36.1,0,360,0.000154016,0,360,0,360,0,0,0,0,0,0
36.11,0,360,0.000154025,0,360,0,360,0,0,0,0,0,0
36.12,0,360,0.000154035,0,360,0,360,0,0,0,0,0,0
36.13,0,360,0.000154045,0,360,0,360,0,0,0,0,0,0
36.14,0,361,0.000154055,0,361,0,361,0,0,0,0,0,0
36.15,0,361,0.000154064,0,361,0,361,0,0,0,0,0,0
36.16,0,361,0.000154074,0,361,0,361,0,0,0,0,0,0
36.17,0,362,0.000154084,0,362,0,362,0,0,0,0,0,0
36.18,0,362,0.000154094,0,362,0,362,0,0,0,0,0,0
36.19,0,362,0.000154103,0,362,0,362,0,0,0,0,0,0
36.2,0,362,0.000154113,0,362,0,362,0,0,0,0,0,0
36.21,0,362,0.000154123,0,362,0,362,0,0,0,0,0,0
36.22,0,362,0.000154133,0,362,0,362,0,0,0,0,0,0
36.23,0,362,0.000154142,0,362,0,362,0,0,0,0,0,0
36.24,0,362,0.000154152,0,362,0,362,0,0,0,0,0,0
36.25,0,364,0.000154162,0,364,0,364,0,0,0,0,0,0
36.26,0,364,0.000154172,0,364,0,364,0,0,0,0,0,0
36.27,0,364,0.000154181,0,364,0,364,0,0,0,0,0,0
36.28,0,364,0.000154191,0,364,0,364,0,0,0,0,0,0
36.29,0,365,0.000154201,0,365,0,365,0,0,0,0,0,0
36.3,0,365,0.00015421,0,365,0,365,0,0,0,0,0,0
36.31,0,366,0.00015422,0,366,0,366,0,0,0,0,0,0
36.32,0,366,0.00015423,0,366,0,366,0,0,0,0,0,0
36.33,0,366,0.00015424,0,366,0,366,0,0,0,0,0,0
36.34,0,366,0.000154249,0,366,0,366,0,0,0,0,0,0
36.35,0,367,0.000154259,0,367,0,367,0,0,0,0,0,0
36.36,0,368,0.000154269,0,368,0,368,0,0,0,0,0,0
36.37,0,368,0.000154278,0,368,0,368,0,0,0,0,0,0
36.38,0,368,0.000154288,0,368,0,368,0,0,0,0,0,0
36.39,0,368,0.000154298,0,368,0,368,0,0,0,0,0,0
36.4,0,368,0.000154308,0,368,0,368,0,0,0,0,0,0
36.41,0,368,0.000154317,0,368,0,368,0,0,0,0,0,0
36.42,0,368,0.000154327,0,368,0,368,0,0,0,0,0,0
36.43,0,368,0.000154337,0,368,0,368,0,0,0,0,0,0
36.44,0,369,0.000154346,0,369,0,369,0,0,0,0,0,0
36.45,0,369,0.000154356,0,369,0,369,0,0,0,0,0,0
36.46,0,369,0.000154366,0,369,0,369,0,0,0,0,0,0
36.47,0,369,0.000154375,0,369,0,369,0,0,0,0,0,0
36.48,0,369,0.000154385,0,369,0,369,0,0,0,0,0,0
36.49,0,369,0.000154395,0,369,0,369,0,0,0,0,0,0
36.5,0,369,0.000154404,0,369,0,369,0,0,0,0,0,0
36.51,0,369,0.000154414,0,369,0,369,0,0,0,0,0,0
36.52,0,368,0.000154424,0,368,0,368,0,0,0,0,0,0
36.53,0,369,0.000154433,0,369,0,369,0,0,0,0,0,0
36.54,0,369,0.000154443,0,369,0,369,0,0,0,0,0,0
36.55,0,370,0.000154453,0,370,0,370,0,0,0,0,0,0
36.56,0,370,0.000154462,0,370,0,370,0,0,0,0,0,0
36.57,0,370,0.000154472,0,370,0,370,0,0,0,0,0,0
36.58,0,369,0.000154482,0,369,0,369,0,0,0,0,0,0
36.59,0,369,0.000154491,0,369,0,369,0,0,0,0,0,0
36.6,0,369,0.000154501,0,369,0,369,0,0,0,0,0,0
36.61,0,369,0.000154511,0,369,0,369,0,0,0,0,0,0
36.62,0,369,0.00015452,0,369,0,369,0,0,0,0,0,0
36.63,0,369,0.00015453,0,369,0,369,0,0,0,0,0,0
36.64,0,369,0.00015454,0,369,0,369,0,0,0,0,0,0
36.65,0,369,0.000154549,0,369,0,369,0,0,0,0,0,0
36.66,0,369,0.000154559,0,369,0,369,0,0,0,0,0,0
36.67,0,369,0.000154569,0,369,0,369,0,0,0,0,0,0
36.68,0,369,0.000154578,0,369,0,369,0,0,0,0,0,0
36.69,0,369,0.000154588,0,369,0,369,0,0,0,0,0,0
36.7,0,369,0.000154598,0,369,0,369,0,0,0,0,0,0
36.71,0,369,0.000154607,0,369,0,369,0,0,0,0,0,0
36.72,0,369,0.000154617,0,369,0,369,0,0,0,0,0,0
36.73,0,369,0.000154626,0,369,0,369,0,0,0,0,0,0
36.74,0,369,0.000154636,0,369,0,369,0,0,0,0,0,0
36.75,0,369,0.000154646,0,369,0,369,0,0,0,0,0,0
36.76,0,369,0.000154655,0,369,0,369,0,0,0,0,0,0
36.77,0,369,0.000154665,0,369,0,369,0,0,0,0,0,0
36.78,0,369,0.000154675,0,369,0,369,0,0,0,0,0,0
36.79,0,369,0.000154684,0,369,0,369,0,0,0,0,0,0
36.8,0,369,0.000154694,0,369,0,369,0,0,0,0,0,0
36.81,0,369,0.000154703,0,369,0,369,0,0,0,0,0,0
36.82,0,370,0.000154713,0,370,0,370,0,0,0,0,0,0
36.83,0,370,0.000154723,0,370,0,370,0,0,0,0,0,0
36.84,0,370,0.000154732,0,370,0,370,0,0,0,0,0,0
36.85,0,370,0.000154742,0,370,0,370,0,0,0,0,0,0
36.86,0,370,0.000154751,0,370,0,370,0,0,0,0,0,0
36.87,0,370,0.000154761,0,370,0,370,0,0,0,0,0,0
36.88,0,369,0.000154771,0,369,0,369,0,0,0,0,0,0
36.89,0,369,0.00015478,0,369,0,369,0,0,0,0,0,0
36.9,0,368,0.00015479,0,368,0,368,0,0,0,0,0,0
36.91,0,368,0.000154799,0,368,0,368,0,0,0,0,0,0
36.92,0,368,0.000154809,0,368,0,368,0,0,0,0,0,0
36.93,0,368,0.000154819,0,368,0,368,0,0,0,0,0,0
36.94,0,368,0.000154828,0,368,0,368,0,0,0,0,0,0
36.95,0,368,0.000154838,0,368,0,368,0,0,0,0,0,0
36.96,0,368,0.000154847,0,368,0,368,0,0,0,0,0,0
36.97,0,368,0.000154857,0,368,0,368,0,0,0,0,0,0
36.98,0,368,0.000154867,0,368,0,368,0,0,0,0,0,0
36.99,0,368,0.000154876,0,368,0,368,0,0,0,0,0,0
37,0,368,0.000154886,0,368,0,368,0,0,0,0,0,0
37.01,0,368,0.000154895,0,368,0,368,0,0,0,0,0,0
37.02,0,368,0.000154905,0,368,0,368,0,0,0,0,0,0
37.03,0,368,0.000154914,0,368,0,368,0,0,0,0,0,0
37.04,0,368,0.000154924,0,368,0,368,0,0,0,0,0,0
37.05,0,369,0.000154933,0,369,0,369,0,0,0,0,0,0
37.06,0,369,0.000154943,0,369,0,369,0,0,0,0,0,0
37.07,0,370,0.000154952,0,370,0,370,0,0,0,0,0,0
37.08,0,370,0.000154962,0,370,0,370,0,0,0,0,0,0
37.09,0,370,0.000154972,0,370,0,370,0,0,0,0,0,0
37.1,0,370,0.000154981,0,370,0,370,0,0,0,0,0,0
37.11,0,370,0.000154991,0,370,0,370,0,0,0,0,0,0
37.12,0,370,0.000155,0,370,0,370,0,0,0,0,0,0
37.13,0,370,0.00015501,0,370,0,370,0,0,0,0,0,0
37.14,0,370,0.000155019,0,370,0,370,0,0,0,0,0,0
37.15,0,370,0.000155029,0,370,0,370,0,0,0,0,0,0
37.16,0,370,0.000155038,0,370,0,370,0,0,0,0,0,0
37.17,0,371,0.000155048,0,371,0,371,0,0,0,0,0,0
37.18,0,371,0.000155057,0,371,0,371,0,0,0,0,0,0
37.19,0,371,0.000155067,0,371,0,371,0,0,0,0,0,0
37.2,0,371,0.000155076,0,371,0,371,0,0,0,0,0,0
37.21,0,371,0.000155086,0,371,0,371,0,0,0,0,0,0
37.22,0,371,0.000155095,0,371,0,371,0,0,0,0,0,0
37.23,0,371,0.000155105,0,371,0,371,0,0,0,0,0,0
37.24,0,371,0.000155114,0,371,0,371,0,0,0,0,0,0
37.25,0,372,0.000155124,0,372,0,372,0,0,0,0,0,0
37.26,0,372,0.000155133,0,372,0,372,0,0,0,0,0,0
37.27,0,372,0.000155143,0,372,0,372,0,0,0,0,0,0
37.28,0,372,0.000155152,0,372,0,372,0,0,0,0,0,0
37.29,0,372,0.000155162,0,372,0,372,0,0,0,0,0,0
37.3,0,372,0.000155171,0,372,0,372,0,0,0,0,0,0
37.31,0,372,0.000155181,0,372,0,372,0,0,0,0,0,0
37.32,0,372,0.00015519,0,372,0,372,0,0,0,0,0,0
37.33,0,372,0.0001552,0,372,0,372,0,0,0,0,0,0
37.34,0,372,0.000155209,0,372,0,372,0,0,0,0,0,0
37.35,0,372,0.000155219,0,372,0,372,0,0,0,0,0,0
37.36,0,372,0.000155228,0,372,0,372,0,0,0,0,0,0
37.37,0,372,0.000155238,0,372,0,372,0,0,0,0,0,0
37.38,0,371,0.000155247,0,371,0,371,0,0,0,0,0,0
37.39,0,371,0.000155257,0,371,0,371,0,0,0,0,0,0
37.4,0,371,0.000155266,0,371,0,371,0,0,0,0,0,0
37.41,0,371,0.000155276,0,371,0,371,0,0,0,0,0,0
37.42,0,371,0.000155285,0,371,0,371,0,0,0,0,0,0
37.43,0,371,0.000155295,0,371,0,371,0,0,0,0,0,0
37.44,0,371,0.000155304,0,371,0,371,0,0,0,0,0,0
37.45,0,371,0.000155314,0,371,0,371,0,0,0,0,0,0
37.46,0,371,0.000155323,0,371,0,371,0,0,0,0,0,0
37.47,0,372,0.000155332,0,372,0,372,0,0,0,0,0,0
37.48,0,372,0.000155342,0,372,0,372,0,0,0,0,0,0
37.49,0,372,0.000155351,0,372,0,372,0,0,0,0,0,0
37.5,0,372,0.000155361,0,372,0,372,0,0,0,0,0,0
37.51,0,372,0.00015537,0,372,0,372,0,0,0,0,0,0
37.52,0,372,0.00015538,0,372,0,372,0,0,0,0,0,0
37.53,0,372,0.000155389,0,372,0,372,0,0,0,0,0,0
37.54,0,372,0.000155399,0,372,0,372,0,0,0,0,0,0
37.55,0,372,0.000155408,0,372,0,372,0,0,0,0,0,0
37.56,0,372,0.000155417,0,372,0,372,0,0,0,0,0,0
37.57,0,373,0.000155427,0,373,0,373,0,0,0,0,0,0
37.58,0,373,0.000155436,0,373,0,373,0,0,0,0,0,0
37.59,0,373,0.000155446,0,373,0,373,0,0,0,0,0,0
37.6,0,373,0.000155455,0,373,0,373,0,0,0,0,0,0
37.61,0,373,0.000155465,0,373,0,373,0,0,0,0,0,0
37.62,0,373,0.000155474,0,373,0,373,0,0,0,0,0,0
37.63,0,372,0.000155483,0,372,0,372,0,0,0,0,0,0
37.64,0,372,0.000155493,0,372,0,372,0,0,0,0,0,0
37.65,0,372,0.000155502,0,372,0,372,0,0,0,0,0,0
37.66,0,372,0.000155512,0,372,0,372,0,0,0,0,0,0
37.67,0,373,0.000155521,0,373,0,373,0,0,0,0,0,0
37.68,0,373,0.000155531,0,373,0,373,0,0,0,0,0,0
37.69,0,374,0.00015554,0,374,0,374,0,0,0,0,0,0
37.7,0,374,0.000155549,0,374,0,374,0,0,0,0,0,0
37.71,0,374,0.000155559,0,374,0,374,0,0,0,0,0,0
37.72,0,374,0.000155568,0,374,0,374,0,0,0,0,0,0
37.73,0,374,0.000155578,0,374,0,374,0,0,0,0,0,0
37.74,0,374,0.000155587,0,374,0,374,0,0,0,0,0,0
37.75,0,375,0.000155596,0,375,0,375,0,0,0,0,0,0
37.76,0,375,0.000155606,0,375,0,375,0,0,0,0,0,0
37.77,0,374,0.000155615,0,374,0,374,0,0,0,0,0,0
37.78,0,374,0.000155625,0,374,0,374,0,0,0,0,0,0
37.79,0,375,0.000155634,0,375,0,375,0,0,0,0,0,0
37.8,0,375,0.000155643,0,375,0,375,0,0,0,0,0,0
37.81,0,376,0.000155653,0,376,0,376,0,0,0,0,0,0
37.82,0,376,0.000155662,0,376,0,376,0,0,0,0,0,0
37.83,0,376,0.000155672,0,376,0,376,0,0,0,0,0,0
37.84,0,376,0.000155681,0,376,0,376,0,0,0,0,0,0
37.85,0,375,0.000155691,0,375,0,375,0,0,0,0,0,0
37.86,0,375,0.0001557,0,375,0,375,0,0,0,0,0,0
37.87,0,375,0.000155709,0,375,0,375,0,0,0,0,0,0
37.88,0,375,0.000155718,0,375,0,375,0,0,0,0,0,0
37.89,0,375,0.000155727,0,375,0,375,0,0,0,0,0,0
37.9,0,375,0.000155736,0,375,0,375,0,0,0,0,0,0
37.91,0,375,0.000155745,0,375,0,375,0,0,0,0,0,0
37.92,0,375,0.000155754,0,375,0,375,0,0,0,0,0,0
37.93,0,375,0.000155763,0,375,0,375,0,0,0,0,0,0
37.94,0,375,0.000155772,0,375,0,375,0,0,0,0,0,0
37.95,0,375,0.000155781,0,375,0,375,0,0,0,0,0,0
37.96,0,375,0.000155791,0,375,0,375,0,0,0,0,0,0
37.97,0,375,0.0001558,0,375,0,375,0,0,0,0,0,0
37.98,0,375,0.000155809,0,375,0,375,0,0,0,0,0,0
37.99,0,374,0.000155818,0,374,0,374,0,0,0,0,0,0
38,0,374,0.000155827,0,374,0,374,0,0,0,0,0,0
38.01,0,375,0.000155836,0,375,0,375,0,0,0,0,0,0
38.02,0,376,0.000155845,0,376,0,376,0,0,0,0,0,0
38.03,0,376,0.000155854,0,376,0,376,0,0,0,0,0,0
38.04,0,376,0.000155863,0,376,0,376,0,0,0,0,0,0
38.05,0,376,0.000155872,0,376,0,376,0,0,0,0,0,0
38.06,0,376,0.000155881,0,376,0,376,0,0,0,0,0,0
38.07,0,377,0.00015589,0,377,0,377,0,0,0,0,0,0
38.08,0,377,0.000155899,0,377,0,377,0,0,0,0,0,0
38.09,0,377,0.000155908,0,377,0,377,0,0,0,0,0,0
38.1,0,377,0.000155917,0,377,0,377,0,0,0,0,0,0
38.11,0,378,0.000155926,0,378,0,378,0,0,0,0,0,0
38.12,0,378,0.000155935,0,378,0,378,0,0,0,0,0,0
38.13,0,379,0.000155944,0,379,0,379,0,0,0,0,0,0
38.14,0,379,0.000155954,0,379,0,379,0,0,0,0,0,0
38.15,0,379,0.000155963,0,379,0,379,0,0,0,0,0,0
38.16,0,379,0.000155972,0,379,0,379,0,0,0,0,0,0
38.17,0,379,0.000155981,0,379,0,379,0,0,0,0,0,0
38.18,0,379,0.00015599,0,379,0,379,0,0,0,0,0,0
38.19,0,379,0.000155999,0,379,0,379,0,0,0,0,0,0
38.2,0,379,0.000156008,0,379,0,379,0,0,0,0,0,0
38.21,0,379,0.000156017,0,379,0,379,0,0,0,0,0,0
38.22,0,379,0.000156026,0,379,0,379,0,0,0,0,0,0
38.23,0,379,0.000156035,0,379,0,379,0,0,0,0,0,0
38.24,0,379,0.000156044,0,379,0,379,0,0,0,0,0,0
38.25,0,379,0.000156053,0,379,0,379,0,0,0,0,0,0
38.26,0,379,0.000156062,0,379,0,379,0,0,0,0,0,0
38.27,0,379,0.000156071,0,379,0,379,0,0,0,0,0,0
38.28,0,378,0.00015608,0,378,0,378,0,0,0,0,0,0
38.29,0,378,0.000156089,0,378,0,378,0,0,0,0,0,0
38.3,0,378,0.000156098,0,378,0,378,0,0,0,0,0,0
38.31,0,378,0.000156107,0,378,0,378,0,0,0,0,0,0
38.32,0,379,0.000156116,0,379,0,379,0,0,0,0,0,0
38.33,0,380,0.000156125,0,380,0,380,0,0,0,0,0,0
38.34,0,380,0.000156134,0,380,0,380,0,0,0,0,0,0
38.35,0,380,0.000156143,0,380,0,380,0,0,0,0,0,0
38.36,0,380,0.000156152,0,380,0,380,0,0,0,0,0,0
38.37,0,380,0.000156161,0,380,0,380,0,0,0,0,0,0
38.38,0,380,0.00015617,0,380,0,380,0,0,0,0,0,0
38.39,0,380,0.000156179,0,380,0,380,0,0,0,0,0,0
38.4,0,381,0.000156188,0,381,0,381,0,0,0,0,0,0
38.41,0,381,0.000156197,0,381,0,381,0,0,0,0,0,0
38.42,0,381,0.000156206,0,381,0,381,0,0,0,0,0,0
38.43,0,381,0.000156215,0,381,0,381,0,0,0,0,0,0
38.44,0,381,0.000156224,0,381,0,381,0,0,0,0,0,0
38.45,0,381,0.000156233,0,381,0,381,0,0,0,0,0,0
38.46,0,381,0.000156242,0,381,0,381,0,0,0,0,0,0
38.47,0,381,0.000156251,0,381,0,381,0,0,0,0,0,0
38.48,0,381,0.00015626,0,381,0,381,0,0,0,0,0,0
38.49,0,381,0.000156269,0,381,0,381,0,0,0,0,0,0
38.5,0,381,0.000156278,0,381,0,381,0,0,0,0,0,0
38.51,0,381,0.000156287,0,381,0,381,0,0,0,0,0,0
38.52,0,382,0.000156296,0,382,0,382,0,0,0,0,0,0
38.53,0,382,0.000156305,0,382,0,382,0,0,0,0,0,0
38.54,0,382,0.000156314,0,382,0,382,0,0,0,0,0,0
38.55,0,382,0.000156323,0,382,0,382,0,0,0,0,0,0
38.56,0,383,0.000156332,0,383,0,383,0,0,0,0,0,0
38.57,0,383,0.000156341,0,383,0,383,0,0,0,0,0,0
38.58,0,383,0.00015635,0,383,0,383,0,0,0,0,0,0
38.59,0,383,0.000156359,0,383,0,383,0,0,0,0,0,0
38.6,0,383,0.000156368,0,383,0,383,0,0,0,0,0,0
38.61,0,383,0.000156377,0,383,0,383,0,0,0,0,0,0
38.62,0,383,0.000156386,0,383,0,383,0,0,0,0,0,0
38.63,0,383,0.000156395,0,383,0,383,0,0,0,0,0,0
38.64,0,383,0.000156404,0,383,0,383,0,0,0,0,0,0
38.65,0,383,0.000156413,0,383,0,383,0,0,0,0,0,0
38.66,0,383,0.000156422,0,383,0,383,0,0,0,0,0,0
38.67,0,383,0.000156431,0,383,0,383,0,0,0,0,0,0
38.68,0,383,0.00015644,0,383,0,383,0,0,0,0,0,0
38.69,0,383,0.000156449,0,383,0,383,0,0,0,0,0,0
38.7,0,383,0.000156458,0,383,0,383,0,0,0,0,0,0
38.71,0,383,0.000156467,0,383,0,383,0,0,0,0,0,0
38.72,0,383,0.000156476,0,383,0,383,0,0,0,0,0,0
38.73,0,383,0.000156485,0,383,0,383,0,0,0,0,0,0
38.74,0,383,0.000156494,0,383,0,383,0,0,0,0,0,0
38.75,0,383,0.000156503,0,383,0,383,0,0,0,0,0,0
38.76,0,383,0.000156512,0,383,0,383,0,0,0,0,0,0
38.77,0,383,0.000156521,0,383,0,383,0,0,0,0,0,0
38.78,0,383,0.00015653,0,383,0,383,0,0,0,0,0,0
38.79,0,382,0.000156539,0,382,0,382,0,0,0,0,0,0
38.8,0,380,0.000156548,0,380,0,380,0,0,0,0,0,0
38.81,0,381,0.000156557,0,381,0,381,0,0,0,0,0,0
38.82,0,381,0.000156566,0,381,0,381,0,0,0,0,0,0
38.83,0,381,0.000156575,0,381,0,381,0,0,0,0,0,0
38.84,0,380,0.000156584,0,380,0,380,0,0,0,0,0,0
38.85,0,380,0.000156593,0,380,0,380,0,0,0,0,0,0
38.86,0,381,0.000156602,0,381,0,381,0,0,0,0,0,0
38.87,0,381,0.000156611,0,381,0,381,0,0,0,0,0,0
38.88,0,381,0.00015662,0,381,0,381,0,0,0,0,0,0
38.89,0,381,0.000156628,0,381,0,381,0,0,0,0,0,0
38.9,0,381,0.000156637,0,381,0,381,0,0,0,0,0,0
38.91,0,381,0.000156646,0,381,0,381,0,0,0,0,0,0
38.92,0,381,0.000156655,0,381,0,381,0,0,0,0,0,0
38.93,0,381,0.000156664,0,381,0,381,0,0,0,0,0,0
38.94,0,381,0.000156673,0,381,0,381,0,0,0,0,0,0
38.95,0,381,0.000156682,0,381,0,381,0,0,0,0,0,0
38.96,0,381,0.000156691,0,381,0,381,0,0,0,0,0,0
38.97,0,381,0.0001567,0,381,0,381,0,0,0,0,0,0
38.98,0,381,0.000156709,0,381,0,381,0,0,0,0,0,0
38.99,0,381,0.000156717,0,381,0,381,0,0,0,0,0,0
39,0,381,0.000156726,0,381,0,381,0,0,0,0,0,0
39.01,0,381,0.000156735,0,381,0,381,0,0,0,0,0,0
39.02,0,381,0.000156744,0,381,0,381,0,0,0,0,0,0
39.03,0,381,0.000156753,0,381,0,381,0,0,0,0,0,0
39.04,0,381,0.000156762,0,381,0,381,0,0,0,0,0,0
39.05,0,381,0.000156771,0,381,0,381,0,0,0,0,0,0
39.06,0,381,0.00015678,0,381,0,381,0,0,0,0,0,0
39.07,0,381,0.000156789,0,381,0,381,0,0,0,0,0,0
39.08,0,381,0.000156797,0,381,0,381,0,0,0,0,0,0
39.09,0,381,0.000156806,0,381,0,381,0,0,0,0,0,0
39.1,0,381,0.000156815,0,381,0,381,0,0,0,0,0,0
39.11,0,381,0.000156824,0,381,0,381,0,0,0,0,0,0
39.12,0,381,0.000156833,0,381,0,381,0,0,0,0,0,0
39.13,0,382,0.000156842,0,382,0,382,0,0,0,0,0,0
39.14,0,382,0.000156851,0,382,0,382,0,0,0,0,0,0
39.15,0,382,0.000156859,0,382,0,382,0,0,0,0,0,0
39.16,0,382,0.000156868,0,382,0,382,0,0,0,0,0,0
39.17,0,382,0.000156877,0,382,0,382,0,0,0,0,0,0
39.18,0,383,0.000156886,0,383,0,383,0,0,0,0,0,0
39.19,0,384,0.000156895,0,384,0,384,0,0,0,0,0,0
39.2,0,385,0.000156904,0,385,0,385,0,0,0,0,0,0
39.21,0,385,0.000156913,0,385,0,385,0,0,0,0,0,0
39.22,0,386,0.000156921,0,386,0,386,0,0,0,0,0,0
39.23,0,385,0.00015693,0,385,0,385,0,0,0,0,0,0
39.24,0,384,0.000156939,0,384,0,384,0,0,0,0,0,0
39.25,0,384,0.000156948,0,384,0,384,0,0,0,0,0,0
39.26,0,384,0.000156957,0,384,0,384,0,0,0,0,0,0
39.27,0,384,0.000156966,0,384,0,384,0,0,0,0,0,0
39.28,0,383,0.000156974,0,383,0,383,0,0,0,0,0,0
39.29,0,383,0.000156983,0,383,0,383,0,0,0,0,0,0
39.3,0,383,0.000156992,0,383,0,383,0,0,0,0,0,0
39.31,0,383,0.000157001,0,383,0,383,0,0,0,0,0,0
39.32,0,383,0.00015701,0,383,0,383,0,0,0,0,0,0
39.33,0,383,0.000157018,0,383,0,383,0,0,0,0,0,0
39.34,0,383,0.000157027,0,383,0,383,0,0,0,0,0,0
39.35,0,383,0.000157036,0,383,0,383,0,0,0,0,0,0
39.36,0,383,0.000157045,0,383,0,383,0,0,0,0,0,0
39.37,0,383,0.000157054,0,383,0,383,0,0,0,0,0,0
39.38,0,383,0.000157063,0,383,0,383,0,0,0,0,0,0
39.39,0,385,0.000157071,0,385,0,385,0,0,0,0,0,0
39.4,0,385,0.00015708,0,385,0,385,0,0,0,0,0,0
39.41,0,385,0.000157089,0,385,0,385,0,0,0,0,0,0
39.42,0,385,0.000157098,0,385,0,385,0,0,0,0,0,0
39.43,0,385,0.000157107,0,385,0,385,0,0,0,0,0,0
39.44,0,385,0.000157115,0,385,0,385,0,0,0,0,0,0
39.45,0,385,0.000157124,0,385,0,385,0,0,0,0,0,0
39.46,0,385,0.000157133,0,385,0,385,0,0,0,0,0,0
39.47,0,385,0.000157142,0,385,0,385,0,0,0,0,0,0
39.48,0,385,0.000157151,0,385,0,385,0,0,0,0,0,0
39.49,0,385,0.000157159,0,385,0,385,0,0,0,0,0,0
39.5,0,386,0.000157168,0,386,0,386,0,0,0,0,0,0
39.51,0,386,0.000157177,0,386,0,386,0,0,0,0,0,0
39.52,0,386,0.000157186,0,386,0,386,0,0,0,0,0,0
39.53,0,387,0.000157195,0,387,0,387,0,0,0,0,0,0
39.54,0,387,0.000157203,0,387,0,387,0,0,0,0,0,0
39.55,0,387,0.000157212,0,387,0,387,0,0,0,0,0,0
39.56,0,387,0.000157221,0,387,0,387,0,0,0,0,0,0
39.57,0,387,0.00015723,0,387,0,387,0,0,0,0,0,0
39.58,0,387,0.000157238,0,387,0,387,0,0,0,0,0,0
39.59,0,387,0.000157247,0,387,0,387,0,0,0,0,0,0
39.6,0,387,0.000157256,0,387,0,387,0,0,0,0,0,0
39.61,0,387,0.000157265,0,387,0,387,0,0,0,0,0,0
39.62,0,387,0.000157274,0,387,0,387,0,0,0,0,0,0
39.63,0,388,0.000157282,0,388,0,388,0,0,0,0,0,0
39.64,0,388,0.000157291,0,388,0,388,0,0,0,0,0,0
39.65,0,389,0.0001573,0,389,0,389,0,0,0,0,0,0
39.66,0,389,0.000157309,0,389,0,389,0,0,0,0,0,0
39.67,0,389,0.000157317,0,389,0,389,0,0,0,0,0,0
39.68,0,389,0.000157326,0,389,0,389,0,0,0,0,0,0
39.69,0,389,0.000157335,0,389,0,389,0,0,0,0,0,0
39.7,0,390,0.000157344,0,390,0,390,0,0,0,0,0,0
39.71,0,390,0.000157353,0,390,0,390,0,0,0,0,0,0
39.72,0,390,0.000157361,0,390,0,390,0,0,0,0,0,0
39.73,0,390,0.00015737,0,390,0,390,0,0,0,0,0,0
39.74,0,390,0.000157379,0,390,0,390,0,0,0,0,0,0
39.75,0,390,0.000157388,0,390,0,390,0,0,0,0,0,0
39.76,0,390,0.000157397,0,390,0,390,0,0,0,0,0,0
39.77,0,390,0.000157405,0,390,0,390,0,0,0,0,0,0
39.78,0,390,0.000157414,0,390,0,390,0,0,0,0,0,0
39.79,0,390,0.000157423,0,390,0,390,0,0,0,0,0,0
39.8,0,390,0.000157432,0,390,0,390,0,0,0,0,0,0
39.81,0,390,0.00015744,0,390,0,390,0,0,0,0,0,0
39.82,0,391,0.000157449,0,391,0,391,0,0,0,0,0,0
39.83,0,391,0.000157458,0,391,0,391,0,0,0,0,0,0
39.84,0,391,0.000157467,0,391,0,391,0,0,0,0,0,0
39.85,0,391,0.000157476,0,391,0,391,0,0,0,0,0,0
39.86,0,392,0.000157484,0,392,0,392,0,0,0,0,0,0
39.87,0,392,0.000157493,0,392,0,392,0,0,0,0,0,0
39.88,0,391,0.000157502,0,391,0,391,0,0,0,0,0,0
39.89,0,391,0.000157511,0,391,0,391,0,0,0,0,0,0
39.9,0,391,0.000157519,0,391,0,391,0,0,0,0,0,0
39.91,0,391,0.000157528,0,391,0,391,0,0,0,0,0,0
39.92,0,391,0.000157536,0,391,0,391,0,0,0,0,0,0
39.93,0,392,0.000157545,0,392,0,392,0,0,0,0,0,0
39.94,0,392,0.000157553,0,392,0,392,0,0,0,0,0,0
39.95,0,392,0.000157562,0,392,0,392,0,0,0,0,0,0
39.96,0,392,0.000157571,0,392,0,392,0,0,0,0,0,0
39.97,0,392,0.000157579,0,392,0,392,0,0,0,0,0,0
39.98,0,392,0.000157588,0,392,0,392,0,0,0,0,0,0
39.99,0,392,0.000157596,0,392,0,392,0,0,0,0,0,0
40,0,391,0.000157605,0,391,0,391,0,0,0,0,0,0
40.01,0,391,0.000157613,0,391,0,391,0,0,0,0,0,0
40.02,0,392,0.000157622,0,392,0,392,0,0,0,0,0,0
40.03,0,392,0.00015763,0,392,0,392,0,0,0,0,0,0
40.04,0,393,0.000157639,0,393,0,393,0,0,0,0,0,0
40.05,0,393,0.000157647,0,393,0,393,0,0,0,0,0,0
40.06,0,393,0.000157656,0,393,0,393,0,0,0,0,0,0
40.07,0,393,0.000157665,0,393,0,393,0,0,0,0,0,0
40.08,0,393,0.000157673,0,393,0,393,0,0,0,0,0,0
40.09,0,393,0.000157682,0,393,0,393,0,0,0,0,0,0
40.1,0,395,0.00015769,0,395,0,395,0,0,0,0,0,0
40.11,0,395,0.000157699,0,395,0,395,0,0,0,0,0,0
40.12,0,395,0.000157707,0,395,0,395,0,0,0,0,0,0
40.13,0,395,0.000157716,0,395,0,395,0,0,0,0,0,0
40.14,0,395,0.000157724,0,395,0,395,0,0,0,0,0,0
40.15,0,395,0.000157733,0,395,0,395,0,0,0,0,0,0
40.16,0,395,0.000157741,0,395,0,395,0,0,0,0,0,0
40.17,0,396,0.00015775,0,396,0,396,0,0,0,0,0,0
40.18,0,396,0.000157758,0,396,0,396,0,0,0,0,0,0
40.19,0,395,0.000157767,0,395,0,395,0,0,0,0,0,0
40.2,0,396,0.000157775,0,396,0,396,0,0,0,0,0,0
40.21,0,396,0.000157784,0,396,0,396,0,0,0,0,0,0
40.22,0,396,0.000157793,0,396,0,396,0,0,0,0,0,0
40.23,0,396,0.000157801,0,396,0,396,0,0,0,0,0,0
40.24,0,396,0.00015781,0,396,0,396,0,0,0,0,0,0
40.25,0,397,0.000157818,0,397,0,397,0,0,0,0,0,0
40.26,0,397,0.000157827,0,397,0,397,0,0,0,0,0,0
40.27,0,397,0.000157835,0,397,0,397,0,0,0,0,0,0
40.28,0,397,0.000157844,0,397,0,397,0,0,0,0,0,0
40.29,0,397,0.000157852,0,397,0,397,0,0,0,0,0,0
40.3,0,397,0.000157861,0,397,0,397,0,0,0,0,0,0
40.31,0,397,0.000157869,0,397,0,397,0,0,0,0,0,0
40.32,0,397,0.000157878,0,397,0,397,0,0,0,0,0,0
40.33,0,398,0.000157886,0,398,0,398,0,0,0,0,0,0
40.34,0,398,0.000157895,0,398,0,398,0,0,0,0,0,0
40.35,0,398,0.000157903,0,398,0,398,0,0,0,0,0,0
40.36,0,398,0.000157912,0,398,0,398,0,0,0,0,0,0
40.37,0,398,0.00015792,0,398,0,398,0,0,0,0,0,0
40.38,0,399,0.000157929,0,399,0,399,0,0,0,0,0,0
40.39,0,399,0.000157937,0,399,0,399,0,0,0,0,0,0
40.4,0,400,0.000157946,0,400,0,400,0,0,0,0,0,0
40.41,0,400,0.000157954,0,400,0,400,0,0,0,0,0,0
40.42,0,400,0.000157963,0,400,0,400,0,0,0,0,0,0
40.43,0,400,0.000157971,0,400,0,400,0,0,0,0,0,0
40.44,0,400,0.00015798,0,400,0,400,0,0,0,0,0,0
40.45,0,400,0.000157988,0,400,0,400,0,0,0,0,0,0
40.46,0,401,0.000157997,0,401,0,401,0,0,0,0,0,0
40.47,0,400,0.000158005,0,400,0,400,0,0,0,0,0,0
40.48,0,401,0.000158013,0,401,0,401,0,0,0,0,0,0
40.49,0,401,0.000158022,0,401,0,401,0,0,0,0,0,0
40.5,0,401,0.00015803,0,401,0,401,0,0,0,0,0,0
40.51,0,401,0.000158038,0,401,0,401,0,0,0,0,0,0
40.52,0,401,0.000158046,0,401,0,401,0,0,0,0,0,0
40.53,0,401,0.000158055,0,401,0,401,0,0,0,0,0,0
40.54,0,401,0.000158063,0,401,0,401,0,0,0,0,0,0
40.55,0,401,0.000158071,0,401,0,401,0,0,0,0,0,0
40.56,0,401,0.000158079,0,401,0,401,0,0,0,0,0,0
40.57,0,401,0.000158088,0,401,0,401,0,0,0,0,0,0
40.58,0,401,0.000158096,0,401,0,401,0,0,0,0,0,0
40.59,0,401,0.000158104,0,401,0,401,0,0,0,0,0,0
40.6,0,401,0.000158112,0,401,0,401,0,0,0,0,0,0
40.61,0,401,0.000158121,0,401,0,401,0,0,0,0,0,0
40.62,0,401,0.000158129,0,401,0,401,0,0,0,0,0,0
40.63,0,402,0.000158137,0,402,0,402,0,0,0,0,0,0
40.64,0,402,0.000158145,0,402,0,402,0,0,0,0,0,0
40.65,0,402,0.000158154,0,402,0,402,0,0,0,0,0,0
40.66,0,402,0.000158162,0,402,0,402,0,0,0,0,0,0
40.67,0,402,0.00015817,0,402,0,402,0,0,0,0,0,0
40.68,0,402,0.000158178,0,402,0,402,0,0,0,0,0,0
40.69,0,402,0.000158187,0,402,0,402,0,0,0,0,0,0
40.7,0,402,0.000158195,0,402,0,402,0,0,0,0,0,0
40.71,0,402,0.000158203,0,402,0,402,0,0,0,0,0,0
40.72,0,402,0.000158211,0,402,0,402,0,0,0,0,0,0
40.73,0,402,0.00015822,0,402,0,402,0,0,0,0,0,0
40.74,0,403,0.000158228,0,403,0,403,0,0,0,0,0,0
40.75,0,404,0.000158236,0,404,0,404,0,0,0,0,0,0
40.76,0,404,0.000158244,0,404,0,404,0,0,0,0,0,0
40.77,0,403,0.000158252,0,403,0,403,0,0,0,0,0,0
40.78,0,403,0.000158261,0,403,0,403,0,0,0,0,0,0
40.79,0,403,0.000158269,0,403,0,403,0,0,0,0,0,0
40.8,0,403,0.000158277,0,403,0,403,0,0,0,0,0,0
40.81,0,403,0.000158285,0,403,0,403,0,0,0,0,0,0
40.82,0,403,0.000158294,0,403,0,403,0,0,0,0,0,0
40.83,0,403,0.000158302,0,403,0,403,0,0,0,0,0,0
40.84,0,403,0.00015831,0,403,0,403,0,0,0,0,0,0
40.85,0,403,0.000158318,0,403,0,403,0,0,0,0,0,0
40.86,0,403,0.000158326,0,403,0,403,0,0,0,0,0,0
40.87,0,403,0.000158335,0,403,0,403,0,0,0,0,0,0
40.88,0,403,0.000158343,0,403,0,403,0,0,0,0,0,0
40.89,0,403,0.000158351,0,403,0,403,0,0,0,0,0,0
40.9,0,403,0.000158359,0,403,0,403,0,0,0,0,0,0
40.91,0,403,0.000158367,0,403,0,403,0,0,0,0,0,0
40.92,0,403,0.000158376,0,403,0,403,0,0,0,0,0,0
40.93,0,403,0.000158384,0,403,0,403,0,0,0,0,0,0
40.94,0,404,0.000158392,0,404,0,404,0,0,0,0,0,0
40.95,0,404,0.0001584,0,404,0,404,0,0,0,0,0,0
40.96,0,405,0.000158408,0,405,0,405,0,0,0,0,0,0
40.97,0,405,0.000158417,0,405,0,405,0,0,0,0,0,0
40.98,0,405,0.000158425,0,405,0,405,0,0,0,0,0,0
40.99,0,405,0.000158433,0,405,0,405,0,0,0,0,0,0
41,0,404,0.000158441,0,404,0,404,0,0,0,0,0,0
41.01,0,404,0.000158449,0,404,0,404,0,0,0,0,0,0
41.02,0,405,0.000158458,0,405,0,405,0,0,0,0,0,0
41.03,0,405,0.000158466,0,405,0,405,0,0,0,0,0,0
41.04,0,405,0.000158474,0,405,0,405,0,0,0,0,0,0
41.05,0,406,0.000158482,0,406,0,406,0,0,0,0,0,0
41.06,0,406,0.00015849,0,406,0,406,0,0,0,0,0,0
41.07,0,406,0.000158499,0,406,0,406,0,0,0,0,0,0
41.08,0,406,0.000158507,0,406,0,406,0,0,0,0,0,0
41.09,0,406,0.000158515,0,406,0,406,0,0,0,0,0,0
41.1,0,406,0.000158523,0,406,0,406,0,0,0,0,0,0
41.11,0,406,0.000158531,0,406,0,406,0,0,0,0,0,0
41.12,0,406,0.00015854,0,406,0,406,0,0,0,0,0,0
41.13,0,406,0.000158548,0,406,0,406,0,0,0,0,0,0
41.14,0,406,0.000158556,0,406,0,406,0,0,0,0,0,0
41.15,0,406,0.000158564,0,406,0,406,0,0,0,0,0,0
41.16,0,407,0.000158572,0,407,0,407,0,0,0,0,0,0
41.17,0,407,0.00015858,0,407,0,407,0,0,0,0,0,0
41.18,0,407,0.000158589,0,407,0,407,0,0,0,0,0,0
41.19,0,408,0.000158597,0,408,0,408,0,0,0,0,0,0
41.2,0,408,0.000158605,0,408,0,408,0,0,0,0,0,0
41.21,0,409,0.000158613,0,409,0,409,0,0,0,0,0,0
41.22,0,409,0.000158621,0,409,0,409,0,0,0,0,0,0
41.23,0,409,0.00015863,0,409,0,409,0,0,0,0,0,0
41.24,0,408,0.000158638,0,408,0,408,0,0,0,0,0,0
41.25,0,408,0.000158646,0,408,0,408,0,0,0,0,0,0
41.26,0,408,0.000158654,0,408,0,408,0,0,0,0,0,0
41.27,0,408,0.000158662,0,408,0,408,0,0,0,0,0,0
41.28,0,407,0.00015867,0,407,0,407,0,0,0,0,0,0
41.29,0,407,0.000158678,0,407,0,407,0,0,0,0,0,0
41.3,0,407,0.000158686,0,407,0,407,0,0,0,0,0,0
41.31,0,407,0.000158694,0,407,0,407,0,0,0,0,0,0
41.32,0,407,0.000158703,0,407,0,407,0,0,0,0,0,0
41.33,0,407,0.000158711,0,407,0,407,0,0,0,0,0,0
41.34,0,407,0.000158719,0,407,0,407,0,0,0,0,0,0
41.35,0,407,0.000158727,0,407,0,407,0,0,0,0,0,0
41.36,0,408,0.000158735,0,408,0,408,0,0,0,0,0,0
41.37,0,408,0.000158743,0,408,0,408,0,0,0,0,0,0
41.38,0,408,0.000158751,0,408,0,408,0,0,0,0,0,0
41.39,0,408,0.000158759,0,408,0,408,0,0,0,0,0,0
41.4,0,407,0.000158767,0,407,0,407,0,0,0,0,0,0
41.41,0,409,0.000158775,0,409,0,409,0,0,0,0,0,0
41.42,0,409,0.000158783,0,409,0,409,0,0,0,0,0,0
41.43,0,409,0.000158791,0,409,0,409,0,0,0,0,0,0
41.44,0,409,0.000158799,0,409,0,409,0,0,0,0,0,0
41.45,0,409,0.000158807,0,409,0,409,0,0,0,0,0,0
41.46,0,409,0.000158815,0,409,0,409,0,0,0,0,0,0
41.47,0,409,0.000158823,0,409,0,409,0,0,0,0,0,0
41.48,0,410,0.000158831,0,410,0,410,0,0,0,0,0,0
41.49,0,410,0.000158839,0,410,0,410,0,0,0,0,0,0
41.5,0,410,0.000158847,0,410,0,410,0,0,0,0,0,0
41.51,0,410,0.000158855,0,410,0,410,0,0,0,0,0,0
41.52,0,410,0.000158863,0,410,0,410,0,0,0,0,0,0
41.53,0,410,0.000158871,0,410,0,410,0,0,0,0,0,0
41.54,0,410,0.000158879,0,410,0,410,0,0,0,0,0,0
41.55,0,410,0.000158887,0,410,0,410,0,0,0,0,0,0
41.56,0,410,0.000158895,0,410,0,410,0,0,0,0,0,0
41.57,0,410,0.000158903,0,410,0,410,0,0,0,0,0,0
41.58,0,410,0.000158911,0,410,0,410,0,0,0,0,0,0
41.59,0,411,0.000158919,0,411,0,411,0,0,0,0,0,0
41.6,0,411,0.000158927,0,411,0,411,0,0,0,0,0,0
41.61,0,411,0.000158935,0,411,0,411,0,0,0,0,0,0
41.62,0,411,0.000158943,0,411,0,411,0,0,0,0,0,0
41.63,0,411,0.000158951,0,411,0,411,0,0,0,0,0,0
41.64,0,411,0.000158959,0,411,0,411,0,0,0,0,0,0
41.65,0,410,0.000158967,0,410,0,410,0,0,0,0,0,0
41.66,0,410,0.000158975,0,410,0,410,0,0,0,0,0,0
41.67,0,410,0.000158983,0,410,0,410,0,0,0,0,0,0
41.68,0,410,0.000158991,0,410,0,410,0,0,0,0,0,0
41.69,0,410,0.000158999,0,410,0,410,0,0,0,0,0,0
41.7,0,410,0.000159007,0,410,0,410,0,0,0,0,0,0
41.71,0,410,0.000159015,0,410,0,410,0,0,0,0,0,0
41.72,0,410,0.000159023,0,410,0,410,0,0,0,0,0,0
41.73,0,410,0.000159031,0,410,0,410,0,0,0,0,0,0
41.74,0,410,0.000159039,0,410,0,410,0,0,0,0,0,0
41.75,0,410,0.000159047,0,410,0,410,0,0,0,0,0,0
41.76,0,410,0.000159055,0,410,0,410,0,0,0,0,0,0
41.77,0,410,0.000159063,0,410,0,410,0,0,0,0,0,0
41.78,0,410,0.000159071,0,410,0,410,0,0,0,0,0,0
41.79,0,410,0.000159079,0,410,0,410,0,0,0,0,0,0
41.8,0,410,0.000159087,0,410,0,410,0,0,0,0,0,0
41.81,0,411,0.000159095,0,411,0,411,0,0,0,0,0,0
41.82,0,411,0.000159103,0,411,0,411,0,0,0,0,0,0
41.83,0,410,0.000159111,0,410,0,410,0,0,0,0,0,0
41.84,0,410,0.000159119,0,410,0,410,0,0,0,0,0,0
41.85,0,409,0.000159127,0,409,0,409,0,0,0,0,0,0
41.86,0,408,0.000159134,0,408,0,408,0,0,0,0,0,0
41.87,0,408,0.000159142,0,408,0,408,0,0,0,0,0,0
41.88,0,407,0.00015915,0,407,0,407,0,0,0,0,0,0
41.89,0,407,0.000159158,0,407,0,407,0,0,0,0,0,0
41.9,0,407,0.000159165,0,407,0,407,0,0,0,0,0,0
41.91,0,405,0.000159173,0,405,0,405,0,0,0,0,0,0
41.92,0,405,0.00015918,0,405,0,405,0,0,0,0,0,0
41.93,0,405,0.000159188,0,405,0,405,0,0,0,0,0,0
41.94,0,405,0.000159196,0,405,0,405,0,0,0,0,0,0
41.95,0,405,0.000159203,0,405,0,405,0,0,0,0,0,0
41.96,0,405,0.000159211,0,405,0,405,0,0,0,0,0,0
41.97,0,405,0.000159219,0,405,0,405,0,0,0,0,0,0
41.98,0,405,0.000159226,0,405,0,405,0,0,0,0,0,0
41.99,0,405,0.000159234,0,405,0,405,0,0,0,0,0,0
42,0,404,0.000159241,0,404,0,404,0,0,0,0,0,0
42.01,0,403,0.000159249,0,403,0,403,0,0,0,0,0,0
42.02,0,403,0.000159257,0,403,0,403,0,0,0,0,0,0
42.03,0,403,0.000159264,0,403,0,403,0,0,0,0,0,0
42.04,0,403,0.000159272,0,403,0,403,0,0,0,0,0,0
42.05,0,403,0.000159279,0,403,0,403,0,0,0,0,0,0
42.06,0,403,0.000159287,0,403,0,403,0,0,0,0,0,0
42.07,0,403,0.000159295,0,403,0,403,0,0,0,0,0,0
42.08,0,403,0.000159302,0,403,0,403,0,0,0,0,0,0
42.09,0,403,0.00015931,0,403,0,403,0,0,0,0,0,0
42.1,0,403,0.000159317,0,403,0,403,0,0,0,0,0,0
42.11,0,403,0.000159325,0,403,0,403,0,0,0,0,0,0
42.12,0,403,0.000159332,0,403,0,403,0,0,0,0,0,0
42.13,0,403,0.00015934,0,403,0,403,0,0,0,0,0,0
42.14,0,403,0.000159348,0,403,0,403,0,0,0,0,0,0
42.15,0,403,0.000159355,0,403,0,403,0,0,0,0,0,0
42.16,0,403,0.000159363,0,403,0,403,0,0,0,0,0,0
42.17,0,403,0.00015937,0,403,0,403,0,0,0,0,0,0
42.18,0,404,0.000159378,0,404,0,404,0,0,0,0,0,0
42.19,0,404,0.000159386,0,404,0,404,0,0,0,0,0,0
42.2,0,404,0.000159393,0,404,0,404,0,0,0,0,0,0
42.21,0,404,0.000159401,0,404,0,404,0,0,0,0,0,0
42.22,0,403,0.000159408,0,403,0,403,0,0,0,0,0,0
42.23,0,403,0.000159416,0,403,0,403,0,0,0,0,0,0
42.24,0,403,0.000159423,0,403,0,403,0,0,0,0,0,0
42.25,0,404,0.000159431,0,404,0,404,0,0,0,0,0,0
42.26,0,404,0.000159439,0,404,0,404,0,0,0,0,0,0
42.27,0,404,0.000159446,0,404,0,404,0,0,0,0,0,0
42.28,0,405,0.000159454,0,405,0,405,0,0,0,0,0,0
42.29,0,405,0.000159461,0,405,0,405,0,0,0,0,0,0
42.3,0,405,0.000159469,0,405,0,405,0,0,0,0,0,0
42.31,0,405,0.000159477,0,405,0,405,0,0,0,0,0,0
42.32,0,406,0.000159484,0,406,0,406,0,0,0,0,0,0
42.33,0,406,0.000159492,0,406,0,406,0,0,0,0,0,0
42.34,0,406,0.000159499,0,406,0,406,0,0,0,0,0,0
42.35,0,406,0.000159507,0,406,0,406,0,0,0,0,0,0
42.36,0,406,0.000159514,0,406,0,406,0,0,0,0,0,0
42.37,0,406,0.000159522,0,406,0,406,0,0,0,0,0,0
42.38,0,406,0.000159529,0,406,0,406,0,0,0,0,0,0
42.39,0,406,0.000159537,0,406,0,406,0,0,0,0,0,0
42.4,0,405,0.000159545,0,405,0,405,0,0,0,0,0,0
42.41,0,405,0.000159552,0,405,0,405,0,0,0,0,0,0
42.42,0,406,0.00015956,0,406,0,406,0,0,0,0,0,0
42.43,0,405,0.000159567,0,405,0,405,0,0,0,0,0,0
42.44,0,406,0.000159575,0,406,0,406,0,0,0,0,0,0
42.45,0,407,0.000159582,0,407,0,407,0,0,0,0,0,0
42.46,0,407,0.00015959,0,407,0,407,0,0,0,0,0,0
42.47,0,408,0.000159598,0,408,0,408,0,0,0,0,0,0
42.48,0,408,0.000159605,0,408,0,408,0,0,0,0,0,0
42.49,0,408,0.000159613,0,408,0,408,0,0,0,0,0,0
42.5,0,409,0.00015962,0,409,0,409,0,0,0,0,0,0
42.51,0,409,0.000159628,0,409,0,409,0,0,0,0,0,0
42.52,0,409,0.000159635,0,409,0,409,0,0,0,0,0,0
42.53,0,409,0.000159643,0,409,0,409,0,0,0,0,0,0
42.54,0,409,0.00015965,0,409,0,409,0,0,0,0,0,0
42.55,0,409,0.000159658,0,409,0,409,0,0,0,0,0,0
42.56,0,408,0.000159665,0,408,0,408,0,0,0,0,0,0
42.57,0,406,0.000159673,0,406,0,406,0,0,0,0,0,0
42.58,0,406,0.00015968,0,406,0,406,0,0,0,0,0,0
42.59,0,406,0.000159688,0,406,0,406,0,0,0,0,0,0
42.6,0,406,0.000159696,0,406,0,406,0,0,0,0,0,0
42.61,0,406,0.000159703,0,406,0,406,0,0,0,0,0,0
42.62,0,407,0.000159711,0,407,0,407,0,0,0,0,0,0
42.63,0,408,0.000159718,0,408,0,408,0,0,0,0,0,0
42.64,0,407,0.000159726,0,407,0,407,0,0,0,0,0,0
42.65,0,407,0.000159733,0,407,0,407,0,0,0,0,0,0
42.66,0,407,0.000159741,0,407,0,407,0,0,0,0,0,0
42.67,0,408,0.000159748,0,408,0,408,0,0,0,0,0,0
42.68,0,408,0.000159756,0,408,0,408,0,0,0,0,0,0
42.69,0,408,0.000159763,0,408,0,408,0,0,0,0,0,0
42.7,0,409,0.000159771,0,409,0,409,0,0,0,0,0,0
42.71,0,408,0.000159778,0,408,0,408,0,0,0,0,0,0
42.72,0,408,0.000159786,0,408,0,408,0,0,0,0,0,0
42.73,0,408,0.000159793,0,408,0,408,0,0,0,0,0,0
42.74,0,408,0.000159801,0,408,0,408,0,0,0,0,0,0
42.75,0,409,0.000159808,0,409,0,409,0,0,0,0,0,0
42.76,0,409,0.000159816,0,409,0,409,0,0,0,0,0,0
42.77,0,410,0.000159823,0,410,0,410,0,0,0,0,0,0
42.78,0,410,0.000159831,0,410,0,410,0,0,0,0,0,0
42.79,0,410,0.000159838,0,410,0,410,0,0,0,0,0,0
42.8,0,410,0.000159846,0,410,0,410,0,0,0,0,0,0
42.81,0,410,0.000159853,0,410,0,410,0,0,0,0,0,0
42.82,0,409,0.000146134,0,409,0,409,0,0,0,0,0,0
42.83,0,409,0.000146141,0,409,0,409,0,0,0,0,0,0
42.84,0,410,0.000146148,0,410,0,410,0,0,0,0,0,0
42.85,0,410,0.000146154,0,410,0,410,0,0,0,0,0,0
42.86,0,410,0.000146161,0,410,0,410,0,0,0,0,0,0
42.87,0,410,0.000146167,0,410,0,410,0,0,0,0,0,0
42.88,0,410,0.000146174,0,410,0,410,0,0,0,0,0,0
42.89,0,410,0.000146181,0,410,0,410,0,0,0,0,0,0
42.9,0,410,0.000146187,0,410,0,410,0,0,0,0,0,0
42.91,0,410,0.000146194,0,410,0,410,0,0,0,0,0,0
42.92,0,410,0.0001462,0,410,0,410,0,0,0,0,0,0
42.93,0,410,0.000146207,0,410,0,410,0,0,0,0,0,0
42.94,0,410,0.000146214,0,410,0,410,0,0,0,0,0,0
42.95,0,410,0.00014622,0,410,0,410,0,0,0,0,0,0
42.96,0,411,0.000146227,0,411,0,411,0,0,0,0,0,0
42.97,0,411,0.000146234,0,411,0,411,0,0,0,0,0,0
42.98,0,410,0.00014624,0,410,0,410,0,0,0,0,0,0
42.99,0,410,0.000146247,0,410,0,410,0,0,0,0,0,0
43,0,410,0.000146254,0,410,0,410,0,0,0,0,0,0
43.01,0,410,0.00014626,0,410,0,410,0,0,0,0,0,0
43.02,0,410,0.000146267,0,410,0,410,0,0,0,0,0,0
43.03,0,410,0.000146274,0,410,0,410,0,0,0,0,0,0
43.04,0,409,0.00014628,0,409,0,409,0,0,0,0,0,0
43.05,0,410,0.000146287,0,410,0,410,0,0,0,0,0,0
43.06,0,410,0.000146294,0,410,0,410,0,0,0,0,0,0
43.07,0,410,0.0001463,0,410,0,410,0,0,0,0,0,0
43.08,0,410,0.000146307,0,410,0,410,0,0,0,0,0,0
43.09,0,410,0.000146314,0,410,0,410,0,0,0,0,0,0
43.1,0,410,0.000146321,0,410,0,410,0,0,0,0,0,0
43.11,0,410,0.000146327,0,410,0,410,0,0,0,0,0,0
43.12,0,411,0.000146334,0,411,0,411,0,0,0,0,0,0
43.13,0,412,0.000146341,0,412,0,412,0,0,0,0,0,0
43.14,0,412,0.000146348,0,412,0,412,0,0,0,0,0,0
43.15,0,412,0.000146354,0,412,0,412,0,0,0,0,0,0
43.16,0,412,0.000146361,0,412,0,412,0,0,0,0,0,0
43.17,0,412,0.000146368,0,412,0,412,0,0,0,0,0,0
43.18,0,412,0.000146375,0,412,0,412,0,0,0,0,0,0
43.19,0,413,0.000146381,0,413,0,413,0,0,0,0,0,0
43.2,0,412,0.000146388,0,412,0,412,0,0,0,0,0,0
43.21,0,412,0.000146395,0,412,0,412,0,0,0,0,0,0
43.22,0,412,0.000146401,0,412,0,412,0,0,0,0,0,0
43.23,0,413,0.000146408,0,413,0,413,0,0,0,0,0,0
43.24,0,413,0.000146415,0,413,0,413,0,0,0,0,0,0
43.25,0,412,0.000146422,0,412,0,412,0,0,0,0,0,0
43.26,0,412,0.000146428,0,412,0,412,0,0,0,0,0,0
43.27,0,412,0.000146435,0,412,0,412,0,0,0,0,0,0
43.28,0,412,0.000146442,0,412,0,412,0,0,0,0,0,0
43.29,0,412,0.000146449,0,412,0,412,0,0,0,0,0,0
43.3,0,412,0.000146455,0,412,0,412,0,0,0,0,0,0
43.31,0,411,0.000146462,0,411,0,411,0,0,0,0,0,0
43.32,0,411,0.000146469,0,411,0,411,0,0,0,0,0,0
43.33,0,411,0.000146475,0,411,0,411,0,0,0,0,0,0
43.34,0,411,0.000146482,0,411,0,411,0,0,0,0,0,0
43.35,0,409,0.000146489,0,409,0,409,0,0,0,0,0,0
43.36,0,409,0.000146496,0,409,0,409,0,0,0,0,0,0
43.37,0,409,0.000146502,0,409,0,409,0,0,0,0,0,0
43.38,0,409,0.000146509,0,409,0,409,0,0,0,0,0,0
43.39,0,409,0.000146515,0,409,0,409,0,0,0,0,0,0
43.4,0,409,0.000146522,0,409,0,409,0,0,0,0,0,0
43.41,0,409,0.000146529,0,409,0,409,0,0,0,0,0,0
43.42,0,409,0.000146535,0,409,0,409,0,0,0,0,0,0
43.43,0,410,0.000146542,0,410,0,410,0,0,0,0,0,0
43.44,0,411,0.000146548,0,411,0,411,0,0,0,0,0,0
43.45,0,410,0.000146555,0,410,0,410,0,0,0,0,0,0
43.46,0,410,0.000146562,0,410,0,410,0,0,0,0,0,0
43.47,0,410,0.000146568,0,410,0,410,0,0,0,0,0,0
43.48,0,410,0.000146575,0,410,0,410,0,0,0,0,0,0
43.49,0,410,0.000146582,0,410,0,410,0,0,0,0,0,0
43.5,0,410,0.000146588,0,410,0,410,0,0,0,0,0,0
43.51,0,410,0.000146595,0,410,0,410,0,0,0,0,0,0
43.52,0,410,0.000146602,0,410,0,410,0,0,0,0,0,0
43.53,0,410,0.000146608,0,410,0,410,0,0,0,0,0,0
43.54,0,410,0.000146615,0,410,0,410,0,0,0,0,0,0
43.55,0,409,0.000146621,0,409,0,409,0,0,0,0,0,0
43.56,0,409,0.000146628,0,409,0,409,0,0,0,0,0,0
43.57,0,409,0.000146634,0,409,0,409,0,0,0,0,0,0
43.58,0,409,0.000146641,0,409,0,409,0,0,0,0,0,0
43.59,0,410,0.000146647,0,410,0,410,0,0,0,0,0,0
43.6,0,410,0.000146654,0,410,0,410,0,0,0,0,0,0
43.61,0,411,0.00014666,0,411,0,411,0,0,0,0,0,0
43.62,0,411,0.000146667,0,411,0,411,0,0,0,0,0,0
43.63,0,410,0.000146674,0,410,0,410,0,0,0,0,0,0
43.64,0,410,0.00014668,0,410,0,410,0,0,0,0,0,0
43.65,0,410,0.000146687,0,410,0,410,0,0,0,0,0,0
43.66,0,410,0.000146693,0,410,0,410,0,0,0,0,0,0
43.67,0,410,0.0001467,0,410,0,410,0,0,0,0,0,0
43.68,0,410,0.000146706,0,410,0,410,0,0,0,0,0,0
43.69,0,410,0.000146713,0,410,0,410,0,0,0,0,0,0
43.7,0,410,0.000146719,0,410,0,410,0,0,0,0,0,0
43.71,0,410,0.000146726,0,410,0,410,0,0,0,0,0,0
43.72,0,411,0.000146732,0,411,0,411,0,0,0,0,0,0
43.73,0,411,0.000146739,0,411,0,411,0,0,0,0,0,0
43.74,0,411,0.000146745,0,411,0,411,0,0,0,0,0,0
43.75,0,411,0.000146752,0,411,0,411,0,0,0,0,0,0
43.76,0,411,0.000146758,0,411,0,411,0,0,0,0,0,0
43.77,0,411,0.000146765,0,411,0,411,0,0,0,0,0,0
43.78,0,411,0.000146772,0,411,0,411,0,0,0,0,0,0
43.79,0,411,0.000146778,0,411,0,411,0,0,0,0,0,0
43.8,0,411,0.000146785,0,411,0,411,0,0,0,0,0,0
43.81,0,413,0.000146791,0,413,0,413,0,0,0,0,0,0
43.82,0,413,0.000146798,0,413,0,413,0,0,0,0,0,0
43.83,0,413,0.000146804,0,413,0,413,0,0,0,0,0,0
43.84,0,413,0.000146811,0,413,0,413,0,0,0,0,0,0
43.85,0,413,0.000146817,0,413,0,413,0,0,0,0,0,0
43.86,0,413,0.000146824,0,413,0,413,0,0,0,0,0,0
43.87,0,413,0.00014683,0,413,0,413,0,0,0,0,0,0
43.88,0,412,0.000146837,0,412,0,412,0,0,0,0,0,0
43.89,0,412,0.000146843,0,412,0,412,0,0,0,0,0,0
43.9,0,412,0.00014685,0,412,0,412,0,0,0,0,0,0
43.91,0,412,0.000146856,0,412,0,412,0,0,0,0,0,0
43.92,0,412,0.000146863,0,412,0,412,0,0,0,0,0,0
43.93,0,413,0.000146869,0,413,0,413,0,0,0,0,0,0
43.94,0,412,0.000146876,0,412,0,412,0,0,0,0,0,0
43.95,0,413,0.000146882,0,413,0,413,0,0,0,0,0,0
43.96,0,414,0.000146889,0,414,0,414,0,0,0,0,0,0
43.97,0,414,0.000146895,0,414,0,414,0,0,0,0,0,0
43.98,0,415,0.000146902,0,415,0,415,0,0,0,0,0,0
43.99,0,416,0.000146908,0,416,0,416,0,0,0,0,0,0
44,0,416,0.000146915,0,416,0,416,0,0,0,0,0,0
44.01,0,416,0.000146921,0,416,0,416,0,0,0,0,0,0
44.02,0,416,0.000146928,0,416,0,416,0,0,0,0,0,0
44.03,0,417,0.000146934,0,417,0,417,0,0,0,0,0,0
44.04,0,417,0.000146941,0,417,0,417,0,0,0,0,0,0
44.05,0,417,0.000146947,0,417,0,417,0,0,0,0,0,0
44.06,0,417,0.000146954,0,417,0,417,0,0,0,0,0,0
44.07,0,417,0.00014696,0,417,0,417,0,0,0,0,0,0
44.08,0,418,0.000146966,0,418,0,418,0,0,0,0,0,0
44.09,0,418,0.000146973,0,418,0,418,0,0,0,0,0,0
44.1,0,418,0.000146979,0,418,0,418,0,0,0,0,0,0
44.11,0,418,0.000146986,0,418,0,418,0,0,0,0,0,0
44.12,0,419,0.000146992,0,419,0,419,0,0,0,0,0,0
44.13,0,419,0.000146999,0,419,0,419,0,0,0,0,0,0
44.14,0,419,0.000147005,0,419,0,419,0,0,0,0,0,0
44.15,0,419,0.000147012,0,419,0,419,0,0,0,0,0,0
44.16,0,419,0.000147018,0,419,0,419,0,0,0,0,0,0
44.17,0,419,0.000147025,0,419,0,419,0,0,0,0,0,0
44.18,0,419,0.000147031,0,419,0,419,0,0,0,0,0,0
44.19,0,419,0.000147038,0,419,0,419,0,0,0,0,0,0
44.2,0,419,0.000147044,0,419,0,419,0,0,0,0,0,0
44.21,0,418,0.000147051,0,418,0,418,0,0,0,0,0,0
44.22,0,419,0.000147057,0,419,0,419,0,0,0,0,0,0
44.23,0,419,0.000147064,0,419,0,419,0,0,0,0,0,0
44.24,0,420,0.00014707,0,420,0,420,0,0,0,0,0,0
44.25,0,420,0.000147077,0,420,0,420,0,0,0,0,0,0
44.26,0,420,0.000147083,0,420,0,420,0,0,0,0,0,0
44.27,0,421,0.00014709,0,421,0,421,0,0,0,0,0,0
44.28,0,422,0.000147096,0,422,0,422,0,0,0,0,0,0
44.29,0,423,0.000147103,0,423,0,423,0,0,0,0,0,0
44.3,0,423,0.000147109,0,423,0,423,0,0,0,0,0,0
44.31,0,423,0.000147116,0,423,0,423,0,0,0,0,0,0
44.32,0,423,0.000147122,0,423,0,423,0,0,0,0,0,0
44.33,0,423,0.000147128,0,423,0,423,0,0,0,0,0,0
44.34,0,423,0.000147135,0,423,0,423,0,0,0,0,0,0
44.35,0,424,0.000147141,0,424,0,424,0,0,0,0,0,0
44.36,0,425,0.000147148,0,425,0,425,0,0,0,0,0,0
44.37,0,425,0.000147154,0,425,0,425,0,0,0,0,0,0
44.38,0,425,0.000147161,0,425,0,425,0,0,0,0,0,0
44.39,0,426,0.000147167,0,426,0,426,0,0,0,0,0,0
44.4,0,426,0.000147174,0,426,0,426,0,0,0,0,0,0
44.41,0,426,0.000147181,0,426,0,426,0,0,0,0,0,0
44.42,0,428,0.000147187,0,428,0,428,0,0,0,0,0,0
44.43,0,428,0.000147194,0,428,0,428,0,0,0,0,0,0
44.44,0,430,0.0001472,0,430,0,430,0,0,0,0,0,0
44.45,0,430,0.000147207,0,430,0,430,0,0,0,0,0,0
44.46,0,430,0.000147214,0,430,0,430,0,0,0,0,0,0
44.47,0,431,0.00014722,0,431,0,431,0,0,0,0,0,0
44.48,0,432,0.000147227,0,432,0,432,0,0,0,0,0,0
44.49,0,433,0.000147234,0,433,0,433,0,0,0,0,0,0
44.5,0,433,0.00014724,0,433,0,433,0,0,0,0,0,0
44.51,0,434,0.000147247,0,434,0,434,0,0,0,0,0,0
44.52,0,434,0.000147254,0,434,0,434,0,0,0,0,0,0
44.53,0,434,0.000147261,0,434,0,434,0,0,0,0,0,0
44.54,0,434,0.000147267,0,434,0,434,0,0,0,0,0,0
44.55,0,435,0.000147274,0,435,0,435,0,0,0,0,0,0
44.56,0,435,0.000147281,0,435,0,435,0,0,0,0,0,0
44.57,0,436,0.000147287,0,436,0,436,0,0,0,0,0,0
44.58,0,436,0.000147294,0,436,0,436,0,0,0,0,0,0
44.59,0,436,0.000147301,0,436,0,436,0,0,0,0,0,0
44.6,0,437,0.000147308,0,437,0,437,0,0,0,0,0,0
44.61,0,438,0.000147314,0,438,0,438,0,0,0,0,0,0
44.62,0,439,0.000147321,0,439,0,439,0,0,0,0,0,0
44.63,0,440,0.000147328,0,440,0,440,0,0,0,0,0,0
44.64,0,441,0.000147335,0,441,0,441,0,0,0,0,0,0
44.65,0,441,0.000147341,0,441,0,441,0,0,0,0,0,0
44.66,0,441,0.000147348,0,441,0,441,0,0,0,0,0,0
44.67,0,442,0.000147355,0,442,0,442,0,0,0,0,0,0
44.68,0,442,0.000147362,0,442,0,442,0,0,0,0,0,0
44.69,0,443,0.000147368,0,443,0,443,0,0,0,0,0,0
44.7,0,443,0.000147375,0,443,0,443,0,0,0,0,0,0
44.71,0,443,0.000147382,0,443,0,443,0,0,0,0,0,0
44.72,0,443,0.000147389,0,443,0,443,0,0,0,0,0,0
44.73,0,443,0.000147395,0,443,0,443,0,0,0,0,0,0
44.74,0,443,0.000147402,0,443,0,443,0,0,0,0,0,0
44.75,0,442,0.000146018,0,442,0,442,0,0,0,0,0,0
44.76,0,442,0.000146025,0,442,0,442,0,0,0,0,0,0
44.77,0,442,0.000146032,0,442,0,442,0,0,0,0,0,0
44.78,0,441,0.000146039,0,441,0,441,0,0,0,0,0,0
44.79,0,440,0.000146046,0,440,0,440,0,0,0,0,0,0
44.8,0,440,0.000146053,0,440,0,440,0,0,0,0,0,0
44.81,0,440,0.00014606,0,440,0,440,0,0,0,0,0,0
44.82,0,441,0.000146068,0,441,0,441,0,0,0,0,0,0
44.83,0,441,0.000146075,0,441,0,441,0,0,0,0,0,0
44.84,0,442,0.000146082,0,442,0,442,0,0,0,0,0,0
44.85,0,442,0.000146089,0,442,0,442,0,0,0,0,0,0
44.86,0,444,0.000146096,0,444,0,444,0,0,0,0,0,0
44.87,0,447,0.000146103,0,447,0,447,0,0,0,0,0,0
44.88,0,447,0.00014611,0,447,0,447,0,0,0,0,0,0
44.89,0,450,0.000149971,0,450,0,450,0,0,0,0,0,0
44.9,0,451,0.000149981,0,451,0,451,0,0,0,0,0,0
44.91,0,452,0.000149991,0,452,0,452,0,0,0,0,0,0
44.92,0,452,0.000150002,0,452,0,452,0,0,0,0,0,0
44.93,0,452,0.000150012,0,452,0,452,0,0,0,0,0,0
44.94,0,453,0.000154219,0,453,0,453,0,0,0,0,0,0
44.95,0,454,0.000154231,0,454,0,454,0,0,0,0,0,0
44.96,0,455,0.000154243,0,455,0,455,0,0,0,0,0,0
44.97,0,455,0.000154255,0,455,0,455,0,0,0,0,0,0
44.98,0,455,0.000154267,0,455,0,455,0,0,0,0,0,0
44.99,0,456,0.000154279,0,456,0,456,0,0,0,0,0,0
45,0,456,0.000154291,0,456,0,456,0,0,0,0,0,0
45.01,0,457,0.000154303,0,457,0,457,0,0,0,0,0,0
45.02,0,457,0.000154315,0,457,0,457,0,0,0,0,0,0
45.03,0,458,0.000154327,0,458,0,458,0,0,0,0,0,0
45.04,0,458,0.000154339,0,458,0,458,0,0,0,0,0,0
45.05,0,458,0.000154351,0,458,0,458,0,0,0,0,0,0
45.06,0,458,0.000154363,0,458,0,458,0,0,0,0,0,0
45.07,0,458,0.000154375,0,458,0,458,0,0,0,0,0,0
45.08,0,458,0.000154387,0,458,0,458,0,0,0,0,0,0
45.09,0,458,0.0001544,0,458,0,458,0,0,0,0,0,0
45.1,0,458,0.000154412,0,458,0,458,0,0,0,0,0,0
45.11,0,457,0.000154424,0,457,0,457,0,0,0,0,0,0
45.12,0,458,0.000154436,0,458,0,458,0,0,0,0,0,0
45.13,0,460,0.000154448,0,460,0,460,0,0,0,0,0,0
45.14,0,461,0.00015446,0,461,0,461,0,0,0,0,0,0
45.15,0,461,0.000154472,0,461,0,461,0,0,0,0,0,0
45.16,0,462,0.000154484,0,462,0,462,0,0,0,0,0,0
45.17,0,463,0.000154496,0,463,0,463,0,0,0,0,0,0
45.18,0,463,0.000154508,0,463,0,463,0,0,0,0,0,0
45.19,0,463,0.00015452,0,463,0,463,0,0,0,0,0,0
45.2,0,464,0.000154532,0,464,0,464,0,0,0,0,0,0
45.21,0,465,0.000154545,0,465,0,465,0,0,0,0,0,0
45.22,0,465,0.000154557,0,465,0,465,0,0,0,0,0,0
45.23,0,465,0.000154569,0,465,0,465,0,0,0,0,0,0
45.24,0,464,0.000154581,0,464,0,464,0,0,0,0,0,0
45.25,0,464,0.000154593,0,464,0,464,0,0,0,0,0,0
45.26,0,464,0.000154605,0,464,0,464,0,0,0,0,0,0
45.27,0,466,0.000154617,0,466,0,466,0,0,0,0,0,0
45.28,0,466,0.000154629,0,466,0,466,0,0,0,0,0,0
45.29,0,467,0.000154641,0,467,0,467,0,0,0,0,0,0
45.3,0,467,0.000154654,0,467,0,467,0,0,0,0,0,0
45.31,0,466,0.000154666,0,466,0,466,0,0,0,0,0,0
45.32,0,466,0.000154678,0,466,0,466,0,0,0,0,0,0
45.33,0,466,0.00015469,0,466,0,466,0,0,0,0,0,0
45.34,0,467,0.000154702,0,467,0,467,0,0,0,0,0,0
45.35,0,467,0.000154714,0,467,0,467,0,0,0,0,0,0
45.36,0,467,0.000154727,0,467,0,467,0,0,0,0,0,0
45.37,0,467,0.000154739,0,467,0,467,0,0,0,0,0,0
45.38,0,469,0.000154751,0,469,0,469,0,0,0,0,0,0
45.39,0,469,0.000154764,0,469,0,469,0,0,0,0,0,0
45.4,0,469,0.000154776,0,469,0,469,0,0,0,0,0,0
45.41,0,469,0.000154788,0,469,0,469,0,0,0,0,0,0
45.42,0,469,0.0001548,0,469,0,469,0,0,0,0,0,0
45.43,0,470,0.000157278,0,470,0,470,0,0,0,0,0,0
45.44,0,470,0.000157289,0,470,0,470,0,0,0,0,0,0
45.45,0,470,0.0001573,0,470,0,470,0,0,0,0,0,0
45.46,0,470,0.000157311,0,470,0,470,0,0,0,0,0,0
45.47,0,471,0.000157322,0,471,0,471,0,0,0,0,0,0
45.48,0,471,0.000157333,0,471,0,471,0,0,0,0,0,0
45.49,0,471,0.000157344,0,471,0,471,0,0,0,0,0,0
45.5,0,471,0.000157355,0,471,0,471,0,0,0,0,0,0
45.51,0,471,0.000157366,0,471,0,471,0,0,0,0,0,0
45.52,0,471,0.000157376,0,471,0,471,0,0,0,0,0,0
45.53,0,471,0.000157387,0,471,0,471,0,0,0,0,0,0
45.54,0,471,0.000157398,0,471,0,471,0,0,0,0,0,0
45.55,0,471,0.000157409,0,471,0,471,0,0,0,0,0,0
45.56,0,471,0.00015742,0,471,0,471,0,0,0,0,0,0
45.57,0,472,0.000157431,0,472,0,472,0,0,0,0,0,0
45.58,0,473,0.000157442,0,473,0,473,0,0,0,0,0,0
45.59,0,474,0.000157453,0,474,0,474,0,0,0,0,0,0
45.6,0,474,0.000157464,0,474,0,474,0,0,0,0,0,0
45.61,0,474,0.000157475,0,474,0,474,0,0,0,0,0,0
45.62,0,474,0.000157486,0,474,0,474,0,0,0,0,0,0
45.63,0,474,0.000157496,0,474,0,474,0,0,0,0,0,0
45.64,0,475,0.000157507,0,475,0,475,0,0,0,0,0,0
45.65,0,477,0.000157518,0,477,0,477,0,0,0,0,0,0
45.66,0,476,0.000157529,0,476,0,476,0,0,0,0,0,0
45.67,0,476,0.00015754,0,476,0,476,0,0,0,0,0,0
45.68,0,477,0.000157551,0,477,0,477,0,0,0,0,0,0
45.69,0,477,0.000157562,0,477,0,477,0,0,0,0,0,0
45.7,0,477,0.000157572,0,477,0,477,0,0,0,0,0,0
45.71,0,477,0.000157583,0,477,0,477,0,0,0,0,0,0
45.72,0,478,0.000157594,0,478,0,478,0,0,0,0,0,0
45.73,0,478,0.000157604,0,478,0,478,0,0,0,0,0,0
45.74,0,478,0.000157615,0,478,0,478,0,0,0,0,0,0
45.75,0,479,0.000157626,0,479,0,479,0,0,0,0,0,0
45.76,0,479,0.000157636,0,479,0,479,0,0,0,0,0,0
45.77,0,479,0.000157647,0,479,0,479,0,0,0,0,0,0
45.78,0,479,0.000157658,0,479,0,479,0,0,0,0,0,0
45.79,0,480,0.000157668,0,480,0,480,0,0,0,0,0,0
45.8,0,481,0.000157679,0,481,0,481,0,0,0,0,0,0
45.81,0,482,0.00015769,0,482,0,482,0,0,0,0,0,0
45.82,0,483,0.0001577,0,483,0,483,0,0,0,0,0,0
45.83,0,483,0.000157711,0,483,0,483,0,0,0,0,0,0
45.84,0,483,0.000157722,0,483,0,483,0,0,0,0,0,0
45.85,0,483,0.000157732,0,483,0,483,0,0,0,0,0,0
45.86,0,483,0.000157743,0,483,0,483,0,0,0,0,0,0
45.87,0,483,0.000157754,0,483,0,483,0,0,0,0,0,0
45.88,0,483,0.000157764,0,483,0,483,0,0,0,0,0,0
45.89,0,483,0.000157775,0,483,0,483,0,0,0,0,0,0
45.9,0,483,0.000157786,0,483,0,483,0,0,0,0,0,0
45.91,0,483,0.000157796,0,483,0,483,0,0,0,0,0,0
45.92,0,484,0.000157807,0,484,0,484,0,0,0,0,0,0
45.93,0,485,0.000157817,0,485,0,485,0,0,0,0,0,0
45.94,0,485,0.000157828,0,485,0,485,0,0,0,0,0,0
45.95,0,485,0.000157839,0,485,0,485,0,0,0,0,0,0
45.96,0,485,0.000157849,0,485,0,485,0,0,0,0,0,0
45.97,0,487,0.00015786,0,487,0,487,0,0,0,0,0,0
45.98,0,487,0.000157871,0,487,0,487,0,0,0,0,0,0
45.99,0,488,0.000157881,0,488,0,488,0,0,0,0,0,0
46,0,488,0.000157892,0,488,0,488,0,0,0,0,0,0
46.01,0,488,0.000157903,0,488,0,488,0,0,0,0,0,0
46.02,0,488,0.000157914,0,488,0,488,0,0,0,0,0,0
46.03,0,488,0.000157924,0,488,0,488,0,0,0,0,0,0
46.04,0,488,0.000157935,0,488,0,488,0,0,0,0,0,0
46.05,0,487,0.000157946,0,487,0,487,0,0,0,0,0,0
46.06,0,488,0.000157957,0,488,0,488,0,0,0,0,0,0
46.07,0,489,0.000157968,0,489,0,489,0,0,0,0,0,0
46.08,0,488,0.000157978,0,488,0,488,0,0,0,0,0,0
46.09,0,488,0.000157989,0,488,0,488,0,0,0,0,0,0
46.1,0,488,0.000158,0,488,0,488,0,0,0,0,0,0
46.11,0,489,0.000160965,0,489,0,489,0,0,0,0,0,0
46.12,0,489,0.000160976,0,489,0,489,0,0,0,0,0,0
46.13,0,489,0.000160988,0,489,0,489,0,0,0,0,0,0
46.14,0,489,0.000161,0,489,0,489,0,0,0,0,0,0
46.15,0,490,0.000161325,0,490,0,490,0,0,0,0,0,0
46.16,0,491,0.000163211,0,491,0,491,0,0,0,0,0,0
46.17,0,491,0.000163224,0,491,0,491,0,0,0,0,0,0
46.18,0,491,0.000163237,0,491,0,491,0,0,0,0,0,0
46.19,0,492,0.00016325,0,492,0,492,0,0,0,0,0,0
46.2,0,493,0.000163262,0,493,0,493,0,0,0,0,0,0
46.21,0,493,0.000163275,0,493,0,493,0,0,0,0,0,0
46.22,0,493,0.000163288,0,493,0,493,0,0,0,0,0,0
46.23,0,495,0.0001633,0,495,0,495,0,0,0,0,0,0
46.24,0,496,0.000163313,0,496,0,496,0,0,0,0,0,0
46.25,0,495,0.000163326,0,495,0,495,0,0,0,0,0,0
46.26,0,496,0.000163339,0,496,0,496,0,0,0,0,0,0
46.27,0,496,0.000163352,0,496,0,496,0,0,0,0,0,0
46.28,0,496,0.000163365,0,496,0,496,0,0,0,0,0,0
46.29,0,496,0.000163378,0,496,0,496,0,0,0,0,0,0
46.3,0,496,0.000163391,0,496,0,496,0,0,0,0,0,0
46.31,0,496,0.000163404,0,496,0,496,0,0,0,0,0,0
46.32,0,497,0.000163417,0,497,0,497,0,0,0,0,0,0
46.33,0,496,0.00016343,0,496,0,496,0,0,0,0,0,0
46.34,0,497,0.000163443,0,497,0,497,0,0,0,0,0,0
46.35,0,498,0.000163456,0,498,0,498,0,0,0,0,0,0
46.36,0,498,0.000163469,0,498,0,498,0,0,0,0,0,0
46.37,0,500,0.000163482,0,500,0,500,0,0,0,0,0,0
46.38,0,501,0.000163495,0,501,0,501,0,0,0,0,0,0
46.39,0,500,0.000163508,0,500,0,500,0,0,0,0,0,0
46.4,0,500,0.000163521,0,500,0,500,0,0,0,0,0,0
46.41,0,501,0.000163534,0,501,0,501,0,0,0,0,0,0
46.42,0,502,0.000163547,0,502,0,502,0,0,0,0,0,0
46.43,0,503,0.00016356,0,503,0,503,0,0,0,0,0,0
46.44,0,503,0.000163574,0,503,0,503,0,0,0,0,0,0
46.45,0,503,0.000163587,0,503,0,503,0,0,0,0,0,0
46.46,0,503,0.0001636,0,503,0,503,0,0,0,0,0,0
46.47,0,504,0.000163613,0,504,0,504,0,0,0,0,0,0
46.48,0,503,0.000163626,0,503,0,503,0,0,0,0,0,0
46.49,0,503,0.000163639,0,503,0,503,0,0,0,0,0,0
46.5,0,503,0.000163652,0,503,0,503,0,0,0,0,0,0
46.51,0,502,0.000163665,0,502,0,502,0,0,0,0,0,0
46.52,0,503,0.000163678,0,503,0,503,0,0,0,0,0,0
46.53,0,503,0.000163691,0,503,0,503,0,0,0,0,0,0
46.54,0,504,0.000163704,0,504,0,504,0,0,0,0,0,0
46.55,0,504,0.000163717,0,504,0,504,0,0,0,0,0,0
46.56,0,504,0.00016373,0,504,0,504,0,0,0,0,0,0
46.57,0,504,0.000163743,0,504,0,504,0,0,0,0,0,0
46.58,0,504,0.000163756,0,504,0,504,0,0,0,0,0,0
46.59,0,504,0.000163768,0,504,0,504,0,0,0,0,0,0
46.6,0,504,0.000163781,0,504,0,504,0,0,0,0,0,0
46.61,0,504,0.000163794,0,504,0,504,0,0,0,0,0,0
46.62,0,504,0.000163807,0,504,0,504,0,0,0,0,0,0
46.63,0,504,0.00016382,0,504,0,504,0,0,0,0,0,0
46.64,0,504,0.000163833,0,504,0,504,0,0,0,0,0,0
46.65,0,504,0.000163846,0,504,0,504,0,0,0,0,0,0
46.66,0,504,0.000163859,0,504,0,504,0,0,0,0,0,0
46.67,0,504,0.000163872,0,504,0,504,0,0,0,0,0,0
46.68,0,504,0.000163885,0,504,0,504,0,0,0,0,0,0
46.69,0,505,0.000163898,0,505,0,505,0,0,0,0,0,0
46.7,0,505,0.00016391,0,505,0,505,0,0,0,0,0,0
46.71,0,507,0.000163923,0,507,0,507,0,0,0,0,0,0
46.72,0,507,0.000163937,0,507,0,507,0,0,0,0,0,0
46.73,0,507,0.00016395,0,507,0,507,0,0,0,0,0,0
46.74,0,507,0.000163963,0,507,0,507,0,0,0,0,0,0
46.75,0,508,0.000163976,0,508,0,508,0,0,0,0,0,0
46.76,0,508,0.000163989,0,508,0,508,0,0,0,0,0,0
46.77,0,507,0.000164003,0,507,0,507,0,0,0,0,0,0
46.78,0,507,0.000164016,0,507,0,507,0,0,0,0,0,0
46.79,0,508,0.00016403,0,508,0,508,0,0,0,0,0,0
46.8,0,508,0.000164043,0,508,0,508,0,0,0,0,0,0
46.81,0,508,0.000164056,0,508,0,508,0,0,0,0,0,0
46.82,0,508,0.00016407,0,508,0,508,0,0,0,0,0,0
46.83,0,508,0.000164083,0,508,0,508,0,0,0,0,0,0
46.84,0,508,0.000164096,0,508,0,508,0,0,0,0,0,0
46.85,0,508,0.00016411,0,508,0,508,0,0,0,0,0,0
46.86,0,508,0.000164123,0,508,0,508,0,0,0,0,0,0
46.87,0,509,0.000164137,0,509,0,509,0,0,0,0,0,0
46.88,0,509,0.00016415,0,509,0,509,0,0,0,0,0,0
46.89,0,509,0.000164163,0,509,0,509,0,0,0,0,0,0
46.9,0,510,0.000164177,0,510,0,510,0,0,0,0,0,0
46.91,0,508,0.00016419,0,508,0,508,0,0,0,0,0,0
46.92,0,507,0.000164203,0,507,0,507,0,0,0,0,0,0
46.93,0,507,0.000164217,0,507,0,507,0,0,0,0,0,0
46.94,0,507,0.00016423,0,507,0,507,0,0,0,0,0,0
46.95,0,507,0.000164243,0,507,0,507,0,0,0,0,0,0
46.96,0,509,0.000164257,0,509,0,509,0,0,0,0,0,0
46.97,0,510,0.00016427,0,510,0,510,0,0,0,0,0,0
46.98,0,510,0.000164283,0,510,0,510,0,0,0,0,0,0
46.99,0,509,0.000164297,0,509,0,509,0,0,0,0,0,0
47,0,509,0.00016431,0,509,0,509,0,0,0,0,0,0
47.01,0,509,0.000164323,0,509,0,509,0,0,0,0,0,0
47.02,0,508,0.000164337,0,508,0,508,0,0,0,0,0,0
47.03,0,508,0.00016435,0,508,0,508,0,0,0,0,0,0
47.04,0,508,0.000164363,0,508,0,508,0,0,0,0,0,0
47.05,0,508,0.000164377,0,508,0,508,0,0,0,0,0,0
47.06,0,508,0.00016439,0,508,0,508,0,0,0,0,0,0
47.07,0,508,0.000164403,0,508,0,508,0,0,0,0,0,0
47.08,0,508,0.000164417,0,508,0,508,0,0,0,0,0,0
47.09,0,508,0.00016443,0,508,0,508,0,0,0,0,0,0
47.1,0,509,0.000164443,0,509,0,509,0,0,0,0,0,0
47.11,0,509,0.000164457,0,509,0,509,0,0,0,0,0,0
47.12,0,509,0.00016447,0,509,0,509,0,0,0,0,0,0
47.13,0,509,0.000164483,0,509,0,509,0,0,0,0,0,0
47.14,0,509,0.000164497,0,509,0,509,0,0,0,0,0,0
47.15,0,509,0.00016451,0,509,0,509,0,0,0,0,0,0
47.16,0,509,0.000164523,0,509,0,509,0,0,0,0,0,0
47.17,0,509,0.000164537,0,509,0,509,0,0,0,0,0,0
47.18,0,509,0.00016455,0,509,0,509,0,0,0,0,0,0
47.19,0,509,0.000164563,0,509,0,509,0,0,0,0,0,0
47.2,0,509,0.000164576,0,509,0,509,0,0,0,0,0,0
47.21,0,508,0.00016459,0,508,0,508,0,0,0,0,0,0
47.22,0,508,0.000164603,0,508,0,508,0,0,0,0,0,0
47.23,0,509,0.000164616,0,509,0,509,0,0,0,0,0,0
47.24,0,509,0.000164629,0,509,0,509,0,0,0,0,0,0
47.25,0,508,0.000164643,0,508,0,508,0,0,0,0,0,0
47.26,0,509,0.000164656,0,509,0,509,0,0,0,0,0,0
47.27,0,508,0.000164669,0,508,0,508,0,0,0,0,0,0
47.28,0,508,0.000164683,0,508,0,508,0,0,0,0,0,0
47.29,0,507,0.000164696,0,507,0,507,0,0,0,0,0,0
47.3,0,508,0.000164709,0,508,0,508,0,0,0,0,0,0
47.31,0,508,0.000164723,0,508,0,508,0,0,0,0,0,0
47.32,0,509,0.000164736,0,509,0,509,0,0,0,0,0,0
47.33,0,509,0.000164749,0,509,0,509,0,0,0,0,0,0
47.34,0,510,0.000164763,0,510,0,510,0,0,0,0,0,0
47.35,0,510,0.000164776,0,510,0,510,0,0,0,0,0,0
47.36,0,510,0.000164789,0,510,0,510,0,0,0,0,0,0
47.37,0,510,0.000164803,0,510,0,510,0,0,0,0,0,0
47.38,0,510,0.000164816,0,510,0,510,0,0,0,0,0,0
47.39,0,510,0.00016483,0,510,0,510,0,0,0,0,0,0
47.4,0,510,0.000164843,0,510,0,510,0,0,0,0,0,0
47.41,0,510,0.000164856,0,510,0,510,0,0,0,0,0,0
47.42,0,510,0.00016487,0,510,0,510,0,0,0,0,0,0
47.43,0,510,0.000164883,0,510,0,510,0,0,0,0,0,0
47.44,0,510,0.000164897,0,510,0,510,0,0,0,0,0,0
47.45,0,509,0.00016491,0,509,0,509,0,0,0,0,0,0
47.46,0,509,0.000164923,0,509,0,509,0,0,0,0,0,0
47.47,0,510,0.000164937,0,510,0,510,0,0,0,0,0,0
47.48,0,510,0.00016495,0,510,0,510,0,0,0,0,0,0
47.49,0,510,0.000164964,0,510,0,510,0,0,0,0,0,0
47.5,0,510,0.000164977,0,510,0,510,0,0,0,0,0,0
47.51,0,510,0.000164991,0,510,0,510,0,0,0,0,0,0
47.52,0,510,0.000165004,0,510,0,510,0,0,0,0,0,0
47.53,0,510,0.000165018,0,510,0,510,0,0,0,0,0,0
47.54,0,510,0.000165031,0,510,0,510,0,0,0,0,0,0
47.55,0,511,0.000165045,0,511,0,511,0,0,0,0,0,0
47.56,0,512,0.000165058,0,512,0,512,0,0,0,0,0,0
47.57,0,512,0.000165072,0,512,0,512,0,0,0,0,0,0
47.58,0,512,0.000165085,0,512,0,512,0,0,0,0,0,0
47.59,0,511,0.000165099,0,511,0,511,0,0,0,0,0,0
47.6,0,511,0.000165112,0,511,0,511,0,0,0,0,0,0
47.61,0,511,0.000165126,0,511,0,511,0,0,0,0,0,0
47.62,0,512,0.000165139,0,512,0,512,0,0,0,0,0,0
47.63,0,512,0.000165153,0,512,0,512,0,0,0,0,0,0
47.64,0,512,0.000165166,0,512,0,512,0,0,0,0,0,0
47.65,0,512,0.00016518,0,512,0,512,0,0,0,0,0,0
47.66,0,512,0.000165193,0,512,0,512,0,0,0,0,0,0
47.67,0,512,0.000165206,0,512,0,512,0,0,0,0,0,0
47.68,0,512,0.00016522,0,512,0,512,0,0,0,0,0,0
47.69,0,512,0.000165233,0,512,0,512,0,0,0,0,0,0
47.7,0,512,0.000165247,0,512,0,512,0,0,0,0,0,0
47.71,0,512,0.00016526,0,512,0,512,0,0,0,0,0,0
47.72,0,513,0.000165274,0,513,0,513,0,0,0,0,0,0
47.73,0,513,0.000165287,0,513,0,513,0,0,0,0,0,0
47.74,0,514,0.000165301,0,514,0,514,0,0,0,0,0,0
47.75,0,514,0.000165314,0,514,0,514,0,0,0,0,0,0
47.76,0,513,0.000165328,0,513,0,513,0,0,0,0,0,0
47.77,0,513,0.000165341,0,513,0,513,0,0,0,0,0,0
47.78,0,513,0.000165355,0,513,0,513,0,0,0,0,0,0
47.79,0,513,0.000165368,0,513,0,513,0,0,0,0,0,0
47.8,0,513,0.000165381,0,513,0,513,0,0,0,0,0,0
47.81,0,513,0.000165395,0,513,0,513,0,0,0,0,0,0
47.82,0,513,0.000165408,0,513,0,513,0,0,0,0,0,0
47.83,0,513,0.000165422,0,513,0,513,0,0,0,0,0,0
47.84,0,514,0.000165435,0,514,0,514,0,0,0,0,0,0
47.85,0,514,0.000165448,0,514,0,514,0,0,0,0,0,0
47.86,0,514,0.000165462,0,514,0,514,0,0,0,0,0,0
47.87,0,514,0.000165475,0,514,0,514,0,0,0,0,0,0
47.88,0,514,0.000165489,0,514,0,514,0,0,0,0,0,0
47.89,0,514,0.000165502,0,514,0,514,0,0,0,0,0,0
47.9,0,514,0.000165516,0,514,0,514,0,0,0,0,0,0
47.91,0,513,0.000165529,0,513,0,513,0,0,0,0,0,0
47.92,0,512,0.000165542,0,512,0,512,0,0,0,0,0,0
47.93,0,512,0.000165556,0,512,0,512,0,0,0,0,0,0
47.94,0,513,0.000165569,0,513,0,513,0,0,0,0,0,0
47.95,0,513,0.000165582,0,513,0,513,0,0,0,0,0,0
47.96,0,514,0.000165596,0,514,0,514,0,0,0,0,0,0
47.97,0,514,0.000165609,0,514,0,514,0,0,0,0,0,0
47.98,0,514,0.000165622,0,514,0,514,0,0,0,0,0,0
47.99,0,514,0.000165636,0,514,0,514,0,0,0,0,0,0
48,0,514,0.000165649,0,514,0,514,0,0,0,0,0,0
48.01,0,514,0.000165663,0,514,0,514,0,0,0,0,0,0
48.02,0,514,0.000165676,0,514,0,514,0,0,0,0,0,0
48.03,0,514,0.000165689,0,514,0,514,0,0,0,0,0,0
48.04,0,514,0.000165703,0,514,0,514,0,0,0,0,0,0
48.05,0,514,0.000165716,0,514,0,514,0,0,0,0,0,0
48.06,0,514,0.000165729,0,514,0,514,0,0,0,0,0,0
48.07,0,514,0.000165743,0,514,0,514,0,0,0,0,0,0
48.08,0,514,0.000165756,0,514,0,514,0,0,0,0,0,0
48.09,0,515,0.000165769,0,515,0,515,0,0,0,0,0,0
48.1,0,515,0.000165783,0,515,0,515,0,0,0,0,0,0
48.11,0,515,0.000165796,0,515,0,515,0,0,0,0,0,0
48.12,0,515,0.000165809,0,515,0,515,0,0,0,0,0,0
48.13,0,515,0.000165823,0,515,0,515,0,0,0,0,0,0
48.14,0,515,0.000165836,0,515,0,515,0,0,0,0,0,0
48.15,0,515,0.000165849,0,515,0,515,0,0,0,0,0,0
48.16,0,515,0.000165863,0,515,0,515,0,0,0,0,0,0
48.17,0,515,0.000165876,0,515,0,515,0,0,0,0,0,0
48.18,0,515,0.000165889,0,515,0,515,0,0,0,0,0,0
48.19,0,515,0.000165902,0,515,0,515,0,0,0,0,0,0
48.2,0,515,0.000165916,0,515,0,515,0,0,0,0,0,0
48.21,0,515,0.000165929,0,515,0,515,0,0,0,0,0,0
48.22,0,515,0.000165942,0,515,0,515,0,0,0,0,0,0
48.23,0,516,0.000165956,0,516,0,516,0,0,0,0,0,0
48.24,0,516,0.000165969,0,516,0,516,0,0,0,0,0,0
48.25,0,517,0.000165982,0,517,0,517,0,0,0,0,0,0
48.26,0,517,0.000165996,0,517,0,517,0,0,0,0,0,0
48.27,0,517,0.000166009,0,517,0,517,0,0,0,0,0,0
48.28,0,518,0.000166022,0,518,0,518,0,0,0,0,0,0
48.29,0,518,0.000166035,0,518,0,518,0,0,0,0,0,0
48.3,0,516,0.000166049,0,516,0,516,0,0,0,0,0,0
48.31,0,517,0.000166062,0,517,0,517,0,0,0,0,0,0
48.32,0,517,0.000166075,0,517,0,517,0,0,0,0,0,0
48.33,0,517,0.000166088,0,517,0,517,0,0,0,0,0,0
48.34,0,517,0.000166102,0,517,0,517,0,0,0,0,0,0
48.35,0,516,0.000166115,0,516,0,516,0,0,0,0,0,0
48.36,0,517,0.000166128,0,517,0,517,0,0,0,0,0,0
48.37,0,518,0.000166141,0,518,0,518,0,0,0,0,0,0
48.38,0,518,0.000166155,0,518,0,518,0,0,0,0,0,0
48.39,0,518,0.000166168,0,518,0,518,0,0,0,0,0,0
48.4,0,518,0.000166181,0,518,0,518,0,0,0,0,0,0
48.41,0,518,0.000166194,0,518,0,518,0,0,0,0,0,0
48.42,0,518,0.000166207,0,518,0,518,0,0,0,0,0,0
48.43,0,519,0.000166221,0,519,0,519,0,0,0,0,0,0
48.44,0,519,0.000166234,0,519,0,519,0,0,0,0,0,0
48.45,0,519,0.000166247,0,519,0,519,0,0,0,0,0,0
48.46,0,519,0.00016626,0,519,0,519,0,0,0,0,0,0
48.47,0,519,0.000166274,0,519,0,519,0,0,0,0,0,0
48.48,0,519,0.000166287,0,519,0,519,0,0,0,0,0,0
48.49,0,519,0.0001663,0,519,0,519,0,0,0,0,0,0
48.5,0,518,0.000166313,0,518,0,518,0,0,0,0,0,0
48.51,0,518,0.000166326,0,518,0,518,0,0,0,0,0,0
48.52,0,518,0.000166339,0,518,0,518,0,0,0,0,0,0
48.53,0,518,0.000166352,0,518,0,518,0,0,0,0,0,0
48.54,0,518,0.000166365,0,518,0,518,0,0,0,0,0,0
48.55,0,518,0.000166379,0,518,0,518,0,0,0,0,0,0
48.56,0,518,0.000166392,0,518,0,518,0,0,0,0,0,0
48.57,0,519,0.000166405,0,519,0,519,0,0,0,0,0,0
48.58,0,519,0.000166418,0,519,0,519,0,0,0,0,0,0
48.59,0,519,0.000166431,0,519,0,519,0,0,0,0,0,0
48.6,0,519,0.000166444,0,519,0,519,0,0,0,0,0,0
48.61,0,519,0.000166457,0,519,0,519,0,0,0,0,0,0
48.62,0,520,0.00016647,0,520,0,520,0,0,0,0,0,0
48.63,0,520,0.000166483,0,520,0,520,0,0,0,0,0,0
48.64,0,520,0.000166496,0,520,0,520,0,0,0,0,0,0
48.65,0,521,0.000166509,0,521,0,521,0,0,0,0,0,0
48.66,0,520,0.000166522,0,520,0,520,0,0,0,0,0,0
48.67,0,520,0.000166535,0,520,0,520,0,0,0,0,0,0
48.68,0,520,0.000166548,0,520,0,520,0,0,0,0,0,0
48.69,0,520,0.000166561,0,520,0,520,0,0,0,0,0,0
48.7,0,520,0.000166574,0,520,0,520,0,0,0,0,0,0
48.71,0,520,0.000166587,0,520,0,520,0,0,0,0,0,0
48.72,0,520,0.0001666,0,520,0,520,0,0,0,0,0,0
48.73,0,520,0.000166613,0,520,0,520,0,0,0,0,0,0
48.74,0,520,0.000166626,0,520,0,520,0,0,0,0,0,0
48.75,0,520,0.000166639,0,520,0,520,0,0,0,0,0,0
48.76,0,521,0.000166652,0,521,0,521,0,0,0,0,0,0
48.77,0,521,0.000166665,0,521,0,521,0,0,0,0,0,0
48.78,0,521,0.000166678,0,521,0,521,0,0,0,0,0,0
48.79,0,521,0.000166691,0,521,0,521,0,0,0,0,0,0
48.8,0,521,0.000166704,0,521,0,521,0,0,0,0,0,0
48.81,0,521,0.000166717,0,521,0,521,0,0,0,0,0,0
48.82,0,521,0.00016673,0,521,0,521,0,0,0,0,0,0
48.83,0,521,0.000166743,0,521,0,521,0,0,0,0,0,0
48.84,0,522,0.000166756,0,522,0,522,0,0,0,0,0,0
48.85,0,522,0.000166769,0,522,0,522,0,0,0,0,0,0
48.86,0,521,0.000166782,0,521,0,521,0,0,0,0,0,0
48.87,0,521,0.000166795,0,521,0,521,0,0,0,0,0,0
48.88,0,521,0.000166808,0,521,0,521,0,0,0,0,0,0
48.89,0,520,0.000166821,0,520,0,520,0,0,0,0,0,0
48.9,0,520,0.000166834,0,520,0,520,0,0,0,0,0,0
48.91,0,520,0.000166847,0,520,0,520,0,0,0,0,0,0
48.92,0,520,0.00016686,0,520,0,520,0,0,0,0,0,0
48.93,0,520,0.000166873,0,520,0,520,0,0,0,0,0,0
48.94,0,521,0.000166886,0,521,0,521,0,0,0,0,0,0
48.95,0,521,0.000166899,0,521,0,521,0,0,0,0,0,0
48.96,0,521,0.000166912,0,521,0,521,0,0,0,0,0,0
48.97,0,521,0.000166925,0,521,0,521,0,0,0,0,0,0
48.98,0,520,0.000166938,0,520,0,520,0,0,0,0,0,0
48.99,0,520,0.000166951,0,520,0,520,0,0,0,0,0,0
49,0,520,0.000166964,0,520,0,520,0,0,0,0,0,0
49.01,0,520,0.000166977,0,520,0,520,0,0,0,0,0,0
49.02,0,519,0.00016699,0,519,0,519,0,0,0,0,0,0
49.03,0,518,0.000167003,0,518,0,518,0,0,0,0,0,0
49.04,0,518,0.000167016,0,518,0,518,0,0,0,0,0,0
49.05,0,518,0.000167029,0,518,0,518,0,0,0,0,0,0
49.06,0,519,0.000167042,0,519,0,519,0,0,0,0,0,0
49.07,0,519,0.000167055,0,519,0,519,0,0,0,0,0,0
49.08,0,519,0.000167068,0,519,0,519,0,0,0,0,0,0
49.09,0,519,0.000167081,0,519,0,519,0,0,0,0,0,0
49.1,0,519,0.000167094,0,519,0,519,0,0,0,0,0,0
49.11,0,518,0.000167107,0,518,0,518,0,0,0,0,0,0
49.12,0,518,0.00016712,0,518,0,518,0,0,0,0,0,0
49.13,0,518,0.000167133,0,518,0,518,0,0,0,0,0,0
49.14,0,517,0.000167146,0,517,0,517,0,0,0,0,0,0
49.15,0,517,0.000167159,0,517,0,517,0,0,0,0,0,0
49.16,0,517,0.000167172,0,517,0,517,0,0,0,0,0,0
49.17,0,517,0.000167185,0,517,0,517,0,0,0,0,0,0
49.18,0,518,0.000167198,0,518,0,518,0,0,0,0,0,0
49.19,0,518,0.00016721,0,518,0,518,0,0,0,0,0,0
49.2,0,518,0.000167223,0,518,0,518,0,0,0,0,0,0
49.21,0,518,0.000167236,0,518,0,518,0,0,0,0,0,0
49.22,0,518,0.000167249,0,518,0,518,0,0,0,0,0,0
49.23,0,518,0.000167262,0,518,0,518,0,0,0,0,0,0
49.24,0,518,0.000167275,0,518,0,518,0,0,0,0,0,0
49.25,0,518,0.000167288,0,518,0,518,0,0,0,0,0,0
49.26,0,518,0.000167301,0,518,0,518,0,0,0,0,0,0
49.27,0,518,0.000167314,0,518,0,518,0,0,0,0,0,0
49.28,0,518,0.000167327,0,518,0,518,0,0,0,0,0,0
49.29,0,518,0.00016734,0,518,0,518,0,0,0,0,0,0
49.3,0,518,0.000167353,0,518,0,518,0,0,0,0,0,0
49.31,0,518,0.000167365,0,518,0,518,0,0,0,0,0,0
49.32,0,518,0.000167378,0,518,0,518,0,0,0,0,0,0
49.33,0,518,0.000167391,0,518,0,518,0,0,0,0,0,0
49.34,0,518,0.000167404,0,518,0,518,0,0,0,0,0,0
49.35,0,518,0.000167417,0,518,0,518,0,0,0,0,0,0
49.36,0,518,0.00016743,0,518,0,518,0,0,0,0,0,0
49.37,0,518,0.000167443,0,518,0,518,0,0,0,0,0,0
49.38,0,518,0.000167456,0,518,0,518,0,0,0,0,0,0
49.39,0,518,0.000167469,0,518,0,518,0,0,0,0,0,0
49.4,0,518,0.000167481,0,518,0,518,0,0,0,0,0,0
49.41,0,518,0.000167494,0,518,0,518,0,0,0,0,0,0
49.42,0,518,0.000167507,0,518,0,518,0,0,0,0,0,0
49.43,0,518,0.00016752,0,518,0,518,0,0,0,0,0,0
49.44,0,519,0.000167533,0,519,0,519,0,0,0,0,0,0
49.45,0,520,0.000167546,0,520,0,520,0,0,0,0,0,0
49.46,0,520,0.000167559,0,520,0,520,0,0,0,0,0,0
49.47,0,520,0.000167572,0,520,0,520,0,0,0,0,0,0
49.48,0,521,0.000167585,0,521,0,521,0,0,0,0,0,0
49.49,0,521,0.000167598,0,521,0,521,0,0,0,0,0,0
49.5,0,522,0.00016761,0,522,0,522,0,0,0,0,0,0
49.51,0,522,0.000167623,0,522,0,522,0,0,0,0,0,0
49.52,0,522,0.000167636,0,522,0,522,0,0,0,0,0,0
49.53,0,522,0.000167649,0,522,0,522,0,0,0,0,0,0
49.54,0,523,0.000167662,0,523,0,523,0,0,0,0,0,0
49.55,0,523,0.000167675,0,523,0,523,0,0,0,0,0,0
49.56,0,523,0.000167688,0,523,0,523,0,0,0,0,0,0
49.57,0,523,0.000167701,0,523,0,523,0,0,0,0,0,0
49.58,0,523,0.000167714,0,523,0,523,0,0,0,0,0,0
49.59,0,524,0.000167727,0,524,0,524,0,0,0,0,0,0
49.6,0,524,0.000167739,0,524,0,524,0,0,0,0,0,0
49.61,0,524,0.000167752,0,524,0,524,0,0,0,0,0,0
49.62,0,524,0.000167765,0,524,0,524,0,0,0,0,0,0
49.63,0,524,0.000167778,0,524,0,524,0,0,0,0,0,0
49.64,0,524,0.000167791,0,524,0,524,0,0,0,0,0,0
49.65,0,524,0.000167804,0,524,0,524,0,0,0,0,0,0
49.66,0,524,0.000167817,0,524,0,524,0,0,0,0,0,0
49.67,0,524,0.00016783,0,524,0,524,0,0,0,0,0,0
49.68,0,524,0.000167842,0,524,0,524,0,0,0,0,0,0
49.69,0,524,0.000167855,0,524,0,524,0,0,0,0,0,0
49.7,0,525,0.000167868,0,525,0,525,0,0,0,0,0,0
49.71,0,525,0.000167881,0,525,0,525,0,0,0,0,0,0
49.72,0,525,0.000167894,0,525,0,525,0,0,0,0,0,0
49.73,0,526,0.000167907,0,526,0,526,0,0,0,0,0,0
49.74,0,526,0.00016792,0,526,0,526,0,0,0,0,0,0
49.75,0,526,0.000167932,0,526,0,526,0,0,0,0,0,0
49.76,0,527,0.000167945,0,527,0,527,0,0,0,0,0,0
49.77,0,526,0.000167958,0,526,0,526,0,0,0,0,0,0
49.78,0,526,0.000167971,0,526,0,526,0,0,0,0,0,0
49.79,0,525,0.000167984,0,525,0,525,0,0,0,0,0,0
49.8,0,525,0.000167997,0,525,0,525,0,0,0,0,0,0
49.81,0,525,0.000168009,0,525,0,525,0,0,0,0,0,0
49.82,0,526,0.000168022,0,526,0,526,0,0,0,0,0,0
49.83,0,526,0.000168035,0,526,0,526,0,0,0,0,0,0
49.84,0,526,0.000168048,0,526,0,526,0,0,0,0,0,0
49.85,0,526,0.000168061,0,526,0,526,0,0,0,0,0,0
49.86,0,526,0.000168074,0,526,0,526,0,0,0,0,0,0
49.87,0,527,0.000168086,0,527,0,527,0,0,0,0,0,0
49.88,0,527,0.000168099,0,527,0,527,0,0,0,0,0,0
49.89,0,527,0.000168112,0,527,0,527,0,0,0,0,0,0
49.9,0,527,0.000168125,0,527,0,527,0,0,0,0,0,0
49.91,0,527,0.000168138,0,527,0,527,0,0,0,0,0,0
49.92,0,527,0.00016815,0,527,0,527,0,0,0,0,0,0
49.93,0,527,0.000168163,0,527,0,527,0,0,0,0,0,0
49.94,0,527,0.000168176,0,527,0,527,0,0,0,0,0,0
49.95,0,526,0.000168189,0,526,0,526,0,0,0,0,0,0
49.96,0,526,0.000168201,0,526,0,526,0,0,0,0,0,0
49.97,0,526,0.000168214,0,526,0,526,0,0,0,0,0,0
49.98,0,526,0.000168227,0,526,0,526,0,0,0,0,0,0
49.99,0,526,0.00016824,0,526,0,526,0,0,0,0,0,0
50,0,526,0.000168253,0,526,0,526,0,0,0,0,0,0
50.01,0,526,0.000168265,0,526,0,526,0,0,0,0,0,0
50.02,0,526,0.000168278,0,526,0,526,0,0,0,0,0,0
50.03,0,527,0.000168291,0,527,0,527,0,0,0,0,0,0
50.04,0,528,0.000168304,0,528,0,528,0,0,0,0,0,0
50.05,0,527,0.000168316,0,527,0,527,0,0,0,0,0,0
50.06,0,526,0.000168329,0,526,0,526,0,0,0,0,0,0
50.07,0,526,0.000168342,0,526,0,526,0,0,0,0,0,0
50.08,0,527,0.000168354,0,527,0,527,0,0,0,0,0,0
50.09,0,528,0.000168367,0,528,0,528,0,0,0,0,0,0
50.1,0,528,0.00016838,0,528,0,528,0,0,0,0,0,0
50.11,0,528,0.000168392,0,528,0,528,0,0,0,0,0,0
50.12,0,528,0.000168405,0,528,0,528,0,0,0,0,0,0
50.13,0,528,0.000168417,0,528,0,528,0,0,0,0,0,0
50.14,0,528,0.00016843,0,528,0,528,0,0,0,0,0,0
50.15,0,528,0.000168443,0,528,0,528,0,0,0,0,0,0
50.16,0,528,0.000168455,0,528,0,528,0,0,0,0,0,0
50.17,0,528,0.000168468,0,528,0,528,0,0,0,0,0,0
50.18,0,529,0.000168481,0,529,0,529,0,0,0,0,0,0
50.19,0,529,0.000168493,0,529,0,529,0,0,0,0,0,0
50.2,0,529,0.000168506,0,529,0,529,0,0,0,0,0,0
50.21,0,529,0.000168518,0,529,0,529,0,0,0,0,0,0
50.22,0,530,0.000168531,0,530,0,530,0,0,0,0,0,0
50.23,0,530,0.000168544,0,530,0,530,0,0,0,0,0,0
50.24,0,530,0.000168556,0,530,0,530,0,0,0,0,0,0
50.25,0,530,0.000168569,0,530,0,530,0,0,0,0,0,0
50.26,0,529,0.000168581,0,529,0,529,0,0,0,0,0,0
50.27,0,529,0.000168594,0,529,0,529,0,0,0,0,0,0
50.28,0,529,0.000168606,0,529,0,529,0,0,0,0,0,0
50.29,0,531,0.000168619,0,531,0,531,0,0,0,0,0,0
50.3,0,531,0.000168631,0,531,0,531,0,0,0,0,0,0
50.31,0,531,0.000168644,0,531,0,531,0,0,0,0,0,0
50.32,0,531,0.000168656,0,531,0,531,0,0,0,0,0,0
50.33,0,531,0.000168669,0,531,0,531,0,0,0,0,0,0
50.34,0,531,0.000168681,0,531,0,531,0,0,0,0,0,0
50.35,0,532,0.000168694,0,532,0,532,0,0,0,0,0,0
50.36,0,532,0.000168706,0,532,0,532,0,0,0,0,0,0
50.37,0,532,0.000168719,0,532,0,532,0,0,0,0,0,0
50.38,0,532,0.000168731,0,532,0,532,0,0,0,0,0,0
50.39,0,531,0.000168744,0,531,0,531,0,0,0,0,0,0
50.4,0,531,0.000168756,0,531,0,531,0,0,0,0,0,0
50.41,0,531,0.000168769,0,531,0,531,0,0,0,0,0,0
50.42,0,531,0.000168781,0,531,0,531,0,0,0,0,0,0
50.43,0,531,0.000168794,0,531,0,531,0,0,0,0,0,0
50.44,0,531,0.000168806,0,531,0,531,0,0,0,0,0,0
50.45,0,530,0.000168818,0,530,0,530,0,0,0,0,0,0
50.46,0,529,0.000168831,0,529,0,529,0,0,0,0,0,0
50.47,0,529,0.000168843,0,529,0,529,0,0,0,0,0,0
50.48,0,528,0.000168856,0,528,0,528,0,0,0,0,0,0
50.49,0,528,0.000168868,0,528,0,528,0,0,0,0,0,0
50.5,0,528,0.00016888,0,528,0,528,0,0,0,0,0,0
50.51,0,529,0.000168893,0,529,0,529,0,0,0,0,0,0
50.52,0,531,0.000168905,0,531,0,531,0,0,0,0,0,0
50.53,0,531,0.000168918,0,531,0,531,0,0,0,0,0,0
50.54,0,531,0.00016893,0,531,0,531,0,0,0,0,0,0
50.55,0,530,0.000168943,0,530,0,530,0,0,0,0,0,0
50.56,0,530,0.000168955,0,530,0,530,0,0,0,0,0,0
50.57,0,531,0.000168967,0,531,0,531,0,0,0,0,0,0
50.58,0,531,0.000168979,0,531,0,531,0,0,0,0,0,0
50.59,0,531,0.000168992,0,531,0,531,0,0,0,0,0,0
50.6,0,531,0.000169004,0,531,0,531,0,0,0,0,0,0
50.61,0,531,0.000169016,0,531,0,531,0,0,0,0,0,0
50.62,0,531,0.000169029,0,531,0,531,0,0,0,0,0,0
50.63,0,531,0.000169041,0,531,0,531,0,0,0,0,0,0
50.64,0,531,0.000169053,0,531,0,531,0,0,0,0,0,0
50.65,0,531,0.000169065,0,531,0,531,0,0,0,0,0,0
50.66,0,531,0.000169078,0,531,0,531,0,0,0,0,0,0
50.67,0,531,0.00016909,0,531,0,531,0,0,0,0,0,0
50.68,0,531,0.000169102,0,531,0,531,0,0,0,0,0,0
50.69,0,531,0.000169115,0,531,0,531,0,0,0,0,0,0
50.7,0,531,0.000169127,0,531,0,531,0,0,0,0,0,0
50.71,0,531,0.000169139,0,531,0,531,0,0,0,0,0,0
50.72,0,531,0.000169151,0,531,0,531,0,0,0,0,0,0
50.73,0,531,0.000169164,0,531,0,531,0,0,0,0,0,0
50.74,0,532,0.000169176,0,532,0,532,0,0,0,0,0,0
50.75,0,533,0.000169188,0,533,0,533,0,0,0,0,0,0
50.76,0,533,0.000169201,0,533,0,533,0,0,0,0,0,0
50.77,0,533,0.000169213,0,533,0,533,0,0,0,0,0,0
50.78,0,533,0.000169225,0,533,0,533,0,0,0,0,0,0
50.79,0,532,0.000169237,0,532,0,532,0,0,0,0,0,0
50.8,0,532,0.00016925,0,532,0,532,0,0,0,0,0,0
50.81,0,532,0.000169262,0,532,0,532,0,0,0,0,0,0
50.82,0,532,0.000169274,0,532,0,532,0,0,0,0,0,0
50.83,0,533,0.000169286,0,533,0,533,0,0,0,0,0,0
50.84,0,533,0.000169299,0,533,0,533,0,0,0,0,0,0
50.85,0,533,0.000169311,0,533,0,533,0,0,0,0,0,0
50.86,0,533,0.000169323,0,533,0,533,0,0,0,0,0,0
50.87,0,533,0.000169335,0,533,0,533,0,0,0,0,0,0
50.88,0,533,0.000169347,0,533,0,533,0,0,0,0,0,0
50.89,0,534,0.00016936,0,534,0,534,0,0,0,0,0,0
50.9,0,534,0.000169372,0,534,0,534,0,0,0,0,0,0
50.91,0,535,0.000169384,0,535,0,535,0,0,0,0,0,0
50.92,0,535,0.000169396,0,535,0,535,0,0,0,0,0,0
50.93,0,534,0.000169408,0,534,0,534,0,0,0,0,0,0
50.94,0,534,0.000169421,0,534,0,534,0,0,0,0,0,0
50.95,0,534,0.000169433,0,534,0,534,0,0,0,0,0,0
50.96,0,534,0.000169445,0,534,0,534,0,0,0,0,0,0
50.97,0,535,0.000169457,0,535,0,535,0,0,0,0,0,0
50.98,0,535,0.000169469,0,535,0,535,0,0,0,0,0,0
50.99,0,535,0.000169482,0,535,0,535,0,0,0,0,0,0
51,0,535,0.000169494,0,535,0,535,0,0,0,0,0,0
51.01,0,535,0.000169506,0,535,0,535,0,0,0,0,0,0
51.02,0,534,0.000169518,0,534,0,534,0,0,0,0,0,0
51.03,0,534,0.00016953,0,534,0,534,0,0,0,0,0,0
51.04,0,534,0.000169543,0,534,0,534,0,0,0,0,0,0
51.05,0,535,0.000169555,0,535,0,535,0,0,0,0,0,0
51.06,0,535,0.000169567,0,535,0,535,0,0,0,0,0,0
51.07,0,535,0.000169579,0,535,0,535,0,0,0,0,0,0
51.08,0,537,0.000169591,0,537,0,537,0,0,0,0,0,0
51.09,0,537,0.000169603,0,537,0,537,0,0,0,0,0,0
51.1,0,537,0.000169616,0,537,0,537,0,0,0,0,0,0
51.11,0,537,0.000169628,0,537,0,537,0,0,0,0,0,0
51.12,0,537,0.00016964,0,537,0,537,0,0,0,0,0,0
51.13,0,538,0.000169652,0,538,0,538,0,0,0,0,0,0
51.14,0,539,0.000169664,0,539,0,539,0,0,0,0,0,0
51.15,0,539,0.000169676,0,539,0,539,0,0,0,0,0,0
51.16,0,540,0.000169689,0,540,0,540,0,0,0,0,0,0
51.17,0,540,0.000169701,0,540,0,540,0,0,0,0,0,0
51.18,0,540,0.000169713,0,540,0,540,0,0,0,0,0,0
51.19,0,541,0.000169725,0,541,0,541,0,0,0,0,0,0
51.2,0,541,0.000169737,0,541,0,541,0,0,0,0,0,0
51.21,0,541,0.000169749,0,541,0,541,0,0,0,0,0,0
51.22,0,541,0.000169762,0,541,0,541,0,0,0,0,0,0
51.23,0,541,0.000169774,0,541,0,541,0,0,0,0,0,0
51.24,0,541,0.000169786,0,541,0,541,0,0,0,0,0,0
51.25,0,542,0.000169798,0,542,0,542,0,0,0,0,0,0
51.26,0,542,0.00016981,0,542,0,542,0,0,0,0,0,0
51.27,0,542,0.000169823,0,542,0,542,0,0,0,0,0,0
51.28,0,542,0.000169835,0,542,0,542,0,0,0,0,0,0
51.29,0,542,0.000169847,0,542,0,542,0,0,0,0,0,0
51.3,0,542,0.000169859,0,542,0,542,0,0,0,0,0,0
51.31,0,542,0.000169871,0,542,0,542,0,0,0,0,0,0
51.32,0,542,0.000169883,0,542,0,542,0,0,0,0,0,0
51.33,0,543,0.000169896,0,543,0,543,0,0,0,0,0,0
51.34,0,545,0.000169908,0,545,0,545,0,0,0,0,0,0
51.35,0,545,0.00016992,0,545,0,545,0,0,0,0,0,0
51.36,0,545,0.000169932,0,545,0,545,0,0,0,0,0,0
51.37,0,545,0.000169944,0,545,0,545,0,0,0,0,0,0
51.38,0,545,0.000169956,0,545,0,545,0,0,0,0,0,0
51.39,0,545,0.000169968,0,545,0,545,0,0,0,0,0,0
51.4,0,545,0.000169981,0,545,0,545,0,0,0,0,0,0
51.41,0,546,0.000169993,0,546,0,546,0,0,0,0,0,0
51.42,0,546,0.000170005,0,546,0,546,0,0,0,0,0,0
51.43,0,546,0.000170017,0,546,0,546,0,0,0,0,0,0
51.44,0,546,0.000170029,0,546,0,546,0,0,0,0,0,0
51.45,0,548,0.000170041,0,548,0,548,0,0,0,0,0,0
51.46,0,548,0.000170053,0,548,0,548,0,0,0,0,0,0
51.47,0,548,0.000170066,0,548,0,548,0,0,0,0,0,0
51.48,0,548,0.000170078,0,548,0,548,0,0,0,0,0,0
51.49,0,548,0.00017009,0,548,0,548,0,0,0,0,0,0
51.5,0,548,0.000170102,0,548,0,548,0,0,0,0,0,0
51.51,0,548,0.000170114,0,548,0,548,0,0,0,0,0,0
51.52,0,548,0.000170126,0,548,0,548,0,0,0,0,0,0
51.53,0,548,0.000170138,0,548,0,548,0,0,0,0,0,0
51.54,0,547,0.00017015,0,547,0,547,0,0,0,0,0,0
51.55,0,547,0.000170162,0,547,0,547,0,0,0,0,0,0
51.56,0,547,0.000170175,0,547,0,547,0,0,0,0,0,0
51.57,0,547,0.000170187,0,547,0,547,0,0,0,0,0,0
51.58,0,546,0.000170199,0,546,0,546,0,0,0,0,0,0
51.59,0,546,0.000170211,0,546,0,546,0,0,0,0,0,0
51.6,0,546,0.000170223,0,546,0,546,0,0,0,0,0,0
51.61,0,546,0.000170235,0,546,0,546,0,0,0,0,0,0
51.62,0,546,0.000170247,0,546,0,546,0,0,0,0,0,0
51.63,0,547,0.000170259,0,547,0,547,0,0,0,0,0,0
51.64,0,547,0.000170271,0,547,0,547,0,0,0,0,0,0
51.65,0,547,0.000170283,0,547,0,547,0,0,0,0,0,0
51.66,0,547,0.000170295,0,547,0,547,0,0,0,0,0,0
51.67,0,547,0.000170307,0,547,0,547,0,0,0,0,0,0
51.68,0,547,0.00017032,0,547,0,547,0,0,0,0,0,0
51.69,0,545,0.000170332,0,545,0,545,0,0,0,0,0,0
51.7,0,545,0.000170344,0,545,0,545,0,0,0,0,0,0
51.71,0,545,0.000170356,0,545,0,545,0,0,0,0,0,0
51.72,0,545,0.000170368,0,545,0,545,0,0,0,0,0,0
51.73,0,545,0.00017038,0,545,0,545,0,0,0,0,0,0
51.74,0,546,0.000170392,0,546,0,546,0,0,0,0,0,0
51.75,0,546,0.000170404,0,546,0,546,0,0,0,0,0,0
51.76,0,546,0.000170416,0,546,0,546,0,0,0,0,0,0
51.77,0,547,0.000170428,0,547,0,547,0,0,0,0,0,0
51.78,0,547,0.00017044,0,547,0,547,0,0,0,0,0,0
51.79,0,547,0.000170452,0,547,0,547,0,0,0,0,0,0
51.8,0,547,0.000170464,0,547,0,547,0,0,0,0,0,0
51.81,0,547,0.000170476,0,547,0,547,0,0,0,0,0,0
51.82,0,547,0.000170488,0,547,0,547,0,0,0,0,0,0
51.83,0,547,0.0001705,0,547,0,547,0,0,0,0,0,0
51.84,0,547,0.000170512,0,547,0,547,0,0,0,0,0,0
51.85,0,548,0.000170524,0,548,0,548,0,0,0,0,0,0
51.86,0,548,0.000170537,0,548,0,548,0,0,0,0,0,0
51.87,0,549,0.000170549,0,549,0,549,0,0,0,0,0,0
51.88,0,549,0.000170561,0,549,0,549,0,0,0,0,0,0
51.89,0,549,0.000170573,0,549,0,549,0,0,0,0,0,0
51.9,0,549,0.000170585,0,549,0,549,0,0,0,0,0,0
51.91,0,549,0.000170597,0,549,0,549,0,0,0,0,0,0
51.92,0,550,0.000170609,0,550,0,550,0,0,0,0,0,0
51.93,0,550,0.000170621,0,550,0,550,0,0,0,0,0,0
51.94,0,550,0.000170633,0,550,0,550,0,0,0,0,0,0
51.95,0,550,0.000170645,0,550,0,550,0,0,0,0,0,0
51.96,0,551,0.000170657,0,551,0,551,0,0,0,0,0,0
51.97,0,551,0.000170669,0,551,0,551,0,0,0,0,0,0
51.98,0,551,0.000170681,0,551,0,551,0,0,0,0,0,0
51.99,0,551,0.000170693,0,551,0,551,0,0,0,0,0,0
52,0,551,0.000170705,0,551,0,551,0,0,0,0,0,0
52.01,0,551,0.000170717,0,551,0,551,0,0,0,0,0,0
52.02,0,553,0.000170728,0,553,0,553,0,0,0,0,0,0
52.03,0,553,0.00017074,0,553,0,553,0,0,0,0,0,0
52.04,0,553,0.000170752,0,553,0,553,0,0,0,0,0,0
52.05,0,552,0.000170763,0,552,0,552,0,0,0,0,0,0
52.06,0,551,0.000170775,0,551,0,551,0,0,0,0,0,0
52.07,0,551,0.000170786,0,551,0,551,0,0,0,0,0,0
52.08,0,551,0.000170798,0,551,0,551,0,0,0,0,0,0
52.09,0,550,0.00017081,0,550,0,550,0,0,0,0,0,0
52.1,0,550,0.000170821,0,550,0,550,0,0,0,0,0,0
52.11,0,550,0.000170833,0,550,0,550,0,0,0,0,0,0
52.12,0,550,0.000170844,0,550,0,550,0,0,0,0,0,0
52.13,0,550,0.000170856,0,550,0,550,0,0,0,0,0,0
52.14,0,550,0.000170868,0,550,0,550,0,0,0,0,0,0
52.15,0,549,0.000170879,0,549,0,549,0,0,0,0,0,0
52.16,0,549,0.000170891,0,549,0,549,0,0,0,0,0,0
52.17,0,549,0.000170902,0,549,0,549,0,0,0,0,0,0
52.18,0,549,0.000170914,0,549,0,549,0,0,0,0,0,0
52.19,0,549,0.000170926,0,549,0,549,0,0,0,0,0,0
52.2,0,550,0.000170937,0,550,0,550,0,0,0,0,0,0
52.21,0,553,0.000170949,0,553,0,553,0,0,0,0,0,0
52.22,0,553,0.00017096,0,553,0,553,0,0,0,0,0,0
52.23,0,553,0.000170972,0,553,0,553,0,0,0,0,0,0
52.24,0,553,0.000170983,0,553,0,553,0,0,0,0,0,0
52.25,0,553,0.000170995,0,553,0,553,0,0,0,0,0,0
52.26,0,553,0.000171006,0,553,0,553,0,0,0,0,0,0
52.27,0,553,0.000171018,0,553,0,553,0,0,0,0,0,0
52.28,0,553,0.00017103,0,553,0,553,0,0,0,0,0,0
52.29,0,553,0.000171041,0,553,0,553,0,0,0,0,0,0
52.3,0,553,0.000171053,0,553,0,553,0,0,0,0,0,0
52.31,0,553,0.000171064,0,553,0,553,0,0,0,0,0,0
52.32,0,553,0.000171076,0,553,0,553,0,0,0,0,0,0
52.33,0,553,0.000171087,0,553,0,553,0,0,0,0,0,0
52.34,0,553,0.000171099,0,553,0,553,0,0,0,0,0,0
52.35,0,553,0.00017111,0,553,0,553,0,0,0,0,0,0
52.36,0,553,0.000171122,0,553,0,553,0,0,0,0,0,0
52.37,0,552,0.000171134,0,552,0,552,0,0,0,0,0,0
52.38,0,553,0.000171145,0,553,0,553,0,0,0,0,0,0
52.39,0,554,0.000171157,0,554,0,554,0,0,0,0,0,0
52.4,0,554,0.000171168,0,554,0,554,0,0,0,0,0,0
52.41,0,554,0.00017118,0,554,0,554,0,0,0,0,0,0
52.42,0,554,0.000171191,0,554,0,554,0,0,0,0,0,0
52.43,0,554,0.000171203,0,554,0,554,0,0,0,0,0,0
52.44,0,553,0.000171214,0,553,0,553,0,0,0,0,0,0
52.45,0,553,0.000171226,0,553,0,553,0,0,0,0,0,0
52.46,0,553,0.000171237,0,553,0,553,0,0,0,0,0,0
52.47,0,553,0.000171249,0,553,0,553,0,0,0,0,0,0
52.48,0,553,0.00017126,0,553,0,553,0,0,0,0,0,0
52.49,0,553,0.000171271,0,553,0,553,0,0,0,0,0,0
52.5,0,550,0.000171283,0,550,0,550,0,0,0,0,0,0
52.51,0,550,0.000171294,0,550,0,550,0,0,0,0,0,0
52.52,0,550,0.000171305,0,550,0,550,0,0,0,0,0,0
52.53,0,552,0.000171316,0,552,0,552,0,0,0,0,0,0
52.54,0,551,0.000171328,0,551,0,551,0,0,0,0,0,0
52.55,0,551,0.000171339,0,551,0,551,0,0,0,0,0,0
52.56,0,551,0.00017135,0,551,0,551,0,0,0,0,0,0
52.57,0,551,0.000171361,0,551,0,551,0,0,0,0,0,0
52.58,0,551,0.000171372,0,551,0,551,0,0,0,0,0,0
52.59,0,551,0.000171384,0,551,0,551,0,0,0,0,0,0
52.6,0,551,0.000171395,0,551,0,551,0,0,0,0,0,0
52.61,0,551,0.000171406,0,551,0,551,0,0,0,0,0,0
52.62,0,550,0.000171417,0,550,0,550,0,0,0,0,0,0
52.63,0,550,0.000171428,0,550,0,550,0,0,0,0,0,0
52.64,0,550,0.00017144,0,550,0,550,0,0,0,0,0,0
52.65,0,550,0.000171451,0,550,0,550,0,0,0,0,0,0
52.66,0,550,0.000171462,0,550,0,550,0,0,0,0,0,0
52.67,0,550,0.000171473,0,550,0,550,0,0,0,0,0,0
52.68,0,550,0.000171484,0,550,0,550,0,0,0,0,0,0
52.69,0,550,0.000171495,0,550,0,550,0,0,0,0,0,0
52.7,0,550,0.000171507,0,550,0,550,0,0,0,0,0,0
52.71,0,551,0.000171518,0,551,0,551,0,0,0,0,0,0
52.72,0,551,0.000171529,0,551,0,551,0,0,0,0,0,0
52.73,0,551,0.00017154,0,551,0,551,0,0,0,0,0,0
52.74,0,551,0.000171551,0,551,0,551,0,0,0,0,0,0
52.75,0,551,0.000171562,0,551,0,551,0,0,0,0,0,0
52.76,0,551,0.000171574,0,551,0,551,0,0,0,0,0,0
52.77,0,551,0.000171585,0,551,0,551,0,0,0,0,0,0
52.78,0,551,0.000171596,0,551,0,551,0,0,0,0,0,0
52.79,0,552,0.000171607,0,552,0,552,0,0,0,0,0,0
52.8,0,552,0.000171618,0,552,0,552,0,0,0,0,0,0
52.81,0,552,0.000171629,0,552,0,552,0,0,0,0,0,0
52.82,0,552,0.000171641,0,552,0,552,0,0,0,0,0,0
52.83,0,552,0.000171652,0,552,0,552,0,0,0,0,0,0
52.84,0,552,0.000171663,0,552,0,552,0,0,0,0,0,0
52.85,0,552,0.000171674,0,552,0,552,0,0,0,0,0,0
52.86,0,552,0.000171685,0,552,0,552,0,0,0,0,0,0
52.87,0,552,0.000171696,0,552,0,552,0,0,0,0,0,0
52.88,0,551,0.000171707,0,551,0,551,0,0,0,0,0,0
52.89,0,551,0.000171718,0,551,0,551,0,0,0,0,0,0
52.9,0,551,0.00017173,0,551,0,551,0,0,0,0,0,0
52.91,0,552,0.000171741,0,552,0,552,0,0,0,0,0,0
52.92,0,552,0.000171752,0,552,0,552,0,0,0,0,0,0
52.93,0,552,0.000171763,0,552,0,552,0,0,0,0,0,0
52.94,0,552,0.000171774,0,552,0,552,0,0,0,0,0,0
52.95,0,552,0.000171785,0,552,0,552,0,0,0,0,0,0
52.96,0,552,0.000171796,0,552,0,552,0,0,0,0,0,0
52.97,0,552,0.000171807,0,552,0,552,0,0,0,0,0,0
52.98,0,552,0.000171818,0,552,0,552,0,0,0,0,0,0
52.99,0,553,0.00017183,0,553,0,553,0,0,0,0,0,0
53,0,553,0.000171841,0,553,0,553,0,0,0,0,0,0
53.01,0,554,0.000171852,0,554,0,554,0,0,0,0,0,0
53.02,0,554,0.000171863,0,554,0,554,0,0,0,0,0,0
53.03,0,554,0.000171874,0,554,0,554,0,0,0,0,0,0
53.04,0,554,0.000171885,0,554,0,554,0,0,0,0,0,0
53.05,0,554,0.000171896,0,554,0,554,0,0,0,0,0,0
53.06,0,553,0.000171907,0,553,0,553,0,0,0,0,0,0
53.07,0,553,0.000171918,0,553,0,553,0,0,0,0,0,0
53.08,0,553,0.000171929,0,553,0,553,0,0,0,0,0,0
53.09,0,553,0.00017194,0,553,0,553,0,0,0,0,0,0
53.1,0,553,0.000171952,0,553,0,553,0,0,0,0,0,0
53.11,0,553,0.000171963,0,553,0,553,0,0,0,0,0,0
53.12,0,553,0.000171974,0,553,0,553,0,0,0,0,0,0
53.13,0,554,0.000171985,0,554,0,554,0,0,0,0,0,0
53.14,0,554,0.000171996,0,554,0,554,0,0,0,0,0,0
53.15,0,554,0.000172007,0,554,0,554,0,0,0,0,0,0
53.16,0,554,0.000172018,0,554,0,554,0,0,0,0,0,0
53.17,0,555,0.000172029,0,555,0,555,0,0,0,0,0,0
53.18,0,555,0.00017204,0,555,0,555,0,0,0,0,0,0
53.19,0,555,0.000172051,0,555,0,555,0,0,0,0,0,0
53.2,0,555,0.000172062,0,555,0,555,0,0,0,0,0,0
53.21,0,556,0.000172073,0,556,0,556,0,0,0,0,0,0
53.22,0,556,0.000172084,0,556,0,556,0,0,0,0,0,0
53.23,0,556,0.000172095,0,556,0,556,0,0,0,0,0,0
53.24,0,556,0.000172106,0,556,0,556,0,0,0,0,0,0
53.25,0,555,0.000172118,0,555,0,555,0,0,0,0,0,0
53.26,0,552,0.000172128,0,552,0,552,0,0,0,0,0,0
53.27,0,552,0.000172139,0,552,0,552,0,0,0,0,0,0
53.28,0,552,0.00017215,0,552,0,552,0,0,0,0,0,0
53.29,0,552,0.000172161,0,552,0,552,0,0,0,0,0,0
53.3,0,553,0.000172172,0,553,0,553,0,0,0,0,0,0
53.31,0,554,0.000172183,0,554,0,554,0,0,0,0,0,0
53.32,0,554,0.000172194,0,554,0,554,0,0,0,0,0,0
53.33,0,554,0.000172204,0,554,0,554,0,0,0,0,0,0
53.34,0,554,0.000172215,0,554,0,554,0,0,0,0,0,0
53.35,0,554,0.000172226,0,554,0,554,0,0,0,0,0,0
53.36,0,555,0.000172237,0,555,0,555,0,0,0,0,0,0
53.37,0,555,0.000172248,0,555,0,555,0,0,0,0,0,0
53.38,0,555,0.000172259,0,555,0,555,0,0,0,0,0,0
53.39,0,555,0.000172269,0,555,0,555,0,0,0,0,0,0
53.4,0,555,0.00017228,0,555,0,555,0,0,0,0,0,0
53.41,0,555,0.000172291,0,555,0,555,0,0,0,0,0,0
53.42,0,556,0.000172302,0,556,0,556,0,0,0,0,0,0
53.43,0,556,0.000172313,0,556,0,556,0,0,0,0,0,0
53.44,0,556,0.000172324,0,556,0,556,0,0,0,0,0,0
53.45,0,556,0.000172334,0,556,0,556,0,0,0,0,0,0
53.46,0,556,0.000172345,0,556,0,556,0,0,0,0,0,0
53.47,0,557,0.000172356,0,557,0,557,0,0,0,0,0,0
53.48,0,558,0.000172367,0,558,0,558,0,0,0,0,0,0
53.49,0,557,0.000172378,0,557,0,557,0,0,0,0,0,0
53.5,0,557,0.000172388,0,557,0,557,0,0,0,0,0,0
53.51,0,557,0.000172399,0,557,0,557,0,0,0,0,0,0
53.52,0,557,0.00017241,0,557,0,557,0,0,0,0,0,0
53.53,0,557,0.000172421,0,557,0,557,0,0,0,0,0,0
53.54,0,557,0.000172432,0,557,0,557,0,0,0,0,0,0
53.55,0,557,0.000172443,0,557,0,557,0,0,0,0,0,0
53.56,0,558,0.000172453,0,558,0,558,0,0,0,0,0,0
53.57,0,558,0.000172464,0,558,0,558,0,0,0,0,0,0
53.58,0,558,0.000172475,0,558,0,558,0,0,0,0,0,0
53.59,0,557,0.000172486,0,557,0,557,0,0,0,0,0,0
53.6,0,557,0.000172496,0,557,0,557,0,0,0,0,0,0
53.61,0,558,0.000172507,0,558,0,558,0,0,0,0,0,0
53.62,0,558,0.000172518,0,558,0,558,0,0,0,0,0,0
53.63,0,559,0.000172529,0,559,0,559,0,0,0,0,0,0
53.64,0,559,0.00017254,0,559,0,559,0,0,0,0,0,0
53.65,0,559,0.00017255,0,559,0,559,0,0,0,0,0,0
53.66,0,560,0.000172561,0,560,0,560,0,0,0,0,0,0
53.67,0,560,0.000172572,0,560,0,560,0,0,0,0,0,0
53.68,0,560,0.000172583,0,560,0,560,0,0,0,0,0,0
53.69,0,561,0.000172593,0,561,0,561,0,0,0,0,0,0
53.7,0,561,0.000172604,0,561,0,561,0,0,0,0,0,0
53.71,0,561,0.000172615,0,561,0,561,0,0,0,0,0,0
53.72,0,561,0.000172626,0,561,0,561,0,0,0,0,0,0
53.73,0,561,0.000172636,0,561,0,561,0,0,0,0,0,0
53.74,0,561,0.000172647,0,561,0,561,0,0,0,0,0,0
53.75,0,560,0.000172658,0,560,0,560,0,0,0,0,0,0
53.76,0,560,0.000172669,0,560,0,560,0,0,0,0,0,0
53.77,0,560,0.000172679,0,560,0,560,0,0,0,0,0,0
53.78,0,560,0.00017269,0,560,0,560,0,0,0,0,0,0
53.79,0,560,0.000172701,0,560,0,560,0,0,0,0,0,0
53.8,0,560,0.000172711,0,560,0,560,0,0,0,0,0,0
53.81,0,560,0.000172722,0,560,0,560,0,0,0,0,0,0
53.82,0,561,0.000172733,0,561,0,561,0,0,0,0,0,0
53.83,0,561,0.000172744,0,561,0,561,0,0,0,0,0,0
53.84,0,562,0.000172754,0,562,0,562,0,0,0,0,0,0
53.85,0,562,0.000172765,0,562,0,562,0,0,0,0,0,0
53.86,0,562,0.000172776,0,562,0,562,0,0,0,0,0,0
53.87,0,562,0.000172786,0,562,0,562,0,0,0,0,0,0
53.88,0,562,0.000172797,0,562,0,562,0,0,0,0,0,0
53.89,0,562,0.000172808,0,562,0,562,0,0,0,0,0,0
53.9,0,562,0.000172819,0,562,0,562,0,0,0,0,0,0
53.91,0,562,0.000172829,0,562,0,562,0,0,0,0,0,0
53.92,0,561,0.00017284,0,561,0,561,0,0,0,0,0,0
53.93,0,561,0.000172851,0,561,0,561,0,0,0,0,0,0
53.94,0,561,0.000172861,0,561,0,561,0,0,0,0,0,0
53.95,0,561,0.000172872,0,561,0,561,0,0,0,0,0,0
53.96,0,561,0.000172883,0,561,0,561,0,0,0,0,0,0
53.97,0,562,0.000172894,0,562,0,562,0,0,0,0,0,0
53.98,0,566,0.000172904,0,566,0,566,0,0,0,0,0,0
53.99,0,568,0.000172915,0,568,0,568,0,0,0,0,0,0
54,0,568,0.000172926,0,568,0,568,0,0,0,0,0,0
54.01,0,569,0.000172936,0,569,0,569,0,0,0,0,0,0
54.02,0,569,0.000172947,0,569,0,569,0,0,0,0,0,0
54.03,0,569,0.000172958,0,569,0,569,0,0,0,0,0,0
54.04,0,569,0.000172968,0,569,0,569,0,0,0,0,0,0
54.05,0,569,0.000172979,0,569,0,569,0,0,0,0,0,0
54.06,0,570,0.00017299,0,570,0,570,0,0,0,0,0,0
54.07,0,570,0.000173001,0,570,0,570,0,0,0,0,0,0
54.08,0,570,0.000173011,0,570,0,570,0,0,0,0,0,0
54.09,0,570,0.000173022,0,570,0,570,0,0,0,0,0,0
54.1,0,571,0.000173033,0,571,0,571,0,0,0,0,0,0
54.11,0,571,0.000173043,0,571,0,571,0,0,0,0,0,0
54.12,0,571,0.000173054,0,571,0,571,0,0,0,0,0,0
54.13,0,571,0.000173065,0,571,0,571,0,0,0,0,0,0
54.14,0,572,0.000173076,0,572,0,572,0,0,0,0,0,0
54.15,0,573,0.000173086,0,573,0,573,0,0,0,0,0,0
54.16,0,574,0.000173097,0,574,0,574,0,0,0,0,0,0
54.17,0,575,0.000173108,0,575,0,575,0,0,0,0,0,0
54.18,0,575,0.000173118,0,575,0,575,0,0,0,0,0,0
54.19,0,575,0.000173129,0,575,0,575,0,0,0,0,0,0
54.2,0,575,0.00017314,0,575,0,575,0,0,0,0,0,0
54.21,0,575,0.00017315,0,575,0,575,0,0,0,0,0,0
54.22,0,575,0.000173161,0,575,0,575,0,0,0,0,0,0
54.23,0,575,0.000173172,0,575,0,575,0,0,0,0,0,0
54.24,0,575,0.000173182,0,575,0,575,0,0,0,0,0,0
54.25,0,575,0.000173193,0,575,0,575,0,0,0,0,0,0
54.26,0,575,0.000173204,0,575,0,575,0,0,0,0,0,0
54.27,0,576,0.000173214,0,576,0,576,0,0,0,0,0,0
54.28,0,577,0.000173225,0,577,0,577,0,0,0,0,0,0
54.29,0,577,0.000173236,0,577,0,577,0,0,0,0,0,0
54.3,0,577,0.000173246,0,577,0,577,0,0,0,0,0,0
54.31,0,578,0.000173257,0,578,0,578,0,0,0,0,0,0
54.32,0,578,0.000173267,0,578,0,578,0,0,0,0,0,0
54.33,0,578,0.000173278,0,578,0,578,0,0,0,0,0,0
54.34,0,579,0.000173289,0,579,0,579,0,0,0,0,0,0
54.35,0,579,0.000173299,0,579,0,579,0,0,0,0,0,0
54.36,0,579,0.00017331,0,579,0,579,0,0,0,0,0,0
54.37,0,580,0.000173321,0,580,0,580,0,0,0,0,0,0
54.38,0,580,0.000173331,0,580,0,580,0,0,0,0,0,0
54.39,0,580,0.000173342,0,580,0,580,0,0,0,0,0,0
54.4,0,580,0.000173353,0,580,0,580,0,0,0,0,0,0
54.41,0,581,0.000173363,0,581,0,581,0,0,0,0,0,0
54.42,0,581,0.000173374,0,581,0,581,0,0,0,0,0,0
54.43,0,581,0.000173385,0,581,0,581,0,0,0,0,0,0
54.44,0,581,0.000173395,0,581,0,581,0,0,0,0,0,0
54.45,0,580,0.000173406,0,580,0,580,0,0,0,0,0,0
54.46,0,579,0.000173416,0,579,0,579,0,0,0,0,0,0
54.47,0,579,0.000173427,0,579,0,579,0,0,0,0,0,0
54.48,0,579,0.000173438,0,579,0,579,0,0,0,0,0,0
54.49,0,579,0.000173448,0,579,0,579,0,0,0,0,0,0
54.5,0,579,0.000173459,0,579,0,579,0,0,0,0,0,0
54.51,0,579,0.00017347,0,579,0,579,0,0,0,0,0,0
54.52,0,578,0.00017348,0,578,0,578,0,0,0,0,0,0
54.53,0,578,0.000173491,0,578,0,578,0,0,0,0,0,0
54.54,0,578,0.000173502,0,578,0,578,0,0,0,0,0,0
54.55,0,578,0.000173512,0,578,0,578,0,0,0,0,0,0
54.56,0,578,0.000173523,0,578,0,578,0,0,0,0,0,0
54.57,0,578,0.000173533,0,578,0,578,0,0,0,0,0,0
54.58,0,579,0.000173544,0,579,0,579,0,0,0,0,0,0
54.59,0,579,0.000173555,0,579,0,579,0,0,0,0,0,0
54.6,0,579,0.000173565,0,579,0,579,0,0,0,0,0,0
54.61,0,579,0.000173576,0,579,0,579,0,0,0,0,0,0
54.62,0,579,0.000173587,0,579,0,579,0,0,0,0,0,0
54.63,0,579,0.000173597,0,579,0,579,0,0,0,0,0,0
54.64,0,579,0.000173608,0,579,0,579,0,0,0,0,0,0
54.65,0,579,0.000173618,0,579,0,579,0,0,0,0,0,0
54.66,0,579,0.000173629,0,579,0,579,0,0,0,0,0,0
54.67,0,579,0.00017364,0,579,0,579,0,0,0,0,0,0
54.68,0,579,0.00017365,0,579,0,579,0,0,0,0,0,0
54.69,0,578,0.000173661,0,578,0,578,0,0,0,0,0,0
54.7,0,579,0.000173672,0,579,0,579,0,0,0,0,0,0
54.71,0,579,0.000173682,0,579,0,579,0,0,0,0,0,0
54.72,0,579,0.000173693,0,579,0,579,0,0,0,0,0,0
54.73,0,580,0.000173703,0,580,0,580,0,0,0,0,0,0
54.74,0,580,0.000173714,0,580,0,580,0,0,0,0,0,0
54.75,0,581,0.000173725,0,581,0,581,0,0,0,0,0,0
54.76,0,581,0.000173735,0,581,0,581,0,0,0,0,0,0
54.77,0,581,0.000173746,0,581,0,581,0,0,0,0,0,0
54.78,0,581,0.000173757,0,581,0,581,0,0,0,0,0,0
54.79,0,581,0.000173767,0,581,0,581,0,0,0,0,0,0
54.8,0,581,0.000173778,0,581,0,581,0,0,0,0,0,0
54.81,0,581,0.000173788,0,581,0,581,0,0,0,0,0,0
54.82,0,581,0.000173799,0,581,0,581,0,0,0,0,0,0
54.83,0,581,0.00017381,0,581,0,581,0,0,0,0,0,0
54.84,0,581,0.00017382,0,581,0,581,0,0,0,0,0,0
54.85,0,581,0.000173831,0,581,0,581,0,0,0,0,0,0
54.86,0,582,0.000173841,0,582,0,582,0,0,0,0,0,0
54.87,0,582,0.000173852,0,582,0,582,0,0,0,0,0,0
54.88,0,584,0.000173863,0,584,0,584,0,0,0,0,0,0
54.89,0,584,0.000173873,0,584,0,584,0,0,0,0,0,0
54.9,0,585,0.000173884,0,585,0,585,0,0,0,0,0,0
54.91,0,585,0.000173894,0,585,0,585,0,0,0,0,0,0
54.92,0,585,0.000173905,0,585,0,585,0,0,0,0,0,0
54.93,0,585,0.000173915,0,585,0,585,0,0,0,0,0,0
54.94,0,585,0.000173926,0,585,0,585,0,0,0,0,0,0
54.95,0,586,0.000173937,0,586,0,586,0,0,0,0,0,0
54.96,0,586,0.000173947,0,586,0,586,0,0,0,0,0,0
54.97,0,586,0.000173958,0,586,0,586,0,0,0,0,0,0
54.98,0,587,0.000173968,0,587,0,587,0,0,0,0,0,0
54.99,0,587,0.000173979,0,587,0,587,0,0,0,0,0,0
55,0,587,0.00017399,0,587,0,587,0,0,0,0,0,0
55.01,0,588,0.000174,0,588,0,588,0,0,0,0,0,0
55.02,0,588,0.000174011,0,588,0,588,0,0,0,0,0,0
55.03,0,588,0.000174021,0,588,0,588,0,0,0,0,0,0
55.04,0,588,0.000174032,0,588,0,588,0,0,0,0,0,0
55.05,0,588,0.000174042,0,588,0,588,0,0,0,0,0,0
55.06,0,588,0.000174053,0,588,0,588,0,0,0,0,0,0
55.07,0,588,0.000174064,0,588,0,588,0,0,0,0,0,0
55.08,0,588,0.000174074,0,588,0,588,0,0,0,0,0,0
55.09,0,588,0.000174085,0,588,0,588,0,0,0,0,0,0
55.1,0,588,0.000174095,0,588,0,588,0,0,0,0,0,0
55.11,0,588,0.000174106,0,588,0,588,0,0,0,0,0,0
55.12,0,588,0.000174116,0,588,0,588,0,0,0,0,0,0
55.13,0,588,0.000174127,0,588,0,588,0,0,0,0,0,0
55.14,0,587,0.000174137,0,587,0,587,0,0,0,0,0,0
55.15,0,587,0.000174148,0,587,0,587,0,0,0,0,0,0
55.16,0,587,0.000174159,0,587,0,587,0,0,0,0,0,0
55.17,0,587,0.000174169,0,587,0,587,0,0,0,0,0,0
55.18,0,587,0.00017418,0,587,0,587,0,0,0,0,0,0
55.19,0,587,0.00017419,0,587,0,587,0,0,0,0,0,0
55.2,0,587,0.000174201,0,587,0,587,0,0,0,0,0,0
55.21,0,587,0.000174211,0,587,0,587,0,0,0,0,0,0
55.22,0,587,0.000174222,0,587,0,587,0,0,0,0,0,0
55.23,0,587,0.000174232,0,587,0,587,0,0,0,0,0,0
55.24,0,587,0.000174243,0,587,0,587,0,0,0,0,0,0
55.25,0,587,0.000174253,0,587,0,587,0,0,0,0,0,0
55.26,0,587,0.000174264,0,587,0,587,0,0,0,0,0,0
55.27,0,585,0.000174274,0,585,0,585,0,0,0,0,0,0
55.28,0,585,0.000174285,0,585,0,585,0,0,0,0,0,0
55.29,0,585,0.000174296,0,585,0,585,0,0,0,0,0,0
55.3,0,587,0.000174306,0,587,0,587,0,0,0,0,0,0
55.31,0,587,0.000174317,0,587,0,587,0,0,0,0,0,0
55.32,0,587,0.000174327,0,587,0,587,0,0,0,0,0,0
55.33,0,587,0.000174338,0,587,0,587,0,0,0,0,0,0
55.34,0,587,0.000174348,0,587,0,587,0,0,0,0,0,0
55.35,0,587,0.000174359,0,587,0,587,0,0,0,0,0,0
55.36,0,587,0.000174369,0,587,0,587,0,0,0,0,0,0
55.37,0,589,0.00017438,0,589,0,589,0,0,0,0,0,0
55.38,0,589,0.00017439,0,589,0,589,0,0,0,0,0,0
55.39,0,589,0.000174401,0,589,0,589,0,0,0,0,0,0
55.4,0,589,0.000174411,0,589,0,589,0,0,0,0,0,0
55.41,0,589,0.000174422,0,589,0,589,0,0,0,0,0,0
55.42,0,589,0.000174432,0,589,0,589,0,0,0,0,0,0
55.43,0,589,0.000174443,0,589,0,589,0,0,0,0,0,0
55.44,0,589,0.000174453,0,589,0,589,0,0,0,0,0,0
55.45,0,589,0.000174464,0,589,0,589,0,0,0,0,0,0
55.46,0,589,0.000174474,0,589,0,589,0,0,0,0,0,0
55.47,0,589,0.000174485,0,589,0,589,0,0,0,0,0,0
55.48,0,589,0.000174495,0,589,0,589,0,0,0,0,0,0
55.49,0,589,0.000174506,0,589,0,589,0,0,0,0,0,0
55.5,0,589,0.000174516,0,589,0,589,0,0,0,0,0,0
55.51,0,589,0.000174527,0,589,0,589,0,0,0,0,0,0
55.52,0,589,0.000174537,0,589,0,589,0,0,0,0,0,0
55.53,0,589,0.000174548,0,589,0,589,0,0,0,0,0,0
55.54,0,589,0.000174558,0,589,0,589,0,0,0,0,0,0
55.55,0,589,0.000174569,0,589,0,589,0,0,0,0,0,0
55.56,0,590,0.000174579,0,590,0,590,0,0,0,0,0,0
55.57,0,590,0.00017459,0,590,0,590,0,0,0,0,0,0
55.58,0,590,0.0001746,0,590,0,590,0,0,0,0,0,0
55.59,0,590,0.000174611,0,590,0,590,0,0,0,0,0,0
55.6,0,591,0.000174621,0,591,0,591,0,0,0,0,0,0
55.61,0,591,0.000174632,0,591,0,591,0,0,0,0,0,0
55.62,0,591,0.000174642,0,591,0,591,0,0,0,0,0,0
55.63,0,590,0.000174653,0,590,0,590,0,0,0,0,0,0
55.64,0,590,0.000174663,0,590,0,590,0,0,0,0,0,0
55.65,0,590,0.000174674,0,590,0,590,0,0,0,0,0,0
55.66,0,591,0.000174684,0,591,0,591,0,0,0,0,0,0
55.67,0,591,0.000174695,0,591,0,591,0,0,0,0,0,0
55.68,0,591,0.000174705,0,591,0,591,0,0,0,0,0,0
55.69,0,592,0.000174716,0,592,0,592,0,0,0,0,0,0
55.7,0,593,0.000174726,0,593,0,593,0,0,0,0,0,0
55.71,0,593,0.000174737,0,593,0,593,0,0,0,0,0,0
55.72,0,593,0.000174747,0,593,0,593,0,0,0,0,0,0
55.73,0,594,0.000174758,0,594,0,594,0,0,0,0,0,0
55.74,0,594,0.000174768,0,594,0,594,0,0,0,0,0,0
55.75,0,594,0.000174778,0,594,0,594,0,0,0,0,0,0
55.76,0,594,0.000174789,0,594,0,594,0,0,0,0,0,0
55.77,0,594,0.000174799,0,594,0,594,0,0,0,0,0,0
55.78,0,595,0.00017481,0,595,0,595,0,0,0,0,0,0
55.79,0,595,0.00017482,0,595,0,595,0,0,0,0,0,0
55.8,0,595,0.000174831,0,595,0,595,0,0,0,0,0,0
55.81,0,595,0.000174841,0,595,0,595,0,0,0,0,0,0
55.82,0,596,0.000174852,0,596,0,596,0,0,0,0,0,0
55.83,0,595,0.000174862,0,595,0,595,0,0,0,0,0,0
55.84,0,595,0.000174872,0,595,0,595,0,0,0,0,0,0
55.85,0,595,0.000174883,0,595,0,595,0,0,0,0,0,0
55.86,0,596,0.000174893,0,596,0,596,0,0,0,0,0,0
55.87,0,597,0.000174904,0,597,0,597,0,0,0,0,0,0
55.88,0,597,0.000174914,0,597,0,597,0,0,0,0,0,0
55.89,0,597,0.000174925,0,597,0,597,0,0,0,0,0,0
55.9,0,598,0.000174935,0,598,0,598,0,0,0,0,0,0
55.91,0,598,0.000174946,0,598,0,598,0,0,0,0,0,0
55.92,0,598,0.000174956,0,598,0,598,0,0,0,0,0,0
55.93,0,598,0.000174966,0,598,0,598,0,0,0,0,0,0
55.94,0,598,0.000174977,0,598,0,598,0,0,0,0,0,0
55.95,0,598,0.000174987,0,598,0,598,0,0,0,0,0,0
55.96,0,598,0.000174998,0,598,0,598,0,0,0,0,0,0
55.97,0,597,0.000175008,0,597,0,597,0,0,0,0,0,0
55.98,0,597,0.000175019,0,597,0,597,0,0,0,0,0,0
55.99,0,597,0.000175029,0,597,0,597,0,0,0,0,0,0
56,0,596,0.000175039,0,596,0,596,0,0,0,0,0,0
56.01,0,596,0.00017505,0,596,0,596,0,0,0,0,0,0
56.02,0,596,0.00017506,0,596,0,596,0,0,0,0,0,0
56.03,0,596,0.000175071,0,596,0,596,0,0,0,0,0,0
56.04,0,597,0.000175081,0,597,0,597,0,0,0,0,0,0
56.05,0,597,0.000175092,0,597,0,597,0,0,0,0,0,0
56.06,0,597,0.000175102,0,597,0,597,0,0,0,0,0,0
56.07,0,597,0.000175112,0,597,0,597,0,0,0,0,0,0
56.08,0,597,0.000175123,0,597,0,597,0,0,0,0,0,0
56.09,0,597,0.000175133,0,597,0,597,0,0,0,0,0,0
56.1,0,596,0.000175144,0,596,0,596,0,0,0,0,0,0
56.11,0,596,0.000175154,0,596,0,596,0,0,0,0,0,0
56.12,0,596,0.000175164,0,596,0,596,0,0,0,0,0,0
56.13,0,596,0.000175175,0,596,0,596,0,0,0,0,0,0
56.14,0,596,0.000175185,0,596,0,596,0,0,0,0,0,0
56.15,0,596,0.000175196,0,596,0,596,0,0,0,0,0,0
56.16,0,596,0.000175206,0,596,0,596,0,0,0,0,0,0
56.17,0,597,0.000175216,0,597,0,597,0,0,0,0,0,0
56.18,0,597,0.000175227,0,597,0,597,0,0,0,0,0,0
56.19,0,598,0.000175237,0,598,0,598,0,0,0,0,0,0
56.2,0,598,0.000175248,0,598,0,598,0,0,0,0,0,0
56.21,0,598,0.000175258,0,598,0,598,0,0,0,0,0,0
56.22,0,598,0.000175268,0,598,0,598,0,0,0,0,0,0
56.23,0,597,0.000175279,0,597,0,597,0,0,0,0,0,0
56.24,0,597,0.000175289,0,597,0,597,0,0,0,0,0,0
56.25,0,597,0.0001753,0,597,0,597,0,0,0,0,0,0
56.26,0,597,0.00017531,0,597,0,597,0,0,0,0,0,0
56.27,0,597,0.00017532,0,597,0,597,0,0,0,0,0,0
56.28,0,597,0.000175331,0,597,0,597,0,0,0,0,0,0
56.29,0,597,0.000175341,0,597,0,597,0,0,0,0,0,0
56.3,0,597,0.000175352,0,597,0,597,0,0,0,0,0,0
56.31,0,597,0.000175362,0,597,0,597,0,0,0,0,0,0
56.32,0,597,0.000175372,0,597,0,597,0,0,0,0,0,0
56.33,0,597,0.000175383,0,597,0,597,0,0,0,0,0,0
56.34,0,597,0.000175393,0,597,0,597,0,0,0,0,0,0
56.35,0,597,0.000175403,0,597,0,597,0,0,0,0,0,0
56.36,0,597,0.000175414,0,597,0,597,0,0,0,0,0,0
56.37,0,596,0.000175424,0,596,0,596,0,0,0,0,0,0
56.38,0,596,0.000175435,0,596,0,596,0,0,0,0,0,0
56.39,0,595,0.000175445,0,595,0,595,0,0,0,0,0,0
56.4,0,595,0.000175455,0,595,0,595,0,0,0,0,0,0
56.41,0,595,0.000175466,0,595,0,595,0,0,0,0,0,0
56.42,0,596,0.000175476,0,596,0,596,0,0,0,0,0,0
56.43,0,595,0.000175487,0,595,0,595,0,0,0,0,0,0
56.44,0,595,0.000175497,0,595,0,595,0,0,0,0,0,0
56.45,0,594,0.000175508,0,594,0,594,0,0,0,0,0,0
56.46,0,595,0.000175518,0,595,0,595,0,0,0,0,0,0
56.47,0,595,0.000175529,0,595,0,595,0,0,0,0,0,0
56.48,0,596,0.000175539,0,596,0,596,0,0,0,0,0,0
56.49,0,597,0.00017555,0,597,0,597,0,0,0,0,0,0
56.5,0,597,0.00017556,0,597,0,597,0,0,0,0,0,0
56.51,0,597,0.000175571,0,597,0,597,0,0,0,0,0,0
56.52,0,597,0.000175581,0,597,0,597,0,0,0,0,0,0
56.53,0,597,0.000175592,0,597,0,597,0,0,0,0,0,0
56.54,0,597,0.000175603,0,597,0,597,0,0,0,0,0,0
56.55,0,597,0.000175613,0,597,0,597,0,0,0,0,0,0
56.56,0,596,0.000175624,0,596,0,596,0,0,0,0,0,0
56.57,0,597,0.000175634,0,597,0,597,0,0,0,0,0,0
56.58,0,598,0.000175645,0,598,0,598,0,0,0,0,0,0
56.59,0,600,0.000175656,0,600,0,600,0,0,0,0,0,0
56.6,0,600,0.000175666,0,600,0,600,0,0,0,0,0,0
56.61,0,600,0.000175677,0,600,0,600,0,0,0,0,0,0
56.62,0,599,0.000175688,0,599,0,599,0,0,0,0,0,0
56.63,0,599,0.000175698,0,599,0,599,0,0,0,0,0,0
56.64,0,599,0.000175709,0,599,0,599,0,0,0,0,0,0
56.65,0,599,0.000175719,0,599,0,599,0,0,0,0,0,0
56.66,0,599,0.00017573,0,599,0,599,0,0,0,0,0,0
56.67,0,599,0.000175741,0,599,0,599,0,0,0,0,0,0
56.68,0,600,0.000175751,0,600,0,600,0,0,0,0,0,0
56.69,0,600,0.000175762,0,600,0,600,0,0,0,0,0,0
56.7,0,600,0.000175773,0,600,0,600,0,0,0,0,0,0
56.71,0,601,0.000175783,0,601,0,601,0,0,0,0,0,0
56.72,0,601,0.000175794,0,601,0,601,0,0,0,0,0,0
56.73,0,601,0.000175804,0,601,0,601,0,0,0,0,0,0
56.74,0,601,0.000175815,0,601,0,601,0,0,0,0,0,0
56.75,0,601,0.000175826,0,601,0,601,0,0,0,0,0,0
56.76,0,602,0.000175836,0,602,0,602,0,0,0,0,0,0
56.77,0,603,0.000175847,0,603,0,603,0,0,0,0,0,0
56.78,0,605,0.000175857,0,605,0,605,0,0,0,0,0,0
56.79,0,605,0.000175868,0,605,0,605,0,0,0,0,0,0
56.8,0,605,0.000175879,0,605,0,605,0,0,0,0,0,0
56.81,0,605,0.000175889,0,605,0,605,0,0,0,0,0,0
56.82,0,605,0.0001759,0,605,0,605,0,0,0,0,0,0
56.83,0,605,0.00017591,0,605,0,605,0,0,0,0,0,0
56.84,0,604,0.000175921,0,604,0,604,0,0,0,0,0,0
56.85,0,605,0.000175931,0,605,0,605,0,0,0,0,0,0
56.86,0,605,0.000175942,0,605,0,605,0,0,0,0,0,0
56.87,0,605,0.000175953,0,605,0,605,0,0,0,0,0,0
56.88,0,605,0.000175963,0,605,0,605,0,0,0,0,0,0
56.89,0,604,0.000175974,0,604,0,604,0,0,0,0,0,0
56.9,0,605,0.000175984,0,605,0,605,0,0,0,0,0,0
56.91,0,604,0.000175995,0,604,0,604,0,0,0,0,0,0
56.92,0,604,0.000176005,0,604,0,604,0,0,0,0,0,0
56.93,0,604,0.000176016,0,604,0,604,0,0,0,0,0,0
56.94,0,604,0.000176027,0,604,0,604,0,0,0,0,0,0
56.95,0,604,0.000176037,0,604,0,604,0,0,0,0,0,0
56.96,0,605,0.000176047,0,605,0,605,0,0,0,0,0,0
56.97,0,605,0.000176057,0,605,0,605,0,0,0,0,0,0
56.98,0,605,0.000176068,0,605,0,605,0,0,0,0,0,0
56.99,0,605,0.000176078,0,605,0,605,0,0,0,0,0,0
57,0,606,0.000176088,0,606,0,606,0,0,0,0,0,0
57.01,0,607,0.000176098,0,607,0,607,0,0,0,0,0,0
57.02,0,607,0.000176109,0,607,0,607,0,0,0,0,0,0
57.03,0,607,0.000176119,0,607,0,607,0,0,0,0,0,0
57.04,0,607,0.000176129,0,607,0,607,0,0,0,0,0,0
57.05,0,608,0.00017614,0,608,0,608,0,0,0,0,0,0
57.06,0,609,0.00017615,0,609,0,609,0,0,0,0,0,0
57.07,0,609,0.00017616,0,609,0,609,0,0,0,0,0,0
57.08,0,609,0.00017617,0,609,0,609,0,0,0,0,0,0
57.09,0,609,0.000176181,0,609,0,609,0,0,0,0,0,0
57.1,0,609,0.000176191,0,609,0,609,0,0,0,0,0,0
57.11,0,610,0.000176201,0,610,0,610,0,0,0,0,0,0
57.12,0,611,0.000176211,0,611,0,611,0,0,0,0,0,0
57.13,0,611,0.000176222,0,611,0,611,0,0,0,0,0,0
57.14,0,610,0.000176232,0,610,0,610,0,0,0,0,0,0
57.15,0,609,0.000176242,0,609,0,609,0,0,0,0,0,0
57.16,0,609,0.000176252,0,609,0,609,0,0,0,0,0,0
57.17,0,610,0.000176262,0,610,0,610,0,0,0,0,0,0
57.18,0,609,0.000176273,0,609,0,609,0,0,0,0,0,0
57.19,0,609,0.000176283,0,609,0,609,0,0,0,0,0,0
57.2,0,609,0.000176293,0,609,0,609,0,0,0,0,0,0
57.21,0,609,0.000176304,0,609,0,609,0,0,0,0,0,0
57.22,0,609,0.000176314,0,609,0,609,0,0,0,0,0,0
57.23,0,609,0.000176324,0,609,0,609,0,0,0,0,0,0
57.24,0,609,0.000176334,0,609,0,609,0,0,0,0,0,0
57.25,0,609,0.000176345,0,609,0,609,0,0,0,0,0,0
57.26,0,610,0.000176355,0,610,0,610,0,0,0,0,0,0
57.27,0,611,0.000176365,0,611,0,611,0,0,0,0,0,0
57.28,0,611,0.000176376,0,611,0,611,0,0,0,0,0,0
57.29,0,611,0.000176386,0,611,0,611,0,0,0,0,0,0
57.3,0,612,0.000176396,0,612,0,612,0,0,0,0,0,0
57.31,0,612,0.000176406,0,612,0,612,0,0,0,0,0,0
57.32,0,613,0.000176417,0,613,0,613,0,0,0,0,0,0
57.33,0,615,0.000176427,0,615,0,615,0,0,0,0,0,0
57.34,0,615,0.000176438,0,615,0,615,0,0,0,0,0,0
57.35,0,616,0.000176448,0,616,0,616,0,0,0,0,0,0
57.36,0,616,0.000176458,0,616,0,616,0,0,0,0,0,0
57.37,0,616,0.000176469,0,616,0,616,0,0,0,0,0,0
57.38,0,616,0.000176479,0,616,0,616,0,0,0,0,0,0
57.39,0,616,0.00017649,0,616,0,616,0,0,0,0,0,0
57.4,0,616,0.0001765,0,616,0,616,0,0,0,0,0,0
57.41,0,615,0.00017651,0,615,0,615,0,0,0,0,0,0
57.42,0,614,0.000176521,0,614,0,614,0,0,0,0,0,0
57.43,0,614,0.000176531,0,614,0,614,0,0,0,0,0,0
57.44,0,615,0.000176541,0,615,0,615,0,0,0,0,0,0
57.45,0,615,0.000176552,0,615,0,615,0,0,0,0,0,0
57.46,0,615,0.000176562,0,615,0,615,0,0,0,0,0,0
57.47,0,615,0.000176573,0,615,0,615,0,0,0,0,0,0
57.48,0,616,0.000176583,0,616,0,616,0,0,0,0,0,0
57.49,0,616,0.000176593,0,616,0,616,0,0,0,0,0,0
57.5,0,616,0.000176604,0,616,0,616,0,0,0,0,0,0
57.51,0,617,0.000176614,0,617,0,617,0,0,0,0,0,0
57.52,0,618,0.000176624,0,618,0,618,0,0,0,0,0,0
57.53,0,620,0.000176635,0,620,0,620,0,0,0,0,0,0
57.54,0,620,0.000176645,0,620,0,620,0,0,0,0,0,0
57.55,0,621,0.000176656,0,621,0,621,0,0,0,0,0,0
57.56,0,620,0.000176666,0,620,0,620,0,0,0,0,0,0
57.57,0,620,0.000176676,0,620,0,620,0,0,0,0,0,0
57.58,0,621,0.000176686,0,621,0,621,0,0,0,0,0,0
57.59,0,622,0.000176697,0,622,0,622,0,0,0,0,0,0
57.6,0,623,0.000176707,0,623,0,623,0,0,0,0,0,0
57.61,0,623,0.000176718,0,623,0,623,0,0,0,0,0,0
57.62,0,623,0.000176728,0,623,0,623,0,0,0,0,0,0
57.63,0,624,0.000176739,0,624,0,624,0,0,0,0,0,0
57.64,0,625,0.000176749,0,625,0,625,0,0,0,0,0,0
57.65,0,625,0.000176759,0,625,0,625,0,0,0,0,0,0
57.66,0,626,0.00017677,0,626,0,626,0,0,0,0,0,0
57.67,0,626,0.00017678,0,626,0,626,0,0,0,0,0,0
57.68,0,626,0.000176791,0,626,0,626,0,0,0,0,0,0
57.69,0,626,0.000176801,0,626,0,626,0,0,0,0,0,0
57.7,0,626,0.000176812,0,626,0,626,0,0,0,0,0,0
57.71,0,626,0.000176822,0,626,0,626,0,0,0,0,0,0
57.72,0,627,0.000176833,0,627,0,627,0,0,0,0,0,0
57.73,0,627,0.000176843,0,627,0,627,0,0,0,0,0,0
57.74,0,627,0.000176853,0,627,0,627,0,0,0,0,0,0
57.75,0,627,0.000176864,0,627,0,627,0,0,0,0,0,0
57.76,0,627,0.000176874,0,627,0,627,0,0,0,0,0,0
57.77,0,627,0.000176885,0,627,0,627,0,0,0,0,0,0
57.78,0,627,0.000176895,0,627,0,627,0,0,0,0,0,0
57.79,0,627,0.000176906,0,627,0,627,0,0,0,0,0,0
57.8,0,627,0.000176916,0,627,0,627,0,0,0,0,0,0
57.81,0,627,0.000176926,0,627,0,627,0,0,0,0,0,0
57.82,0,627,0.000176937,0,627,0,627,0,0,0,0,0,0
57.83,0,626,0.000176947,0,626,0,626,0,0,0,0,0,0
57.84,0,626,0.000176958,0,626,0,626,0,0,0,0,0,0
57.85,0,626,0.000176968,0,626,0,626,0,0,0,0,0,0
57.86,0,626,0.000176978,0,626,0,626,0,0,0,0,0,0
57.87,0,626,0.000176989,0,626,0,626,0,0,0,0,0,0
57.88,0,626,0.000176999,0,626,0,626,0,0,0,0,0,0
57.89,0,626,0.00017701,0,626,0,626,0,0,0,0,0,0
57.9,0,626,0.00017702,0,626,0,626,0,0,0,0,0,0
57.91,0,627,0.000177031,0,627,0,627,0,0,0,0,0,0
57.92,0,627,0.000177041,0,627,0,627,0,0,0,0,0,0
57.93,0,626,0.000177051,0,626,0,626,0,0,0,0,0,0
57.94,0,626,0.000177062,0,626,0,626,0,0,0,0,0,0
57.95,0,626,0.000177072,0,626,0,626,0,0,0,0,0,0
57.96,0,626,0.000177083,0,626,0,626,0,0,0,0,0,0
57.97,0,627,0.000177093,0,627,0,627,0,0,0,0,0,0
57.98,0,627,0.000177103,0,627,0,627,0,0,0,0,0,0
57.99,0,628,0.000177114,0,628,0,628,0,0,0,0,0,0
58,0,628,0.000177124,0,628,0,628,0,0,0,0,0,0
58.01,0,628,0.000177135,0,628,0,628,0,0,0,0,0,0
58.02,0,628,0.000177145,0,628,0,628,0,0,0,0,0,0
58.03,0,628,0.000177155,0,628,0,628,0,0,0,0,0,0
58.04,0,628,0.000177166,0,628,0,628,0,0,0,0,0,0
58.05,0,628,0.000177176,0,628,0,628,0,0,0,0,0,0
58.06,0,626,0.000177187,0,626,0,626,0,0,0,0,0,0
58.07,0,626,0.000177197,0,626,0,626,0,0,0,0,0,0
58.08,0,627,0.000177207,0,627,0,627,0,0,0,0,0,0
58.09,0,627,0.000177217,0,627,0,627,0,0,0,0,0,0
58.1,0,629,0.000177228,0,629,0,629,0,0,0,0,0,0
58.11,0,630,0.000177238,0,630,0,630,0,0,0,0,0,0
58.12,0,630,0.000177248,0,630,0,630,0,0,0,0,0,0
58.13,0,630,0.000177259,0,630,0,630,0,0,0,0,0,0
58.14,0,630,0.000177269,0,630,0,630,0,0,0,0,0,0
58.15,0,630,0.000177279,0,630,0,630,0,0,0,0,0,0
58.16,0,631,0.00017729,0,631,0,631,0,0,0,0,0,0
58.17,0,631,0.0001773,0,631,0,631,0,0,0,0,0,0
58.18,0,634,0.00017731,0,634,0,634,0,0,0,0,0,0
58.19,0,636,0.000177321,0,636,0,636,0,0,0,0,0,0
58.2,0,636,0.000177331,0,636,0,636,0,0,0,0,0,0
58.21,0,635,0.000177342,0,635,0,635,0,0,0,0,0,0
58.22,0,635,0.000177352,0,635,0,635,0,0,0,0,0,0
58.23,0,636,0.000177363,0,636,0,636,0,0,0,0,0,0
58.24,0,636,0.000177373,0,636,0,636,0,0,0,0,0,0
58.25,0,637,0.000177383,0,637,0,637,0,0,0,0,0,0
58.26,0,638,0.000177394,0,638,0,638,0,0,0,0,0,0
58.27,0,637,0.000177404,0,637,0,637,0,0,0,0,0,0
58.28,0,639,0.000177415,0,639,0,639,0,0,0,0,0,0
58.29,0,640,0.000177425,0,640,0,640,0,0,0,0,0,0
58.3,0,641,0.000177435,0,641,0,641,0,0,0,0,0,0
58.31,0,641,0.000177446,0,641,0,641,0,0,0,0,0,0
58.32,0,640,0.000177456,0,640,0,640,0,0,0,0,0,0
58.33,0,640,0.000177466,0,640,0,640,0,0,0,0,0,0
58.34,0,641,0.000177477,0,641,0,641,0,0,0,0,0,0
58.35,0,643,0.000177487,0,643,0,643,0,0,0,0,0,0
58.36,0,644,0.000177497,0,644,0,644,0,0,0,0,0,0
58.37,0,643,0.000177508,0,643,0,643,0,0,0,0,0,0
58.38,0,644,0.000177518,0,644,0,644,0,0,0,0,0,0
58.39,0,646,0.000177528,0,646,0,646,0,0,0,0,0,0
58.4,0,647,0.000179027,0,647,0,647,0,0,0,0,0,0
58.41,0,648,0.000179039,0,648,0,648,0,0,0,0,0,0
58.42,0,649,0.000179051,0,649,0,649,0,0,0,0,0,0
58.43,0,648,0.000179064,0,648,0,648,0,0,0,0,0,0
58.44,0,649,0.000179076,0,649,0,649,0,0,0,0,0,0
58.45,0,649,0.000179089,0,649,0,649,0,0,0,0,0,0
58.46,0,649,0.000179101,0,649,0,649,0,0,0,0,0,0
58.47,0,651,0.000179114,0,651,0,651,0,0,0,0,0,0
58.48,0,653,0.000179126,0,653,0,653,0,0,0,0,0,0
58.49,0,653,0.000179138,0,653,0,653,0,0,0,0,0,0
58.5,0,654,0.000179151,0,654,0,654,0,0,0,0,0,0
58.51,0,656,0.000179163,0,656,0,656,0,0,0,0,0,0
58.52,0,657,0.000179176,0,657,0,657,0,0,0,0,0,0
58.53,0,658,0.000179188,0,658,0,658,0,0,0,0,0,0
58.54,0,658,0.0001792,0,658,0,658,0,0,0,0,0,0
58.55,0,658,0.000179213,0,658,0,658,0,0,0,0,0,0
58.56,0,658,0.000179225,0,658,0,658,0,0,0,0,0,0
58.57,0,658,0.000179238,0,658,0,658,0,0,0,0,0,0
58.58,0,658,0.00017925,0,658,0,658,0,0,0,0,0,0
58.59,0,658,0.000179263,0,658,0,658,0,0,0,0,0,0
58.6,0,660,0.000179275,0,660,0,660,0,0,0,0,0,0
58.61,0,662,0.000179287,0,662,0,662,0,0,0,0,0,0
58.62,0,662,0.0001793,0,662,0,662,0,0,0,0,0,0
58.63,0,663,0.000179312,0,663,0,663,0,0,0,0,0,0
58.64,0,663,0.000179325,0,663,0,663,0,0,0,0,0,0
58.65,0,663,0.000179337,0,663,0,663,0,0,0,0,0,0
58.66,0,664,0.00017935,0,664,0,664,0,0,0,0,0,0
58.67,0,663,0.000179362,0,663,0,663,0,0,0,0,0,0
58.68,0,665,0.000179375,0,665,0,665,0,0,0,0,0,0
58.69,0,665,0.000179387,0,665,0,665,0,0,0,0,0,0
58.7,0,664,0.000179399,0,664,0,664,0,0,0,0,0,0
58.71,0,664,0.000179412,0,664,0,664,0,0,0,0,0,0
58.72,0,665,0.000179424,0,665,0,665,0,0,0,0,0,0
58.73,0,667,0.000179437,0,667,0,667,0,0,0,0,0,0
58.74,0,667,0.000179449,0,667,0,667,0,0,0,0,0,0
58.75,0,668,0.000179987,0,668,0,668,0,0,0,0,0,0
58.76,0,668,0.000180003,0,668,0,668,0,0,0,0,0,0
58.77,0,668,0.000180019,0,668,0,668,0,0,0,0,0,0
58.78,0,669,0.000187369,0,669,0,669,0,0,0,0,0,0
58.79,0,669,0.000187387,0,669,0,669,0,0,0,0,0,0
58.8,0,670,0.000187404,0,670,0,670,0,0,0,0,0,0
58.81,0,671,0.000187421,0,671,0,671,0,0,0,0,0,0
58.82,0,671,0.000187438,0,671,0,671,0,0,0,0,0,0
58.83,0,674,0.000187455,0,674,0,674,0,0,0,0,0,0
58.84,0,676,0.000187472,0,676,0,676,0,0,0,0,0,0
58.85,0,677,0.00018749,0,677,0,677,0,0,0,0,0,0
58.86,0,678,0.000187507,0,678,0,678,0,0,0,0,0,0
58.87,0,678,0.000187524,0,678,0,678,0,0,0,0,0,0
58.88,0,679,0.000187541,0,679,0,679,0,0,0,0,0,0
58.89,0,679,0.000187558,0,679,0,679,0,0,0,0,0,0
58.9,0,680,0.000190769,0,680,0,680,0,0,0,0,0,0
58.91,0,680,0.000190787,0,680,0,680,0,0,0,0,0,0
58.92,0,681,0.000190806,0,681,0,681,0,0,0,0,0,0
58.93,0,683,0.000190824,0,683,0,683,0,0,0,0,0,0
58.94,0,683,0.000190843,0,683,0,683,0,0,0,0,0,0
58.95,0,683,0.000190861,0,683,0,683,0,0,0,0,0,0
58.96,0,683,0.00019088,0,683,0,683,0,0,0,0,0,0
58.97,0,683,0.000190898,0,683,0,683,0,0,0,0,0,0
58.98,0,684,0.000190917,0,684,0,684,0,0,0,0,0,0
58.99,0,684,0.000190935,0,684,0,684,0,0,0,0,0,0
59,0,683,0.000190954,0,683,0,683,0,0,0,0,0,0
59.01,0,683,0.000190972,0,683,0,683,0,0,0,0,0,0
59.02,0,684,0.00019099,0,684,0,684,0,0,0,0,0,0
59.03,0,685,0.000191009,0,685,0,685,0,0,0,0,0,0
59.04,0,685,0.000191027,0,685,0,685,0,0,0,0,0,0
59.05,0,686,0.000191046,0,686,0,686,0,0,0,0,0,0
59.06,0,687,0.000191064,0,687,0,687,0,0,0,0,0,0
59.07,0,687,0.000191083,0,687,0,687,0,0,0,0,0,0
59.08,0,688,0.000191101,0,688,0,688,0,0,0,0,0,0
59.09,0,690,0.00019112,0,690,0,690,0,0,0,0,0,0
59.1,0,690,0.000191138,0,690,0,690,0,0,0,0,0,0
59.11,0,690,0.000191157,0,690,0,690,0,0,0,0,0,0
59.12,0,691,0.000191175,0,691,0,691,0,0,0,0,0,0
59.13,0,691,0.000191194,0,691,0,691,0,0,0,0,0,0
59.14,0,691,0.000191212,0,691,0,691,0,0,0,0,0,0
59.15,0,691,0.00019123,0,691,0,691,0,0,0,0,0,0
59.16,0,690,0.000191249,0,690,0,690,0,0,0,0,0,0
59.17,0,690,0.000191267,0,690,0,690,0,0,0,0,0,0
59.18,0,692,0.000191285,0,692,0,692,0,0,0,0,0,0
59.19,0,694,0.000191303,0,694,0,694,0,0,0,0,0,0
59.2,0,694,0.000191322,0,694,0,694,0,0,0,0,0,0
59.21,0,694,0.00019134,0,694,0,694,0,0,0,0,0,0
59.22,0,694,0.000191358,0,694,0,694,0,0,0,0,0,0
59.23,0,694,0.000191376,0,694,0,694,0,0,0,0,0,0
59.24,0,694,0.000191395,0,694,0,694,0,0,0,0,0,0
59.25,0,695,0.000191413,0,695,0,695,0,0,0,0,0,0
59.26,0,695,0.000191431,0,695,0,695,0,0,0,0,0,0
59.27,0,695,0.000191449,0,695,0,695,0,0,0,0,0,0
59.28,0,695,0.000191467,0,695,0,695,0,0,0,0,0,0
59.29,0,695,0.000191486,0,695,0,695,0,0,0,0,0,0
59.3,0,695,0.000191504,0,695,0,695,0,0,0,0,0,0
59.31,0,694,0.000191522,0,694,0,694,0,0,0,0,0,0
59.32,0,694,0.00019154,0,694,0,694,0,0,0,0,0,0
59.33,0,695,0.000191558,0,695,0,695,0,0,0,0,0,0
59.34,0,697,0.000191576,0,697,0,697,0,0,0,0,0,0
59.35,0,697,0.000191595,0,697,0,697,0,0,0,0,0,0
59.36,0,697,0.000191613,0,697,0,697,0,0,0,0,0,0
59.37,0,699,0.000191631,0,699,0,699,0,0,0,0,0,0
59.38,0,699,0.000191649,0,699,0,699,0,0,0,0,0,0
59.39,0,699,0.000191667,0,699,0,699,0,0,0,0,0,0
59.4,0,699,0.000191685,0,699,0,699,0,0,0,0,0,0
59.41,0,700,0.000191703,0,700,0,700,0,0,0,0,0,0
59.42,0,701,0.000191721,0,701,0,701,0,0,0,0,0,0
59.43,0,701,0.00019174,0,701,0,701,0,0,0,0,0,0
59.44,0,701,0.000191758,0,701,0,701,0,0,0,0,0,0
59.45,0,700,0.000191776,0,700,0,700,0,0,0,0,0,0
59.46,0,700,0.000191794,0,700,0,700,0,0,0,0,0,0
59.47,0,702,0.000191812,0,702,0,702,0,0,0,0,0,0
59.48,0,702,0.00019183,0,702,0,702,0,0,0,0,0,0
59.49,0,703,0.000192473,0,703,0,703,0,0,0,0,0,0
59.5,0,703,0.000192492,0,703,0,703,0,0,0,0,0,0
59.51,0,703,0.00019251,0,703,0,703,0,0,0,0,0,0
59.52,0,703,0.000192528,0,703,0,703,0,0,0,0,0,0
59.53,0,704,0.000192546,0,704,0,704,0,0,0,0,0,0
59.54,0,706,0.000192565,0,706,0,706,0,0,0,0,0,0
59.55,0,706,0.000192583,0,706,0,706,0,0,0,0,0,0
59.56,0,708,0.000192602,0,708,0,708,0,0,0,0,0,0
59.57,0,707,0.00019262,0,707,0,707,0,0,0,0,0,0
59.58,0,706,0.000192639,0,706,0,706,0,0,0,0,0,0
59.59,0,706,0.000192657,0,706,0,706,0,0,0,0,0,0
59.6,0,706,0.000192675,0,706,0,706,0,0,0,0,0,0
59.61,0,705,0.000192693,0,705,0,705,0,0,0,0,0,0
59.62,0,705,0.000192712,0,705,0,705,0,0,0,0,0,0
59.63,0,706,0.00019273,0,706,0,706,0,0,0,0,0,0
59.64,0,704,0.000192748,0,704,0,704,0,0,0,0,0,0
59.65,0,705,0.000192766,0,705,0,705,0,0,0,0,0,0
59.66,0,705,0.000192784,0,705,0,705,0,0,0,0,0,0
59.67,0,705,0.000192803,0,705,0,705,0,0,0,0,0,0
59.68,0,705,0.000192821,0,705,0,705,0,0,0,0,0,0
59.69,0,705,0.000192839,0,705,0,705,0,0,0,0,0,0
59.7,0,705,0.000192858,0,705,0,705,0,0,0,0,0,0
59.71,0,705,0.000192876,0,705,0,705,0,0,0,0,0,0
59.72,0,705,0.000192894,0,705,0,705,0,0,0,0,0,0
59.73,0,706,0.000192912,0,706,0,706,0,0,0,0,0,0
59.74,0,707,0.000192931,0,707,0,707,0,0,0,0,0,0
59.75,0,707,0.000192949,0,707,0,707,0,0,0,0,0,0
59.76,0,707,0.000192967,0,707,0,707,0,0,0,0,0,0
59.77,0,708,0.000192986,0,708,0,708,0,0,0,0,0,0
59.78,0,709,0.000193004,0,709,0,709,0,0,0,0,0,0
59.79,0,710,0.000193022,0,710,0,710,0,0,0,0,0,0
59.8,0,711,0.00019304,0,711,0,711,0,0,0,0,0,0
59.81,0,711,0.000193059,0,711,0,711,0,0,0,0,0,0
59.82,0,711,0.000193077,0,711,0,711,0,0,0,0,0,0
59.83,0,711,0.000193095,0,711,0,711,0,0,0,0,0,0
59.84,0,712,0.000193113,0,712,0,712,0,0,0,0,0,0
59.85,0,713,0.000193132,0,713,0,713,0,0,0,0,0,0
59.86,0,714,0.00019315,0,714,0,714,0,0,0,0,0,0
59.87,0,714,0.000193169,0,714,0,714,0,0,0,0,0,0
59.88,0,716,0.000193187,0,716,0,716,0,0,0,0,0,0
59.89,0,717,0.000193206,0,717,0,717,0,0,0,0,0,0
59.9,0,717,0.000193224,0,717,0,717,0,0,0,0,0,0
59.91,0,718,0.000193243,0,718,0,718,0,0,0,0,0,0
59.92,0,716,0.000193262,0,716,0,716,0,0,0,0,0,0
59.93,0,716,0.00019328,0,716,0,716,0,0,0,0,0,0
59.94,0,717,0.000193299,0,717,0,717,0,0,0,0,0,0
59.95,0,717,0.000193317,0,717,0,717,0,0,0,0,0,0
59.96,0,719,0.000193336,0,719,0,719,0,0,0,0,0,0
59.97,0,719,0.000193355,0,719,0,719,0,0,0,0,0,0
59.98,0,719,0.000193373,0,719,0,719,0,0,0,0,0,0
59.99,0,719,0.000193392,0,719,0,719,0,0,0,0,0,0
60,0,719,0.000193411,0,719,0,719,0,0,0,0,0,0
60.01,0,719,0.00019343,0,719,0,719,0,0,0,0,0,0
60.02,0,718,0.000193448,0,718,0,718,0,0,0,0,0,0
60.03,0,718,0.000193467,0,718,0,718,0,0,0,0,0,0
60.04,0,718,0.000193485,0,718,0,718,0,0,0,0,0,0
60.05,0,719,0.000193504,0,719,0,719,0,0,0,0,0,0
60.06,0,719,0.000193523,0,719,0,719,0,0,0,0,0,0
60.07,0,720,0.000193541,0,720,0,720,0,0,0,0,0,0
60.08,0,719,0.000193559,0,719,0,719,0,0,0,0,0,0
60.09,0,720,0.000193578,0,720,0,720,0,0,0,0,0,0
60.1,0,722,0.000193596,0,722,0,722,0,0,0,0,0,0
60.11,0,722,0.000193615,0,722,0,722,0,0,0,0,0,0
60.12,0,723,0.000193633,0,723,0,723,0,0,0,0,0,0
60.13,0,723,0.000193652,0,723,0,723,0,0,0,0,0,0
60.14,0,722,0.0001917,0,722,0,722,0,0,0,0,0,0
60.15,0,724,0.000191716,0,724,0,724,0,0,0,0,0,0
60.16,0,724,0.000191732,0,724,0,724,0,0,0,0,0,0
60.17,0,725,0.000191749,0,725,0,725,0,0,0,0,0,0
60.18,0,725,0.000191765,0,725,0,725,0,0,0,0,0,0
60.19,0,726,0.000191782,0,726,0,726,0,0,0,0,0,0
60.2,0,726,0.000191798,0,726,0,726,0,0,0,0,0,0
60.21,0,728,0.000191814,0,728,0,728,0,0,0,0,0,0
60.22,0,728,0.000191831,0,728,0,728,0,0,0,0,0,0
60.23,0,728,0.000191847,0,728,0,728,0,0,0,0,0,0
60.24,0,728,0.000191863,0,728,0,728,0,0,0,0,0,0
60.25,0,729,0.00019188,0,729,0,729,0,0,0,0,0,0
60.26,0,730,0.000191896,0,730,0,730,0,0,0,0,0,0
60.27,0,731,0.000191912,0,731,0,731,0,0,0,0,0,0
60.28,0,732,0.000191929,0,732,0,732,0,0,0,0,0,0
60.29,0,733,0.000191945,0,733,0,733,0,0,0,0,0,0
60.3,0,733,0.000191961,0,733,0,733,0,0,0,0,0,0
60.31,0,736,0.000191978,0,736,0,736,0,0,0,0,0,0
60.32,0,737,0.000191994,0,737,0,737,0,0,0,0,0,0
60.33,0,738,0.00019201,0,738,0,738,0,0,0,0,0,0
60.34,0,740,0.000192027,0,740,0,740,0,0,0,0,0,0
60.35,0,739,0.000192043,0,739,0,739,0,0,0,0,0,0
60.36,0,739,0.000192059,0,739,0,739,0,0,0,0,0,0
60.37,0,740,0.000196726,0,740,0,740,0,0,0,0,0,0
60.38,0,741,0.000196745,0,741,0,741,0,0,0,0,0,0
60.39,0,740,0.000196764,0,740,0,740,0,0,0,0,0,0
60.4,0,740,0.000196782,0,740,0,740,0,0,0,0,0,0
60.41,0,741,0.000196801,0,741,0,741,0,0,0,0,0,0
60.42,0,742,0.00019682,0,742,0,742,0,0,0,0,0,0
60.43,0,742,0.000196839,0,742,0,742,0,0,0,0,0,0
60.44,0,742,0.000196858,0,742,0,742,0,0,0,0,0,0
60.45,0,743,0.000196877,0,743,0,743,0,0,0,0,0,0
60.46,0,744,0.000196896,0,744,0,744,0,0,0,0,0,0
60.47,0,744,0.000196915,0,744,0,744,0,0,0,0,0,0
60.48,0,744,0.000200359,0,744,0,744,0,0,0,0,0,0
60.49,0,744,0.000200379,0,744,0,744,0,0,0,0,0,0
60.5,0,744,0.000200399,0,744,0,744,0,0,0,0,0,0
60.51,0,744,0.000200418,0,744,0,744,0,0,0,0,0,0
60.52,0,744,0.000200438,0,744,0,744,0,0,0,0,0,0
60.53,0,744,0.000200458,0,744,0,744,0,0,0,0,0,0
60.54,0,744,0.000200478,0,744,0,744,0,0,0,0,0,0
60.55,0,746,0.000200497,0,746,0,746,0,0,0,0,0,0
60.56,0,745,0.000200517,0,745,0,745,0,0,0,0,0,0
60.57,0,745,0.000200537,0,745,0,745,0,0,0,0,0,0
60.58,0,745,0.000200556,0,745,0,745,0,0,0,0,0,0
60.59,0,745,0.000200576,0,745,0,745,0,0,0,0,0,0
60.6,0,745,0.000200596,0,745,0,745,0,0,0,0,0,0
60.61,0,745,0.000200615,0,745,0,745,0,0,0,0,0,0
60.62,0,745,0.000200635,0,745,0,745,0,0,0,0,0,0
60.63,0,747,0.000200654,0,747,0,747,0,0,0,0,0,0
60.64,0,747,0.000200674,0,747,0,747,0,0,0,0,0,0
60.65,0,747,0.000200694,0,747,0,747,0,0,0,0,0,0
60.66,0,747,0.000200713,0,747,0,747,0,0,0,0,0,0
60.67,0,748,0.000200733,0,748,0,748,0,0,0,0,0,0
60.68,0,749,0.000200753,0,749,0,749,0,0,0,0,0,0
60.69,0,749,0.000200772,0,749,0,749,0,0,0,0,0,0
60.7,0,749,0.000200792,0,749,0,749,0,0,0,0,0,0
60.71,0,750,0.000200811,0,750,0,750,0,0,0,0,0,0
60.72,0,751,0.000200831,0,751,0,751,0,0,0,0,0,0
60.73,0,751,0.000200851,0,751,0,751,0,0,0,0,0,0
60.74,0,753,0.00020087,0,753,0,753,0,0,0,0,0,0
60.75,0,753,0.00020089,0,753,0,753,0,0,0,0,0,0
60.76,0,753,0.00020091,0,753,0,753,0,0,0,0,0,0
60.77,0,753,0.00020093,0,753,0,753,0,0,0,0,0,0
60.78,0,753,0.000200949,0,753,0,753,0,0,0,0,0,0
60.79,0,754,0.000200969,0,754,0,754,0,0,0,0,0,0
60.8,0,754,0.000200989,0,754,0,754,0,0,0,0,0,0
60.81,0,755,0.000201009,0,755,0,755,0,0,0,0,0,0
60.82,0,755,0.000201029,0,755,0,755,0,0,0,0,0,0
60.83,0,755,0.000201049,0,755,0,755,0,0,0,0,0,0
60.84,0,754,0.000201069,0,754,0,754,0,0,0,0,0,0
60.85,0,753,0.000201089,0,753,0,753,0,0,0,0,0,0
60.86,0,753,0.000201108,0,753,0,753,0,0,0,0,0,0
60.87,0,753,0.000201128,0,753,0,753,0,0,0,0,0,0
60.88,0,753,0.000201148,0,753,0,753,0,0,0,0,0,0
60.89,0,754,0.000201168,0,754,0,754,0,0,0,0,0,0
60.9,0,754,0.000201188,0,754,0,754,0,0,0,0,0,0
60.91,0,754,0.000201208,0,754,0,754,0,0,0,0,0,0
60.92,0,754,0.000201228,0,754,0,754,0,0,0,0,0,0
60.93,0,754,0.000201247,0,754,0,754,0,0,0,0,0,0
60.94,0,754,0.000201267,0,754,0,754,0,0,0,0,0,0
60.95,0,754,0.000201287,0,754,0,754,0,0,0,0,0,0
60.96,0,755,0.000201307,0,755,0,755,0,0,0,0,0,0
60.97,0,755,0.000201327,0,755,0,755,0,0,0,0,0,0
60.98,0,756,0.000201346,0,756,0,756,0,0,0,0,0,0
60.99,0,756,0.000201366,0,756,0,756,0,0,0,0,0,0
61,0,757,0.000201386,0,757,0,757,0,0,0,0,0,0
61.01,0,757,0.000201406,0,757,0,757,0,0,0,0,0,0
61.02,0,757,0.000201425,0,757,0,757,0,0,0,0,0,0
61.03,0,758,0.000201445,0,758,0,758,0,0,0,0,0,0
61.04,0,758,0.000201465,0,758,0,758,0,0,0,0,0,0
61.05,0,758,0.000201485,0,758,0,758,0,0,0,0,0,0
61.06,0,758,0.000201504,0,758,0,758,0,0,0,0,0,0
61.07,0,758,0.000201524,0,758,0,758,0,0,0,0,0,0
61.08,0,758,0.000201544,0,758,0,758,0,0,0,0,0,0
61.09,0,758,0.000201563,0,758,0,758,0,0,0,0,0,0
61.1,0,758,0.000201583,0,758,0,758,0,0,0,0,0,0
61.11,0,759,0.000201603,0,759,0,759,0,0,0,0,0,0
61.12,0,759,0.000201623,0,759,0,759,0,0,0,0,0,0
61.13,0,759,0.000201642,0,759,0,759,0,0,0,0,0,0
61.14,0,760,0.000201662,0,760,0,760,0,0,0,0,0,0
61.15,0,760,0.000201682,0,760,0,760,0,0,0,0,0,0
61.16,0,762,0.000201701,0,762,0,762,0,0,0,0,0,0
61.17,0,763,0.000201721,0,763,0,763,0,0,0,0,0,0
61.18,0,764,0.000201741,0,764,0,764,0,0,0,0,0,0
61.19,0,763,0.00020176,0,763,0,763,0,0,0,0,0,0
61.2,0,764,0.00020178,0,764,0,764,0,0,0,0,0,0
61.21,0,764,0.000201799,0,764,0,764,0,0,0,0,0,0
61.22,0,765,0.000201819,0,765,0,765,0,0,0,0,0,0
61.23,0,766,0.000201839,0,766,0,766,0,0,0,0,0,0
61.24,0,767,0.000201858,0,767,0,767,0,0,0,0,0,0
61.25,0,767,0.000201878,0,767,0,767,0,0,0,0,0,0
61.26,0,767,0.000201897,0,767,0,767,0,0,0,0,0,0
61.27,0,767,0.000201917,0,767,0,767,0,0,0,0,0,0
61.28,0,767,0.000201936,0,767,0,767,0,0,0,0,0,0
61.29,0,767,0.000201956,0,767,0,767,0,0,0,0,0,0
61.3,0,767,0.000201975,0,767,0,767,0,0,0,0,0,0
61.31,0,767,0.000201995,0,767,0,767,0,0,0,0,0,0
61.32,0,768,0.000202014,0,768,0,768,0,0,0,0,0,0
61.33,0,768,0.000202034,0,768,0,768,0,0,0,0,0,0
61.34,0,768,0.000202053,0,768,0,768,0,0,0,0,0,0
61.35,0,768,0.000202072,0,768,0,768,0,0,0,0,0,0
61.36,0,768,0.00020209,0,768,0,768,0,0,0,0,0,0
61.37,0,769,0.000202109,0,769,0,769,0,0,0,0,0,0
61.38,0,769,0.000202128,0,769,0,769,0,0,0,0,0,0
61.39,0,769,0.000202147,0,769,0,769,0,0,0,0,0,0
61.4,0,769,0.000202166,0,769,0,769,0,0,0,0,0,0
61.41,0,769,0.000202185,0,769,0,769,0,0,0,0,0,0
61.42,0,769,0.000202204,0,769,0,769,0,0,0,0,0,0
61.43,0,769,0.000202223,0,769,0,769,0,0,0,0,0,0
61.44,0,769,0.000202242,0,769,0,769,0,0,0,0,0,0
61.45,0,769,0.000202261,0,769,0,769,0,0,0,0,0,0
61.46,0,769,0.00020228,0,769,0,769,0,0,0,0,0,0
61.47,0,769,0.000202298,0,769,0,769,0,0,0,0,0,0
61.48,0,769,0.000202317,0,769,0,769,0,0,0,0,0,0
61.49,0,769,0.000202336,0,769,0,769,0,0,0,0,0,0
61.5,0,770,0.000202355,0,770,0,770,0,0,0,0,0,0
61.51,0,770,0.000202374,0,770,0,770,0,0,0,0,0,0
61.52,0,771,0.000202393,0,771,0,771,0,0,0,0,0,0
61.53,0,771,0.000202412,0,771,0,771,0,0,0,0,0,0
61.54,0,772,0.000202431,0,772,0,772,0,0,0,0,0,0
61.55,0,772,0.00020245,0,772,0,772,0,0,0,0,0,0
61.56,0,772,0.000202468,0,772,0,772,0,0,0,0,0,0
61.57,0,772,0.000202487,0,772,0,772,0,0,0,0,0,0
61.58,0,771,0.000202506,0,771,0,771,0,0,0,0,0,0
61.59,0,771,0.000202525,0,771,0,771,0,0,0,0,0,0
61.6,0,771,0.000202544,0,771,0,771,0,0,0,0,0,0
61.61,0,771,0.000202563,0,771,0,771,0,0,0,0,0,0
61.62,0,771,0.000202582,0,771,0,771,0,0,0,0,0,0
61.63,0,771,0.000202601,0,771,0,771,0,0,0,0,0,0
61.64,0,771,0.000202619,0,771,0,771,0,0,0,0,0,0
61.65,0,771,0.000202638,0,771,0,771,0,0,0,0,0,0
61.66,0,771,0.000202657,0,771,0,771,0,0,0,0,0,0
61.67,0,771,0.000202676,0,771,0,771,0,0,0,0,0,0
61.68,0,771,0.000202695,0,771,0,771,0,0,0,0,0,0
61.69,0,771,0.000202714,0,771,0,771,0,0,0,0,0,0
61.7,0,771,0.000202732,0,771,0,771,0,0,0,0,0,0
61.71,0,771,0.000202751,0,771,0,771,0,0,0,0,0,0
61.72,0,771,0.00020277,0,771,0,771,0,0,0,0,0,0
61.73,0,771,0.000202789,0,771,0,771,0,0,0,0,0,0
61.74,0,772,0.000202808,0,772,0,772,0,0,0,0,0,0
61.75,0,772,0.000202826,0,772,0,772,0,0,0,0,0,0
61.76,0,772,0.000202845,0,772,0,772,0,0,0,0,0,0
61.77,0,772,0.000202864,0,772,0,772,0,0,0,0,0,0
61.78,0,773,0.000202883,0,773,0,773,0,0,0,0,0,0
61.79,0,773,0.000202902,0,773,0,773,0,0,0,0,0,0
61.8,0,774,0.000202921,0,774,0,774,0,0,0,0,0,0
61.81,0,774,0.000202939,0,774,0,774,0,0,0,0,0,0
61.82,0,774,0.000202958,0,774,0,774,0,0,0,0,0,0
61.83,0,774,0.000202977,0,774,0,774,0,0,0,0,0,0
61.84,0,774,0.000202996,0,774,0,774,0,0,0,0,0,0
61.85,0,774,0.000203015,0,774,0,774,0,0,0,0,0,0
61.86,0,774,0.000203034,0,774,0,774,0,0,0,0,0,0
61.87,0,774,0.000203052,0,774,0,774,0,0,0,0,0,0
61.88,0,774,0.000203071,0,774,0,774,0,0,0,0,0,0
61.89,0,775,0.00020309,0,775,0,775,0,0,0,0,0,0
61.9,0,776,0.000203109,0,776,0,776,0,0,0,0,0,0
61.91,0,776,0.000203128,0,776,0,776,0,0,0,0,0,0
61.92,0,776,0.000203146,0,776,0,776,0,0,0,0,0,0
61.93,0,777,0.000203165,0,777,0,777,0,0,0,0,0,0
61.94,0,776,0.000203184,0,776,0,776,0,0,0,0,0,0
61.95,0,776,0.000203203,0,776,0,776,0,0,0,0,0,0
61.96,0,776,0.000203222,0,776,0,776,0,0,0,0,0,0
61.97,0,776,0.00020324,0,776,0,776,0,0,0,0,0,0
61.98,0,776,0.000203259,0,776,0,776,0,0,0,0,0,0
61.99,0,775,0.000203278,0,775,0,775,0,0,0,0,0,0
62,0,776,0.000203297,0,776,0,776,0,0,0,0,0,0
62.01,0,776,0.000203315,0,776,0,776,0,0,0,0,0,0
62.02,0,777,0.000203334,0,777,0,777,0,0,0,0,0,0
62.03,0,778,0.000203353,0,778,0,778,0,0,0,0,0,0
62.04,0,778,0.000203372,0,778,0,778,0,0,0,0,0,0
62.05,0,778,0.000203391,0,778,0,778,0,0,0,0,0,0
62.06,0,778,0.000203409,0,778,0,778,0,0,0,0,0,0
62.07,0,777,0.000203428,0,777,0,777,0,0,0,0,0,0
62.08,0,777,0.000203447,0,777,0,777,0,0,0,0,0,0
62.09,0,777,0.000203466,0,777,0,777,0,0,0,0,0,0
62.1,0,777,0.000203484,0,777,0,777,0,0,0,0,0,0
62.11,0,776,0.000203503,0,776,0,776,0,0,0,0,0,0
62.12,0,776,0.000203522,0,776,0,776,0,0,0,0,0,0
62.13,0,776,0.00020354,0,776,0,776,0,0,0,0,0,0
62.14,0,777,0.000203559,0,777,0,777,0,0,0,0,0,0
62.15,0,777,0.000203578,0,777,0,777,0,0,0,0,0,0
62.16,0,777,0.000203597,0,777,0,777,0,0,0,0,0,0
62.17,0,777,0.000203615,0,777,0,777,0,0,0,0,0,0
62.18,0,777,0.000203634,0,777,0,777,0,0,0,0,0,0
62.19,0,777,0.000203653,0,777,0,777,0,0,0,0,0,0
62.2,0,777,0.000203671,0,777,0,777,0,0,0,0,0,0
62.21,0,777,0.00020369,0,777,0,777,0,0,0,0,0,0
62.22,0,776,0.000203709,0,776,0,776,0,0,0,0,0,0
62.23,0,776,0.000203728,0,776,0,776,0,0,0,0,0,0
62.24,0,777,0.000203746,0,777,0,777,0,0,0,0,0,0
62.25,0,777,0.000203765,0,777,0,777,0,0,0,0,0,0
62.26,0,777,0.000203784,0,777,0,777,0,0,0,0,0,0
62.27,0,778,0.000203802,0,778,0,778,0,0,0,0,0,0
62.28,0,778,0.000203821,0,778,0,778,0,0,0,0,0,0
62.29,0,778,0.00020384,0,778,0,778,0,0,0,0,0,0
62.3,0,778,0.000203858,0,778,0,778,0,0,0,0,0,0
62.31,0,778,0.000203877,0,778,0,778,0,0,0,0,0,0
62.32,0,778,0.000203896,0,778,0,778,0,0,0,0,0,0
62.33,0,778,0.000203914,0,778,0,778,0,0,0,0,0,0
62.34,0,778,0.000203933,0,778,0,778,0,0,0,0,0,0
62.35,0,778,0.000203952,0,778,0,778,0,0,0,0,0,0
62.36,0,780,0.00020397,0,780,0,780,0,0,0,0,0,0
62.37,0,780,0.000203989,0,780,0,780,0,0,0,0,0,0
62.38,0,780,0.000204008,0,780,0,780,0,0,0,0,0,0
62.39,0,778,0.000204026,0,778,0,778,0,0,0,0,0,0
62.4,0,779,0.000204045,0,779,0,779,0,0,0,0,0,0
62.41,0,778,0.000204064,0,778,0,778,0,0,0,0,0,0
62.42,0,778,0.000204082,0,778,0,778,0,0,0,0,0,0
62.43,0,778,0.000204101,0,778,0,778,0,0,0,0,0,0
62.44,0,780,0.000204119,0,780,0,780,0,0,0,0,0,0
62.45,0,780,0.000204138,0,780,0,780,0,0,0,0,0,0
62.46,0,779,0.000204156,0,779,0,779,0,0,0,0,0,0
62.47,0,779,0.000204175,0,779,0,779,0,0,0,0,0,0
62.48,0,779,0.000204194,0,779,0,779,0,0,0,0,0,0
62.49,0,778,0.000204212,0,778,0,778,0,0,0,0,0,0
62.5,0,778,0.000204231,0,778,0,778,0,0,0,0,0,0
62.51,0,778,0.000204249,0,778,0,778,0,0,0,0,0,0
62.52,0,778,0.000204268,0,778,0,778,0,0,0,0,0,0
62.53,0,778,0.000204286,0,778,0,778,0,0,0,0,0,0
62.54,0,777,0.000204305,0,777,0,777,0,0,0,0,0,0
62.55,0,777,0.000204323,0,777,0,777,0,0,0,0,0,0
62.56,0,777,0.000204342,0,777,0,777,0,0,0,0,0,0
62.57,0,777,0.00020436,0,777,0,777,0,0,0,0,0,0
62.58,0,778,0.000204379,0,778,0,778,0,0,0,0,0,0
62.59,0,778,0.000204397,0,778,0,778,0,0,0,0,0,0
62.6,0,778,0.000204416,0,778,0,778,0,0,0,0,0,0
62.61,0,778,0.000204434,0,778,0,778,0,0,0,0,0,0
62.62,0,778,0.000204453,0,778,0,778,0,0,0,0,0,0
62.63,0,778,0.000204471,0,778,0,778,0,0,0,0,0,0
62.64,0,778,0.00020449,0,778,0,778,0,0,0,0,0,0
62.65,0,778,0.000204508,0,778,0,778,0,0,0,0,0,0
62.66,0,779,0.000204527,0,779,0,779,0,0,0,0,0,0
62.67,0,780,0.000204545,0,780,0,780,0,0,0,0,0,0
62.68,0,780,0.000204564,0,780,0,780,0,0,0,0,0,0
62.69,0,780,0.000204582,0,780,0,780,0,0,0,0,0,0
62.7,0,780,0.000204601,0,780,0,780,0,0,0,0,0,0
62.71,0,780,0.000204619,0,780,0,780,0,0,0,0,0,0
62.72,0,780,0.000204638,0,780,0,780,0,0,0,0,0,0
62.73,0,780,0.000204656,0,780,0,780,0,0,0,0,0,0
62.74,0,780,0.000204675,0,780,0,780,0,0,0,0,0,0
62.75,0,780,0.000204693,0,780,0,780,0,0,0,0,0,0
62.76,0,780,0.000204712,0,780,0,780,0,0,0,0,0,0
62.77,0,780,0.00020473,0,780,0,780,0,0,0,0,0,0
62.78,0,780,0.000204749,0,780,0,780,0,0,0,0,0,0
62.79,0,780,0.000204767,0,780,0,780,0,0,0,0,0,0
62.8,0,780,0.000204786,0,780,0,780,0,0,0,0,0,0
62.81,0,781,0.000204804,0,781,0,781,0,0,0,0,0,0
62.82,0,781,0.000204822,0,781,0,781,0,0,0,0,0,0
62.83,0,784,0.000204841,0,784,0,784,0,0,0,0,0,0
62.84,0,784,0.000204859,0,784,0,784,0,0,0,0,0,0
62.85,0,785,0.000204878,0,785,0,785,0,0,0,0,0,0
62.86,0,785,0.000204896,0,785,0,785,0,0,0,0,0,0
62.87,0,785,0.000204915,0,785,0,785,0,0,0,0,0,0
62.88,0,785,0.000204933,0,785,0,785,0,0,0,0,0,0
62.89,0,785,0.000204951,0,785,0,785,0,0,0,0,0,0
62.9,0,785,0.00020497,0,785,0,785,0,0,0,0,0,0
62.91,0,785,0.000204988,0,785,0,785,0,0,0,0,0,0
62.92,0,785,0.000205007,0,785,0,785,0,0,0,0,0,0
62.93,0,785,0.000205025,0,785,0,785,0,0,0,0,0,0
62.94,0,786,0.000205043,0,786,0,786,0,0,0,0,0,0
62.95,0,786,0.000205062,0,786,0,786,0,0,0,0,0,0
62.96,0,787,0.00020508,0,787,0,787,0,0,0,0,0,0
62.97,0,787,0.000205098,0,787,0,787,0,0,0,0,0,0
62.98,0,787,0.000205117,0,787,0,787,0,0,0,0,0,0
62.99,0,787,0.000205135,0,787,0,787,0,0,0,0,0,0
63,0,787,0.000205154,0,787,0,787,0,0,0,0,0,0
63.01,0,786,0.000205172,0,786,0,786,0,0,0,0,0,0
63.02,0,787,0.00020519,0,787,0,787,0,0,0,0,0,0
63.03,0,787,0.000205209,0,787,0,787,0,0,0,0,0,0
63.04,0,787,0.000205227,0,787,0,787,0,0,0,0,0,0
63.05,0,787,0.000205245,0,787,0,787,0,0,0,0,0,0
63.06,0,787,0.000205264,0,787,0,787,0,0,0,0,0,0
63.07,0,787,0.000205282,0,787,0,787,0,0,0,0,0,0
63.08,0,787,0.0002053,0,787,0,787,0,0,0,0,0,0
63.09,0,788,0.000205319,0,788,0,788,0,0,0,0,0,0
63.1,0,788,0.000205337,0,788,0,788,0,0,0,0,0,0
63.11,0,788,0.000205355,0,788,0,788,0,0,0,0,0,0
63.12,0,788,0.000205374,0,788,0,788,0,0,0,0,0,0
63.13,0,788,0.000205392,0,788,0,788,0,0,0,0,0,0
63.14,0,789,0.00020541,0,789,0,789,0,0,0,0,0,0
63.15,0,789,0.000205429,0,789,0,789,0,0,0,0,0,0
63.16,0,788,0.000205447,0,788,0,788,0,0,0,0,0,0
63.17,0,789,0.000205465,0,789,0,789,0,0,0,0,0,0
63.18,0,789,0.000205484,0,789,0,789,0,0,0,0,0,0
63.19,0,790,0.000205502,0,790,0,790,0,0,0,0,0,0
63.2,0,790,0.00020552,0,790,0,790,0,0,0,0,0,0
63.21,0,790,0.000205538,0,790,0,790,0,0,0,0,0,0
63.22,0,790,0.000205557,0,790,0,790,0,0,0,0,0,0
63.23,0,790,0.000205575,0,790,0,790,0,0,0,0,0,0
63.24,0,790,0.000205593,0,790,0,790,0,0,0,0,0,0
63.25,0,790,0.000205612,0,790,0,790,0,0,0,0,0,0
63.26,0,790,0.00020563,0,790,0,790,0,0,0,0,0,0
63.27,0,789,0.000205648,0,789,0,789,0,0,0,0,0,0
63.28,0,789,0.000205666,0,789,0,789,0,0,0,0,0,0
63.29,0,789,0.000205685,0,789,0,789,0,0,0,0,0,0
63.3,0,789,0.000205703,0,789,0,789,0,0,0,0,0,0
63.31,0,790,0.000205721,0,790,0,790,0,0,0,0,0,0
63.32,0,790,0.000205739,0,790,0,790,0,0,0,0,0,0
63.33,0,790,0.000205758,0,790,0,790,0,0,0,0,0,0
63.34,0,791,0.000205776,0,791,0,791,0,0,0,0,0,0
63.35,0,791,0.000205794,0,791,0,791,0,0,0,0,0,0
63.36,0,791,0.000205812,0,791,0,791,0,0,0,0,0,0
63.37,0,791,0.000205831,0,791,0,791,0,0,0,0,0,0
63.38,0,792,0.000205849,0,792,0,792,0,0,0,0,0,0
63.39,0,792,0.000205867,0,792,0,792,0,0,0,0,0,0
63.4,0,793,0.000205885,0,793,0,793,0,0,0,0,0,0
63.41,0,792,0.000205904,0,792,0,792,0,0,0,0,0,0
63.42,0,792,0.000205922,0,792,0,792,0,0,0,0,0,0
63.43,0,792,0.00020594,0,792,0,792,0,0,0,0,0,0
63.44,0,792,0.000205958,0,792,0,792,0,0,0,0,0,0
63.45,0,792,0.000205976,0,792,0,792,0,0,0,0,0,0
63.46,0,792,0.000205995,0,792,0,792,0,0,0,0,0,0
63.47,0,792,0.000206013,0,792,0,792,0,0,0,0,0,0
63.48,0,792,0.000206031,0,792,0,792,0,0,0,0,0,0
63.49,0,793,0.000206049,0,793,0,793,0,0,0,0,0,0
63.5,0,793,0.000206067,0,793,0,793,0,0,0,0,0,0
63.51,0,793,0.000206086,0,793,0,793,0,0,0,0,0,0
63.52,0,796,0.000206104,0,796,0,796,0,0,0,0,0,0
63.53,0,795,0.000206122,0,795,0,795,0,0,0,0,0,0
63.54,0,796,0.00020614,0,796,0,796,0,0,0,0,0,0
63.55,0,796,0.000206158,0,796,0,796,0,0,0,0,0,0
63.56,0,796,0.000206176,0,796,0,796,0,0,0,0,0,0
63.57,0,796,0.000206194,0,796,0,796,0,0,0,0,0,0
63.58,0,796,0.000206213,0,796,0,796,0,0,0,0,0,0
63.59,0,796,0.000206231,0,796,0,796,0,0,0,0,0,0
63.6,0,796,0.000206249,0,796,0,796,0,0,0,0,0,0
63.61,0,796,0.000206267,0,796,0,796,0,0,0,0,0,0
63.62,0,796,0.000206285,0,796,0,796,0,0,0,0,0,0
63.63,0,796,0.000206303,0,796,0,796,0,0,0,0,0,0
63.64,0,795,0.000206321,0,795,0,795,0,0,0,0,0,0
63.65,0,795,0.00020634,0,795,0,795,0,0,0,0,0,0
63.66,0,795,0.000206358,0,795,0,795,0,0,0,0,0,0
63.67,0,795,0.000206376,0,795,0,795,0,0,0,0,0,0
63.68,0,795,0.000206394,0,795,0,795,0,0,0,0,0,0
63.69,0,795,0.000206412,0,795,0,795,0,0,0,0,0,0
63.7,0,795,0.00020643,0,795,0,795,0,0,0,0,0,0
63.71,0,795,0.000206448,0,795,0,795,0,0,0,0,0,0
63.72,0,795,0.000206466,0,795,0,795,0,0,0,0,0,0
63.73,0,796,0.000206485,0,796,0,796,0,0,0,0,0,0
63.74,0,797,0.000206503,0,797,0,797,0,0,0,0,0,0
63.75,0,796,0.000206521,0,796,0,796,0,0,0,0,0,0
63.76,0,796,0.000206539,0,796,0,796,0,0,0,0,0,0
63.77,0,796,0.000206557,0,796,0,796,0,0,0,0,0,0
63.78,0,797,0.000206575,0,797,0,797,0,0,0,0,0,0
63.79,0,797,0.000206593,0,797,0,797,0,0,0,0,0,0
63.8,0,797,0.000206611,0,797,0,797,0,0,0,0,0,0
63.81,0,797,0.000206629,0,797,0,797,0,0,0,0,0,0
63.82,0,797,0.000206647,0,797,0,797,0,0,0,0,0,0
63.83,0,798,0.000206665,0,798,0,798,0,0,0,0,0,0
63.84,0,798,0.000206684,0,798,0,798,0,0,0,0,0,0
63.85,0,798,0.000206702,0,798,0,798,0,0,0,0,0,0
63.86,0,798,0.00020672,0,798,0,798,0,0,0,0,0,0
63.87,0,798,0.000206738,0,798,0,798,0,0,0,0,0,0
63.88,0,799,0.000206756,0,799,0,799,0,0,0,0,0,0
63.89,0,799,0.000206774,0,799,0,799,0,0,0,0,0,0
63.9,0,799,0.000206792,0,799,0,799,0,0,0,0,0,0
63.91,0,799,0.00020681,0,799,0,799,0,0,0,0,0,0
63.92,0,797,0.000206828,0,797,0,797,0,0,0,0,0,0
63.93,0,797,0.000206846,0,797,0,797,0,0,0,0,0,0
63.94,0,796,0.000206864,0,796,0,796,0,0,0,0,0,0
63.95,0,796,0.000206882,0,796,0,796,0,0,0,0,0,0
63.96,0,796,0.0002069,0,796,0,796,0,0,0,0,0,0
63.97,0,796,0.000206918,0,796,0,796,0,0,0,0,0,0
63.98,0,796,0.000206936,0,796,0,796,0,0,0,0,0,0
63.99,0,796,0.000206954,0,796,0,796,0,0,0,0,0,0
64,0,796,0.000206972,0,796,0,796,0,0,0,0,0,0
64.01,0,796,0.00020699,0,796,0,796,0,0,0,0,0,0
64.02,0,796,0.000207008,0,796,0,796,0,0,0,0,0,0
64.03,0,796,0.000207026,0,796,0,796,0,0,0,0,0,0
64.04,0,797,0.000207044,0,797,0,797,0,0,0,0,0,0
64.05,0,797,0.000207062,0,797,0,797,0,0,0,0,0,0
64.06,0,797,0.00020708,0,797,0,797,0,0,0,0,0,0
64.07,0,797,0.000207098,0,797,0,797,0,0,0,0,0,0
64.08,0,797,0.000207116,0,797,0,797,0,0,0,0,0,0
64.09,0,797,0.000207134,0,797,0,797,0,0,0,0,0,0
64.1,0,797,0.000207152,0,797,0,797,0,0,0,0,0,0
64.11,0,797,0.00020717,0,797,0,797,0,0,0,0,0,0
64.12,0,797,0.000207188,0,797,0,797,0,0,0,0,0,0
64.13,0,797,0.000207206,0,797,0,797,0,0,0,0,0,0
64.14,0,798,0.000207224,0,798,0,798,0,0,0,0,0,0
64.15,0,798,0.000207242,0,798,0,798,0,0,0,0,0,0
64.16,0,797,0.00020726,0,797,0,797,0,0,0,0,0,0
64.17,0,797,0.000207278,0,797,0,797,0,0,0,0,0,0
64.18,0,798,0.000207296,0,798,0,798,0,0,0,0,0,0
64.19,0,798,0.000207314,0,798,0,798,0,0,0,0,0,0
64.2,0,799,0.000207332,0,799,0,799,0,0,0,0,0,0
64.21,0,799,0.00020735,0,799,0,799,0,0,0,0,0,0
64.22,0,799,0.000207368,0,799,0,799,0,0,0,0,0,0
64.23,0,800,0.000207386,0,800,0,800,0,0,0,0,0,0
64.24,0,801,0.000207404,0,801,0,801,0,0,0,0,0,0
64.25,0,801,0.000207422,0,801,0,801,0,0,0,0,0,0
64.26,0,802,0.00020744,0,802,0,802,0,0,0,0,0,0
64.27,0,802,0.000207458,0,802,0,802,0,0,0,0,0,0
64.28,0,802,0.000207476,0,802,0,802,0,0,0,0,0,0
64.29,0,802,0.000207494,0,802,0,802,0,0,0,0,0,0
64.3,0,803,0.000207511,0,803,0,803,0,0,0,0,0,0
64.31,0,804,0.000207529,0,804,0,804,0,0,0,0,0,0
64.32,0,804,0.000207547,0,804,0,804,0,0,0,0,0,0
64.33,0,807,0.000207565,0,807,0,807,0,0,0,0,0,0
64.34,0,808,0.000207583,0,808,0,808,0,0,0,0,0,0
64.35,0,808,0.000207601,0,808,0,808,0,0,0,0,0,0
64.36,0,809,0.000207619,0,809,0,809,0,0,0,0,0,0
64.37,0,809,0.000207637,0,809,0,809,0,0,0,0,0,0
64.38,0,809,0.000207655,0,809,0,809,0,0,0,0,0,0
64.39,0,809,0.000207673,0,809,0,809,0,0,0,0,0,0
64.4,0,810,0.000207691,0,810,0,810,0,0,0,0,0,0
64.41,0,810,0.000207708,0,810,0,810,0,0,0,0,0,0
64.42,0,810,0.000207726,0,810,0,810,0,0,0,0,0,0
64.43,0,810,0.000207744,0,810,0,810,0,0,0,0,0,0
64.44,0,810,0.000207762,0,810,0,810,0,0,0,0,0,0
64.45,0,811,0.00020778,0,811,0,811,0,0,0,0,0,0
64.46,0,811,0.000207798,0,811,0,811,0,0,0,0,0,0
64.47,0,811,0.000207816,0,811,0,811,0,0,0,0,0,0
64.48,0,811,0.000207833,0,811,0,811,0,0,0,0,0,0
64.49,0,811,0.000207851,0,811,0,811,0,0,0,0,0,0
64.5,0,810,0.000207869,0,810,0,810,0,0,0,0,0,0
64.51,0,810,0.000207887,0,810,0,810,0,0,0,0,0,0
64.52,0,809,0.000207905,0,809,0,809,0,0,0,0,0,0
64.53,0,809,0.000207923,0,809,0,809,0,0,0,0,0,0
64.54,0,808,0.000207941,0,808,0,808,0,0,0,0,0,0
64.55,0,808,0.000207958,0,808,0,808,0,0,0,0,0,0
64.56,0,808,0.000207976,0,808,0,808,0,0,0,0,0,0
64.57,0,808,0.000207994,0,808,0,808,0,0,0,0,0,0
64.58,0,808,0.000208012,0,808,0,808,0,0,0,0,0,0
64.59,0,809,0.00020803,0,809,0,809,0,0,0,0,0,0
64.6,0,810,0.000208048,0,810,0,810,0,0,0,0,0,0
64.61,0,810,0.000208065,0,810,0,810,0,0,0,0,0,0
64.62,0,810,0.000208083,0,810,0,810,0,0,0,0,0,0
64.63,0,810,0.000208101,0,810,0,810,0,0,0,0,0,0
64.64,0,810,0.000208119,0,810,0,810,0,0,0,0,0,0
64.65,0,810,0.000208137,0,810,0,810,0,0,0,0,0,0
64.66,0,810,0.000208154,0,810,0,810,0,0,0,0,0,0
64.67,0,810,0.000208172,0,810,0,810,0,0,0,0,0,0
64.68,0,811,0.00020819,0,811,0,811,0,0,0,0,0,0
64.69,0,811,0.000208208,0,811,0,811,0,0,0,0,0,0
64.7,0,811,0.000208226,0,811,0,811,0,0,0,0,0,0
64.71,0,812,0.000208243,0,812,0,812,0,0,0,0,0,0
64.72,0,812,0.000208261,0,812,0,812,0,0,0,0,0,0
64.73,0,814,0.000208279,0,814,0,814,0,0,0,0,0,0
64.74,0,814,0.000208297,0,814,0,814,0,0,0,0,0,0
64.75,0,814,0.000208315,0,814,0,814,0,0,0,0,0,0
64.76,0,814,0.000208332,0,814,0,814,0,0,0,0,0,0
64.77,0,814,0.00020835,0,814,0,814,0,0,0,0,0,0
64.78,0,815,0.000208368,0,815,0,815,0,0,0,0,0,0
64.79,0,815,0.000208386,0,815,0,815,0,0,0,0,0,0
64.8,0,817,0.000208403,0,817,0,817,0,0,0,0,0,0
64.81,0,818,0.000208421,0,818,0,818,0,0,0,0,0,0
64.82,0,818,0.000208439,0,818,0,818,0,0,0,0,0,0
64.83,0,818,0.000208457,0,818,0,818,0,0,0,0,0,0
64.84,0,818,0.000208474,0,818,0,818,0,0,0,0,0,0
64.85,0,818,0.000208492,0,818,0,818,0,0,0,0,0,0
64.86,0,818,0.00020851,0,818,0,818,0,0,0,0,0,0
64.87,0,819,0.000208528,0,819,0,819,0,0,0,0,0,0
64.88,0,819,0.000208545,0,819,0,819,0,0,0,0,0,0
64.89,0,819,0.000208563,0,819,0,819,0,0,0,0,0,0
64.9,0,820,0.000208581,0,820,0,820,0,0,0,0,0,0
64.91,0,820,0.000208599,0,820,0,820,0,0,0,0,0,0
64.92,0,819,0.000208616,0,819,0,819,0,0,0,0,0,0
64.93,0,819,0.000208634,0,819,0,819,0,0,0,0,0,0
64.94,0,820,0.000208652,0,820,0,820,0,0,0,0,0,0
64.95,0,821,0.00020867,0,821,0,821,0,0,0,0,0,0
64.96,0,820,0.000208687,0,820,0,820,0,0,0,0,0,0
64.97,0,820,0.000208705,0,820,0,820,0,0,0,0,0,0
64.98,0,820,0.000208723,0,820,0,820,0,0,0,0,0,0
64.99,0,820,0.00020874,0,820,0,820,0,0,0,0,0,0
65,0,819,0.000208758,0,819,0,819,0,0,0,0,0,0
65.01,0,819,0.000208776,0,819,0,819,0,0,0,0,0,0
65.02,0,819,0.000208793,0,819,0,819,0,0,0,0,0,0
65.03,0,820,0.000208811,0,820,0,820,0,0,0,0,0,0
65.04,0,820,0.000208829,0,820,0,820,0,0,0,0,0,0
65.05,0,820,0.000208847,0,820,0,820,0,0,0,0,0,0
65.06,0,819,0.000208864,0,819,0,819,0,0,0,0,0,0
65.07,0,819,0.000208882,0,819,0,819,0,0,0,0,0,0
65.08,0,820,0.0002089,0,820,0,820,0,0,0,0,0,0
65.09,0,820,0.000208917,0,820,0,820,0,0,0,0,0,0
65.1,0,820,0.000208935,0,820,0,820,0,0,0,0,0,0
65.11,0,820,0.000208953,0,820,0,820,0,0,0,0,0,0
65.12,0,820,0.00020897,0,820,0,820,0,0,0,0,0,0
65.13,0,820,0.000208988,0,820,0,820,0,0,0,0,0,0
65.14,0,820,0.000209006,0,820,0,820,0,0,0,0,0,0
65.15,0,820,0.000209023,0,820,0,820,0,0,0,0,0,0
65.16,0,820,0.000209041,0,820,0,820,0,0,0,0,0,0
65.17,0,820,0.000209059,0,820,0,820,0,0,0,0,0,0
65.18,0,820,0.000209076,0,820,0,820,0,0,0,0,0,0
65.19,0,820,0.000209094,0,820,0,820,0,0,0,0,0,0
65.2,0,820,0.000209112,0,820,0,820,0,0,0,0,0,0
65.21,0,819,0.000209129,0,819,0,819,0,0,0,0,0,0
65.22,0,819,0.000209147,0,819,0,819,0,0,0,0,0,0
65.23,0,820,0.000209164,0,820,0,820,0,0,0,0,0,0
65.24,0,820,0.000209182,0,820,0,820,0,0,0,0,0,0
65.25,0,820,0.0002092,0,820,0,820,0,0,0,0,0,0
65.26,0,822,0.000209217,0,822,0,822,0,0,0,0,0,0
65.27,0,822,0.000209235,0,822,0,822,0,0,0,0,0,0
65.28,0,820,0.000209253,0,820,0,820,0,0,0,0,0,0
65.29,0,820,0.00020927,0,820,0,820,0,0,0,0,0,0
65.3,0,820,0.000209288,0,820,0,820,0,0,0,0,0,0
65.31,0,820,0.000209305,0,820,0,820,0,0,0,0,0,0
65.32,0,821,0.000209323,0,821,0,821,0,0,0,0,0,0
65.33,0,821,0.000209341,0,821,0,821,0,0,0,0,0,0
65.34,0,821,0.000209358,0,821,0,821,0,0,0,0,0,0
65.35,0,822,0.000209376,0,822,0,822,0,0,0,0,0,0
65.36,0,822,0.000209393,0,822,0,822,0,0,0,0,0,0
65.37,0,821,0.000209411,0,821,0,821,0,0,0,0,0,0
65.38,0,820,0.000209428,0,820,0,820,0,0,0,0,0,0
65.39,0,820,0.000209446,0,820,0,820,0,0,0,0,0,0
65.4,0,820,0.000209463,0,820,0,820,0,0,0,0,0,0
65.41,0,819,0.000209481,0,819,0,819,0,0,0,0,0,0
65.42,0,818,0.000209498,0,818,0,818,0,0,0,0,0,0
65.43,0,817,0.000209516,0,817,0,817,0,0,0,0,0,0
65.44,0,818,0.000209533,0,818,0,818,0,0,0,0,0,0
65.45,0,818,0.000209551,0,818,0,818,0,0,0,0,0,0
65.46,0,819,0.000209569,0,819,0,819,0,0,0,0,0,0
65.47,0,819,0.000209586,0,819,0,819,0,0,0,0,0,0
65.48,0,819,0.000209604,0,819,0,819,0,0,0,0,0,0
65.49,0,819,0.000209621,0,819,0,819,0,0,0,0,0,0
65.5,0,819,0.000209639,0,819,0,819,0,0,0,0,0,0
65.51,0,819,0.000209656,0,819,0,819,0,0,0,0,0,0
65.52,0,818,0.000209674,0,818,0,818,0,0,0,0,0,0
65.53,0,818,0.000209691,0,818,0,818,0,0,0,0,0,0
65.54,0,817,0.000209709,0,817,0,817,0,0,0,0,0,0
65.55,0,818,0.000209726,0,818,0,818,0,0,0,0,0,0
65.56,0,819,0.000209743,0,819,0,819,0,0,0,0,0,0
65.57,0,819,0.000209761,0,819,0,819,0,0,0,0,0,0
65.58,0,819,0.000209778,0,819,0,819,0,0,0,0,0,0
65.59,0,819,0.000209796,0,819,0,819,0,0,0,0,0,0
65.6,0,819,0.000209813,0,819,0,819,0,0,0,0,0,0
65.61,0,819,0.000209831,0,819,0,819,0,0,0,0,0,0
65.62,0,819,0.000209848,0,819,0,819,0,0,0,0,0,0
65.63,0,819,0.000209866,0,819,0,819,0,0,0,0,0,0
65.64,0,819,0.000209883,0,819,0,819,0,0,0,0,0,0
65.65,0,819,0.0002099,0,819,0,819,0,0,0,0,0,0
65.66,0,819,0.000209917,0,819,0,819,0,0,0,0,0,0
65.67,0,820,0.000209934,0,820,0,820,0,0,0,0,0,0
65.68,0,822,0.000209951,0,822,0,822,0,0,0,0,0,0
65.69,0,822,0.000209969,0,822,0,822,0,0,0,0,0,0
65.7,0,822,0.000209986,0,822,0,822,0,0,0,0,0,0
65.71,0,822,0.000210003,0,822,0,822,0,0,0,0,0,0
65.72,0,822,0.00021002,0,822,0,822,0,0,0,0,0,0
65.73,0,822,0.000210037,0,822,0,822,0,0,0,0,0,0
65.74,0,822,0.000210054,0,822,0,822,0,0,0,0,0,0
65.75,0,822,0.000210071,0,822,0,822,0,0,0,0,0,0
65.76,0,823,0.000210088,0,823,0,823,0,0,0,0,0,0
65.77,0,823,0.000210105,0,823,0,823,0,0,0,0,0,0
65.78,0,823,0.000210122,0,823,0,823,0,0,0,0,0,0
65.79,0,823,0.00021014,0,823,0,823,0,0,0,0,0,0
65.8,0,823,0.000210157,0,823,0,823,0,0,0,0,0,0
65.81,0,824,0.000210174,0,824,0,824,0,0,0,0,0,0
65.82,0,824,0.000210191,0,824,0,824,0,0,0,0,0,0
65.83,0,824,0.000210208,0,824,0,824,0,0,0,0,0,0
65.84,0,824,0.000210225,0,824,0,824,0,0,0,0,0,0
65.85,0,824,0.000210242,0,824,0,824,0,0,0,0,0,0
65.86,0,825,0.000210259,0,825,0,825,0,0,0,0,0,0
65.87,0,825,0.000210276,0,825,0,825,0,0,0,0,0,0
65.88,0,828,0.000210293,0,828,0,828,0,0,0,0,0,0
65.89,0,828,0.00021031,0,828,0,828,0,0,0,0,0,0
65.9,0,830,0.000210327,0,830,0,830,0,0,0,0,0,0
65.91,0,830,0.000210345,0,830,0,830,0,0,0,0,0,0
65.92,0,829,0.000210362,0,829,0,829,0,0,0,0,0,0
65.93,0,830,0.000210379,0,830,0,830,0,0,0,0,0,0
65.94,0,829,0.000210396,0,829,0,829,0,0,0,0,0,0
65.95,0,830,0.000210413,0,830,0,830,0,0,0,0,0,0
65.96,0,830,0.00021043,0,830,0,830,0,0,0,0,0,0
65.97,0,830,0.000210447,0,830,0,830,0,0,0,0,0,0
65.98,0,830,0.000210464,0,830,0,830,0,0,0,0,0,0
65.99,0,829,0.000210481,0,829,0,829,0,0,0,0,0,0
66,0,829,0.000210498,0,829,0,829,0,0,0,0,0,0
66.01,0,831,0.000210515,0,831,0,831,0,0,0,0,0,0
66.02,0,831,0.000210532,0,831,0,831,0,0,0,0,0,0
66.03,0,831,0.000210549,0,831,0,831,0,0,0,0,0,0
66.04,0,831,0.000210566,0,831,0,831,0,0,0,0,0,0
66.05,0,832,0.000210583,0,832,0,832,0,0,0,0,0,0
66.06,0,833,0.0002106,0,833,0,833,0,0,0,0,0,0
66.07,0,833,0.000210617,0,833,0,833,0,0,0,0,0,0
66.08,0,834,0.000210634,0,834,0,834,0,0,0,0,0,0
66.09,0,834,0.000210651,0,834,0,834,0,0,0,0,0,0
66.1,0,834,0.000210668,0,834,0,834,0,0,0,0,0,0
66.11,0,834,0.000210685,0,834,0,834,0,0,0,0,0,0
66.12,0,834,0.000210702,0,834,0,834,0,0,0,0,0,0
66.13,0,834,0.000210719,0,834,0,834,0,0,0,0,0,0
66.14,0,834,0.000210736,0,834,0,834,0,0,0,0,0,0
66.15,0,834,0.000210753,0,834,0,834,0,0,0,0,0,0
66.16,0,834,0.00021077,0,834,0,834,0,0,0,0,0,0
66.17,0,834,0.000210787,0,834,0,834,0,0,0,0,0,0
66.18,0,834,0.000210804,0,834,0,834,0,0,0,0,0,0
66.19,0,834,0.000210821,0,834,0,834,0,0,0,0,0,0
66.2,0,834,0.000210838,0,834,0,834,0,0,0,0,0,0
66.21,0,835,0.000210855,0,835,0,835,0,0,0,0,0,0
66.22,0,836,0.000210872,0,836,0,836,0,0,0,0,0,0
66.23,0,837,0.000210889,0,837,0,837,0,0,0,0,0,0
66.24,0,836,0.000210906,0,836,0,836,0,0,0,0,0,0
66.25,0,836,0.000210923,0,836,0,836,0,0,0,0,0,0
66.26,0,836,0.00021094,0,836,0,836,0,0,0,0,0,0
66.27,0,837,0.000210957,0,837,0,837,0,0,0,0,0,0
66.28,0,837,0.000210973,0,837,0,837,0,0,0,0,0,0
66.29,0,837,0.00021099,0,837,0,837,0,0,0,0,0,0
66.3,0,837,0.000211007,0,837,0,837,0,0,0,0,0,0
66.31,0,836,0.000211024,0,836,0,836,0,0,0,0,0,0
66.32,0,836,0.000211041,0,836,0,836,0,0,0,0,0,0
66.33,0,836,0.000211058,0,836,0,836,0,0,0,0,0,0
66.34,0,836,0.000211075,0,836,0,836,0,0,0,0,0,0
66.35,0,836,0.000211092,0,836,0,836,0,0,0,0,0,0
66.36,0,836,0.000211109,0,836,0,836,0,0,0,0,0,0
66.37,0,836,0.000211125,0,836,0,836,0,0,0,0,0,0
66.38,0,836,0.000211142,0,836,0,836,0,0,0,0,0,0
66.39,0,836,0.000211159,0,836,0,836,0,0,0,0,0,0
66.4,0,837,0.000211176,0,837,0,837,0,0,0,0,0,0
66.41,0,838,0.000211193,0,838,0,838,0,0,0,0,0,0
66.42,0,838,0.00021121,0,838,0,838,0,0,0,0,0,0
66.43,0,837,0.000211227,0,837,0,837,0,0,0,0,0,0
66.44,0,837,0.000211244,0,837,0,837,0,0,0,0,0,0
66.45,0,837,0.00021126,0,837,0,837,0,0,0,0,0,0
66.46,0,837,0.000211277,0,837,0,837,0,0,0,0,0,0
66.47,0,837,0.000211294,0,837,0,837,0,0,0,0,0,0
66.48,0,838,0.000211311,0,838,0,838,0,0,0,0,0,0
66.49,0,839,0.000211328,0,839,0,839,0,0,0,0,0,0
66.5,0,839,0.000211345,0,839,0,839,0,0,0,0,0,0
66.51,0,839,0.000211361,0,839,0,839,0,0,0,0,0,0
66.52,0,839,0.000211378,0,839,0,839,0,0,0,0,0,0
66.53,0,839,0.000211395,0,839,0,839,0,0,0,0,0,0
66.54,0,838,0.000211412,0,838,0,838,0,0,0,0,0,0
66.55,0,837,0.000211429,0,837,0,837,0,0,0,0,0,0
66.56,0,837,0.000211445,0,837,0,837,0,0,0,0,0,0
66.57,0,838,0.000211462,0,838,0,838,0,0,0,0,0,0
66.58,0,837,0.000211479,0,837,0,837,0,0,0,0,0,0
66.59,0,837,0.000211495,0,837,0,837,0,0,0,0,0,0
66.6,0,837,0.000211512,0,837,0,837,0,0,0,0,0,0
66.61,0,837,0.000211528,0,837,0,837,0,0,0,0,0,0
66.62,0,837,0.000211545,0,837,0,837,0,0,0,0,0,0
66.63,0,837,0.000211562,0,837,0,837,0,0,0,0,0,0
66.64,0,836,0.000211578,0,836,0,836,0,0,0,0,0,0
66.65,0,836,0.000211595,0,836,0,836,0,0,0,0,0,0
66.66,0,836,0.000211611,0,836,0,836,0,0,0,0,0,0
66.67,0,836,0.000211628,0,836,0,836,0,0,0,0,0,0
66.68,0,836,0.000211644,0,836,0,836,0,0,0,0,0,0
66.69,0,835,0.000211661,0,835,0,835,0,0,0,0,0,0
66.7,0,835,0.000211678,0,835,0,835,0,0,0,0,0,0
66.71,0,835,0.000211694,0,835,0,835,0,0,0,0,0,0
66.72,0,837,0.000211711,0,837,0,837,0,0,0,0,0,0
66.73,0,837,0.000211727,0,837,0,837,0,0,0,0,0,0
66.74,0,838,0.000211744,0,838,0,838,0,0,0,0,0,0
66.75,0,838,0.000211761,0,838,0,838,0,0,0,0,0,0
66.76,0,839,0.000211777,0,839,0,839,0,0,0,0,0,0
66.77,0,838,0.000211794,0,838,0,838,0,0,0,0,0,0
66.78,0,838,0.00021181,0,838,0,838,0,0,0,0,0,0
66.79,0,838,0.000211827,0,838,0,838,0,0,0,0,0,0
66.8,0,837,0.000211843,0,837,0,837,0,0,0,0,0,0
66.81,0,837,0.00021186,0,837,0,837,0,0,0,0,0,0
66.82,0,838,0.000211876,0,838,0,838,0,0,0,0,0,0
66.83,0,838,0.000211893,0,838,0,838,0,0,0,0,0,0
66.84,0,838,0.00021191,0,838,0,838,0,0,0,0,0,0
66.85,0,839,0.000211926,0,839,0,839,0,0,0,0,0,0
66.86,0,839,0.000211943,0,839,0,839,0,0,0,0,0,0
66.87,0,839,0.000211959,0,839,0,839,0,0,0,0,0,0
66.88,0,839,0.000211976,0,839,0,839,0,0,0,0,0,0
66.89,0,839,0.000211992,0,839,0,839,0,0,0,0,0,0
66.9,0,839,0.000212009,0,839,0,839,0,0,0,0,0,0
66.91,0,839,0.000212025,0,839,0,839,0,0,0,0,0,0
66.92,0,839,0.000212042,0,839,0,839,0,0,0,0,0,0
66.93,0,840,0.000212058,0,840,0,840,0,0,0,0,0,0
66.94,0,839,0.000212075,0,839,0,839,0,0,0,0,0,0
66.95,0,839,0.000212091,0,839,0,839,0,0,0,0,0,0
66.96,0,839,0.000212108,0,839,0,839,0,0,0,0,0,0
66.97,0,838,0.000212124,0,838,0,838,0,0,0,0,0,0
66.98,0,838,0.000212141,0,838,0,838,0,0,0,0,0,0
66.99,0,839,0.000212157,0,839,0,839,0,0,0,0,0,0
67,0,839,0.000212174,0,839,0,839,0,0,0,0,0,0
67.01,0,840,0.00021219,0,840,0,840,0,0,0,0,0,0
67.02,0,841,0.000212206,0,841,0,841,0,0,0,0,0,0
67.03,0,840,0.000212223,0,840,0,840,0,0,0,0,0,0
67.04,0,841,0.000212239,0,841,0,841,0,0,0,0,0,0
67.05,0,841,0.000212256,0,841,0,841,0,0,0,0,0,0
67.06,0,840,0.000212272,0,840,0,840,0,0,0,0,0,0
67.07,0,840,0.000212289,0,840,0,840,0,0,0,0,0,0
67.08,0,840,0.000212305,0,840,0,840,0,0,0,0,0,0
67.09,0,840,0.000212321,0,840,0,840,0,0,0,0,0,0
67.1,0,840,0.000212338,0,840,0,840,0,0,0,0,0,0
67.11,0,840,0.000212354,0,840,0,840,0,0,0,0,0,0
67.12,0,840,0.000212371,0,840,0,840,0,0,0,0,0,0
67.13,0,840,0.000212387,0,840,0,840,0,0,0,0,0,0
67.14,0,840,0.000212403,0,840,0,840,0,0,0,0,0,0
67.15,0,840,0.00021242,0,840,0,840,0,0,0,0,0,0
67.16,0,840,0.000212436,0,840,0,840,0,0,0,0,0,0
67.17,0,840,0.000212452,0,840,0,840,0,0,0,0,0,0
67.18,0,840,0.000212469,0,840,0,840,0,0,0,0,0,0
67.19,0,840,0.000212485,0,840,0,840,0,0,0,0,0,0
67.2,0,841,0.000212502,0,841,0,841,0,0,0,0,0,0
67.21,0,841,0.000212518,0,841,0,841,0,0,0,0,0,0
67.22,0,840,0.000212534,0,840,0,840,0,0,0,0,0,0
67.23,0,840,0.000212551,0,840,0,840,0,0,0,0,0,0
67.24,0,840,0.000212567,0,840,0,840,0,0,0,0,0,0
67.25,0,840,0.000212583,0,840,0,840,0,0,0,0,0,0
67.26,0,840,0.0002126,0,840,0,840,0,0,0,0,0,0
67.27,0,840,0.000212616,0,840,0,840,0,0,0,0,0,0
67.28,0,840,0.000212633,0,840,0,840,0,0,0,0,0,0
67.29,0,841,0.000212649,0,841,0,841,0,0,0,0,0,0
67.3,0,840,0.000212665,0,840,0,840,0,0,0,0,0,0
67.31,0,840,0.000212682,0,840,0,840,0,0,0,0,0,0
67.32,0,840,0.000212698,0,840,0,840,0,0,0,0,0,0
67.33,0,840,0.000212714,0,840,0,840,0,0,0,0,0,0
67.34,0,840,0.000212731,0,840,0,840,0,0,0,0,0,0
67.35,0,841,0.000212747,0,841,0,841,0,0,0,0,0,0
67.36,0,840,0.000212763,0,840,0,840,0,0,0,0,0,0
67.37,0,841,0.00021278,0,841,0,841,0,0,0,0,0,0
67.38,0,841,0.000212796,0,841,0,841,0,0,0,0,0,0
67.39,0,841,0.000212813,0,841,0,841,0,0,0,0,0,0
67.4,0,841,0.000212829,0,841,0,841,0,0,0,0,0,0
67.41,0,841,0.000212845,0,841,0,841,0,0,0,0,0,0
67.42,0,841,0.000212862,0,841,0,841,0,0,0,0,0,0
67.43,0,841,0.000212878,0,841,0,841,0,0,0,0,0,0
67.44,0,841,0.000212894,0,841,0,841,0,0,0,0,0,0
67.45,0,840,0.000212911,0,840,0,840,0,0,0,0,0,0
67.46,0,840,0.000212927,0,840,0,840,0,0,0,0,0,0
67.47,0,840,0.000212944,0,840,0,840,0,0,0,0,0,0
67.48,0,840,0.00021296,0,840,0,840,0,0,0,0,0,0
67.49,0,841,0.000212976,0,841,0,841,0,0,0,0,0,0
67.5,0,842,0.000212993,0,842,0,842,0,0,0,0,0,0
67.51,0,844,0.000213009,0,844,0,844,0,0,0,0,0,0
67.52,0,843,0.000213025,0,843,0,843,0,0,0,0,0,0
67.53,0,844,0.000213042,0,844,0,844,0,0,0,0,0,0
67.54,0,845,0.000213058,0,845,0,845,0,0,0,0,0,0
67.55,0,848,0.000213074,0,848,0,848,0,0,0,0,0,0
67.56,0,848,0.000213091,0,848,0,848,0,0,0,0,0,0
67.57,0,848,0.000213107,0,848,0,848,0,0,0,0,0,0
67.58,0,847,0.000213123,0,847,0,847,0,0,0,0,0,0
67.59,0,847,0.00021314,0,847,0,847,0,0,0,0,0,0
67.6,0,847,0.000213156,0,847,0,847,0,0,0,0,0,0
67.61,0,847,0.000213172,0,847,0,847,0,0,0,0,0,0
67.62,0,847,0.000213189,0,847,0,847,0,0,0,0,0,0
67.63,0,847,0.000213205,0,847,0,847,0,0,0,0,0,0
67.64,0,847,0.000213221,0,847,0,847,0,0,0,0,0,0
67.65,0,848,0.000213238,0,848,0,848,0,0,0,0,0,0
67.66,0,849,0.000213254,0,849,0,849,0,0,0,0,0,0
67.67,0,849,0.00021327,0,849,0,849,0,0,0,0,0,0
67.68,0,850,0.000213287,0,850,0,850,0,0,0,0,0,0
67.69,0,850,0.000213303,0,850,0,850,0,0,0,0,0,0
67.7,0,851,0.000213319,0,851,0,851,0,0,0,0,0,0
67.71,0,852,0.000213336,0,852,0,852,0,0,0,0,0,0
67.72,0,852,0.000213352,0,852,0,852,0,0,0,0,0,0
67.73,0,853,0.000213368,0,853,0,853,0,0,0,0,0,0
67.74,0,853,0.000213385,0,853,0,853,0,0,0,0,0,0
67.75,0,853,0.000213401,0,853,0,853,0,0,0,0,0,0
67.76,0,853,0.000213417,0,853,0,853,0,0,0,0,0,0
67.77,0,853,0.000213433,0,853,0,853,0,0,0,0,0,0
67.78,0,854,0.00021345,0,854,0,854,0,0,0,0,0,0
67.79,0,853,0.000213466,0,853,0,853,0,0,0,0,0,0
67.8,0,855,0.000213482,0,855,0,855,0,0,0,0,0,0
67.81,0,857,0.000213499,0,857,0,857,0,0,0,0,0,0
67.82,0,857,0.000213515,0,857,0,857,0,0,0,0,0,0
67.83,0,857,0.000213531,0,857,0,857,0,0,0,0,0,0
67.84,0,857,0.000213547,0,857,0,857,0,0,0,0,0,0
67.85,0,857,0.000213564,0,857,0,857,0,0,0,0,0,0
67.86,0,857,0.00021358,0,857,0,857,0,0,0,0,0,0
67.87,0,857,0.000213596,0,857,0,857,0,0,0,0,0,0
67.88,0,857,0.000213612,0,857,0,857,0,0,0,0,0,0
67.89,0,858,0.000213629,0,858,0,858,0,0,0,0,0,0
67.9,0,858,0.000213645,0,858,0,858,0,0,0,0,0,0
67.91,0,858,0.000213661,0,858,0,858,0,0,0,0,0,0
67.92,0,858,0.000213677,0,858,0,858,0,0,0,0,0,0
67.93,0,859,0.000213694,0,859,0,859,0,0,0,0,0,0
67.94,0,860,0.00021371,0,860,0,860,0,0,0,0,0,0
67.95,0,861,0.000213726,0,861,0,861,0,0,0,0,0,0
67.96,0,861,0.000213742,0,861,0,861,0,0,0,0,0,0
67.97,0,861,0.000213758,0,861,0,861,0,0,0,0,0,0
67.98,0,861,0.000213775,0,861,0,861,0,0,0,0,0,0
67.99,0,861,0.000213791,0,861,0,861,0,0,0,0,0,0
68,0,860,0.000213807,0,860,0,860,0,0,0,0,0,0
68.01,0,860,0.000213823,0,860,0,860,0,0,0,0,0,0
68.02,0,860,0.00021384,0,860,0,860,0,0,0,0,0,0
68.03,0,860,0.000213856,0,860,0,860,0,0,0,0,0,0
68.04,0,860,0.000213872,0,860,0,860,0,0,0,0,0,0
68.05,0,862,0.000213888,0,862,0,862,0,0,0,0,0,0
68.06,0,862,0.000213904,0,862,0,862,0,0,0,0,0,0
68.07,0,862,0.000213921,0,862,0,862,0,0,0,0,0,0
68.08,0,862,0.000213937,0,862,0,862,0,0,0,0,0,0
68.09,0,862,0.000213953,0,862,0,862,0,0,0,0,0,0
68.1,0,863,0.000213969,0,863,0,863,0,0,0,0,0,0
68.11,0,864,0.000213985,0,864,0,864,0,0,0,0,0,0
68.12,0,865,0.000214002,0,865,0,865,0,0,0,0,0,0
68.13,0,864,0.000214018,0,864,0,864,0,0,0,0,0,0
68.14,0,864,0.000214034,0,864,0,864,0,0,0,0,0,0
68.15,0,864,0.00021405,0,864,0,864,0,0,0,0,0,0
68.16,0,864,0.000214066,0,864,0,864,0,0,0,0,0,0
68.17,0,865,0.000214082,0,865,0,865,0,0,0,0,0,0
68.18,0,866,0.000214098,0,866,0,866,0,0,0,0,0,0
68.19,0,866,0.000214114,0,866,0,866,0,0,0,0,0,0
68.2,0,866,0.00021413,0,866,0,866,0,0,0,0,0,0
68.21,0,866,0.000214146,0,866,0,866,0,0,0,0,0,0
68.22,0,866,0.000214162,0,866,0,866,0,0,0,0,0,0
68.23,0,866,0.000214178,0,866,0,866,0,0,0,0,0,0
68.24,0,866,0.000214194,0,866,0,866,0,0,0,0,0,0
68.25,0,866,0.00021421,0,866,0,866,0,0,0,0,0,0
68.26,0,866,0.000214226,0,866,0,866,0,0,0,0,0,0
68.27,0,866,0.000214242,0,866,0,866,0,0,0,0,0,0
68.28,0,866,0.000214257,0,866,0,866,0,0,0,0,0,0
68.29,0,867,0.000214273,0,867,0,867,0,0,0,0,0,0
68.3,0,867,0.000214289,0,867,0,867,0,0,0,0,0,0
68.31,0,866,0.000214305,0,866,0,866,0,0,0,0,0,0
68.32,0,867,0.000214321,0,867,0,867,0,0,0,0,0,0
68.33,0,867,0.000214337,0,867,0,867,0,0,0,0,0,0
68.34,0,868,0.000214353,0,868,0,868,0,0,0,0,0,0
68.35,0,868,0.000214369,0,868,0,868,0,0,0,0,0,0
68.36,0,868,0.000214385,0,868,0,868,0,0,0,0,0,0
68.37,0,868,0.000214401,0,868,0,868,0,0,0,0,0,0
68.38,0,866,0.000214417,0,866,0,866,0,0,0,0,0,0
68.39,0,866,0.000214433,0,866,0,866,0,0,0,0,0,0
68.4,0,866,0.000214449,0,866,0,866,0,0,0,0,0,0
68.41,0,866,0.000214465,0,866,0,866,0,0,0,0,0,0
68.42,0,867,0.00021448,0,867,0,867,0,0,0,0,0,0
68.43,0,867,0.000214496,0,867,0,867,0,0,0,0,0,0
68.44,0,867,0.000214512,0,867,0,867,0,0,0,0,0,0
68.45,0,867,0.000214528,0,867,0,867,0,0,0,0,0,0
68.46,0,867,0.000214544,0,867,0,867,0,0,0,0,0,0
68.47,0,868,0.00021456,0,868,0,868,0,0,0,0,0,0
68.48,0,868,0.000214576,0,868,0,868,0,0,0,0,0,0
68.49,0,868,0.000214592,0,868,0,868,0,0,0,0,0,0
68.5,0,868,0.000214608,0,868,0,868,0,0,0,0,0,0
68.51,0,867,0.000210338,0,867,0,867,0,0,0,0,0,0
68.52,0,867,0.000210354,0,867,0,867,0,0,0,0,0,0
68.53,0,867,0.000210369,0,867,0,867,0,0,0,0,0,0
68.54,0,868,0.000210385,0,868,0,868,0,0,0,0,0,0
68.55,0,870,0.000210401,0,870,0,870,0,0,0,0,0,0
68.56,0,870,0.000210416,0,870,0,870,0,0,0,0,0,0
68.57,0,871,0.000210432,0,871,0,871,0,0,0,0,0,0
68.58,0,871,0.000210447,0,871,0,871,0,0,0,0,0,0
68.59,0,871,0.000210463,0,871,0,871,0,0,0,0,0,0
68.6,0,871,0.000210479,0,871,0,871,0,0,0,0,0,0
68.61,0,872,0.000210494,0,872,0,872,0,0,0,0,0,0
68.62,0,872,0.00021051,0,872,0,872,0,0,0,0,0,0
68.63,0,873,0.000210525,0,873,0,873,0,0,0,0,0,0
68.64,0,874,0.000210541,0,874,0,874,0,0,0,0,0,0
68.65,0,874,0.000210557,0,874,0,874,0,0,0,0,0,0
68.66,0,874,0.000210572,0,874,0,874,0,0,0,0,0,0
68.67,0,874,0.000210588,0,874,0,874,0,0,0,0,0,0
68.68,0,874,0.000210603,0,874,0,874,0,0,0,0,0,0
68.69,0,874,0.000210619,0,874,0,874,0,0,0,0,0,0
68.7,0,874,0.000210634,0,874,0,874,0,0,0,0,0,0
68.71,0,874,0.00021065,0,874,0,874,0,0,0,0,0,0
68.72,0,873,0.000210666,0,873,0,873,0,0,0,0,0,0
68.73,0,873,0.000210681,0,873,0,873,0,0,0,0,0,0
68.74,0,872,0.000210697,0,872,0,872,0,0,0,0,0,0
68.75,0,872,0.000210712,0,872,0,872,0,0,0,0,0,0
68.76,0,872,0.000210727,0,872,0,872,0,0,0,0,0,0
68.77,0,872,0.000210743,0,872,0,872,0,0,0,0,0,0
68.78,0,872,0.000210758,0,872,0,872,0,0,0,0,0,0
68.79,0,872,0.000210774,0,872,0,872,0,0,0,0,0,0
68.8,0,872,0.000210789,0,872,0,872,0,0,0,0,0,0
68.81,0,872,0.000210804,0,872,0,872,0,0,0,0,0,0
68.82,0,872,0.00021082,0,872,0,872,0,0,0,0,0,0
68.83,0,873,0.000210835,0,873,0,873,0,0,0,0,0,0
68.84,0,873,0.00021085,0,873,0,873,0,0,0,0,0,0
68.85,0,873,0.000210866,0,873,0,873,0,0,0,0,0,0
68.86,0,874,0.000210881,0,874,0,874,0,0,0,0,0,0
68.87,0,873,0.000210897,0,873,0,873,0,0,0,0,0,0
68.88,0,874,0.000210912,0,874,0,874,0,0,0,0,0,0
68.89,0,874,0.000210927,0,874,0,874,0,0,0,0,0,0
68.9,0,874,0.000210943,0,874,0,874,0,0,0,0,0,0
68.91,0,874,0.000210958,0,874,0,874,0,0,0,0,0,0
68.92,0,874,0.000210973,0,874,0,874,0,0,0,0,0,0
68.93,0,874,0.000210989,0,874,0,874,0,0,0,0,0,0
68.94,0,874,0.000211004,0,874,0,874,0,0,0,0,0,0
68.95,0,873,0.000211019,0,873,0,873,0,0,0,0,0,0
68.96,0,873,0.000211035,0,873,0,873,0,0,0,0,0,0
68.97,0,873,0.00021105,0,873,0,873,0,0,0,0,0,0
68.98,0,873,0.000211066,0,873,0,873,0,0,0,0,0,0
68.99,0,873,0.000211081,0,873,0,873,0,0,0,0,0,0
69,0,873,0.000211096,0,873,0,873,0,0,0,0,0,0
69.01,0,873,0.000211112,0,873,0,873,0,0,0,0,0,0
69.02,0,873,0.000211127,0,873,0,873,0,0,0,0,0,0
69.03,0,873,0.000211142,0,873,0,873,0,0,0,0,0,0
69.04,0,874,0.000211158,0,874,0,874,0,0,0,0,0,0
69.05,0,874,0.000211173,0,874,0,874,0,0,0,0,0,0
69.06,0,875,0.000211188,0,875,0,875,0,0,0,0,0,0
69.07,0,875,0.000211204,0,875,0,875,0,0,0,0,0,0
69.08,0,875,0.000211219,0,875,0,875,0,0,0,0,0,0
69.09,0,875,0.000211234,0,875,0,875,0,0,0,0,0,0
69.1,0,875,0.000211249,0,875,0,875,0,0,0,0,0,0
69.11,0,877,0.000211265,0,877,0,877,0,0,0,0,0,0
69.12,0,878,0.00021128,0,878,0,878,0,0,0,0,0,0
69.13,0,878,0.000211295,0,878,0,878,0,0,0,0,0,0
69.14,0,878,0.000211311,0,878,0,878,0,0,0,0,0,0
69.15,0,879,0.000211326,0,879,0,879,0,0,0,0,0,0
69.16,0,879,0.000211341,0,879,0,879,0,0,0,0,0,0
69.17,0,880,0.000211357,0,880,0,880,0,0,0,0,0,0
69.18,0,881,0.000211372,0,881,0,881,0,0,0,0,0,0
69.19,0,881,0.000211387,0,881,0,881,0,0,0,0,0,0
69.2,0,881,0.000211403,0,881,0,881,0,0,0,0,0,0
69.21,0,881,0.000211418,0,881,0,881,0,0,0,0,0,0
69.22,0,881,0.000211433,0,881,0,881,0,0,0,0,0,0
69.23,0,881,0.000211448,0,881,0,881,0,0,0,0,0,0
69.24,0,883,0.000211464,0,883,0,883,0,0,0,0,0,0
69.25,0,883,0.000211479,0,883,0,883,0,0,0,0,0,0
69.26,0,883,0.000211494,0,883,0,883,0,0,0,0,0,0
69.27,0,883,0.000211509,0,883,0,883,0,0,0,0,0,0
69.28,0,883,0.000211525,0,883,0,883,0,0,0,0,0,0
69.29,0,883,0.00021154,0,883,0,883,0,0,0,0,0,0
69.3,0,884,0.000211555,0,884,0,884,0,0,0,0,0,0
69.31,0,884,0.000211571,0,884,0,884,0,0,0,0,0,0
69.32,0,884,0.000211586,0,884,0,884,0,0,0,0,0,0
69.33,0,884,0.000211601,0,884,0,884,0,0,0,0,0,0
69.34,0,884,0.000211616,0,884,0,884,0,0,0,0,0,0
69.35,0,885,0.000211632,0,885,0,885,0,0,0,0,0,0
69.36,0,885,0.000211647,0,885,0,885,0,0,0,0,0,0
69.37,0,886,0.000211662,0,886,0,886,0,0,0,0,0,0
69.38,0,886,0.000211678,0,886,0,886,0,0,0,0,0,0
69.39,0,887,0.000211693,0,887,0,887,0,0,0,0,0,0
69.4,0,887,0.000211708,0,887,0,887,0,0,0,0,0,0
69.41,0,887,0.000211724,0,887,0,887,0,0,0,0,0,0
69.42,0,886,0.000211739,0,886,0,886,0,0,0,0,0,0
69.43,0,886,0.000211754,0,886,0,886,0,0,0,0,0,0
69.44,0,887,0.000211769,0,887,0,887,0,0,0,0,0,0
69.45,0,887,0.000211785,0,887,0,887,0,0,0,0,0,0
69.46,0,888,0.0002118,0,888,0,888,0,0,0,0,0,0
69.47,0,888,0.000211815,0,888,0,888,0,0,0,0,0,0
69.48,0,888,0.000211831,0,888,0,888,0,0,0,0,0,0
69.49,0,888,0.000211846,0,888,0,888,0,0,0,0,0,0
69.5,0,888,0.000211861,0,888,0,888,0,0,0,0,0,0
69.51,0,888,0.000211876,0,888,0,888,0,0,0,0,0,0
69.52,0,888,0.000211892,0,888,0,888,0,0,0,0,0,0
69.53,0,887,0.000211907,0,887,0,887,0,0,0,0,0,0
69.54,0,887,0.000211922,0,887,0,887,0,0,0,0,0,0
69.55,0,887,0.000211937,0,887,0,887,0,0,0,0,0,0
69.56,0,886,0.000211953,0,886,0,886,0,0,0,0,0,0
69.57,0,886,0.000211968,0,886,0,886,0,0,0,0,0,0
69.58,0,887,0.000211983,0,887,0,887,0,0,0,0,0,0
69.59,0,887,0.000211998,0,887,0,887,0,0,0,0,0,0
69.6,0,887,0.000212014,0,887,0,887,0,0,0,0,0,0
69.61,0,887,0.000212029,0,887,0,887,0,0,0,0,0,0
69.62,0,887,0.000212044,0,887,0,887,0,0,0,0,0,0
69.63,0,887,0.000212059,0,887,0,887,0,0,0,0,0,0
69.64,0,889,0.000212075,0,889,0,889,0,0,0,0,0,0
69.65,0,889,0.00021209,0,889,0,889,0,0,0,0,0,0
69.66,0,889,0.000212105,0,889,0,889,0,0,0,0,0,0
69.67,0,889,0.00021212,0,889,0,889,0,0,0,0,0,0
69.68,0,889,0.000212136,0,889,0,889,0,0,0,0,0,0
69.69,0,889,0.000212151,0,889,0,889,0,0,0,0,0,0
69.7,0,888,0.000212166,0,888,0,888,0,0,0,0,0,0
69.71,0,889,0.000212181,0,889,0,889,0,0,0,0,0,0
69.72,0,889,0.000212197,0,889,0,889,0,0,0,0,0,0
69.73,0,889,0.000212212,0,889,0,889,0,0,0,0,0,0
69.74,0,890,0.000212227,0,890,0,890,0,0,0,0,0,0
69.75,0,889,0.000212242,0,889,0,889,0,0,0,0,0,0
69.76,0,889,0.000212257,0,889,0,889,0,0,0,0,0,0
69.77,0,889,0.000212273,0,889,0,889,0,0,0,0,0,0
69.78,0,889,0.000212288,0,889,0,889,0,0,0,0,0,0
69.79,0,889,0.000212303,0,889,0,889,0,0,0,0,0,0
69.8,0,889,0.000212318,0,889,0,889,0,0,0,0,0,0
69.81,0,888,0.000212333,0,888,0,888,0,0,0,0,0,0
69.82,0,888,0.000212349,0,888,0,888,0,0,0,0,0,0
69.83,0,888,0.000212364,0,888,0,888,0,0,0,0,0,0
69.84,0,887,0.000212379,0,887,0,887,0,0,0,0,0,0
69.85,0,886,0.000212394,0,886,0,886,0,0,0,0,0,0
69.86,0,886,0.000212409,0,886,0,886,0,0,0,0,0,0
69.87,0,887,0.000212424,0,887,0,887,0,0,0,0,0,0
69.88,0,887,0.000212439,0,887,0,887,0,0,0,0,0,0
69.89,0,887,0.000212455,0,887,0,887,0,0,0,0,0,0
69.9,0,886,0.00021247,0,886,0,886,0,0,0,0,0,0
69.91,0,886,0.000212485,0,886,0,886,0,0,0,0,0,0
69.92,0,886,0.0002125,0,886,0,886,0,0,0,0,0,0
69.93,0,887,0.000212515,0,887,0,887,0,0,0,0,0,0
69.94,0,887,0.00021253,0,887,0,887,0,0,0,0,0,0
69.95,0,887,0.000212545,0,887,0,887,0,0,0,0,0,0
69.96,0,887,0.00021256,0,887,0,887,0,0,0,0,0,0
69.97,0,887,0.000212575,0,887,0,887,0,0,0,0,0,0
69.98,0,886,0.00021259,0,886,0,886,0,0,0,0,0,0
69.99,0,886,0.000212605,0,886,0,886,0,0,0,0,0,0
70,0,886,0.00021262,0,886,0,886,0,0,0,0,0,0
70.01,0,886,0.000212635,0,886,0,886,0,0,0,0,0,0
70.02,0,888,0.00021265,0,888,0,888,0,0,0,0,0,0
70.03,0,888,0.000212666,0,888,0,888,0,0,0,0,0,0
70.04,0,888,0.000212681,0,888,0,888,0,0,0,0,0,0
70.05,0,890,0.000212696,0,890,0,890,0,0,0,0,0,0
70.06,0,889,0.000211637,0,889,0,889,0,0,0,0,0,0
70.07,0,890,0.000211652,0,890,0,890,0,0,0,0,0,0
70.08,0,890,0.000211667,0,890,0,890,0,0,0,0,0,0
70.09,0,891,0.000211682,0,891,0,891,0,0,0,0,0,0
70.1,0,892,0.000211697,0,892,0,892,0,0,0,0,0,0
70.11,0,893,0.000211711,0,893,0,893,0,0,0,0,0,0
70.12,0,893,0.000211726,0,893,0,893,0,0,0,0,0,0
70.13,0,893,0.000211741,0,893,0,893,0,0,0,0,0,0
70.14,0,893,0.000211756,0,893,0,893,0,0,0,0,0,0
70.15,0,892,0.000211771,0,892,0,892,0,0,0,0,0,0
70.16,0,893,0.000211786,0,893,0,893,0,0,0,0,0,0
70.17,0,892,0.0002118,0,892,0,892,0,0,0,0,0,0
70.18,0,893,0.000211815,0,893,0,893,0,0,0,0,0,0
70.19,0,893,0.00021183,0,893,0,893,0,0,0,0,0,0
70.2,0,894,0.000211845,0,894,0,894,0,0,0,0,0,0
70.21,0,894,0.000211859,0,894,0,894,0,0,0,0,0,0
70.22,0,894,0.000211874,0,894,0,894,0,0,0,0,0,0
70.23,0,895,0.000211889,0,895,0,895,0,0,0,0,0,0
70.24,0,894,0.000211904,0,894,0,894,0,0,0,0,0,0
70.25,0,894,0.000211919,0,894,0,894,0,0,0,0,0,0
70.26,0,894,0.000211933,0,894,0,894,0,0,0,0,0,0
70.27,0,895,0.000211948,0,895,0,895,0,0,0,0,0,0
70.28,0,897,0.000211963,0,897,0,897,0,0,0,0,0,0
70.29,0,895,0.000211978,0,895,0,895,0,0,0,0,0,0
70.3,0,895,0.000211992,0,895,0,895,0,0,0,0,0,0
70.31,0,895,0.000212007,0,895,0,895,0,0,0,0,0,0
70.32,0,895,0.000212022,0,895,0,895,0,0,0,0,0,0
70.33,0,895,0.000212037,0,895,0,895,0,0,0,0,0,0
70.34,0,896,0.000212051,0,896,0,896,0,0,0,0,0,0
70.35,0,897,0.000212066,0,897,0,897,0,0,0,0,0,0
70.36,0,897,0.000212081,0,897,0,897,0,0,0,0,0,0
70.37,0,897,0.000212096,0,897,0,897,0,0,0,0,0,0
70.38,0,897,0.000212111,0,897,0,897,0,0,0,0,0,0
70.39,0,899,0.000212125,0,899,0,899,0,0,0,0,0,0
70.4,0,898,0.00021214,0,898,0,898,0,0,0,0,0,0
70.41,0,896,0.000212155,0,896,0,896,0,0,0,0,0,0
70.42,0,896,0.00021217,0,896,0,896,0,0,0,0,0,0
70.43,0,896,0.000212184,0,896,0,896,0,0,0,0,0,0
70.44,0,896,0.000212199,0,896,0,896,0,0,0,0,0,0
70.45,0,897,0.000212214,0,897,0,897,0,0,0,0,0,0
70.46,0,897,0.000212229,0,897,0,897,0,0,0,0,0,0
70.47,0,897,0.000212243,0,897,0,897,0,0,0,0,0,0
70.48,0,897,0.000212258,0,897,0,897,0,0,0,0,0,0
70.49,0,898,0.000212273,0,898,0,898,0,0,0,0,0,0
70.5,0,898,0.000212288,0,898,0,898,0,0,0,0,0,0
70.51,0,898,0.000212302,0,898,0,898,0,0,0,0,0,0
70.52,0,899,0.000212317,0,899,0,899,0,0,0,0,0,0
70.53,0,900,0.000212332,0,900,0,900,0,0,0,0,0,0
70.54,0,900,0.000212346,0,900,0,900,0,0,0,0,0,0
70.55,0,901,0.000212361,0,901,0,901,0,0,0,0,0,0
70.56,0,903,0.000212376,0,903,0,903,0,0,0,0,0,0
70.57,0,904,0.00021239,0,904,0,904,0,0,0,0,0,0
70.58,0,904,0.000212405,0,904,0,904,0,0,0,0,0,0
70.59,0,904,0.00021242,0,904,0,904,0,0,0,0,0,0
70.6,0,904,0.000212434,0,904,0,904,0,0,0,0,0,0
70.61,0,904,0.000212449,0,904,0,904,0,0,0,0,0,0
70.62,0,903,0.000212464,0,903,0,903,0,0,0,0,0,0
70.63,0,902,0.000212478,0,902,0,902,0,0,0,0,0,0
70.64,0,902,0.000212493,0,902,0,902,0,0,0,0,0,0
70.65,0,903,0.000212507,0,903,0,903,0,0,0,0,0,0
70.66,0,901,0.000212522,0,901,0,901,0,0,0,0,0,0
70.67,0,902,0.000212537,0,902,0,902,0,0,0,0,0,0
70.68,0,902,0.000212552,0,902,0,902,0,0,0,0,0,0
70.69,0,901,0.000212566,0,901,0,901,0,0,0,0,0,0
70.7,0,902,0.000212581,0,902,0,902,0,0,0,0,0,0
70.71,0,902,0.000212596,0,902,0,902,0,0,0,0,0,0
70.72,0,901,0.00021261,0,901,0,901,0,0,0,0,0,0
70.73,0,902,0.000212625,0,902,0,902,0,0,0,0,0,0
70.74,0,902,0.00021264,0,902,0,902,0,0,0,0,0,0
70.75,0,901,0.000212655,0,901,0,901,0,0,0,0,0,0
70.76,0,900,0.000212669,0,900,0,900,0,0,0,0,0,0
70.77,0,900,0.000212684,0,900,0,900,0,0,0,0,0,0
70.78,0,900,0.000212699,0,900,0,900,0,0,0,0,0,0
70.79,0,900,0.000212713,0,900,0,900,0,0,0,0,0,0
70.8,0,901,0.000212728,0,901,0,901,0,0,0,0,0,0
70.81,0,905,0.000212743,0,905,0,905,0,0,0,0,0,0
70.82,0,906,0.000212757,0,906,0,906,0,0,0,0,0,0
70.83,0,907,0.000212772,0,907,0,907,0,0,0,0,0,0
70.84,0,907,0.000212787,0,907,0,907,0,0,0,0,0,0
70.85,0,907,0.000212801,0,907,0,907,0,0,0,0,0,0
70.86,0,907,0.000212816,0,907,0,907,0,0,0,0,0,0
70.87,0,908,0.000212831,0,908,0,908,0,0,0,0,0,0
70.88,0,908,0.000212845,0,908,0,908,0,0,0,0,0,0
70.89,0,908,0.00021286,0,908,0,908,0,0,0,0,0,0
70.9,0,908,0.000212875,0,908,0,908,0,0,0,0,0,0
70.91,0,908,0.000212889,0,908,0,908,0,0,0,0,0,0
70.92,0,909,0.000212904,0,909,0,909,0,0,0,0,0,0
70.93,0,909,0.000212919,0,909,0,909,0,0,0,0,0,0
70.94,0,909,0.000212933,0,909,0,909,0,0,0,0,0,0
70.95,0,908,0.000212948,0,908,0,908,0,0,0,0,0,0
70.96,0,908,0.000212962,0,908,0,908,0,0,0,0,0,0
70.97,0,908,0.000212977,0,908,0,908,0,0,0,0,0,0
70.98,0,911,0.000212991,0,911,0,911,0,0,0,0,0,0
70.99,0,911,0.000213006,0,911,0,911,0,0,0,0,0,0
71,0,913,0.00021302,0,913,0,913,0,0,0,0,0,0
71.01,0,913,0.000213035,0,913,0,913,0,0,0,0,0,0
71.02,0,914,0.000213049,0,914,0,914,0,0,0,0,0,0
71.03,0,915,0.000213063,0,915,0,915,0,0,0,0,0,0
71.04,0,915,0.000213078,0,915,0,915,0,0,0,0,0,0
71.05,0,914,0.000213092,0,914,0,914,0,0,0,0,0,0
71.06,0,914,0.000213107,0,914,0,914,0,0,0,0,0,0
71.07,0,914,0.000213121,0,914,0,914,0,0,0,0,0,0
71.08,0,914,0.000213136,0,914,0,914,0,0,0,0,0,0
71.09,0,914,0.00021315,0,914,0,914,0,0,0,0,0,0
71.1,0,914,0.000213165,0,914,0,914,0,0,0,0,0,0
71.11,0,915,0.000213179,0,915,0,915,0,0,0,0,0,0
71.12,0,915,0.000213193,0,915,0,915,0,0,0,0,0,0
71.13,0,915,0.000213208,0,915,0,915,0,0,0,0,0,0
71.14,0,915,0.000213222,0,915,0,915,0,0,0,0,0,0
71.15,0,915,0.000213236,0,915,0,915,0,0,0,0,0,0
71.16,0,915,0.000213251,0,915,0,915,0,0,0,0,0,0
71.17,0,914,0.000213265,0,914,0,914,0,0,0,0,0,0
71.18,0,915,0.000213279,0,915,0,915,0,0,0,0,0,0
71.19,0,915,0.000213293,0,915,0,915,0,0,0,0,0,0
71.2,0,915,0.000213308,0,915,0,915,0,0,0,0,0,0
71.21,0,915,0.000213322,0,915,0,915,0,0,0,0,0,0
71.22,0,915,0.000213336,0,915,0,915,0,0,0,0,0,0
71.23,0,914,0.000213351,0,914,0,914,0,0,0,0,0,0
71.24,0,915,0.000213365,0,915,0,915,0,0,0,0,0,0
71.25,0,915,0.000213379,0,915,0,915,0,0,0,0,0,0
71.26,0,916,0.000213394,0,916,0,916,0,0,0,0,0,0
71.27,0,916,0.000213408,0,916,0,916,0,0,0,0,0,0
71.28,0,915,0.000213422,0,915,0,915,0,0,0,0,0,0
71.29,0,915,0.000213437,0,915,0,915,0,0,0,0,0,0
71.3,0,915,0.000213451,0,915,0,915,0,0,0,0,0,0
71.31,0,914,0.000213465,0,914,0,914,0,0,0,0,0,0
71.32,0,914,0.00021348,0,914,0,914,0,0,0,0,0,0
71.33,0,914,0.000213494,0,914,0,914,0,0,0,0,0,0
71.34,0,916,0.000213508,0,916,0,916,0,0,0,0,0,0
71.35,0,916,0.000213522,0,916,0,916,0,0,0,0,0,0
71.36,0,916,0.000213536,0,916,0,916,0,0,0,0,0,0
71.37,0,917,0.000213551,0,917,0,917,0,0,0,0,0,0
71.38,0,917,0.000213565,0,917,0,917,0,0,0,0,0,0
71.39,0,917,0.000213579,0,917,0,917,0,0,0,0,0,0
71.4,0,917,0.000213593,0,917,0,917,0,0,0,0,0,0
71.41,0,919,0.000213607,0,919,0,919,0,0,0,0,0,0
71.42,0,920,0.000213622,0,920,0,920,0,0,0,0,0,0
71.43,0,920,0.000213636,0,920,0,920,0,0,0,0,0,0
71.44,0,920,0.00021365,0,920,0,920,0,0,0,0,0,0
71.45,0,921,0.000213664,0,921,0,921,0,0,0,0,0,0
71.46,0,921,0.000213678,0,921,0,921,0,0,0,0,0,0
71.47,0,922,0.000213692,0,922,0,922,0,0,0,0,0,0
71.48,0,925,0.000213707,0,925,0,925,0,0,0,0,0,0
71.49,0,926,0.000213721,0,926,0,926,0,0,0,0,0,0
71.5,0,927,0.000213735,0,927,0,927,0,0,0,0,0,0
71.51,0,929,0.00021375,0,929,0,929,0,0,0,0,0,0
71.52,0,929,0.000213764,0,929,0,929,0,0,0,0,0,0
71.53,0,930,0.000213779,0,930,0,930,0,0,0,0,0,0
71.54,0,931,0.000213793,0,931,0,931,0,0,0,0,0,0
71.55,0,930,0.000213808,0,930,0,930,0,0,0,0,0,0
71.56,0,931,0.000213822,0,931,0,931,0,0,0,0,0,0
71.57,0,930,0.000213836,0,930,0,930,0,0,0,0,0,0
71.58,0,931,0.000213851,0,931,0,931,0,0,0,0,0,0
71.59,0,932,0.000213865,0,932,0,932,0,0,0,0,0,0
71.6,0,932,0.00021388,0,932,0,932,0,0,0,0,0,0
71.61,0,932,0.000213894,0,932,0,932,0,0,0,0,0,0
71.62,0,932,0.000213908,0,932,0,932,0,0,0,0,0,0
71.63,0,933,0.000213923,0,933,0,933,0,0,0,0,0,0
71.64,0,933,0.000213937,0,933,0,933,0,0,0,0,0,0
71.65,0,934,0.000213952,0,934,0,934,0,0,0,0,0,0
71.66,0,935,0.000213966,0,935,0,935,0,0,0,0,0,0
71.67,0,935,0.00021398,0,935,0,935,0,0,0,0,0,0
71.68,0,935,0.000213995,0,935,0,935,0,0,0,0,0,0
71.69,0,936,0.000214009,0,936,0,936,0,0,0,0,0,0
71.7,0,937,0.000214024,0,937,0,937,0,0,0,0,0,0
71.71,0,938,0.000214038,0,938,0,938,0,0,0,0,0,0
71.72,0,938,0.000214052,0,938,0,938,0,0,0,0,0,0
71.73,0,938,0.000214067,0,938,0,938,0,0,0,0,0,0
71.74,0,938,0.000214081,0,938,0,938,0,0,0,0,0,0
71.75,0,940,0.000214095,0,940,0,940,0,0,0,0,0,0
71.76,0,939,0.00021411,0,939,0,939,0,0,0,0,0,0
71.77,0,942,0.000214124,0,942,0,942,0,0,0,0,0,0
71.78,0,942,0.000214139,0,942,0,942,0,0,0,0,0,0
71.79,0,941,0.000214153,0,941,0,941,0,0,0,0,0,0
71.8,0,941,0.000214168,0,941,0,941,0,0,0,0,0,0
71.81,0,942,0.000214182,0,942,0,942,0,0,0,0,0,0
71.82,0,942,0.000214197,0,942,0,942,0,0,0,0,0,0
71.83,0,943,0.000214211,0,943,0,943,0,0,0,0,0,0
71.84,0,945,0.000214225,0,945,0,945,0,0,0,0,0,0
71.85,0,946,0.00021424,0,946,0,946,0,0,0,0,0,0
71.86,0,946,0.000214255,0,946,0,946,0,0,0,0,0,0
71.87,0,948,0.000214269,0,948,0,948,0,0,0,0,0,0
71.88,0,949,0.000214284,0,949,0,949,0,0,0,0,0,0
71.89,0,949,0.000214298,0,949,0,949,0,0,0,0,0,0
71.9,0,948,0.000214313,0,948,0,948,0,0,0,0,0,0
71.91,0,949,0.000214327,0,949,0,949,0,0,0,0,0,0
71.92,0,951,0.000214341,0,951,0,951,0,0,0,0,0,0
71.93,0,954,0.000214356,0,954,0,954,0,0,0,0,0,0
71.94,0,953,0.00021437,0,953,0,953,0,0,0,0,0,0
71.95,0,953,0.000214385,0,953,0,953,0,0,0,0,0,0
71.96,0,956,0.000214399,0,956,0,956,0,0,0,0,0,0
71.97,0,955,0.000214413,0,955,0,955,0,0,0,0,0,0
71.98,0,955,0.000214428,0,955,0,955,0,0,0,0,0,0
71.99,0,956,0.000214442,0,956,0,956,0,0,0,0,0,0
72,0,955,0.000214456,0,955,0,955,0,0,0,0,0,0
